term,count
the,52
of,21
and,20
to,19
in,18
a,16
is,13
that,8
are,8
men,7
on,7
it,6
trenches,6
they,6
under,5
as,5
life,5
them,5
we,4
man,4
all,4
so,4
there,4
for,4
this,4
who,4
has,4
little,4
war,4
an,4
one,3
soldier,3
what,3
tho,3
but,3
which,3
their,3
o,3
with,3
fight,2
he,2
seems,2
exists,2
bombardment,2
various,2
w,2
trench,2
will,2
by,2
things,2
story,2
be,2
also,2
have,2
work,2
at,2
do,2
says,2
great,2
conditions,2
than,2
e,2
station,2
from,2
then,2
fire,2
my,2
now,2
continued,2
satisfactory,1
about,1
cause,1
eminently,1
among,1
scene,1
results,1
bravely,1
fighting,1
necessity,1
while,1
followed,1
scorn,1
ideas,1
say,1
service,1
method,1
truth,1
country,1
carrying,1
knapsack,1
style,1
no,1
putting,1
written,1
value,1
extremely,1
natural,1
adapted,1
author,1
states,1
greater,1
intellect,1
big,1
words,1
place,1
i,1
put,1
take,1
hatred,1
german,1
done,1
want,1
present,1
advanced,1
step,1
its,1
miseries,1
slaughters,1
count,1
makes,1
thousands,1
unable,1
win,1
de,1
bravest,1
s,1
greatest,1
lies,1
succeeded,1
giving,1
unforgettable,1
impression,1
t,1
offering,1
us,1
new,1
point,1
view,1
consider,1
io,1
ll,1
end,1
had,1
common,1
officers,1
ones,1
against,1
whom,1
directed,1
suspect,1
heart,1
much,1
acme,1
uncomfortable,1
inspire,1
come,1
hard,1
beast,1
times,1
re,1
your,1
average,1
seen,1
going,1
doing,1
his,1
faithfully,1
suffering,1
living,1
more,1
like,1
sort,1
again,1
less,1
none,1
surround,1
western,1
front,1
grim,1
picture,1
f,1
painted,1
hell,1
everywhere,1
reeks,1
slime,1
mud,1
sodden,1
drenched,1
befouled,1
equipment,1
dank,1
pools,1
canals,1
been,1
forced,1
use,1
every,1
expedient,1
keep,1
comfortable,1
possible,1
cal,1
page,1
preceding,1
received,1
v,1
fork,1
p,1
co,1
originally,1
title,1
le,1
book,1
modern,1
heroic,1
wrapping,1
stripped,1
even,1
fiction,1
deal,1
attention,1
n,1
translation,1
opportunity,1
offered,1
general,1
public,1
see,1
following,1
latest,1
works,1
trimness,1
associate,1
real,1
glimpses,1
walks,1
parts,1
france,1
follow,1
through,1
relief,1
furlough,1
action,1
open,1
field,1
dressing,1
ordinary,1
paris,1
up,1
spout,1
where,1
resume,1
normal,1
insight,1
given,1
into,1
workers,1
behind,1
lines,1
adjuncts,1
army,1
iron,1
made,1
painting,1
business,1
chance,1
space,1
make,1
himself,1
generally,1
presentable,1
such,1
smells,1
wet,1
horrors,1
worst,1
part,1
dancer,1
squad,1
minimum,1
or,1
charge,1
discomfort,1
endlessness,1
sameness,1
arc,1
terrible,1
ill,1
tells,1
medium,1
everyday,1
la,1
