term,count
the,34
of,21
to,16
in,15
a,8
and,8
he,7
lectures,7
his,5
cambridge,5
have,4
that,4
by,4
history,4
no,4
constitutional,4
prof,4
at,3
were,3
is,3
them,3
time,3
for,3
it,3
was,3
i,3
written,3
english,3
fisher,3
england,3
delivered,3
will,3
university,3
an,3
where,2
which,2
say,2
study,2
period,2
great,2
law,2
into,2
publication,2
but,2
manuscript,2
book,2
from,2
been,2
good,2
with,2
tile,2
editor,2
work,2
years,2
these,2
s,2
press,2
professor,2
when,2
they,2
be,2
late,2
published,2
on,2
do,2
high,1
reputation,1
o,1
closing,1
fifth,1
fourth,1
third,1
extends,1
runs,1
course,1
first,1
periods,1
five,1
britain,1
ll,1
d,1
public,1
discuss,1
its,1
tho,1
found,1
mo,1
way,1
detract,1
so,1
provides,1
downing,1
says,1
laws,1
knows,1
theo,1
covered,1
nineteenth,1
mr,1
lifetime,1
this,1
posthumous,1
volume,1
we,1
believe,1
quite,1
ground,1
right,1
serve,1
as,1
excellent,1
introduction,1
exhaustive,1
works,1
familiar,1
persons,1
constitution,1
deal,1
devoted,1
preparation,1
publications,1
other,1
borough,1
township,1
beyond,1
domesday,1
carefully,1
traversed,1
later,1
cloth,1
lose,1
publish,1
too,1
subjecting,1
never,1
their,1
moment,1
contemplated,1
publishing,1
without,1
some,1
plea,1
revision,1
b,1
come,1
us,1
ere,1
country,1
delivery,1
worthy,1
shape,1
up,1
possibly,1
might,1
should,1
ever,1
replied,1
if,1
y,1
six,1
would,1
lecture,1
months,1
called,1
attention,1
attempt,1
upon,1
port,1
expansions,1
after,1
manuscripts,1
intended,1
not,1
left,1
action,1
justifies,1
jr,1
words,1
r,1
than,1
more,1
put,1
has,1
notes,1
cries,1
form,1
places,1
few,1
expansion,1
only,1
tim,1
out,1
fa,1
f,1
gr,1
or,1
rewrite,1
one,1
l,1
inquiry,1
