term,count
the,75
of,42
a,27
and,27
his,22
to,19
s,17
he,13
in,13
is,11
professor,9
doctor,9
that,8
wife,7
who,7
as,7
be,7
it,7
has,6
upon,6
allen,6
with,6
middle,6
for,6
not,6
which,5
mr,5
aged,5
children,5
her,5
from,4
at,4
love,4
no,4
have,4
howl,4
let,4
like,3
boy,3
are,3
you,3
him,3
volume,3
also,3
but,3
woman,3
pointer,3
man,3
i,3
picture,3
good,3
there,3
sense,2
world,2
than,2
even,2
t,2
save,2
l,2
dinner,2
m,2
best,2
ought,2
lecture,2
mother,2
most,2
absurd,2
theme,2
pictures,2
beast,2
other,2
story,2
er,2
tile,2
should,2
own,2
country,2
lecturing,2
hut,2
mistletoe,2
lo,2
may,2
all,2
instead,2
so,2
symbolism,2
james,2
or,2
trembling,2
maid,2
trilogy,2
second,2
christmas,2
where,2
by,2
forgotten,1
trouble,1
one,1
gift,1
description,1
eloquently,1
pus,1
words,1
lost,1
make,1
thinking,1
likewise,1
way,1
longing,1
arc,1
ms,1
imagines,1
alien,1
dr,1
defrauded,1
caged,1
deleted,1
rocks,1
instinct,1
poisonous,1
book,1
gives,1
outcry,1
sincere,1
actually,1
goes,1
business,1
about,1
sends,1
drive,1
straight,1
house,1
water,1
cold,1
lady,1
g,1
desert,1
alone,1
well,1
reins,1
lying,1
sure,1
dejectedly,1
ar,1
knows,1
road,1
once,1
homeward,1
familiar,1
plodding,1
does,1
horse,1
back,1
understood,1
last,1
slack,1
hero,1
heard,1
any,1
prates,1
bestial,1
decency,1
forget,1
wrong,1
wedding,1
lot,1
themselves,1
forgiven,1
inspire,1
example,1
howls,1
nd,1
jungle,1
native,1
iris,1
ill,1
o,1
can,1
they,1
band,1
work,1
dignity,1
lest,1
homeric,1
laughter,1
b,1
tale,1
brave,1
large,1
events,1
antics,1
such,1
though,1
owl,1
old,1
solemn,1
father,1
up,1
put,1
able,1
perfectly,1
sen,1
right,1
when,1
th,1
est,1
american,1
must,1
trumpet,1
if,1
suggestions,1
over,1
lingering,1
minds,1
efficient,1
fact,1
le,1
basic,1
tucky,1
however,1
sentimentalized,1
tediously,1
dwells,1
prate,1
spring,1
listen,1
invites,1
anglo,1
better,1
triumphant,1
cheated,1
defraud,1
wive,1
excellent,1
doctors,1
professors,1
bosom,1
placid,1
thing,1
inject,1
belongs,1
youth,1
write,1
novelist,1
found,1
never,1
ed,1
co,1
laue,1
tc,1
doc,1
call,1
grinning,1
long,1
orb,1
could,1
scene,1
tragic,1
invited,1
performance,1
whole,1
grieved,1
de,1
ry,1
quite,1
tills,1
talked,1
used,1
lecturer,1
greenwood,1
through,1
toward,1
stalked,1
added,1
horror,1
being,1
present,1
meantime,1
hungry,1
deep,1
civilization,1
calm,1
subdued,1
only,1
breast,1
savage,1
within,1
cherished,1
nevertheless,1
turn,1
age,1
couple,1
concerns,1
embalms,1
strong,1
tried,1
while,1
standing,1
recall,1
reader,1
first,1
its,1
publication,1
stage,1
reached,1
now,1
bride,1
called,1
piece,1
begun,1
inauspiciously,1
lane,1
longs,1
presents,1
eve,1
describes,1
lighted,1
oak,1
tree,1
sacrificial,1
beside,1
waited,1
sketch,1
glowing,1
included,1
painted,1
sex,1
descent,1
darwinian,1
gown,1
cut,1
low,1
clothes,1
evening,1
splendor,1
ceremonial,1
patently,1
bin,1
sad,1
dark,1
bad,1
was,1
hearth,1
kept,1
festival,1
homely,1
shedding,1
forests,1
druid,1
tactlessness,1
out,1
tongue,1
sensuous,1
ridicule,1
would,1
author,1
much,1
go,1
enough,1
what,1
this,1
drives,1
perhaps,1
impatient,1
tiger,1
lion,1
n,1
some,1
dusk,1
hers,1
patients,1
neighbor,1
attendance,1
inviting,1
circus,1
seat,1
county,1
buggy,1
away,1
proportion,1
essential,1
more,1
then,1
table,1
tells,1
little,1
till,1
happens,1
serious,1
nothing,1
unloved,1
rte,1
blue,1
midst,1
te,1
living,1
kentuckians,1
friend,1
boyhood,1
naturally,1
been,1
glowers,1
humor,1
whips,1
lack,1
abysmal,1
brutally,1
thus,1
here,1
given,1
outline,1
crude,1
details,1
hilltop,1
kentucky,1
windswept,1
on,1
grave,1
another,1
logically,1
next,1
canvas,1
