term,count
the,119
of,78
and,64
to,41
in,29
a,28
that,28
with,18
is,17
her,16
their,16
they,15
by,14
have,13
be,11
it,10
from,10
she,10
or,9
moor,8
s,8
which,8
an,7
but,7
i,7
for,7
life,7
this,7
moors,7
than,7
as,7
we,6
little,6
so,6
were,5
thornton,5
not,5
what,5
could,5
must,5
will,5
hills,5
on,5
wild,5
one,5
spirit,5
when,5
there,5
only,5
may,4
where,4
its,4
had,4
world,4
such,4
all,4
emily,4
village,4
villages,4
at,4
beauty,4
been,3
nature,3
soul,3
certainly,3
literary,3
if,3
most,3
us,3
he,3
themselves,3
no,3
these,3
understand,3
country,3
indeed,3
district,3
heights,3
yet,3
charlotte,3
less,3
strength,3
place,3
three,3
once,3
solitude,3
anne,3
u,3
arid,3
thought,3
t,3
despite,3
d,2
fields,2
f,2
indomitable,2
well,2
conflict,2
heather,2
works,2
down,2
lives,2
courage,2
underlying,2
rocks,2
nor,2
desolation,2
times,2
view,2
expected,2
expanses,2
left,2
sisters,2
gray,2
e,2
co,2
man,2
frail,2
elizabeth,2
visit,2
today,2
moorland,2
tourist,2
much,2
stretch,2
spiritual,2
yawning,2
quarries,2
upon,2
interest,2
known,2
moods,2
within,2
outlines,2
told,2
illustrations,2
suffering,2
more,2
longed,2
would,2
mackenzie,2
faith,2
his,2
mi,2
true,2
though,2
dreary,2
sensitive,2
reflection,2
very,2
imagination,2
are,2
beautiful,2
found,2
h,2
might,2
women,2
appeal,2
who,2
partly,2
can,2
latter,2
page,2
something,2
dwelt,2
them,2
de,1
thomson,1
funereal,1
city,1
truth,1
dreadful,1
active,1
night,1
comes,1
do,1
nothing,1
bring,1
o,1
espoused,1
bed,1
mies,1
girl,1
loving,1
temporarily,1
philosophy,1
brine,1
third,1
hardy,1
contained,1
neither,1
turn,1
scarcely,1
behold,1
spirits,1
james,1
born,1
heath,1
hear,1
either,1
even,1
coat,1
shadow,1
patient,1
explanation,1
charming,1
darker,1
weighed,1
tolerant,1
least,1
tender,1
unfortunate,1
other,1
circumstances,1
oppressive,1
whose,1
perpetual,1
oases,1
blithe,1
carefree,1
surf,1
gentler,1
delicate,1
reminded,1
frowning,1
bloom,1
drying,1
snowdrop,1
see,1
epithets,1
restless,1
toil,1
gentle,1
puts,1
vanity,1
find,1
tern,1
bleak,1
miss,1
character,1
crushed,1
ma,1
church,1
wan,1
delight,1
realize,1
unless,1
meaningless,1
pilgrimage,1
breaths,1
men,1
laugh,1
natives,1
introduced,1
inscriptions,1
nd,1
scraggly,1
ta,1
over,1
crazily,1
meandering,1
paths,1
various,1
observe,1
knew,1
shirley,1
house,1
old,1
before,1
footsteps,1
lingering,1
joy,1
valiant,1
hour,1
et,1
shy,1
hare,1
timid,1
eyes,1
naked,1
fund,1
gaze,1
dared,1
agree,1
creations,1
imparted,1
greatness,1
elements,1
great,1
g,1
respects,1
tare,1
gave,1
drew,1
implacable,1
waged,1
share,1
some,1
far,1
significance,1
farm,1
details,1
souls,1
lt,1
cataract,1
descent,1
burt,1
shores,1
sail,1
geese,1
like,1
horizons,1
wider,1
frequently,1
autumn,1
gales,1
furious,1
listening,1
summer,1
expanse,1
eros,1
river,1
z,1
winter,1
snowbound,1
prison,1
better,1
seemed,1
duster,1
change,1
love,1
keen,1
girls,1
growing,1
gone,1
however,1
fervently,1
yearned,1
tear,1
movement,1
crag,1
shape,1
notice,1
moore,1
through,1
pilot,1
journey,1
pleasant,1
printed,1
pale,1
sufferings,1
ell,1
vastness,1
beet,1
conquer,1
boldly,1
out,1
set,1
environs,1
mall,1
dumbly,1
restrained,1
silently,1
desires,1
poke,1
free,1
dreariness,1
overlooked,1
wonder,1
stark,1
harshly,1
tells,1
region,1
entire,1
b,1
gets,1
ba,1
describes,1
author,1
style,1
wherein,1
volume,1
entertaining,1
reader,1
every,1
apparent,1
reason,1
surrounded,1
barren,1
precisely,1
lower,1
higher,1
literature,1
written,1
ingredient,1
outlined,1
creeping,1
up,1
wrings,1
south,1
native,1
needs,1
covering,1
food,1
live,1
work,1
brow,1
sweat,1
soil,1
bread,1
quarry,1
black,1
pit,1
bound,1
snow,1
toll,1
takes,1
merciless,1
winds,1
howling,1
slapping,1
whistling,1
walls,1
unmistakable,1
desolate,1
unaffected,1
rolling,1
irresistible,1
exert,1
deserts,1
scarred,1
rock,1
aspect,1
give,1
gloomy,1
treeless,1
monotony,1
english,1
wide,1
bleakness,1
fascination,1
certain,1
mead,1
york,1
new,1
six,1
thirty,1
bronte,1
stanton,1
review,1
effects,1
attraction,1
lend,1
leave,1
genuine,1
did,1
imaginative,1
any,1
felt,1
likely,1
depression,1
sense,1
into,1
subside,1
time,1
although,1
own,1
charm,1
stern,1
novels,1
poems,1
innumerable,1
entirely,1
explained,1
open,1
has,1
him,1
appreciated,1
fully,1
grim,1
gloom,1
postman,1
wind,1
after,1
wrote,1
fact,1
clearly,1
surroundings,1
effect,1
sombre,1
detect,1
weeping,1
plained,1
fears,1
apparently,1
byte,1
jane,1
heroine,1
forebodings,1
dismal,1
many,1
defiance,1
lea,1
despair,1
dread,1
inspire,1
served,1
sister,1
letters,1
about,1
doe,1
pertinently,1
outside,1
link,1
joys,1
reminding,1
forever,1
chairs,1
rooms,1
empty,1
es,1
gr,1
rein,1
period,1
marvel,1
land,1
waste,1
save,1
friends,1
iv,1
act,1
laughter,1
light,1
was,1
top,1
hill,1
writing,1
impression,1
dominate,1
mountains,1
bred,1
exaltation,1
crowning,1
echoed,1
loneliness,1
arming,1
immanent,1
telling,1
spoke,1
falls,1
water,1
woods,1
contact,1
wastes,1
tall,1
austere,1
glum,1
rebellious,1
how,1
readily,1
clouds,1
lowering,1
grey,1
reflects,1
intimate,1
forces,1
weirdness,1
confidence,1
distinguish,1
passionate,1
infuse,1
aided,1
doubtless,1
contributions,1
sharpened,1
mountain,1
overhanging,1
agency,1
unseen,1
invisible,1
natural,1
sphere,1
troubled,1
storm,1
trembler,1
mine,1
coward,1
write,1
truthfully,1
until,1
power,1
fortifying,1
saw,1
