term,count
the,98
of,61
and,51
is,43
a,42
to,40
in,26
it,25
for,17
he,16
his,16
that,16
her,13
but,13
s,13
so,13
you,12
which,12
not,12
with,12
him,12
by,11
has,8
than,8
have,7
more,7
lydia,7
i,7
who,7
as,7
be,7
one,6
on,6
she,6
was,5
wealth,5
out,5
mrs,5
from,5
book,5
ward,5
are,5
rather,5
well,5
its,5
good,5
all,5
at,5
this,5
any,4
an,4
yet,4
novel,4
been,4
we,4
color,4
very,4
most,4
do,4
never,4
reader,3
did,3
could,3
or,3
much,3
being,3
such,3
though,3
l,3
happy,3
theory,3
had,3
own,3
because,3
different,3
two,3
e,3
mating,3
once,3
exceedingly,3
whose,3
too,3
without,3
probably,3
through,3
n,3
question,3
story,3
character,3
made,3
no,2
around,2
note,2
cyril,2
characters,2
indeed,2
society,2
latter,2
romance,2
view,2
contains,2
plot,2
o,2
relation,2
part,2
between,2
lust,2
british,2
t,2
volume,2
they,2
point,2
indifferent,2
yon,2
determined,2
described,2
here,2
trichromatic,2
social,2
justification,2
wish,2
whether,2
real,2
self,2
how,2
there,2
green,2
few,2
power,2
somewhat,2
what,2
tho,2
were,2
ill,2
man,2
first,2
might,2
place,2
author,2
like,2
feel,2
vision,2
both,2
human,2
lord,2
men,2
little,2
natural,2
difference,2
subordinate,2
romantic,2
certain,2
charm,2
things,2
himself,2
beautiful,2
fact,2
herself,2
set,2
apparently,2
up,2
mind,2
co,2
time,2
about,2
put,2
talk,1
english,1
evil,1
connection,1
method,1
castle,1
system,1
medley,1
land,1
oz,1
dab,1
thus,1
takes,1
inconsistent,1
curiously,1
used,1
call,1
learned,1
history,1
d,1
permeated,1
conclusion,1
doings,1
sides,1
unnecessary,1
marks,1
amount,1
considerable,1
peculiar,1
breeding,1
fine,1
culture,1
atmosphere,1
rich,1
unstable,1
trifle,1
re,1
seems,1
appreciation,1
contradictory,1
tower,1
inadequate,1
upon,1
viewpoint,1
change,1
becomes,1
special,1
undergone,1
en,1
parable,1
machinery,1
ruined,1
presenting,1
girl,1
factor,1
deciding,1
crucial,1
again,1
fires,1
ether,1
refuse,1
lacy,1
burnt,1
new,1
rho,1
le,1
take,1
struggled,1
loose,1
sit,1
imagine,1
c,1
tolling,1
come,1
only,1
harry,1
reasons,1
hates,1
drama,1
books,1
crux,1
ts,1
mud,1
interpreted,1
rs,1
believe,1
earlier,1
generation,1
intensity,1
now,1
christ,1
greater,1
shrinks,1
dominates,1
dominate,1
use,1
get,1
calls,1
further,1
utter,1
plainer,1
attention,1
bird,1
wild,1
mad,1
lived,1
style,1
require,1
navy,1
illustrations,1
other,1
numerous,1
plate,1
colored,1
four,1
illustrated,1
hook,1
remains,1
ion,1
funeral,1
does,1
royal,1
show,1
reason,1
additional,1
says,1
photometry,1
interested,1
persons,1
requests,1
response,1
publication,1
years,1
last,1
third,1
modern,1
publications,1
naval,1
their,1
based,1
war,1
revolutionary,1
historians,1
materials,1
introduction,1
points,1
lr,1
complement,1
essentially,1
relate,1
matter,1
present,1
papers,1
robert,1
edited,1
july,1
january,1
commander,1
blue,1
admiral,1
vice,1
issued,1
ha,1
doubleday,1
number,1
cottage,1
merit,1
thins,1
proper,1
absolutely,1
hero,1
act,1
deeper,1
harmonize,1
conventions,1
accord,1
disappointing,1
will,1
thoughtful,1
many,1
largo,1
spite,1
pictured,1
vividly,1
scenery,1
cambrian,1
pay,1
helped,1
colors,1
wat,1
rent,1
aside,1
where,1
according,1
tradition,1
standpoint,1
people,1
substance,1
page,1
entitled,1
brought,1
w,1
m,1
sir,1
net,1
events,1
course,1
interference,1
returned,1
due,1
result,1
best,1
turn,1
everything,1
beings,1
welfare,1
art,1
safeguard,1
responsibilities,1
shirking,1
imply,1
partly,1
relations,1
ho,1
ta,1
must,1
clearly,1
lovers,1
edy,1
sorts,1
leave,1
taking,1
glad,1
mistakes,1
idealism,1
pictures,1
antique,1
furniture,1
understandable,1
majolica,1
bronzes,1
love,1
make,1
over,1
woman,1
young,1
strong,1
gloats,1
french,1
chattering,1
fanatical,1
discerning,1
admitted,1
thin,1
virtuous,1
depict,1
personage,1
type,1
consequently,1
faulty,1
year,1
heights,1
serene,1
seam,1
long,1
temptation,1
trouble,1
sore,1
deeply,1
sympathize,1
mentally,1
beloved,1
novelist,1
anguish,1
shrewd,1
feels,1
when,1
interesting,1
particularly,1
ry,1
pride,1
abnormally,1
razing,1
ogre,1
ax,1
fearsome,1
treatment,1
gentle,1
demands,1
figure,1
approximately,1
bears,1
nu,1
skeleton,1
lore,1
merits,1
deed,1
appellation,1
makes,1
bygone,1
belong,1
alike,1
them,1
shudder,1
unreal,1
mature,1
monster,1
ms,1
those,1
resemblance,1
wicked,1
poe,1
nobleman,1
haps,1
per,1
heroines,1
attractive,1
caring,1
treasures,1
except,1
lie,1
emphasis,1
sounded,1
struck,1
frequently,1
estates,1
neglect,1
frill,1
harshness,1
daughter,1
wife,1
spoken,1
er,1
ox,1
way,1
fa,1
old,1
wickedness,1
father,1
either,1
political,1
description,1
us,1
desires,1
evidently,1
lens,1
furnishes,1
felt,1
telling,1
talked,1
often,1
vivid,1
al,1
blood,1
flesh,1
creatures,1
forth,1
stand,1
minor,1
degree,1
lesser,1
tn,1
felicia,1
chosen,1
right,1
ht,1
decidedly,1
occupied,1
truly,1
eat,1
reformer,1
central,1
grouped,1
ls,1
name,1
religious,1
see,1
lady,1
speaking,1
ex,1
deus,1
plats,1
moment,1
critical,1
seize,1
hal,1
mere,1
questions,1
me,1
molly,1
theories,1
hated,1
truth,1
usually,1
rn,1
greatly,1
knew,1
say,1
prig,1
ly,1
discontented,1
prophesied,1
rea,1
kindles,1
popular,1
certainly,1
develops,1
finally,1
hose,1
struggles,1
interest,1
whom,1
edmund,1
called,1
deserve,1
fair,1
example,1
rare,1
save,1
writers,1
familiar,1
artistic,1
higher,1
stupid,1
disinheriting,1
idler,1
eyes,1
thereby,1
true,1
melodramatic,1
ons,1
if,1
cords,1
theme,1
choice,1
banal,1
wise,1
enmeshed,1
quote,1
find,1
allowed,1
airs,1
appealing,1
nd,1
youth,1
mixed,1
endeavors,1
individual,1
unreality,1
wt,1
considerably,1
conflict,1
quality,1
dramatic,1
narratives,1
