term,count
the,48
a,34
of,33
and,31
in,23
her,21
to,14
as,13
that,12
was,12
with,12
i,10
is,10
from,10
she,9
it,9
he,8
his,7
s,7
edward,7
be,6
which,5
hackett,5
at,5
for,5
first,5
lover,5
an,5
new,5
this,4
there,4
before,4
had,4
one,4
eleanor,4
are,4
who,4
by,4
men,3
against,3
novel,3
on,3
contemporary,3
all,3
into,3
couple,3
day,3
rough,3
have,3
york,3
well,3
its,3
francis,3
returning,2
little,2
when,2
law,2
will,2
not,2
beale,2
girl,2
neck,2
married,2
prove,2
besieged,2
something,2
work,2
made,2
course,2
byrd,2
american,2
such,2
make,2
women,2
days,2
never,2
allowed,2
world,2
them,2
arms,2
school,2
upon,2
own,2
chance,2
him,2
some,2
considerable,2
jungle,2
happens,2
sometimes,2
or,2
so,2
might,2
life,2
mr,2
young,2
but,2
clever,2
nice,2
america,2
other,2
caution,1
blustering,1
partnership,1
ideal,1
living,1
ill,1
irish,1
still,1
roared,1
bayed,1
complex,1
disguised,1
country,1
text,1
our,1
dualism,1
attorney,1
does,1
animal,1
domesticated,1
firm,1
reputably,1
material,1
writes,1
fortune,1
they,1
concerned,1
equipment,1
harsh,1
weapon,1
night,1
personal,1
civilization,1
possible,1
suppression,1
measure,1
every,1
welcomed,1
expense,1
untutored,1
any,1
rate,1
flesh,1
pucker,1
coarseness,1
blue,1
haw,1
bee,1
saw,1
street,1
corner,1
heard,1
ground,1
forcibly,1
reclaimed,1
nature,1
naturalism,1
aw,1
passions,1
high,1
gentility,1
brutality,1
timidity,1
ready,1
success,1
strung,1
carried,1
picked,1
critic,1
formula,1
gallic,1
adherence,1
tame,1
village,1
greenwich,1
sorts,1
artist,1
come,1
foreseen,1
end,1
find,1
easier,1
today,1
place,1
took,1
added,1
up,1
bedroom,1
must,1
known,1
stolen,1
author,1
phillips,1
e,1
monotony,1
masterpiece,1
should,1
compiled,1
may,1
mirror,1
bovary,1
emma,1
recalls,1
whatever,1
teeth,1
clenched,1
said,1
loved,1
what,1
fairness,1
reading,1
partner,1
anatomy,1
imagines,1
viscera,1
brain,1
blood,1
imagination,1
velvet,1
soft,1
lips,1
kissed,1
leaned,1
hospital,1
kisses,1
explorer,1
sympathetic,1
doctor,1
naturally,1
quite,1
sophistication,1
grows,1
corn,1
prerequisite,1
books,1
using,1
clues,1
looked,1
hungrily,1
distress,1
around,1
tight,1
draw,1
open,1
out,1
stretch,1
wanted,1
empty,1
god,1
oh,1
than,1
else,1
fur,1
cry,1
expressionist,1
n,1
gave,1
ir,1
become,1
dam,1
spoiled,1
tortuous,1
expanses,1
generous,1
writing,1
fine,1
apparent,1
entail,1
spending,1
connection,1
irregular,1
perpetuation,1
mate,1
successful,1
complaisant,1
existence,1
boredom,1
woman,1
idle,1
observer,1
family,1
land,1
boat,1
europe,1
liner,1
small,1
husband,1
future,1
meets,1
western,1
hours,1
do,1
situation,1
meanness,1
essential,1
conceal,1
emotions,1
through,1
rummaging,1
relief,1
promises,1
falling,1
teacher,1
brilliant,1
project,1
rare,1
think,1
would,1
weekly,1
liberal,1
columns,1
term,1
unawakened,1
after,1
late,1
comparatively,1
form,1
fictional,1
essay,1
making,1
pp,1
paradoxical,1
comment,1
matters,1
once,1
tale,1
told,1
thrice,1
trite,1
record,1
obvious,1
intrinsically,1
disappointment,1
written,1
very,1
respect,1
himself,1
selected,1
near,1
problem,1
republic,1
illumined,1
engaged,1
played,1
part,1
character,1
coast,1
hereditary,1
edge,1
sea,1
charming,1
aroma,1
sweet,1
curiously,1
scrupulous,1
harvard,1
definite,1
reticent,1
sense,1
complete,1
time,1
irresistible,1
westerner,1
ambitious,1
where,1
shady,1
soil,1
grew,1
social,1
keen,1
much,1
how,1
wonders,1
study,1
unsympathetic,1
curious,1
cool,1
keep,1
frontier,1
sweating,1
saved,1
bayberry,1
delicious,1
myrtle,1
stubborn,1
mint,1
mannered,1
tempo,1
ree,1
panic,1
like,1
threw,1
cruel,1
violent,1
grasping,1
could,1
love,1
sudden,1
slim,1
inheritance,1
persistent,1
contact,1
stormy,1
brief,1
just,1
been,1
romance,1
soul,1
turmoil,1
result,1
foray,1
culture,1
deposit,1
fragile,1
impinges,1
presses,1
forget,1
authors,1
we,1
crudity,1
revulsion,1
common,1
most,1
things,1
aware,1
dusenbury,1
chester,1
ranks,1
idols,1
