term,count
the,84
to,60
of,56
and,56
a,42
he,35
his,35
in,27
i,22
is,20
that,19
had,18
for,17
on,17
was,16
s,16
as,16
which,16
her,15
o,15
she,14
their,13
at,13
it,13
have,11
by,11
with,10
be,10
roosevelt,10
been,9
my,9
there,8
mrs,7
were,7
y,7
after,7
from,7
brother,7
any,7
has,6
theodore,6
said,6
what,6
w,6
me,6
not,5
some,5
father,5
they,5
then,5
so,5
who,5
an,5
when,5
e,5
sad,4
way,4
house,4
mr,4
him,4
every,4
home,4
eyes,4
how,4
v,4
always,4
more,4
h,4
first,4
see,4
later,4
still,4
sister,4
would,4
robinson,4
show,3
years,3
one,3
portrait,3
birds,3
or,3
r,3
year,3
early,3
trip,3
get,3
character,3
time,3
all,3
l,3
p,3
meat,3
into,3
upon,3
own,3
other,3
will,3
came,3
ad,3
up,3
ranch,3
why,3
much,3
we,3
like,2
you,2
should,2
out,2
york,2
ten,2
taken,2
wrote,2
told,2
says,2
took,2
never,2
long,2
president,2
can,2
while,2
those,2
finished,2
evil,2
back,2
against,2
them,2
two,2
rico,2
c,2
nominated,2
but,2
than,2
people,2
odell,2
country,2
already,2
rather,2
come,2
could,2
made,2
species,2
shall,2
tells,2
white,2
did,2
room,2
natural,2
fourteen,2
private,2
staler,2
drawings,2
re,2
family,2
sat,2
young,2
convention,2
interest,2
nomination,2
letters,2
run,2
does,2
its,2
t,2
en,2
bringing,2
th,2
shows,2
third,2
well,2
intimate,2
loving,2
point,2
written,2
here,2
twenty,2
la,2
children,2
net,2
drawing,1
hays,1
went,1
ration,1
childhood,1
mot,1
fly,1
united,1
leading,1
merits,1
chorea,1
imp,1
press,1
three,1
lest,1
thug,1
alon,1
alga,1
solidity,1
cud,1
roi,1
outward,1
snap,1
life,1
tome,1
heart,1
soma,1
asked,1
oh,1
message,1
desired,1
essay,1
expected,1
fir,1
influences,1
mo,1
tn,1
lac,1
rive,1
final,1
interval,1
ado,1
brightness,1
serious,1
ales,1
moon,1
june,1
sew,1
ti,1
ooh,1
dinner,1
ta,1
conveys,1
wit,1
opened,1
mill,1
write,1
often,1
known,1
safely,1
world,1
thought,1
whatever,1
even,1
affair,1
whole,1
july,1
shave,1
knows,1
hunting,1
hint,1
sen,1
season,1
weir,1
although,1
demand,1
popular,1
book,1
accredited,1
second,1
elliot,1
zeal,1
about,1
chicago,1
dim,1
edge,1
tit,1
mud,1
newark,1
bas,1
stator,1
letter,1
vets,1
vote,1
tl,1
bay,1
oyster,1
sun,1
n,1
are,1
ac,1
merit,1
election,1
toward,1
attitude,1
glimpse,1
very,1
dignity,1
visits,1
page,1
ever,1
rode,1
largely,1
irish,1
better,1
business,1
stern,1
font,1
reading,1
chair,1
sparrow,1
event,1
occupy,1
stretch,1
eight,1
fluff,1
planning,1
wits,1
closed,1
candidate,1
poems,1
recited,1
parted,1
remark,1
state,1
meant,1
lately,1
believe,1
favor,1
connection,1
held,1
note,1
man,1
four,1
pears,1
announcement,1
this,1
your,1
theory,1
lied,1
bey,1
decided,1
st,1
stirs,1
story,1
ha,1
short,1
tags,1
listened,1
condensed,1
meet,1
advantage,1
corollary,1
derided,1
g,1
wholly,1
con,1
blue,1
dew,1
sagas,1
visit,1
save,1
replied,1
lay,1
kinds,1
many,1
lass,1
brows,1
enchanting,1
fox,1
last,1
sure,1
pa,1
great,1
ev,1
know,1
brown,1
dent,1
pith,1
learned,1
halt,1
walked,1
morning,1
nert,1
certain,1
reap,1
terms,1
adequate,1
paper,1
met,1
nd,1
looked,1
vise,1
these,1
entered,1
think,1
strength,1
marked,1
case,1
lies,1
table,1
eat,1
large,1
toy,1
sated,1
followed,1
felt,1
light,1
bes,1
concerning,1
term,1
ushered,1
wail,1
es,1
com,1
give,1
pt,1
keep,1
talismans,1
speaking,1
soon,1
college,1
ore,1
b,1
et,1
tog,1
call,1
ready,1
boner,1
swift,1
peer,1
col,1
enter,1
enabled,1
advice,1
undertakings,1
asthmatic,1
delicate,1
beam,1
stance,1
ia,1
provide,1
love,1
ledge,1
near,1
fleas,1
study,1
states,1
whew,1
dating,1
copiously,1
members,1
ya,1
teens,1
correspondents,1
rs,1
kith,1
aroused,1
death,1
fig,1
less,1
al,1
most,1
de,1
bf,1
tendencies,1
spa,1
tile,1
gin,1
mach,1
incidents,1
fresh,1
brings,1
step,1
le,1
ku,1
wad,1
care,1
depends,1
touches,1
revealing,1
mole,1
add,1
able,1
sympathetic,1
adoringly,1
say,1
almost,1
map,1
lad,1
devoted,1
piety,1
bona,1
portrayed,1
yet,1
personality,1
career,1
view,1
only,1
perhaps,1
volume,1
another,1
added,1
literature,1
rooseveltian,1
abundant,1
dy,1
pegs,1
work,1
wisdom,1
development,1
moral,1
mush,1
clearly,1
document,1
social,1
value,1
cf,1
something,1
therefore,1
foresight,1
thoughtfulness,1
parents,1
writes,1
inspiration,1
characters,1
lives,1
influence,1
manner,1
foil,1
wise,1
tribute,1
environment,1
interesting,1
concrete,1
length,1
germany,1
german,1
sessions,1
powerful,1
doses,1
albany,1
governor,1
days,1
patties,1
breakfast,1
famous,1
affairs,1
astuteness,1
aye,1
anecdotes,1
law,1
douglas,1
cuba,1
campaign,1
during,1
navy,1
city,1
new,1
police,1
nearly,1
mug,1
tie,1
kat,1
such,1
between,1
do,1
frequently,1
bit,1
old,1
bees,1
through,1
vice,1
u,1
philadelphia,1
ideas,1
present,1
witness,1
blandly,1
am,1
takes,1
conferences,1
grits,1
again,1
guests,1
gentlemen,1
bye,1
right,1
go,1
fairly,1
answer,1
word,1
now,1
sternly,1
nether,1
politics,1
meaner,1
talk,1
continue,1
impossible,1
quite,1
interlude,1
showed,1
boy,1
presented,1
elder,1
absentee,1
quarters,1
dimes,1
clamoring,1
j,1
little,1
hordes,1
besieged,1
sway,1
gone,1
brought,1
mice,1
field,1
willingness,1
summer,1
animals,1
began,1
age,1
au,1
also,1
infer,1
characterized,1
same,1
ea,1
sportsman,1
ibises,1
evident,1
bile,1
however,1
going,1
idea,1
because,1
try,1
commissioner,1
service,1
dated,1
herself,1
chance,1
public,1
makes,1
storks,1
choice,1
history,1
worts,1
yon,1
comes,1
shooting,1
sn,1
interested,1
aunt,1
quotes,1
skins,1
preserving,1
game,1
