term,count
the,53
of,44
a,20
is,17
to,16
in,16
and,13
one,10
it,9
stories,6
war,5
this,5
which,5
there,5
are,4
so,4
they,4
on,4
andrews,4
be,4
same,3
an,3
dramatic,3
most,3
genuine,3
her,3
not,3
story,3
for,3
airs,3
but,3
these,3
with,3
little,3
that,3
about,3
s,3
who,3
pathos,3
hats,3
up,2
kind,2
c,2
touch,2
o,2
them,2
ditch,2
too,2
much,2
trench,2
solemn,2
was,2
place,2
you,2
can,2
their,2
at,2
through,2
world,2
american,2
by,2
satire,2
french,2
will,2
under,2
morning,2
serious,2
incidents,2
our,2
joy,2
i,2
short,2
fails,2
depend,2
great,2
emotion,2
another,2
do,2
convince,1
comes,1
colonel,1
or,1
foods,1
tho,1
message,1
than,1
almost,1
better,1
device,1
presented,1
lust,1
play,1
doing,1
part,1
his,1
fer,1
substance,1
near,1
own,1
drives,1
encounter,1
home,1
construction,1
incident,1
heaping,1
plots,1
tandem,1
instead,1
team,1
upon,1
coincidences,1
furthermore,1
effect,1
frequent,1
plan,1
permissible,1
curious,1
share,1
have,1
canadian,1
other,1
two,1
achieve,1
glory,1
come,1
guide,1
brother,1
three,1
frog,1
sorrow,1
mass,1
immeasurable,1
lakes,1
northern,1
bunt,1
sketch,1
personal,1
admirable,1
contains,1
v,1
incidentally,1
bit,1
vivid,1
fortunes,1
brought,1
even,1
americans,1
abundant,1
response,1
simple,1
strains,1
rings,1
changes,1
though,1
fall,1
enduring,1
merit,1
read,1
time,1
being,1
loyalty,1
spur,1
supernatural,1
orleans,1
scattered,1
heroic,1
stirrup,1
silver,1
gift,1
rewarded,1
maid,1
hero,1
screed,1
forefather,1
whose,1
peasant,1
tells,1
best,1
spirited,1
exploit,1
mean,1
sergeant,1
valor,1
wit,1
delicious,1
feeling,1
several,1
encounters,1
brings,1
such,1
devious,1
way,1
study,1
cowardly,1
became,1
outweigh,1
miss,1
did,1
cony,1
as,1
really,1
notable,1
contribution,1
legend,1
struggle,1
given,1
honor,1
attempts,1
convey,1
deeper,1
implications,1
series,1
france,1
inevitable,1
very,1
successful,1
talky,1
artificial,1
propagandist,1
its,1
prophecy,1
cleaner,1
tier,1
welcome,1
load,1
thread,1
chunks,1
intense,1
made,1
preparedness,1
skill,1
lock,1
charles,1
sons,1
perfect,1
tribute,1
w,1
achieved,1
definite,1
success,1
inherent,1
she,1
added,1
fact,1
justified,1
cleanly,1
handling,1
national,1
history,1
toy,1
collection,1
meet,1
level,1
accomplishment,1
nine,1
while,1
carry,1
traces,1
abort,1
argument,1
general,1
sure,1
into,1
chatter,1
third,1
see,1
shipman,1
hadley,1
we,1
re,1
fed,1
grounds,1
t,1
expect,1
us,1
go,1
raptures,1
stand,1
stage,1
over,1
old,1
lad,1
ix,1
would,1
some,1
field,1
make,1
lovely,1
combination,1
know,1
darling,1
ground,1
how,1
stuns,1
trimming,1
like,1
without,1
making,1
sag,1
badly,1
capable,1
talk,1
flappers,1
visit,1
century,1
after,1
think,1
only,1
teacher,1
lives,1
pay,1
attention,1
sacred,1
spots,1
scene,1
heroism,1
where,1
n,1
any,1
fellow,1
countrymen,1
laid,1
down,1
pleasure,1
