term,count
the,44
of,37
and,30
a,21
to,20
in,17
that,11
he,10
it,8
as,7
his,7
from,7
was,6
tile,5
so,5
but,5
for,5
him,5
which,5
were,4
young,4
or,4
more,4
their,4
an,4
is,4
have,3
any,3
had,3
things,3
i,3
american,3
be,3
than,3
made,3
not,3
on,3
poet,3
them,3
by,3
our,2
formation,2
field,2
ago,2
science,2
lecture,2
story,2
books,2
perhaps,2
ex,2
life,2
s,2
direction,2
each,2
country,2
period,2
sidney,2
spirit,2
its,2
color,2
men,2
before,2
who,2
put,2
one,2
many,2
common,2
tonal,2
taste,2
with,2
kept,2
brain,1
without,1
inspiring,1
fertile,1
lay,1
thing,1
influence,1
almost,1
saw,1
development,1
readers,1
germ,1
said,1
right,1
exaggeration,1
humanities,1
done,1
boilers,1
lasting,1
worked,1
variety,1
great,1
lectures,1
replacing,1
scheme,1
out,1
century,1
then,1
quarter,1
harmonious,1
instrument,1
performed,1
function,1
reference,1
subjects,1
vogue,1
scholarship,1
pot,1
fervent,1
together,1
percy,1
they,1
boys,1
produced,1
achieved,1
modern,1
should,1
subject,1
given,1
presentation,1
systematic,1
courses,1
wherever,1
opportunities,1
looked,1
turned,1
college,1
valuable,1
societies,1
literary,1
declared,1
like,1
wile,1
wanderers,1
fact,1
wandering,1
less,1
could,1
mind,1
susceptible,1
open,1
studies,1
music,1
into,1
poetry,1
flow,1
interest,1
keenest,1
what,1
doll,1
find,1
progress,1
industrial,1
mechanical,1
purely,1
survived,1
ideas,1
fruitful,1
generation,1
criticism,1
no,1
letters,1
art,1
fill,1
would,1
unlikely,1
best,1
even,1
culled,1
interested,1
y,1
lo,1
giving,1
tire,1
represents,1
probably,1
instinct,1
certainty,1
future,1
dedicate,1
h,1
branch,1
bewitchingly,1
space,1
empty,1
much,1
there,1
broad,1
bewilderingly,1
stretched,1
study,1
possibility,1
general,1
horizon,1
specializing,1
capacity,1
fine,1
special,1
clarinet,1
same,1
expressiveness,1
concerning,1
confidences,1
loquacious,1
most,1
el,1
necessary,1
nation,1
feeling,1
commercial,1
at,1
deep,1
lies,1
aesthetics,1
comparatively,1
states,1
purity,1
composition,1
formulated,1
shining,1
altogether,1
part,1
these,1
realized,1
definitely,1
vaguely,1
moral,1
ideal,1
fidelity,1
all,1
above,1
been,1
poets,1
accomplishment,1
toward,1
effort,1
gifted,1
reader,1
consideration,1
worthy,1
being,1
human,1
lovable,1
highly,1
impatient,1
friends,1
interesting,1
co,1
boston,1
illustrated,1
edwin,1
biography,1
mr,1
has,1
sympathetically,1
us,1
anything,1
typical,1
time,1
type,1
strongly,1
marked,1
comprised,1
qualities,1
fullest,1
measure,1
enthusiasm,1
lind,1
characteristics,1
widely,1
scattered,1
oboe,1
quartet,1
string,1
horn,1
french,1
bassoon,1
southern,1
flute,1
popularization,1
consisting,1
club,1
proposed,1
years,1
thirty,1
morn,1
travel,1
through,1
smaller,1
cities,1
educating,1
understanding,1
ha,1
n,1
form,1
wood,1
instruments,1
bore,1
family,1
va,1
purpose,1
after,1
movement,1
higher,1
strove,1
number,1
protect,1
crush,1
heavily,1
aftermath,1
war,1
effects,1
disastrous,1
sufficiently,1
scholar,1
felt,1
temper,1
transcendental,1
mantle,1
whom,1
upon,1
individuality,1
sense,1
v,1
southerner,1
transcendentalism,1
historically,1
considered,1
north,1
took,1
rise,1
swept,1
over,1
whole,1
phenomenon,1
place,1
people,1
musician,1
western,1
