term,count
the,145
of,95
to,63
and,58
a,57
that,45
is,42
in,38
are,29
for,27
as,27
it,25
but,22
be,20
they,18
she,18
from,18
has,17
not,17
at,16
i,15
by,15
one,14
you,14
s,14
with,14
so,13
her,13
etiquette,13
good,13
have,13
all,12
lutes,12
book,12
which,11
this,11
on,10
or,10
who,10
them,9
about,9
can,9
much,9
gracious,9
books,8
their,8
most,8
mrs,8
he,8
know,8
only,8
things,7
when,7
there,7
will,7
these,7
an,7
do,7
author,6
if,6
must,6
married,6
might,6
some,6
l,6
was,6
us,6
woman,6
well,6
hostess,6
would,6
girls,5
why,5
become,5
out,5
other,5
rules,5
written,5
time,5
than,5
too,5
men,5
his,5
been,5
mr,5
those,5
comes,4
sort,4
evening,4
guest,4
better,4
letters,4
we,4
may,4
manners,4
say,4
perhaps,4
way,4
smith,4
generation,4
little,4
come,4
should,4
think,4
how,4
dinner,4
up,4
what,4
more,4
write,4
women,4
says,4
present,4
old,3
form,3
course,3
set,3
down,3
ill,3
use,3
going,3
where,3
without,3
heart,3
since,3
never,3
main,3
pretty,3
business,3
then,3
ladies,3
maid,3
after,3
once,3
like,3
girl,3
social,3
new,3
thompson,3
see,3
young,3
said,3
children,3
does,3
examples,3
no,3
della,3
list,3
readers,3
being,3
your,3
had,3
seems,2
done,2
because,2
hat,2
did,2
o,2
times,2
outfit,2
equally,2
could,2
awful,2
hold,2
years,2
rather,2
younger,2
table,2
within,2
any,2
wear,2
reading,2
him,2
man,2
writer,2
sin,2
flow,2
implication,2
herself,2
less,2
ow,2
average,2
different,2
person,2
congratulation,2
condolence,2
gives,2
naturally,2
through,2
rule,2
however,2
high,2
served,2
works,2
t,2
v,2
wedding,2
over,2
dress,2
give,2
grace,2
remember,2
diet,2
refinement,2
save,2
already,2
st,2
true,2
days,2
off,2
sense,2
worn,2
life,2
american,2
dead,2
whole,2
admits,2
astor,2
soporific,2
introducing,2
behaved,2
people,2
day,2
y,2
partner,2
point,2
something,2
take,2
forms,2
theory,2
virtuous,2
stockings,2
accept,2
conservative,2
particularly,2
year,2
morals,2
style,2
feel,2
outside,2
appear,2
want,2
dozen,2
make,2
manner,2
ally,2
own,2
buys,2
both,1
understood,1
disagree,1
cordiality,1
felt,1
dine,1
tb,1
indeed,1
child,1
eyes,1
nor,1
together,1
whom,1
establish,1
shade,1
recognize,1
expressed,1
invitation,1
muffed,1
cousin,1
persons,1
actually,1
given,1
thereby,1
dull,1
mean,1
exactly,1
invitations,1
characters,1
practices,1
points,1
familiar,1
earth,1
took,1
god,1
plained,1
plenty,1
drawn,1
aristotle,1
burgess,1
genesis,1
mentioned,1
including,1
enoch,1
exhaustive,1
name,1
leavens,1
qualities,1
evident,1
text,1
identified,1
popular,1
detail,1
described,1
pests,1
bridge,1
emulation,1
offset,1
tire,1
few,1
pattern,1
cousins,1
charm,1
advises,1
prescriptions,1
accepted,1
generally,1
consequently,1
look,1
loveliness,1
afraid,1
veil,1
add,1
usually,1
laid,1
gentlemen,1
dressing,1
extent,1
es,1
slight,1
remind,1
codification,1
unless,1
game,1
far,1
nuisances,1
eventually,1
get,1
matter,1
rio,1
grow,1
into,1
compendium,1
wen,1
recognition,1
favors,1
advised,1
attentions,1
warned,1
wives,1
engaged,1
cautioned,1
bestow,1
plan,1
bible,1
love,1
bring,1
flush,1
regret,1
read,1
excitement,1
frank,1
million,1
stopped,1
wrote,1
cars,1
unwise,1
styles,1
costs,1
reported,1
transitory,1
calm,1
sit,1
between,1
age,1
dances,1
joy,1
id,1
often,1
leading,1
courteous,1
anticlimax,1
always,1
typewriter,1
further,1
abound,1
deal,1
accordingly,1
advice,1
past,1
long,1
paul,1
abounded,1
profusion,1
breadth,1
suggests,1
arc,1
short,1
f,1
such,1
abundant,1
g,1
judgment,1
follies,1
signed,1
none,1
ignores,1
alleged,1
excesses,1
temporary,1
makes,1
charitable,1
remark,1
act,1
mothers,1
toward,1
laxity,1
safely,1
place,1
dorcas,1
society,1
hoped,1
permanency,1
holies,1
observes,1
informed,1
presented,1
urgent,1
warning,1
samples,1
thing,1
var,1
ed,1
personality,1
specimen,1
many,1
pen,1
danger,1
becoming,1
fixed,1
liturgy,1
states,1
occasions,1
contains,1
moderns,1
grasp,1
introduce,1
science,1
though,1
momentarily,1
embarrass,1
eminent,1
mos,1
topic,1
criticized,1
embarrassment,1
remarking,1
just,1
terrible,1
ass,1
named,1
aspect,1
mind,1
supposed,1
call,1
hose,1
handbook,1
yet,1
respect,1
wholly,1
attuned,1
moral,1
problem,1
misdeeds,1
affected,1
excite,1
justice,1
ford,1
garland,1
elderly,1
publicists,1
excited,1
need,1
practical,1
handbooks,1
modern,1
our,1
friends,1
convention,1
decrees,1
victim,1
parlor,1
satisfied,1
telegram,1
saying,1
profuse,1
strains,1
unpremeditated,1
art,1
ordinary,1
letter,1
eighteen,1
opportunity,1
put,1
fur,1
wealth,1
fame,1
doing,1
appreciable,1
native,1
human,1
core,1
left,1
its,1
thousands,1
ambitious,1
ask,1
themselves,1
putting,1
polish,1
attainment,1
sufficiently,1
yourself,1
having,1
member,1
family,1
p,1
process,1
try,1
follow,1
downright,1
improve,1
heresy,1
millions,1
dollars,1
worth,1
advertising,1
teaches,1
enable,1
c,1
general,1
oats,1
everything,1
et,1
print,1
unfathomable,1
mystery,1
authors,1
known,1
inborn,1
feeling,1
difficulties,1
learner,1
tilde,1
learning,1
sound,1
ere,1
flatter,1
deemed,1
taken,1
first,1
ride,1
rolls,1
cultivate,1
elementary,1
christian,1
virtues,1
kt,1
r,1
price,1
visionary,1
element,1
otherwise,1
highly,1
pear,1
hard,1
wife,1
subjected,1
brush,1
another,1
whose,1
ruined,1
ho,1
eat,1
lobster,1
spellbound,1
hy,1
conversation,1
tut,1
ankh,1
amen,1
atom,1
back,1
india,1
believe,1
injustice,1
gave,1
company,1
information,1
review,1
elmer,1
davis,1
indianapolis,1
merrill,1
multiply,1
blurb,1
fast,1
sell,1
copiously,1
magazines,1
imitators,1
publisher,1
forgotten,1
teeth,1
charming,1
w,1
easily,1
acquire,1
forbearance,1
charity,1
fears,1
dangerous,1
subversive,1
doctrines,1
contrary,1
contemporary,1
begins,1
description,1
also,1
quest,1
efficient,1
learn,1
agreeable,1
doctrine,1
intentions,1
th,1
phenomenon,1
literature,1
based,1
common,1
depreciation,1
writers,1
certainly,1
outgrowth,1
least,1
view,1
inclined,1
leave,1
impression,1
originally,1
minimum,1
rudely,1
caution,1
father,1
silk,1
underwear,1
garment,1
pair,1
contented,1
pay,1
nightgowns,1
sometimes,1
sportsmanship,1
strained,1
tool,1
heavily,1
early,1
right,1
suppose,1
labor,1
hal,1
accustomed,1
next,1
decade,1
br,1
de,1
trousseau,1
accord,1
household,1
thirty,1
middle,1
aged,1
gentleman,1
acquired,1
means,1
twenty,1
e,1
matters,1
possessed,1
square,1
inside,1
glass,1
soup,1
plates,1
above,1
head,1
while,1
placing,1
unwarranted,1
discomfort,1
special,1
recommendations,1
summed,1
start,1
reminiscence,1
thumb,1
napkin,1
attraction,1
very,1
reality,1
mumble,1
names,1
trouble,1
large,1
party,1
careful,1
wicked,1
guests,1
each,1
especially,1
neighbors,1
dinners,1
floor,1
suit,1
example,1
necessary,1
stubborn,1
altogether,1
pleasant,1
fact,1
forget,1
everybody,1
knows,1
flaunt,1
faces,1
likes,1
informality,1
practice,1
built,1
system,1
fit,1
change,1
notorious,1
called,1
every,1
instance,1
even,1
school,1
were,1
abe,1
approve,1
freedom,1
thinks,1
lightening,1
ostentatious,1
grief,1
funerals,1
bad,1
mourning,1
gradually,1
customs,1
insistence,1
am,1
buck,1
families,1
home,1
trustworthy,1
guide,1
visualize,1
hut,1
hottentot,1
chapter,1
standpoint,1
bossed,1
bus,1
manages,1
reluctant,1
reader,1
bridegroom,1
useful,1
money,1
saving,1
experience,1
beauty,1
connoisseur,1
engraved,1
important,1
unimportant,1
deals,1
editor,1
methods,1
magazine,1
taught,1
rs,1
innumerable,1
marvelous,1
shortcuts,1
ax,1
