term,count
the,82
is,36
of,35
a,33
and,32
in,26
to,25
that,22
bennett,18
he,17
it,16
i,15
one,14
his,14
we,13
on,12
this,11
with,11
not,11
for,10
but,10
they,9
as,8
by,8
are,8
things,7
present,7
s,7
our,6
arnold,6
her,6
have,6
at,6
be,6
interest,5
any,5
which,5
something,5
volume,5
than,5
business,5
has,4
there,4
its,4
an,4
interested,4
more,4
had,4
see,4
such,4
illumination,4
could,4
novelist,4
being,4
can,3
pier,3
end,3
first,3
power,3
will,3
their,3
commonplace,3
them,3
ever,3
how,3
imagine,3
other,3
secret,3
here,3
j,3
or,3
from,3
even,3
another,3
week,3
what,3
life,3
government,3
when,3
should,3
says,3
irritating,3
title,3
does,3
me,3
day,3
author,2
own,2
charge,2
naturalist,2
zest,2
impresses,2
after,2
object,2
would,2
privilege,2
along,2
v,2
very,2
do,2
pages,2
him,2
book,2
been,2
piercingly,2
tweeds,2
egotism,2
thumb,2
nail,2
nonchalance,2
characterization,2
else,2
before,2
house,2
ben,2
four,2
thing,2
girls,2
private,2
she,2
time,2
novel,2
young,2
nett,2
sketch,2
holiday,2
out,2
attract,2
best,2
hut,2
perspective,2
novels,2
most,2
observation,2
woman,2
bis,2
again,2
giving,2
joyce,2
james,2
following,2
these,2
give,2
advice,2
chance,2
dictum,2
boarding,2
true,2
over,2
since,2
interests,2
listen,2
were,2
little,2
towns,2
second,2
series,2
new,2
who,2
usually,2
anything,2
few,2
apparatus,2
why,2
succeed,2
public,2
behind,2
man,2
way,2
h,2
must,2
host,2
some,2
hostess,2
avoids,1
coat,1
cheap,1
shilling,1
island,1
carefully,1
subject,1
alive,1
possibly,1
citizens,1
make,1
knew,1
safest,1
unique,1
writer,1
tea,1
asleep,1
eminently,1
brew,1
possibilities,1
beautiful,1
company,1
list,1
no,1
nowadays,1
reviewers,1
governed,1
heavy,1
w,1
dorm,1
buried,1
ami,1
dying,1
free,1
lamp,1
earth,1
guests,1
ecstasy,1
escaped,1
boy,1
like,1
dinner,1
unfeigned,1
takes,1
politely,1
glimpses,1
many,1
features,1
attractive,1
speculation,1
just,1
provide,1
early,1
reconstruct,1
attempt,1
restaurant,1
k,1
sass,1
country,1
teacher,1
est,1
britain,1
admittedly,1
stop,1
others,1
revenue,1
raise,1
order,1
museum,1
galleries,1
picture,1
admission,1
care,1
move,1
furnished,1
occasion,1
chancellor,1
bade,1
hind,1
reform,1
ink,1
still,1
manner,1
gather,1
let,1
illuminate,1
insisted,1
attacks,1
whatever,1
defies,1
discursiveness,1
reason,1
pp,1
utilize,1
better,1
serve,1
applying,1
word,1
taking,1
lived,1
novelists,1
greatest,1
stood,1
itself,1
display,1
always,1
popular,1
lies,1
human,1
relation,1
into,1
brought,1
shall,1
everything,1
insists,1
unlike,1
coffee,1
questing,1
delight,1
serving,1
ob,1
much,1
conveyed,1
trite,1
living,1
cups,1
powers,1
fully,1
lecturing,1
well,1
synthesis,1
combined,1
analysis,1
capacity,1
displays,1
critic,1
becomes,1
benefactor,1
dressed,1
every,1
control,1
fathers,1
husbands,1
paying,1
hill,1
readers,1
feminine,1
unlovely,1
ending,1
attire,1
coupled,1
directness,1
expression,1
y,1
assemble,1
enables,1
alone,1
dominion,1
self,1
moral,1
sagacity,1
basic,1
deprive,1
tit,1
thought,1
heaven,1
york,1
sees,1
whole,1
george,1
if,1
conclusion,1
ho,1
paris,1
tale,1
fat,1
titles,1
leave,1
take,1
e,1
meadows,1
consists,1
jersey,1
saying,1
look,1
backs,1
keeping,1
fine,1
eyes,1
under,1
planting,1
practiced,1
only,1
words,1
saw,1
noticed,1
threescore,1
evoke,1
stinging,1
adequate,1
southern,1
unknown,1
wines,1
soups,1
rivalry,1
sex,1
dancing,1
playwrights,1
headings,1
five,1
lights,1
eye,1
random,1
dozen,1
pick,1
effort,1
d,1
range,1
notion,1
teeth,1
pointing,1
citations,1
sort,1
compelling,1
consider,1
found,1
suspect,1
answer,1
generally,1
drags,1
about,1
looked,1
pap,1
turning,1
himself,1
find,1
waving,1
reader,1
yet,1
bricks,1
aladdin,1
english,1
subtle,1
acquire,1
road,1
manage,1
side,1
mosquito,1
pebble,1
up,1
hitting,1
stick,1
thereafter,1
walking,1
swinging,1
welcome,1
goes,1
dress,1
punctured,1
enjoying,1
pests,1
did,1
worn,1
may,1
thackeray,1
prance,1
futile,1
aged,1
you,1
enough,1
setting,1
naught,1
ar,1
sea,1
band,1
flags,1
pleasure,1
town,1
treats,1
events,1
world,1
blazing,1
newspapers,1
dream,1
girl,1
pair,1
eventually,1
together,1
thoughtful,1
protest,1
appraisal,1
silly,1
middle,1
pay,1
origin,1
fish,1
ex,1
wives,1
old,1
game,1
elsewhere,1
told,1
important,1
incalculably,1
nature,1
supreme,1
hers,1
all,1
champagne,1
sense,1
lost,1
keep,1
scrutiny,1
point,1
napkin,1
rarely,1
simulated,1
polite,1
step,1
fiction,1
therefore,1
down,1
girts,1
co,1
land,1
say,1
lucky,1
obvious,1
motif,1
succeeded,1
entitled,1
fragment,1
interesting,1
view,1
fact,1
frocks,1
searching,1
yawn,1
subjected,1
men,1
clear,1
makes,1
years,1
long,1
hours,1
hack,1
twenty,1
while,1
two,1
art,1
next,1
wanton,1
stifling,1
tremendously,1
arc,1
between,1
jo,1
succeeds,1
