term,count
the,108
of,63
and,44
a,36
to,30
is,28
in,24
it,19
was,19
she,18
be,18
for,17
that,17
with,16
not,15
you,10
them,9
as,9
he,9
there,8
this,8
all,8
tile,7
has,7
which,7
or,6
people,6
were,6
on,6
no,6
would,6
author,6
country,6
her,6
they,6
i,5
are,5
lady,5
when,5
so,5
without,5
balkan,5
from,5
but,5
his,4
who,4
because,4
being,4
political,4
bulgarian,4
one,4
n,4
into,4
their,4
its,4
land,4
out,4
been,4
could,4
point,4
three,4
balkans,4
do,3
had,3
more,3
books,3
by,3
man,3
greek,3
albanian,3
empire,3
always,3
at,3
hatreds,3
up,3
give,3
hatred,3
past,3
have,3
among,3
any,3
an,3
can,3
unfortunate,3
may,3
writes,2
things,2
prejudices,2
lands,2
russia,2
look,2
might,2
read,2
what,2
then,2
centuries,2
churches,2
very,2
west,2
night,2
should,2
doctor,2
before,2
interesting,2
shows,2
possible,2
doubt,2
if,2
him,2
ill,2
plans,2
than,2
watching,2
rifle,2
carried,2
turkish,2
th,2
book,2
given,2
seemed,2
wanted,2
question,2
ride,2
think,2
arid,2
far,2
view,2
across,2
other,2
place,2
party,2
never,2
politics,2
told,2
town,2
such,2
purposes,2
tho,2
having,2
must,2
way,2
we,2
subject,2
these,2
charge,2
ages,2
conditions,2
racial,2
english,2
under,2
few,2
here,2
advantages,2
durham,2
ha,2
time,2
power,2
attention,2
re,2
expedient,1
matters,1
differences,1
supper,1
asked,1
gentlemen,1
titan,1
whether,1
coffee,1
put,1
something,1
madame,1
enforce,1
law,1
write,1
turkey,1
quietly,1
fights,1
friend,1
myself,1
lives,1
request,1
arranged,1
nor,1
hiding,1
villain,1
t,1
rule,1
stratum,1
overlying,1
alive,1
presented,1
morals,1
sentiment,1
middle,1
reveals,1
residence,1
short,1
feeling,1
western,1
credit,1
peninsula,1
through,1
hastily,1
vividly,1
episode,1
enforced,1
humble,1
fulfill,1
serb,1
buy,1
strictly,1
approached,1
thrown,1
capture,1
turks,1
ms,1
intermediary,1
become,1
requested,1
satisfied,1
women,1
appear,1
morning,1
cried,1
instinctive,1
everybody,1
assistance,1
clamorous,1
slight,1
sick,1
wants,1
where,1
duties,1
numerous,1
s,1
j,1
cancer,1
pronounced,1
idea,1
sale,1
murder,1
poison,1
deeds,1
impossible,1
authorities,1
down,1
probably,1
shot,1
destroyed,1
clone,1
christian,1
further,1
anything,1
element,1
traitors,1
discord,1
village,1
seems,1
mysteriously,1
turned,1
sins,1
multitude,1
cover,1
ere,1
incident,1
certain,1
confounded,1
adventures,1
cloak,1
trouble,1
miss,1
understand,1
thing,1
suspects,1
censor,1
smuggling,1
except,1
finds,1
imported,1
remembered,1
dictionary,1
french,1
got,1
entirely,1
once,1
season,1
rainy,1
stupid,1
considered,1
q,1
gull,1
go,1
constant,1
feuds,1
blood,1
goatherd,1
call,1
enid,1
stamp,1
local,1
incredible,1
almost,1
hated,1
sultan,1
terror,1
said,1
ascribed,1
school,1
united,1
coveted,1
firm,1
obtain,1
aid,1
even,1
failure,1
marl,1
persons,1
educated,1
informed,1
well,1
number,1
language,1
foreign,1
learn,1
vail,1
flintlocks,1
strife,1
plow,1
confusion,1
rather,1
excuse,1
pro,1
brigandage,1
help,1
d,1
why,1
know,1
albanians,1
intimated,1
purely,1
employed,1
good,1
funds,1
relief,1
british,1
bulgarians,1
foster,1
ask,1
shedding,1
worse,1
uphold,1
englishwoman,1
court,1
disgusted,1
robbers,1
robbed,1
men,1
themselves,1
cradle,1
laid,1
bloodshed,1
martini,1
notices,1
cottage,1
entering,1
fields,1
working,1
sees,1
traveling,1
paints,1
touches,1
luminous,1
those,1
course,1
fourth,1
interests,1
record,1
italian,1
austrian,1
consulates,1
some,1
small,1
arlene,1
plaster,1
m,1
hut,1
clothing,1
ea,1
different,1
money,1
destined,1
sympathetic,1
present,1
joint,1
distribution,1
grandeur,1
notions,1
puffed,1
godforsaken,1
duty,1
age,1
behind,1
remained,1
invaders,1
traits,1
worst,1
overrun,1
required,1
strict,1
same,1
most,1
perhaps,1
st,1
travel,1
intimately,1
alone,1
flash,1
perceive,1
upon,1
searchlight,1
sudden,1
turns,1
occurs,1
ham,1
beginning,1
g,1
al,1
possess,1
revisit,1
months,1
watch,1
io,1
sent,1
live,1
provisions,1
drink,1
cat,1
ma,1
bit,1
every,1
drop,1
grasp,1
library,1
entire,1
sharpness,1
easy,1
sweet,1
says,1
like,1
does,1
naturally,1
hungry,1
goes,1
often,1
cold,1
heat,1
smiling,1
suffers,1
journey,1
protracted,1
er,1
masculinity,1
resulted,1
molested,1
admirable,1
imbued,1
about,1
spirit,1
me,1
nell,1
whimpering,1
wreckage,1
though,1
honor,1
partaking,1
gibbon,1
moderns,1
charity,1
begin,1
sometimes,1
inclined,1
races,1
various,1
history,1
rapacious,1
stir,1
strewed,1
best,1
done,1
particular,1
own,1
lookout,1
nicely,1
czar,1
kept,1
track,1
steer,1
overfond,1
flint,1
ever,1
temporary,1
red,1
primeval,1
raw,1
bed,1
lava,1
surged,1
quiet,1
crust,1
thin,1
oft,1
lived,1
misery,1
hell,1
around,1
dilated,1
surroundings,1
incessant,1
tattle,1
full,1
isa,1
notice,1
title,1
window,1
scarcely,1
flattering,1
tics,1
passion,1
hot,1
seeing,1
race,1
living,1
worth,1
only,1
romance,1
surrounding,1
mass,1
forces,1
study,1
comrades,1
either,1
end,1
written,1
late,1
my,1
apologies,1
h,1
positron,1
l,1
off,1
burned,1
states,1
fear,1
fingers,1
thrust,1
dared,1
pelf,1
crazed,1
period,1
oldest,1
described,1
reached,1
objective,1
vienna,1
began,1
trip,1
world,1
parts,1
great,1
useless,1
quits,1
languages,1
six,1
pluck,1
primitive,1
loose,1
let,1
ideas,1
wipe,1
description,1
back,1
leap,1
mast,1
co,1
enters,1
dirty,1
little,1
possesses,1
along,1
custom,1
since,1
reads,1
badly,1
rejoice,1
mean,1
burden,1
beauty,1
passing,1
auk,1
lake,1
trails,1
recent,1
gives,1
positive,1
picture,1
signs,1
merely,1
thinks,1
attendance,1
herself,1
edith,1
between,1
date,1
virulence,1
