term,count
the,100
and,52
a,50
of,50
to,49
in,35
it,35
is,28
that,28
sir,20
he,20
tile,18
for,17
with,16
as,16
which,16
on,13
by,13
charles,13
t,13
will,12
says,12
not,12
was,12
i,12
his,10
be,10
this,8
one,8
are,8
can,8
africa,8
country,6
but,6
their,6
lie,6
th,6
so,6
if,6
l,6
at,6
who,6
there,6
s,6
from,6
its,6
or,5
e,5
all,5
o,5
no,5
r,5
more,5
h,5
d,5
some,5
protectorate,5
had,4
have,4
being,4
u,4
scheme,4
ill,4
they,4
would,4
were,4
such,4
time,4
him,4
east,4
an,4
climate,4
than,4
about,4
colonization,3
lind,3
uganda,3
donkeys,3
new,3
most,3
could,3
nd,3
result,3
been,3
find,3
attention,3
way,3
eliot,3
book,3
very,3
home,3
other,3
position,3
has,3
become,2
european,2
y,2
himself,2
take,2
population,2
healthy,2
bunch,2
te,2
offered,2
through,2
pen,2
railway,2
should,2
does,2
tell,2
building,2
lions,2
any,2
lion,2
fact,2
small,2
first,2
class,2
far,2
touch,2
game,2
stories,2
whole,2
african,2
part,2
natives,2
maps,2
york,2
zionist,2
much,2
gave,2
because,2
ts,2
near,2
surrounding,2
am,2
thinks,2
also,2
do,2
proposal,2
after,2
c,2
n,2
appeared,2
now,2
once,2
tells,2
always,2
interesting,2
pl,2
least,2
live,2
half,2
although,2
f,2
doubt,2
three,2
must,2
went,2
colony,2
jews,2
how,2
own,2
both,2
v,2
tho,2
rea,2
made,2
big,2
history,2
we,2
intention,2
ran,2
came,2
man,2
ordered,2
large,2
g,2
goes,2
office,2
rest,2
these,2
story,2
government,2
bolts,1
looking,1
various,1
easy,1
rivets,1
hunter,1
mare,1
article,1
sex,1
male,1
attire,1
bring,1
desirable,1
ornamental,1
regarded,1
sexes,1
strangest,1
appeals,1
esther,1
weapons,1
enemies,1
obviously,1
surprising,1
traveler,1
faults,1
men,1
course,1
statement,1
right,1
thai,1
concede,1
likely,1
children,1
temptation,1
yielded,1
gun,1
intended,1
sporting,1
rails,1
dogs,1
necklaces,1
pearl,1
wires,1
ph,1
happen,1
distance,1
zebras,1
braining,1
shot,1
down,1
construction,1
put,1
too,1
indians,1
indian,1
experience,1
flattering,1
towns,1
polish,1
oil,1
host,1
congest,1
antelopes,1
relieve,1
materially,1
district,1
abound,1
charley,1
produced,1
inevitably,1
hostility,1
turks,1
ru,1
fine,1
life,1
manner,1
religion,1
language,1
armenians,1
send,1
money,1
instead,1
spending,1
material,1
stole,1
domesticated,1
contd,1
connected,1
gorilla,1
features,1
ch,1
amusing,1
apes,1
done,1
management,1
proper,1
itself,1
shared,1
opinion,1
cheetahs,1
gen,1
hyena,1
known,1
little,1
wants,1
giraffes,1
when,1
built,1
mistaken,1
lagged,1
critical,1
exaggerated,1
carrying,1
carriage,1
night,1
entering,1
entirely,1
bout,1
believe,1
inclined,1
stay,1
ears,1
skeptical,1
true,1
however,1
passenger,1
palm,1
hoofs,1
extent,1
move,1
gray,1
light,1
courteously,1
tie,1
whom,1
ben,1
trunk,1
wave,1
off,1
author,1
exceedingly,1
often,1
speed,1
day,1
slowly,1
snell,1
keep,1
hell,1
caravan,1
up,1
marching,1
incredulity,1
resented,1
au,1
camp,1
seemed,1
told,1
yarn,1
x,1
classes,1
cry,1
ether,1
placed,1
emphasis,1
mph,1
ed,1
got,1
humor,1
fallen,1
graceful,1
another,1
zones,1
met,1
woman,1
sort,1
human,1
np,1
sportsman,1
indeed,1
place,1
climatic,1
deterred,1
heard,1
never,1
torrid,1
picked,1
arctic,1
presents,1
experienced,1
ahead,1
ever,1
worst,1
fast,1
except,1
my,1
tropics,1
demands,1
exacting,1
huge,1
alarmed,1
tusker,1
recognizing,1
offering,1
accepted,1
missing,1
changed,1
demeanor,1
creature,1
elephant,1
offer,1
saddled,1
condition,1
capacity,1
grass,1
resistance,1
pluck,1
intuition,1
feminine,1
trudged,1
she,1
along,1
fear,1
dead,1
her,1
load,1
stop,1
furious,1
mind,1
leo,1
races,1
sources,1
appreciable,1
without,1
giants,1
expended,1
thousand,1
hundred,1
name,1
two,1
annually,1
millions,1
six,1
miles,1
victoria,1
ct,1
odysseus,1
runs,1
hallway,1
received,1
well,1
qualified,1
merits,1
importance,1
possession,1
agriculture,1
pasturage,1
excellent,1
soil,1
equator,1
bisected,1
surprised,1
m,1
expending,1
properly,1
w,1
influence,1
destinies,1
world,1
opening,1
mean,1
national,1
tl,1
tn,1
virtue,1
europe,1
eat,1
administered,1
under,1
enormous,1
writer,1
advance,1
rapidly,1
feels,1
system,1
affair,1
hold,1
colonial,1
hopes,1
passes,1
countries,1
interest,1
sum,1
scanty,1
feet,1
over,1
field,1
offers,1
eye,1
mote,1
products,1
interests,1
corporate,1
dominated,1
delight,1
cousins,1
oversea,1
our,1
dress,1
leads,1
resign,1
grants,1
preface,1
incidentally,1
paints,1
lured,1
further,1
shows,1
even,1
paradise,1
makes,1
throughout,1
record,1
geographical,1
full,1
cancel,1
nays,1
open,1
times,1
contains,1
inasmuch,1
white,1
essentially,1
ruled,1
loyal,1
yet,1
quit,1
listen,1
land,1
p,1
untenable,1
le,1
ten,1
private,1
giant,1
work,1
same,1
written,1
rights,1
avowed,1
ere,1
relatively,1
rants,1
ailing,1
uniformity,1
wore,1
peons,1
borders,1
nile,1
enclaves,1
proposed,1
zionists,1
into,1
assent,1
uninhabited,1
el,1
impossible,1
generally,1
british,1
allah,1
while,1
plateau,1
ion,1
edward,1
london,1
k,1
pr,1
rica,1
make,1
late,1
domain,1
former,1
directed,1
animosities,1
endurance,1
feats,1
syndicate,1
expression,1
instincts,1
fighting,1
conner,1
locality,1
remote,1
people,1
namely,1
eastern,1
hone,1
reproduce,1
israelites,1
alien,1
body,1
them,1
midst,1
semite,1
anti,1
though,1
race,1
occupied,1
settlements,1
future,1
certain,1
practically,1
j,1
amended,1
fire,1
held,1
still,1
later,1
year,1
europeans,1
rush,1
then,1
recognized,1
intolerable,1
flt,1
congo,1
transvaal,1
territory,1
majesty,1
german,1
intermittently,1
commissioner,1
continued,1
high,1
seem,1
wrote,1
others,1
information,1
side,1
ante,1
years,1
ll,1
use,1
beginning,1
goods,1
tr,1
tanganyika,1
communication,1
regular,1
already,1
turkey,1
cf,1
supply,1
water,1
area,1
direct,1
come,1
india,1
asia,1
blood,1
brain,1
waste,1
profitable,1
nobler,1
seems,1
orb,1
hie,1
ty,1
local,1
lives,1
before,1
southern,1
exploration,1
humanized,1
civilized,1
wily,1
reason,1
ask,1
tropical,1
lying,1
low,1
spite,1
suited,1
less,1
territories,1
development,1
photographic,1
