term,count
the,226
of,117
and,83
to,68
that,58
in,54
was,52
he,47
a,41
it,39
his,27
not,24
from,22
by,21
as,21
for,20
had,20
were,18
with,17
creel,17
committee,15
is,15
which,14
one,12
at,12
news,12
be,12
but,11
work,11
all,11
spain,10
or,10
this,10
there,10
american,10
so,10
about,10
division,10
its,10
mr,10
such,9
into,9
their,8
i,8
says,8
journalese,8
s,8
could,8
on,8
only,8
than,7
if,7
made,7
organization,7
marion,7
picture,6
when,6
who,6
head,6
they,6
did,6
has,6
men,6
most,6
speakers,6
would,6
america,6
out,6
them,5
him,5
without,5
president,5
motion,5
war,5
german,5
more,5
been,5
every,5
country,5
after,5
four,5
tho,5
artists,4
speeches,4
story,4
u,4
great,4
better,4
business,4
posters,4
credit,4
defects,4
can,4
land,4
other,4
no,4
came,4
actually,4
spanish,4
we,4
an,4
feature,3
home,3
time,3
battle,3
t,3
through,3
even,3
small,3
papers,3
charged,3
purpose,3
decided,3
services,3
volunteer,3
co,3
idea,3
like,3
have,3
washington,3
against,3
countries,3
many,3
death,3
though,3
propaganda,3
press,3
over,3
manner,3
allied,3
sunk,3
found,3
educational,3
people,3
different,3
local,3
government,3
france,3
pictures,3
get,3
r,3
some,3
point,3
because,3
public,3
words,3
hut,3
are,3
himself,3
put,3
course,3
should,3
what,3
my,3
man,3
temperamental,3
photographs,2
situation,2
own,2
stood,2
each,2
n,2
serve,2
miles,2
barcelona,2
floor,2
results,2
name,2
ever,2
certain,2
thought,2
stands,2
you,2
false,2
branch,2
responsible,2
during,2
state,2
americans,2
brothers,2
way,2
too,2
before,2
foreign,2
face,2
except,2
lynchings,2
disasters,2
our,2
pay,2
sing,2
difficulties,2
book,2
really,2
received,2
house,2
women,2
does,2
names,2
d,2
records,2
justified,2
went,2
go,2
italy,2
printed,2
reading,2
got,2
oratory,2
short,2
wilson,2
schools,2
leading,2
am,2
voice,2
me,2
operation,2
charge,2
very,2
l,2
result,2
single,2
proposed,2
authorities,2
agency,2
called,2
fair,2
those,2
distinguished,2
succeeded,2
do,2
statement,2
city,2
attack,2
department,2
pamphlets,2
lectures,2
interesting,2
force,2
being,2
finally,2
carried,2
director,2
worked,2
national,2
upon,2
information,2
language,2
action,2
facts,2
yet,2
impossible,2
ame,2
may,2
weigh,2
art,2
admit,2
navy,2
o,2
transports,2
branches,2
putting,2
probably,2
clearly,2
ft,2
whose,2
fur,2
boat,2
publicity,2
speaking,2
hardly,2
under,2
begging,1
days,1
control,1
eat,1
mo,1
managed,1
spend,1
pictorial,1
vested,1
minutes,1
thorough,1
abated,1
large,1
highest,1
needed,1
ten,1
exact,1
anything,1
convince,1
gibson,1
degree,1
authority,1
dana,1
receive,1
exhibitor,1
privilege,1
sketches,1
fire,1
advertises,1
values,1
call,1
haphazard,1
rather,1
nothing,1
future,1
sax,1
rule,1
tin,1
pursued,1
proposition,1
wildly,1
angle,1
strike,1
ignored,1
delicate,1
heir,1
dangerous,1
won,1
enthusiasm,1
patience,1
turn,1
finest,1
loose,1
form,1
army,1
poster,1
biers,1
exhibition,1
sides,1
two,1
settled,1
nowise,1
formed,1
supervision,1
policy,1
states,1
thy,1
campaign,1
tart,1
return,1
distribute,1
compelled,1
denies,1
useless,1
film,1
subject,1
prepared,1
amount,1
producer,1
cf,1
published,1
distribution,1
manufacture,1
devoted,1
created,1
direct,1
itself,1
money,1
larger,1
rushed,1
voluntary,1
appointment,1
fences,1
systematic,1
matter,1
fencer,1
preventing,1
share,1
calls,1
scrutiny,1
chapters,1
furnishes,1
utterance,1
exhibitors,1
rental,1
sale,1
second,1
authorize,1
demand,1
create,1
value,1
establish,1
order,1
kind,1
stringently,1
cities,1
huge,1
qualify,1
held,1
whether,1
searching,1
truth,1
finds,1
first,1
crossed,1
atlantic,1
sunken,1
suspense,1
disaster,1
correct,1
relief,1
everybody,1
momentarily,1
oft,1
elated,1
formal,1
talked,1
statements,1
asses,1
editorial,1
solemn,1
vivid,1
republican,1
leader,1
beth,1
republicans,1
democrat,1
popular,1
m,1
thinks,1
author,1
b,1
july,1
fake,1
ly,1
defends,1
usual,1
heat,1
disregarding,1
tact,1
hysterical,1
regular,1
misfortune,1
sort,1
worst,1
la,1
phraseology,1
led,1
describe,1
lead,1
intend,1
happy,1
joy,1
difference,1
between,1
word,1
alsace,1
rust,1
gold,1
harper,1
old,1
come,1
proofs,1
array,1
deceive,1
leap,1
conclusion,1
major,1
submarines,1
defended,1
proof,1
marshals,1
prove,1
torpedoes,1
launched,1
squadron,1
responded,1
heavy,1
gunfire,1
lt,1
any,1
intent,1
hostile,1
appropriations,1
grilling,1
sources,1
otter,1
clearing,1
campaigns,1
largely,1
gradually,1
assume,1
tours,1
desire,1
fife,1
pride,1
applications,1
engagements,1
ultimately,1
working,1
mis,1
touring,1
ts,1
auspices,1
throughout,1
bureaus,1
combine,1
attempt,1
meetings,1
streaking,1
another,1
example,1
early,1
limit,1
ordinated,1
lair,1
flood,1
dammed,1
directed,1
nominated,1
arthur,1
chautauqua,1
institution,1
proper,1
approved,1
lilt,1
crammed,1
details,1
include,1
mist,1
gave,1
resigned,1
lucrative,1
anonymously,1
fine,1
record,1
patriotism,1
blindly,1
bigoted,1
withhold,1
withheld,1
george,1
storms,1
broke,1
both,1
congress,1
scone,1
lenders,1
immensity,1
list,1
variety,1
innumerable,1
glance,1
tarnish,1
individual,1
themes,1
others,1
visioned,1
trust,1
lands,1
doing,1
intensive,1
here,1
leaders,1
casually,1
undertakes,1
give,1
practice,1
minute,1
confines,1
informed,1
paper,1
nov,1
comes,1
halifax,1
new,1
north,1
fleet,1
bout,1
island,1
entrance,1
channel,1
part,1
umber,1
eleven,1
thousand,1
al,1
waves,1
stem,1
quotes,1
tic,1
overlook,1
admission,1
sold,1
governor,1
whitman,1
door,1
selling,1
likely,1
advantages,1
supplying,1
surprising,1
learn,1
corn,1
frank,1
j,1
con,1
germans,1
soldiers,1
crew,1
saved,1
pass,1
pictured,1
agriculture,1
industry,1
tern,1
hot,1
aggressive,1
patting,1
everything,1
emphasized,1
expanded,1
colleges,1
ended,1
giving,1
open,1
air,1
shows,1
films,1
pored,1
merely,1
ry,1
instance,1
look,1
sections,1
overcame,1
cited,1
company,1
figures,1
indeed,1
show,1
toss,1
choose,1
far,1
neither,1
whatever,1
nor,1
permitted,1
tickets,1
consciously,1
ran,1
south,1
praise,1
compared,1
possible,1
today,1
thrill,1
sheer,1
wonder,1
achievement,1
gives,1
feel,1
disrespectful,1
toward,1
woman,1
extend,1
describes,1
gospel,1
corner,1
disinterested,1
pardon,1
bring,1
carry,1
written,1
knows,1
direst,1
bullet,1
rush,1
writes,1
len,1
shrapnel,1
shout,1
tells,1
commanded,1
infinitesimal,1
ix,1
operating,1
communities,1
total,1
globe,1
accomplished,1
eagerness,1
writing,1
known,1
overcome,1
tide,1
achievements,1
doubtful,1
graphical,1
understood,1
evidence,1
neutral,1
combat,1
years,1
mission,1
little,1
ad,1
scandals,1
tacit,1
make,1
bad,1
conceivable,1
along,1
device,1
moving,1
generous,1
temperament,1
signs,1
peculiar,1
e,1
alone,1
advertising,1
end,1
composed,1
c,1
members,1
hen,1
cut,1
up,1
audiences,1
high,1
quickly,1
arts,1
prussian,1
reader,1
beat,1
answer,1
illustrated,1
store,1
windows,1
manly,1
front,1
spaniard,1
judge,1
activities,1
directly,1
attention,1
ordinary,1
citizen,1
advertised,1
showing,1
plaster,1
easy,1
sol,1
assistants,1
noticed,1
scurrilous,1
widely,1
circulated,1
purported,1
typical,1
diets,1
almost,1
armies,1
case,1
type,1
brutal,1
degenerate,1
mind,1
conceive,1
convincing,1
ne,1
tell,1
catapulted,1
plan,1
presented,1
making,1
tried,1
scheme,1
success,1
venture,1
train,1
confessed,1
hon,1
good,1
driven,1
breaking,1
compensations,1
forces,1
think,1
chicago,1
donald,1
bow,1
lighting,1
persuasive,1
influential,1
cants,1
begins,1
hours,1
still,1
library,1
breath,1
lapel,1
handsome,1
rosy,1
ed,1
youth,1
burst,1
crowd,1
caught,1
rice,1
page,1
garrisons,1
unspoken,1
principal,1
thoroughfare,1
declaration,1
independence,1
addresses,1
used,1
temper,1
classes,1
began,1
tn,1
judged,1
concerned,1
entirely,1
epidemics,1
england,1
sent,1
embassies,1
changed,1
nilson,1
citizenship,1
hit,1
asked,1
see,1
chuckle,1
feeling,1
going,1
same,1
hat,1
spaniards,1
rights,1
appointed,1
commissioner,1
mn,1
position,1
where,1
spoke,1
extended,1
neutralized,1
efficient,1
rightly,1
organized,1
view,1
newspapermen,1
disregard,1
furnish,1
provincial,1
telegraph,1
tolls,1
lag,1
real,1
system,1
satisfaction,1
seeing,1
entire,1
silted,1
combined,1
broadened,1
newspaper,1
de,1
advertisements,1
paying,1
newspapers,1
subsidized,1
germany,1
french,1
told,1
seems,1
space,1
heavily,1
defiance,1
looked,1
association,1
incorporate,1
cable,1
flimsy,1
soon,1
hearty,1
tower,1
