term,count
the,107
of,78
and,47
to,45
a,29
in,24
is,24
their,20
by,20
i,14
an,13
for,12
literature,12
it,12
as,11
than,11
authors,9
with,9
that,9
are,9
which,9
they,9
its,8
but,8
have,8
past,7
work,7
be,7
rather,7
more,7
from,6
this,6
important,5
some,5
l,5
not,5
less,5
no,5
his,5
writers,5
american,5
has,4
discussion,4
subject,4
matter,4
s,4
can,4
general,4
account,4
been,4
fiction,4
since,4
historian,4
them,4
life,3
writer,3
minimum,3
art,3
seem,3
works,3
upon,3
van,3
years,3
five,3
thirty,3
critic,3
british,3
these,3
on,3
greater,3
part,3
new,3
or,3
progress,3
picture,3
environment,2
didactic,2
presumably,2
introduction,2
ade,2
tarkington,2
principle,2
immediate,2
selection,2
unfamiliar,2
who,2
studied,2
re,2
necessity,2
individual,2
th,2
transition,2
probably,2
suggest,2
moral,2
historical,2
coherent,2
point,2
employ,2
view,2
production,2
possible,2
total,2
ion,2
x,2
what,2
current,2
contemporary,2
c,2
between,2
sinclair,2
preoccupied,2
those,2
however,2
o,2
under,2
whose,2
chapter,2
t,2
all,2
significant,2
directed,2
reader,2
many,2
at,2
may,2
exposition,2
influence,2
exclusions,2
every,2
book,2
prose,2
readers,2
given,2
reduce,2
last,2
so,2
modern,2
already,2
most,2
careers,2
irish,2
intrinsic,1
whatever,1
consequence,1
books,1
toward,1
lawrence,1
u,1
value,1
possibly,1
exercises,1
compulsion,1
practiced,1
satisfaction,1
huxley,1
sense,1
sub,1
conceive,1
richardson,1
dorothy,1
mention,1
conviction,1
realism,1
two,1
bare,1
appraisal,1
active,1
ce,1
engaged,1
giving,1
realists,1
writing,1
her,1
though,1
content,1
cather,1
edith,1
technique,1
ulysses,1
dreiser,1
garland,1
represents,1
devoted,1
receives,1
fish,1
fie,1
similar,1
instance,1
currently,1
paragraph,1
single,1
dismissed,1
myers,1
virginia,1
regarded,1
inaccurately,1
prevent,1
katherine,1
mansfield,1
instances,1
commonly,1
lewis,1
except,1
remarkable,1
totally,1
lacking,1
james,1
anderson,1
sherwood,1
literary,1
ger,1
principally,1
adaptability,1
few,1
discussions,1
brief,1
necessarily,1
admirable,1
simplicity,1
clarity,1
distinguished,1
lo,1
uses,1
moralistic,1
instead,1
same,1
discovery,1
exposure,1
predecessors,1
distinguishes,1
medium,1
experimenting,1
candidly,1
somewhat,1
ar,1
vehicle,1
form,1
narrative,1
regard,1
effectiveness,1
subtlety,1
author,1
adequate,1
comprehensive,1
summary,1
notable,1
performs,1
eminent,1
collection,1
mediation,1
sympathetic,1
intelligent,1
does,1
providing,1
achievements,1
determine,1
process,1
explain,1
world,1
experience,1
clarify,1
functioned,1
recent,1
taking,1
development,1
historically,1
define,1
absolutely,1
although,1
summaries,1
ether,1
contribution,1
possessing,1
methods,1
naturalism,1
come,1
d,1
apparently,1
younger,1
best,1
youthful,1
turns,1
one,1
when,1
decisive,1
old,1
reformatory,1
purposefully,1
n,1
indulgence,1
frustration,1
heterodoxy,1
sin,1
dullness,1
puritanism,1
expression,1
discern,1
resentment,1
disapproval,1
evoke,1
our,1
phases,1
indictment,1
elders,1
directly,1
literal,1
observation,1
discarded,1
beauty,1
penetrated,1
often,1
scene,1
mer,1
aspects,1
familial,1
affirmative,1
artist,1
substitute,1
tend,1
hostility,1
unconscious,1
moralist,1
experiences,1
rationalization,1
extension,1
much,1
surrounds,1
inadequacies,1
elder,1
nor,1
neither,1
ho,1
apt,1
purposes,1
h,1
rigorous,1
maugham,1
factor,1
m,1
while,1
even,1
ge,1
accurate,1
quite,1
ill,1
rd,1
still,1
raider,1
remark,1
slithers,1
realized,1
mat,1
extrinsic,1
ni,1
dot,1
bo,1
least,1
diffuse,1
inherently,1
organization,1
ambitious,1
difficulty,1
scheme,1
activity,1
inn,1
character,1
becomes,1
oil,1
sit,1
perception,1
makes,1
material,1
nature,1
static,1
unity,1
integral,1
accuracy,1
approximate,1
play,1
dis,1
epoch,1
dealing,1
cf,1
fr,1
inductive,1
history,1
pictorial,1
shrewdly,1
program,1
significance,1
matters,1
itself,1
america,1
produced,1
survey,1
embodies,1
manual,1
well,1
needs,1
schools,1
use,1
primarily,1
intended,1
morris,1
lloyd,1
company,1
century,1
york,1
pp,1
mark,1
carl,1
essential,1
period,1
english,1
brothers,1
england,1
ireland,1
during,1
study,1
confining,1
titles,1
burden,1
elaborate,1
carrying,1
only,1
die,1
ha,1
claim,1
far,1
specialized,1
essentially,1
basis,1
serve,1
technical,1
non,1
simple,1
provide,1
precision,1
defined,1
purpose,1
proficient,1
concerned,1
fluent,1
set,1
long,1
likely,1
such,1
moment,1
any,1
bulk,1
outputs,1
length,1
achieved,1
he,1
must,1
preference,1
urgent,1
conceived,1
exclusion,1
reputations,1
where,1
determination,1
involved,1
traced,1
too,1
dissimilarities,1
lies,1
vital,1
virtue,1
survivors,1
diverse,1
future,1
galsworthy,1
wells,1
conrad,1
kipling,1
barrio,1
selected,1
illustrate,1
immediately,1
profoundly,1
standpoint,1
creative,1
omit,1
present,1
expense,1
emphasize,1
inclusions,1
operates,1
review,1
hook,1
tradition,1
veil,1
innovations,1
absorbed,1
knows,1
fielding,1
thackeray,1
analogies,1
chosen,1
carefully,1
means,1
functions,1
simultaneously,1
attempted,1
inference,1
mere,1
beyond,1
proceed,1
never,1
unified,1
produce,1
dissociated,1
give,1
affair,1
freedom,1
greatest,1
restriction,1
stances,1
z,1
consideration,1
restricted,1
number,1
ult,1
v,1
arts,1
mutation,1
progresses,1
continuity,1
interest,1
e,1
fact,1
due,1
importance,1
consequences,1
promise,1
various,1
volume,1
developments,1
specifically,1
oder,1
successful,1
persuasive,1
admirably,1
whole,1
critical,1
q,1
values,1
service,1
