term,count
the,136
of,99
and,62
a,46
to,40
in,36
fans,29
that,28
fan,27
he,20
or,19
with,18
was,17
were,17
by,17
their,14
are,13
for,13
which,12
they,12
there,12
century,11
eighteenth,9
on,9
is,9
but,9
many,9
painted,8
it,8
at,8
other,8
his,8
one,8
painting,7
from,7
as,7
printed,6
scenes,6
among,6
painters,6
france,6
be,6
them,6
its,5
events,5
those,5
so,5
others,5
book,5
some,5
who,5
had,5
himself,5
thinks,4
end,4
famous,4
time,4
only,4
all,4
very,4
upon,4
an,4
seventeenth,4
while,4
about,4
england,4
subject,4
makers,4
history,4
well,4
another,3
several,3
showing,3
two,3
decorations,3
eyes,3
author,3
s,3
middle,3
this,3
when,3
even,3
her,3
figure,3
used,3
not,3
could,3
i,3
have,3
also,3
age,3
known,3
any,3
up,3
golden,3
declares,3
little,3
much,3
has,3
leaves,3
italy,3
few,3
spanish,3
craft,3
small,3
making,3
appeared,3
then,3
ones,2
mentions,2
over,2
appear,2
often,2
design,2
great,2
representing,2
copying,2
these,2
will,2
way,2
large,2
taking,2
after,2
popular,2
really,2
woman,2
applied,2
high,2
present,2
illustrations,2
although,2
days,2
achievements,2
fashion,2
chapter,2
balloonists,2
tan,2
exploits,2
italian,2
part,2
latter,2
showed,2
vogue,2
usually,2
said,2
french,2
sidelights,2
took,2
sometimes,2
get,2
ornamentation,2
percival,2
artist,2
possible,2
louis,2
out,2
says,2
themselves,2
number,2
worked,2
successful,2
group,2
date,2
interest,2
because,2
nations,2
pictures,2
story,2
designers,2
readers,2
during,2
almost,2
both,2
favorite,2
been,2
parts,2
first,2
period,2
mr,2
portion,2
learned,2
rather,2
work,2
vehicle,2
calls,2
what,2
dainty,2
back,2
folding,2
ail,2
whose,1
glossary,1
terms,1
piece,1
paper,1
biographical,1
music,1
verses,1
sc,1
thirty,1
satisfaction,1
lure,1
bibliography,1
c,1
song,1
add,1
extremely,1
napoleon,1
saints,1
greatly,1
valve,1
pasted,1
feature,1
red,1
makes,1
lacked,1
printers,1
enough,1
brave,1
devotion,1
tomb,1
unchanged,1
show,1
thousand,1
being,1
sleeping,1
royalists,1
including,1
unique,1
revolution,1
dreaming,1
fay,1
incidents,1
guileful,1
single,1
cases,1
arc,1
nearly,1
forty,1
exquisitely,1
beside,1
trivial,1
e,1
cheap,1
king,1
may,1
warrior,1
resting,1
interesting,1
exceedingly,1
pounds,1
cost,1
fifty,1
rank,1
drinking,1
cup,1
color,1
devonshire,1
duchess,1
bespoke,1
etched,1
chronicler,1
j,1
west,1
angelica,1
specimens,1
chicken,1
skin,1
richly,1
fully,1
described,1
manner,1
dealt,1
enlarged,1
looked,1
theatrical,1
free,1
political,1
social,1
our,1
points,1
handling,1
throw,1
study,1
repay,1
fast,1
far,1
pound,1
artistry,1
employed,1
treasures,1
central,1
sum,1
sticks,1
whet,1
name,1
surely,1
amuse,1
scandalized,1
concealing,1
fancy,1
think,1
gave,1
veritable,1
joshua,1
might,1
play,1
craze,1
situations,1
naughty,1
using,1
devoted,1
shading,1
wheels,1
merely,1
she,1
ways,1
hook,1
watch,1
keep,1
lady,1
my,1
enabled,1
concealed,1
hold,1
gaze,1
puzzle,1
mystery,1
collectors,1
valued,1
cabriolet,1
bought,1
height,1
cheaper,1
curious,1
guests,1
bride,1
dozen,1
wheeled,1
horse,1
exquisite,1
costly,1
souvenir,1
crop,1
brought,1
royal,1
wedding,1
mourning,1
church,1
opened,1
firm,1
according,1
different,1
chapters,1
peepholes,1
do,1
heaven,1
went,1
seats,1
shops,1
night,1
feast,1
boxes,1
o,1
recorded,1
exclaimed,1
sea,1
land,1
l,1
victories,1
bad,1
commemorated,1
royalty,1
affairs,1
concerned,1
publisher,1
scarce,1
issue,1
bear,1
shall,1
english,1
light,1
against,1
fashioning,1
love,1
workmen,1
opera,1
various,1
modern,1
bizarre,1
civilization,1
instrument,1
useful,1
types,1
evolved,1
kinds,1
country,1
whole,1
map,1
synopsis,1
subjects,1
bore,1
telling,1
fortune,1
connected,1
games,1
we,1
whist,1
rules,1
read,1
directions,1
f,1
reynolds,1
undoubtedly,1
sir,1
composition,1
seldom,1
signatures,1
wholly,1
surprising,1
originality,1
pronounced,1
merit,1
artistic,1
degree,1
possesses,1
across,1
come,1
rarest,1
considerable,1
ridicule,1
taste,1
skill,1
done,1
master,1
real,1
no,1
produced,1
somewhat,1
marvels,1
decorative,1
easel,1
than,1
tapestry,1
genuine,1
writers,1
artists,1
depicting,1
pomp,1
greatest,1
nothing,1
doing,1
depicted,1
persons,1
attired,1
ordinary,1
entertained,1
court,1
gallants,1
ladies,1
amusements,1
charming,1
fiction,1
variety,1
harmonious,1
into,1
findings,1
ills,1
industriously,1
fragonard,1
background,1
above,1
properties,1
celebrity,1
watteau,1
fond,1
manuscript,1
earlier,1
new,1
n,1
collector,1
experienced,1
pleasure,1
move,1
can,1
consequence,1
human,1
say,1
versed,1
stokes,1
d,1
frederick,1
york,1
per,1
ousted,1
theme,1
interested,1
course,1
provided,1
delight,1
stars,1
conjunction,1
happier,1
man,1
things,1
lovely,1
written,1
handsome,1
ages,1
here,1
confines,1
centuries,1
quickly,1
shaped,1
screen,1
previous,1
appears,1
decoration,1
sole,1
saying,1
takes,1
years,1
hundred,1
europe,1
varieties,1
characteristics,1
development,1
chiefly,1
concerns,1
speak,1
occasionally,1
aside,1
turns,1
sixteenth,1
info,1
now,1
glances,1
true,1
spain,1
circumstance,1
formed,1
frequent,1
xiv,1
apprentices,1
diligently,1
benefit,1
tb,1
proved,1
exile,1
caused,1
injury,1
case,1
rate,1
nantes,1
edict,1
revocation,1
driven,1
especially,1
artisans,1
thousands,1
doubtless,1
settled,1
industry,1
romance,1
pleasing,1
make,1
immediately,1
growth,1
birth,1
before,1
made,1
taught,1
trade,1
people,1
soon,1
such,1
designs,1
leather,1
later,1
named,1
head,1
b,1
turn,1
caprices,1
ogle,1
though,1
genteel,1
find,1
prettiest,1
nd,1
fashioned,1
newest,1
six,1
florence,1
friend,1
sending,1
letters,1
walpole,1
guilds,1
london,1
thriving,1
company,1
characteristic,1
bullring,1
contemporary,1
pans,1
passed,1
beautifully,1
lead,1
scenery,1
buildings,1
depict,1
paintings,1
copies,1
ornamented,1
provenance,1
art,1
led,1
early,1
best,1
tans,1
balloons,1
lion,1
thus,1
ear,1
year,1
varied,1
foibles,1
freaks,1
trace,1
important,1
fact,1
attention,1
pictured,1
prom,1
set,1
ells,1
madrid,1
queen,1
painter,1
appointed,1
openly,1
afterward,1
ruse,1
within,1
prices,1
sold,1
paris,1
consignment,1
received,1
announced,1
ready,1
until,1
house,1
shut,1
winter,1
needs,1
too,1
rewards,1
financial,1
found,1
cabinet,1
g,1
artistically,1
toward,1
deb,1
