term,count
the,106
of,57
is,33
and,31
a,29
in,27
to,26
it,23
there,18
as,18
that,15
for,13
on,12
are,12
be,11
tile,11
not,11
or,10
he,10
much,9
no,9
have,9
house,8
from,8
with,8
air,8
has,7
than,7
we,7
his,6
but,6
rat,6
prof,6
all,5
man,5
been,5
many,5
may,5
was,5
at,5
animal,5
can,5
will,5
bird,5
would,4
by,4
now,4
own,4
chalk,4
one,4
singing,4
some,4
this,4
their,4
do,4
more,4
about,4
so,4
human,4
rats,4
which,4
our,3
even,3
were,3
hills,3
nature,3
very,3
side,3
why,3
keep,3
song,3
studies,3
o,3
insects,3
these,3
mice,3
paper,3
birds,3
seems,3
cat,3
time,3
first,3
into,3
an,3
if,3
true,3
trees,3
concerning,3
blood,2
proportion,2
abode,2
receptacles,2
never,2
fly,2
far,2
strength,2
both,2
well,2
bookworm,2
joined,2
put,2
her,2
themselves,2
how,2
does,2
seem,2
laid,2
take,2
old,2
come,2
dover,2
must,2
n,2
plants,2
you,2
england,2
came,2
here,2
yet,2
when,2
number,2
other,2
habit,2
manage,2
any,2
field,2
writes,2
plant,2
built,2
its,2
early,2
because,2
still,2
breathe,2
garden,2
s,2
your,2
sea,2
also,2
had,2
study,2
reason,2
apparently,2
what,2
skylark,2
learn,2
they,2
such,2
c,1
things,1
rt,1
attack,1
teeth,1
cockroach,1
hooks,1
way,1
hand,1
face,1
spider,1
know,1
straight,1
line,1
having,1
through,1
instance,1
ca,1
books,1
furniture,1
barnacle,1
bore,1
folio,1
volumes,1
glowworm,1
interest,1
hookworms,1
son,1
gar,1
lo,1
speed,1
tho,1
men,1
tunes,1
use,1
cone,1
exhales,1
inhales,1
sings,1
subjects,1
conceived,1
utmost,1
among,1
mangles,1
lark,1
sis,1
poisoning,1
temporary,1
hence,1
acid,1
carbonic,1
oversupply,1
changes,1
arc,1
sack,1
ll,1
bi,1
x,1
pp,1
z,1
cloth,1
lam,1
scales,1
th,1
tc,1
insatiable,1
thus,1
musical,1
foliage,1
like,1
act,1
great,1
too,1
body,1
within,1
various,1
es,1
lungs,1
contain,1
devourer,1
astronomy,1
less,1
work,1
expressly,1
horse,1
build,1
everything,1
increases,1
falls,1
muscular,1
elephant,1
ago,1
powerful,1
possible,1
really,1
size,1
fable,1
discards,1
almost,1
entirely,1
author,1
new,1
seeking,1
purpose,1
itself,1
few,1
fashioned,1
most,1
should,1
minute,1
geology,1
compare,1
coming,1
lower,1
found,1
curious,1
bottom,1
down,1
materials,1
composed,1
age,1
agree,1
scientists,1
progenitor,1
formation,1
disputes,1
bitter,1
race,1
born,1
only,1
treats,1
kind,1
entertaining,1
certain,1
entered,1
calais,1
rue,1
part,1
ea,1
chief,1
pass,1
rags,1
nice,1
channel,1
make,1
made,1
longer,1
substance,1
bleaching,1
chlorine,1
just,1
shallow,1
relish,1
former,1
trench,1
separates,1
past,1
titan,1
today,1
dreaded,1
north,1
lives,1
succession,1
cliffs,1
reared,1
generations,1
britain,1
continent,1
malay,1
lr,1
safer,1
evidently,1
straits,1
selects,1
chemical,1
lay,1
opportunity,1
fretting,1
better,1
wings,1
takes,1
inset,1
stage,1
growing,1
feeding,1
grubs,1
larvae,1
owing,1
plowman,1
furnished,1
dust,1
sun,1
light,1
wants,1
die,1
sicken,1
room,1
dark,1
place,1
green,1
healthy,1
open,1
living,1
rest,1
consumption,1
recovery,1
chances,1
learned,1
used,1
dread,1
fresh,1
afraid,1
grandparents,1
times,1
charged,1
see,1
worse,1
motes,1
established,1
fully,1
thief,1
appearance,1
accord,1
fie,1
dog,1
beings,1
inmates,1
amusing,1
introduces,1
desired,1
progress,1
hygienic,1
clear,1
day,1
sunlight,1
certainly,1
crank,1
freak,1
revolving,1
idea,1
dancing,1
perhaps,1
wood,1
servant,1
two,1
solving,1
close,1
pupils,1
rather,1
teachers,1
instruct,1
view,1
object,1
attention,1
strikes,1
moment,1
whatever,1
consecutive,1
tempt,1
history,1
natural,1
short,1
presents,1
naturalist,1
known,1
leeds,1
university,1
essays,1
secrets,1
ways,1
decaying,1
observation,1
gas,1
coal,1
consumed,1
half,1
smoking,1
tobacco,1
cooking,1
breath,1
arising,1
odors,1
pure,1
endure,1
habits,1
ordinary,1
peculiar,1
life,1
indoor,1
declares,1
plenty,1
afield,1
go,1
necessary,1
experiment,1
himself,1
comrade,1
oxygen,1
heard,1
familiar,1
readers,1
southern,1
specimen,1
zoological,1
curator,1
e,1
oblige,1
catch,1
enough,1
fortunate,1
brown,1
modern,1
russians,1
indebted,1
seemingly,1
piers,1
macbeth,1
witches,1
fatten,1
black,1
language,1
european,1
mocking,1
continuous,1
ancient,1
ever,1
demand,1
greater,1
heart,1
action,1
quickened,1
hardly,1
inspirations,1
quickens,1
exercise,1
active,1
gives,1
wind,1
shouting,1
run,1
keeps,1
flight,1
full,1
marvelous,1
vocalism,1
poets,1
lauded,1
justly,1
up,1
name,1
maid,1
domestic,1
exceptions,1
loss,1
stupefied,1
captives,1
caged,1
wild,1
instincts,1
she,1
food,1
procure,1
power,1
silo,1
mistress,1
master,1
cares,1
cats,1
trust,1
free,1
consorted,1
quite,1
thing,1
another,1
footing,1
same,1
liberty,1
robber,1
century,1
dim,1
twelfth,1
late,1
china,1
india,1
think,1
naturalists,1
introduced,1
relation,1
commercial,1
wider,1
building,1
elaborate,1
barns,1
might,1
chance,1
ground,1
floor,1
storied,1
him,1
creatures,1
aggressive,1
none,1
paint,1
treated,1
