term,count
the,33
of,19
a,17
and,14
to,13
he,9
in,7
country,5
with,5
be,5
all,5
had,4
his,4
so,4
him,4
upon,4
as,4
one,4
not,4
s,4
negro,4
breast,3
but,3
that,3
has,3
an,3
dr,3
is,3
its,2
great,2
out,2
can,2
which,2
many,2
for,2
la,2
man,2
them,2
at,2
make,2
wins,2
whole,2
de,2
becomes,2
himself,2
more,2
another,2
woman,2
it,2
i,2
l,2
no,2
although,2
small,2
down,2
blood,2
life,2
from,2
character,1
ability,1
tragic,1
reached,1
canada,1
neighbors,1
figure,1
community,1
middle,1
nor,1
ace,1
far,1
reader,1
on,1
gentleman,1
returning,1
enterprise,1
sympathies,1
have,1
represented,1
won,1
success,1
wild,1
setting,1
even,1
convincing,1
plot,1
cleat,1
thought,1
dy,1
having,1
states,1
prevent,1
blind,1
ethical,1
considerations,1
indeed,1
story,1
reads,1
much,1
if,1
air,1
beater,1
meant,1
warning,1
progress,1
written,1
realistic,1
style,1
classes,1
several,1
reflects,1
detail,1
among,1
almost,1
time,1
same,1
fate,1
educated,1
inhabitants,1
accuracy,1
knowledge,1
certain,1
widely,1
known,1
virginia,1
characteristics,1
part,1
made,1
doubtless,1
author,1
intended,1
repellent,1
hero,1
endowed,1
attractive,1
impressive,1
appearance,1
greater,1
bat,1
calls,1
tale,1
attempts,1
aggregate,1
under,1
jim,1
crow,1
hits,1
back,1
by,1
calling,1
law,1
makes,1
legally,1
white,1
because,1
ratio,1
nero,1
veins,1
feud,1
between,1
south,1
when,1
owner,1
planters,1
closely,1
printed,1
pages,1
eon,1
fantastic,1
uncanny,1
mulatto,1
prominent,1
born,1
der,1
slavery,1
run,1
away,1
north,1
mother,1
also,1
been,1
daughter,1
whites,1
only,1
bitter,1
els,1
disaster,1
after,1
own,1
n,1
tragedy,1
follows,1
wherever,1
sets,1
tool,1
nothing,1
end,1
plans,1
hopes,1
go,1
m,1
game,1
looms,1
large,1
denied,1
powerful,1
win,1
vast,1
acts,1
forth,1
tour,1
over,1
notoriety,1
o,1
president,1
works,1
proportions,1
combination,1
league,1
black,1
head,1
shall,1
unite,1
population,1
du,1
e,1
dramatic,1
