term,count
the,30
of,19
and,16
to,16
in,12
which,9
a,8
that,7
from,7
russia,5
they,4
under,4
w,4
america,4
for,3
face,3
is,3
are,3
opportunities,3
have,3
russian,3
it,3
not,3
other,2
such,2
americans,2
there,2
conditions,2
one,2
la,2
was,2
sad,2
an,2
new,2
up,2
these,2
place,2
will,2
l,2
private,2
do,2
power,1
stem,1
declares,1
mfr,1
duty,1
into,1
control,1
bands,1
management,1
industry,1
back,1
say,1
gates,1
return,1
factories,1
n,1
obstacles,1
very,1
start,1
fie,1
porkers,1
had,1
affairs,1
absolutely,1
sure,1
their,1
hands,1
never,1
quietly,1
old,1
forbid,1
cm,1
them,1
submit,1
policy,1
unpopularity,1
length,1
better,1
improved,1
farming,1
al,1
open,1
doors,1
needed,1
anthers,1
at,1
flue,1
payments,1
general,1
title,1
enduring,1
needs,1
value,1
special,1
interest,1
he,1
rating,1
loans,1
guarantee,1
hate,1
no,1
ix,1
sort,1
re,1
salts,1
temporarily,1
negative,1
instead,1
positive,1
valuable,1
as,1
would,1
among,1
some,1
russians,1
great,1
france,1
we,1
only,1
see,1
created,1
service,1
been,1
perform,1
important,1
social,1
live,1
those,1
who,1
travel,1
visit,1
essay,1
try,1
with,1
intensely,1
fascinating,1
life,1
phase,1
evolution,1
full,1
significance,1
all,1
nations,1
author,1
improvement,1
masses,1
intelligence,1
opening,1
by,1
spews,1
york,1
brothers,1
mil,1
aces,1
awaken,1
be,1
period,1
development,1
absorb,1
main,1
energies,1
coming,1
quarter,1
century,1
trade,1
assist,1
asserts,1
when,1
began,1
tales,1
lies,1
suffer,1
our,1
impressions,1
having,1
heretofore,1
mixture,1
compounded,1
political,1
good,1
imperial,1
ballet,1
first,1
while,1
energetic,1
intelligent,1
enterprise,1
may,1
relations,1
endangering,1
stagger,1
expect,1
stumble,1
burden,1
reorganization,1
groaned,1
her,1
fatting,1
things,1
reasonable,1
e,1
terror,1
despair,1
aches,1
pussies,1
tell,1
prey,1
cc,1
threat,1
red,1
or,1
