term,count
her,12
and,10
the,9
of,9
to,9
cathy,8
s,7
an,7
with,6
a,6
was,6
had,5
very,4
which,4
as,4
in,3
she,3
but,3
at,2
aunt,2
lived,2
janet,2
him,2
them,2
best,2
love,2
led,2
barlow,2
who,2
friends,2
one,2
fell,2
nearly,2
george,2
author,2
that,2
all,2
have,2
la,1
husband,1
began,1
while,1
otter,1
when,1
deeply,1
successful,1
friend,1
marrieds,1
time,1
firs,1
politician,1
ambitious,1
rickard,1
calls,1
blurb,1
publisher,1
jack,1
marry,1
decided,1
scarred,1
left,1
so,1
annoyed,1
comfortable,1
not,1
h,1
flat,1
worry,1
then,1
rescue,1
ill,1
came,1
he,1
last,1
t,1
troubles,1
addict,1
drug,1
es,1
devoted,1
course,1
wag,1
there,1
about,1
little,1
troubled,1
seem,1
y,1
though,1
nice,1
really,1
asylum,1
insane,1
up,1
locked,1
get,1
larkspur,1
moults,1
contrived,1
went,1
mistress,1
heirloom,1
emerald,1
diamond,1
hesitation,1
instant,1
without,1
away,1
give,1
it,1
ir,1
impulsive,1
also,1
positions,1
social,1
attractive,1
young,1
money,1
plenty,1
man,1
quantities,1
or,1
fond,1
r,1
dead,1
both,1
were,1
parents,1
ah,1
whom,1
men,1
brooch,1
lent,1
met,1
this,1
patriotism,1
sue,1
sense,1
common,1
devoid,1
being,1
war,1
during,1
sentence,1
prison,1
served,1
word,1
pacifist,1
leaders,1
whose,1
by,1
group,1
bolshevistic,1
for,1
associated,1
become,1
presently,1
admirable,1
highly,1
regard,1
seems,1
people,1
other,1
generosity,1
chin,1
