term,count
of,95
the,92
and,53
to,42
in,42
his,38
a,35
he,27
is,25
it,24
that,21
was,18
s,17
with,15
benson,15
not,15
at,15
but,13
one,13
life,12
robert,12
which,11
novels,11
or,11
be,11
hugh,11
for,9
this,8
i,8
an,7
furiously,7
on,7
its,7
has,7
have,7
interested,6
when,6
made,6
o,6
him,6
work,6
by,6
most,5
who,5
t,5
only,5
their,5
every,5
interesting,5
some,5
been,5
course,5
novel,5
were,5
there,4
doing,4
so,4
u,4
e,4
many,4
y,4
perhaps,4
as,4
monsignor,4
died,4
c,4
we,4
into,4
interest,4
if,3
world,3
dealing,3
from,3
letters,3
like,3
well,3
other,3
day,3
such,3
how,3
h,3
our,3
able,3
j,3
all,3
p,3
those,3
family,3
more,3
b,3
now,3
us,3
reader,3
emotion,3
find,3
do,3
may,3
fear,3
archbishop,3
would,3
even,3
writer,3
thing,3
readers,3
son,3
written,3
any,3
author,3
yet,3
out,3
these,3
christopher,3
priest,3
death,2
will,2
compelling,2
preaching,2
chief,2
r,2
york,2
numerous,2
put,2
communion,2
midst,2
under,2
found,2
are,2
new,2
nor,2
america,2
two,2
terror,2
religious,2
tn,2
great,2
present,2
come,2
over,2
seems,2
sort,2
court,2
already,2
electric,2
f,2
rest,2
ordained,2
own,2
place,2
catholic,2
accomplished,2
enough,2
while,2
write,2
went,2
en,2
ever,2
war,2
d,2
gives,2
about,2
visit,2
wrote,2
much,2
ts,2
tho,2
through,2
biography,2
volumes,2
you,2
thus,2
creative,2
deliver,2
arthur,2
ha,2
time,2
mind,2
visiting,2
said,2
because,2
actions,2
also,2
had,2
ted,2
take,2
father,2
writing,2
style,2
among,2
must,2
years,2
conditions,2
actually,2
locomotive,1
caboose,1
ghosts,1
advanced,1
banished,1
washington,1
thesis,1
absolutely,1
brothers,1
genial,1
opening,1
attended,1
trip,1
lecturer,1
dignified,1
after,1
strenuous,1
president,1
lectures,1
white,1
justice,1
lacking,1
le,1
mn,1
supreme,1
albany,1
delightedly,1
entire,1
charming,1
willing,1
james,1
bennett,1
nil,1
above,1
convince,1
benefit,1
ga,1
suds,1
cording,1
x,1
analyst,1
direct,1
message,1
arnold,1
three,1
mr,1
critic,1
dickens,1
charles,1
ad,1
sometimes,1
novell,1
shores,1
does,1
novelists,1
mos,1
m,1
early,1
dr,1
opium,1
issue,1
took,1
school,1
cal,1
med,1
rio,1
city,1
strength,1
numerical,1
et,1
cost,1
tin,1
spring,1
pound,1
destination,1
z,1
chi,1
notebook,1
sketch,1
flatiron,1
actor,1
oh,1
they,1
varied,1
arriving,1
very,1
covered,1
delineation,1
paragraphs,1
trouble,1
few,1
sheer,1
algernon,1
worth,1
replied,1
warfare,1
medea,1
associated,1
inseparably,1
explain,1
make,1
tells,1
masterful,1
vital,1
point,1
schemes,1
tenuous,1
certainly,1
loneliness,1
pages,1
thin,1
detail,1
physiological,1
help,1
friend,1
anther,1
nov,1
presentation,1
courage,1
proof,1
realms,1
distinctions,1
lies,1
character,1
ht,1
due,1
th,1
spread,1
elevation,1
power,1
admitted,1
coward,1
significance,1
spiritual,1
without,1
hi,1
dram,1
theory,1
length,1
genuine,1
writes,1
realism,1
applied,1
formulated,1
psychological,1
wealth,1
soot,1
lays,1
give,1
historical,1
uppermost,1
searching,1
house,1
n,1
street,1
hare,1
moments,1
penetrate,1
odd,1
trains,1
ministering,1
planning,1
lecturing,1
strapped,1
insisted,1
she,1
sing,1
picturesque,1
almost,1
hypnotic,1
typical,1
force,1
happy,1
inter,1
curacy,1
chapter,1
ch,1
synopses,1
pen,1
certain,1
w,1
group,1
scheme,1
naive,1
rather,1
touched,1
matter,1
method,1
suggestive,1
curiously,1
chapters,1
artist,1
list,1
way,1
taken,1
european,1
plot,1
constructing,1
before,1
weeks,1
undoubtedly,1
island,1
retreat,1
times,1
attitude,1
studies,1
states,1
thought,1
occur,1
phenomenon,1
explanation,1
inquiry,1
extensive,1
subjected,1
works,1
literature,1
care,1
orators,1
greatest,1
eve,1
leaders,1
random,1
prolific,1
old,1
used,1
reactions,1
motives,1
story,1
elaborate,1
moat,1
excerpts,1
padded,1
record,1
chronological,1
consideration,1
them,1
realistically,1
portrayed,1
edward,1
prelate,1
scholarly,1
india,1
lew,1
language,1
english,1
reads,1
nearly,1
preach,1
heard,1
mew,1
amy,1
authority,1
what,1
doors,1
cathedral,1
westminster,1
packed,1
sermons,1
than,1
alway,1
turns,1
appealing,1
noble,1
mere,1
men,1
disposal,1
devoted,1
reviews,1
monthly,1
weekly,1
large,1
inspired,1
career,1
material,1
amount,1
literary,1
criticism,1
publication,1
favorable,1
followed,1
months,1
oct,1
net,1
co,1
green,1
cc,1
novelist,1
famous,1
popularity,1
enduring,1
explains,1
comprehensive,1
since,1
considerable,1
short,1
space,1
exactitude,1
accomplish,1
proportions,1
formidable,1
moor,1
cl,1
rev,1
official,1
low,1
forceful,1
observation,1
opportunities,1
distinction,1
then,1
leslie,1
shane,1
discerning,1
mention,1
special,1
form,1
book,1
brought,1
considerations,1
critical,1
friends,1
canterbury,1
eldest,1
night,1
reason,1
surprise,1
cause,1
likely,1
occult,1
manifestations,1
investigate,1
unusual,1
least,1
popular,1
itself,1
cambridge,1
students,1
unofficial,1
become,1
church,1
roman,1
enter,1
clergyman,1
anglican,1
fact,1
central,1
member,1
true,1
rat,1
public,1
main,1
why,1
hold,1
intensely,1
example,1
played,1
supposed,1
sermon,1
wet,1
gestures,1
violent,1
preached,1
pie,1
thur,1
aglow,1
speed,1
top,1
mal,1
mons,1
something,1
always,1
axe,1
q,1
cam,1
villains,1
word,1
uses,1
frequently,1
himself,1
reading,1
manners,1
lived,1
known,1
thai,1
parent,1
reich,1
issued,1
duplicated,1
themselves,1
marriage,1
points,1
ancestor,1
common,1
cousins,1
second,1
wife,1
notice,1
aptitude,1
kindred,1
sir,1
mother,1
illustrious,1
shows,1
respects,1
constant,1
rt,1
fantastic,1
fiery,1
talent,1
born,1
contemporary,1
till,1
essays,1
gentle,1
imagine,1
difficult,1
month,1
third,1
palace,1
episcopal,1
exhausted,1
man,1
connections,1
name,1
title,1
upon,1
hear,1
society,1
modern,1
brilliant,1
widely,1
ne,1
charm,1
sid,1
attention,1
ml,1
int,1
li,1
