term,count
the,127
of,76
and,72
in,50
his,45
a,43
he,39
to,28
for,23
with,19
it,19
i,17
all,15
on,14
but,14
that,13
is,13
be,13
as,13
was,12
or,12
art,11
more,10
at,10
not,10
him,9
too,9
an,9
from,8
s,8
even,8
years,7
by,7
this,6
which,6
critic,6
were,6
have,6
so,6
who,6
are,6
always,5
may,5
some,5
would,5
t,5
yet,5
arts,5
never,5
their,5
over,5
go,4
there,4
life,4
end,4
two,4
has,4
we,4
many,4
l,4
any,4
letters,4
o,4
will,4
than,4
music,4
if,4
himself,4
own,4
after,4
p,3
such,3
one,3
de,3
kept,3
house,3
once,3
out,3
garden,3
these,3
quite,3
little,3
steeplejack,3
much,3
should,3
swans,3
its,3
picture,3
author,3
e,3
knew,3
like,3
later,3
into,3
back,3
first,3
far,3
indeed,3
opera,3
our,3
few,3
do,3
james,3
no,2
alike,2
sometimes,2
your,2
pauses,2
registered,2
self,2
thought,2
story,2
certain,2
time,2
ye,2
sayer,2
beer,2
does,2
practice,2
better,2
works,2
current,2
thus,2
could,2
hi,2
most,2
seven,2
show,2
had,2
friend,2
another,2
world,2
abstract,2
old,2
neglected,2
deserving,2
you,2
still,2
wire,2
though,2
charged,2
field,2
ever,2
passing,2
broad,2
see,2
did,2
sculpture,2
fact,2
through,2
ha,2
gods,2
among,2
lovely,2
year,2
general,2
perhaps,2
young,2
alway,2
line,2
last,2
ways,2
declares,2
reality,2
then,2
they,2
despite,2
must,2
d,2
rot,2
already,2
them,2
toward,2
become,2
great,2
illustrated,2
york,2
soul,2
failed,2
everywhere,2
intimate,2
gibbons,2
volume,2
b,2
re,2
volumes,2
days,2
paris,2
whether,2
less,2
new,2
up,2
spill,2
published,2
something,2
paintings,2
only,2
painting,2
fiction,2
books,2
portrayal,2
further,2
same,2
how,2
company,2
writer,2
stone,1
shivered,1
syntax,1
replace,1
rodin,1
fewer,1
law,1
inexorable,1
evades,1
stare,1
logical,1
polished,1
cold,1
stein,1
symbolism,1
archaic,1
exposed,1
cruelly,1
worshipfully,1
architecture,1
ferocity,1
attitude,1
sensuous,1
during,1
duel,1
between,1
anatole,1
just,1
left,1
lave,1
died,1
half,1
idealists,1
les,1
g,1
r,1
review,1
ones,1
treated,1
preceding,1
famous,1
frequented,1
ire,1
print,1
rhetoric,1
acting,1
obvious,1
forth,1
exigencies,1
tor,1
required,1
hat,1
catch,1
bubble,1
rose,1
full,1
practicalities,1
dies,1
editor,1
galleries,1
ore,1
crudely,1
premonitions,1
deliberately,1
wrought,1
worth,1
poetic,1
been,1
subtle,1
unheard,1
ideas,1
me,1
wholly,1
cryptic,1
v,1
pardoned,1
enigma,1
bane,1
packed,1
let,1
consoling,1
tonal,1
verdi,1
goes,1
tell,1
candle,1
without,1
veils,1
message,1
literature,1
obscure,1
intention,1
tried,1
send,1
multiple,1
evasive,1
when,1
makes,1
treat,1
ned,1
interpret,1
tone,1
claude,1
y,1
tile,1
thrill,1
ourselves,1
searchers,1
lamp,1
under,1
ordinary,1
ab,1
read,1
lear,1
palpitate,1
finally,1
vigorous,1
cornered,1
proved,1
lack,1
robust,1
gallery,1
vision,1
brush,1
almost,1
orchestral,1
alone,1
secret,1
top,1
remain,1
inviolate,1
frankly,1
caruso,1
monday,1
richness,1
composers,1
russian,1
novelists,1
white,1
black,1
mattered,1
possessed,1
ruffled,1
plumage,1
criticism,1
contacts,1
gave,1
direct,1
cry,1
hem,1
ibsen,1
turned,1
america,1
highly,1
anything,1
hushing,1
got,1
looks,1
ks,1
well,1
ahead,1
firing,1
explicit,1
frequently,1
ear,1
continent,1
hear,1
report,1
mt,1
register,1
ry,1
understand,1
quarter,1
faced,1
board,1
saying,1
sounding,1
rather,1
concrete,1
idea,1
developed,1
came,1
per,1
way,1
severing,1
personalities,1
made,1
good,1
men,1
loyalties,1
cultivated,1
strengthen,1
europe,1
furthermore,1
thing,1
number,1
bi,1
mind,1
immense,1
seem,1
flashing,1
bizarre,1
merry,1
modern,1
clearing,1
round,1
characteristic,1
vivid,1
down,1
drab,1
peaks,1
declining,1
health,1
tl,1
youthful,1
unwearied,1
ex,1
chase,1
marvelous,1
mirage,1
intensity,1
overtaken,1
circulation,1
polyphonic,1
long,1
extract,1
yearn,1
growing,1
poignant,1
lighting,1
covered,1
next,1
friday,1
altogether,1
causes,1
prophet,1
es,1
taking,1
abroad,1
lit,1
chopin,1
richard,1
strauss,1
seen,1
shadows,1
shows,1
voices,1
lind,1
hinted,1
vocal,1
live,1
real,1
associates,1
feel,1
survive,1
taste,1
conversations,1
haunt,1
rafters,1
halls,1
continents,1
discourses,1
ere,1
requirements,1
loudest,1
spark,1
shouting,1
ts,1
limited,1
wisdom,1
sidewalk,1
meant,1
might,1
collection,1
express,1
ad,1
place,1
midst,1
varied,1
present,1
shock,1
pageant,1
eye,1
make,1
seemed,1
station,1
bull,1
very,1
energy,1
momentum,1
locomotive,1
head,1
terminal,1
ask,1
ill,1
platform,1
hands,1
pulling,1
words,1
yes,1
progress,1
remember,1
accord,1
home,1
action,1
flowers,1
thinks,1
adventures,1
saul,1
masterpieces,1
bumble,1
bee,1
driving,1
luxuriant,1
tree,1
produced,1
besides,1
orchids,1
dubious,1
skunk,1
cabbage,1
perilous,1
brakes,1
relied,1
tic,1
slant,1
written,1
exotic,1
erotic,1
esoteric,1
idiotic,1
themes,1
however,1
strong,1
ru,1
fifteen,1
thai,1
condemned,1
rejected,1
months,1
italian,1
marbles,1
variations,1
apropos,1
rhapsody,1
disciple,1
h,1
feeling,1
titan,1
upon,1
fixed,1
set,1
principles,1
expressly,1
indulgence,1
requirement,1
human,1
know,1
hob,1
reproaches,1
early,1
catholicity,1
zest,1
cure,1
rearward,1
prevailed,1
second,1
formal,1
admitted,1
intimacies,1
establishment,1
move,1
take,1
dress,1
bathroom,1
kitchen,1
porch,1
perceive,1
garbage,1
pall,1
walt,1
manners,1
correspondence,1
commentator,1
pp,1
enthusiast,1
drama,1
collected,1
edited,1
josephine,1
issued,1
subscribers,1
henry,1
issue,1
fuller,1
admit,1
reader,1
beyond,1
vestibule,1
reception,1
room,1
ashman,1
pres,1
personality,1
trio,1
exhibition,1
musical,1
event,1
above,1
pat,1
rance,1
ma,1
london,1
complete,1
native,1
philadelphia,1
trafficked,1
industriously,1
celebrities,1
fed,1
springs,1
amsterdam,1
nothing,1
met,1
went,1
morel,1
pungent,1
interests,1
methods,1
frantic,1
drives,1
wore,1
prevail,1
throughout,1
four,1
legs,1
held,1
writing,1
table,1
stirring,1
effect,1
says,1
elusive,1
suffering,1
ton,1
jeers,1
declared,1
within,1
town,1
rated,1
quality,1
working,1
am,1
journalist,1
title,1
au,1
em,1
bottom,1
amateur,1
vociferous,1
breed,1
preference,1
praised,1
hair,1
cultural,1
mencken,1
le,1
net,1
advertising,1
sunday,1
broadcloth,1
intended,1
often,1
discipline,1
spirit,1
glad,1
wm,1
wine,1
vine,1
otherwise,1
modest,1
surprise,1
being,1
exacting,1
quoted,1
length,1
french,1
tr,1
visionaries,1
adventurously,1
triumph,1
hot,1
solid,1
footed,1
artists,1
comprehensive,1
allusiveness,1
casual,1
paragraph,1
tries,1
introduction,1
provided,1
pieces,1
short,1
andi,1
sedate,1
delighted,1
letter,1
tour,1
mont,1
n,1
marvelously,1
erudite,1
quotes,1
reviews,1
finds,1
charming,1
lesser,1
figure,1
ethical,1
der,1
horrors,1
nor,1
wilderness,1
ten,1
beginning,1
movement,1
whose,1
buy,1
crude,1
junk,1
staccato,1
petty,1
revolutions,1
interesting,1
times,1
deflect,1
moment,1
eternal,1
phrase,1
honest,1
provocative,1
write,1
terrible,1
ii,1
allow,1
extravagance,1
period,1
style,1
lon,1
grave,1
contemporaries,1
profound,1
pompous,1
silly,1
amatory,1
mean,1
attenuations,1
involutions,1
nd,1
m,1
chaps,1
studying,1
what,1
soon,1
joy,1
follow,1
here,1
course,1
derived,1
knowing,1
fume,1
dozen,1
honored,1
pleasure,1
us,1
indefinitely,1
hence,1
demand,1
education,1
educationally,1
taken,1
say,1
sputter,1
revert,1
drop,1
parent,1
trunk,1
maintained,1
ought,1
joyous,1
pedagogue,1
skilled,1
both,1
organ,1
difficult,1
surmise,1
civic,1
add,1
