term,count
the,106
of,89
a,50
and,47
in,43
to,40
that,37
is,35
it,23
by,19
are,17
not,16
our,16
one,15
government,15
for,14
or,14
as,14
he,14
this,13
we,13
some,11
with,11
be,10
which,10
so,9
on,9
s,9
have,9
them,8
men,8
was,8
his,8
their,8
more,8
must,8
who,7
n,7
author,7
from,6
what,6
they,6
us,6
e,6
facts,6
at,6
than,6
great,6
but,5
all,5
much,5
no,5
let,5
national,5
public,5
services,5
has,5
ireland,5
i,5
an,5
few,5
every,5
book,5
service,4
ill,4
course,4
w,4
its,4
do,4
make,4
work,4
does,4
administration,4
human,4
there,4
kind,4
telephone,4
then,4
would,4
oar,3
through,3
get,3
also,3
own,3
thinks,3
can,3
mr,3
any,3
had,3
say,3
made,3
state,3
could,3
widespread,3
quite,3
after,3
even,3
well,3
criticism,3
land,3
may,3
subject,3
true,3
democracy,3
about,3
now,3
two,3
been,3
little,3
ft,3
said,3
opinion,3
whole,3
review,3
equation,3
if,3
upon,3
long,2
knowledge,2
affairs,2
r,2
ca,2
were,2
novel,2
technical,2
need,2
once,2
over,2
ground,2
country,2
legislators,2
private,2
legislator,2
personal,2
party,2
take,2
cause,2
informed,2
bit,2
study,2
least,2
successful,2
t,2
executive,2
lay,2
without,2
volume,2
working,2
however,2
rules,2
large,2
time,2
rule,2
ho,2
problems,2
known,2
com,2
very,2
further,2
ended,2
such,2
never,2
only,2
science,2
reviewer,2
calls,2
debate,2
years,2
latter,2
voters,2
threatens,2
source,2
matter,2
thought,2
independent,2
truth,2
many,2
given,2
largest,2
railway,2
results,2
systems,2
se,2
feels,2
ignorant,2
itself,2
members,2
intelligent,2
congress,2
department,2
rather,2
delegates,2
good,2
too,2
extensive,2
view,2
man,2
alt,2
always,2
result,2
those,2
ignorance,2
five,2
operations,2
committee,2
other,2
representative,2
press,2
best,2
con,2
into,2
hops,2
tact,2
delegated,1
dangers,1
indeed,1
taint,1
ideal,1
specially,1
lame,1
ire,1
adopt,1
strive,1
owe,1
away,1
probably,1
restoration,1
tn,1
asked,1
sought,1
share,1
toward,1
employment,1
aristocratic,1
stream,1
employ,1
inherited,1
qualities,1
him,1
creative,1
where,1
name,1
thoughtful,1
surrender,1
curious,1
smile,1
army,1
disapproval,1
merits,1
found,1
fortress,1
petty,1
suspect,1
likely,1
worse,1
these,1
denounce,1
quick,1
pared,1
affect,1
based,1
selfish,1
action,1
raised,1
voice,1
out,1
hut,1
poisons,1
manager,1
beset,1
astronomical,1
pedagogical,1
greatest,1
navy,1
go,1
dearly,1
efficient,1
increases,1
beat,1
expert,1
retaining,1
d,1
nerved,1
lenders,1
edged,1
tally,1
servants,1
apparent,1
officers,1
directing,1
paid,1
salaries,1
small,1
swept,1
pitifully,1
right,1
null,1
heard,1
important,1
essential,1
houses,1
both,1
privilege,1
profit,1
treason,1
returns,1
expenditure,1
practice,1
masses,1
attempt,1
waves,1
xi,1
rigid,1
among,1
free,1
respects,1
op,1
defiles,1
respect,1
final,1
prejudice,1
favor,1
poisoning,1
bound,1
telling,1
how,1
most,1
ours,1
passion,1
part,1
fl,1
consider,1
whether,1
false,1
prophets,1
formed,1
whom,1
institutions,1
dangerous,1
zest,1
follow,1
along,1
phase,1
authority,1
leads,1
amazing,1
passing,1
reader,1
impression,1
sc,1
reasoning,1
hat,1
wrong,1
conditions,1
ether,1
forty,1
fully,1
ascertained,1
argument,1
question,1
form,1
pushed,1
gladly,1
overdrawn,1
somewhat,1
coinage,1
opening,1
helpful,1
sense,1
ridiculous,1
tar,1
almost,1
unexpected,1
lays,1
falsehood,1
ending,1
american,1
laws,1
thousand,1
future,1
vision,1
optimist,1
na,1
vigor,1
betterment,1
conduct,1
taut,1
whoever,1
o,1
grave,1
discusses,1
st,1
equally,1
hold,1
ballot,1
solid,1
dignity,1
y,1
himself,1
better,1
cry,1
hear,1
poet,1
begin,1
noon,1
shall,1
fa,1
admitted,1
practicable,1
necessary,1
ignored,1
real,1
demagogues,1
misled,1
when,1
position,1
ii,1
fife,1
heredity,1
character,1
glues,1
directly,1
linked,1
prints,1
reaching,1
system,1
lab,1
contention,1
various,1
fed,1
eh,1
fps,1
effects,1
tenth,1
merged,1
sad,1
teach,1
insist,1
will,1
menace,1
wt,1
wilt,1
woman,1
ail,1
kinds,1
parsimony,1
ant,1
way,1
vivid,1
individual,1
promote,1
covering,1
thick,1
says,1
want,1
woeful,1
alleges,1
skill,1
shows,1
clearly,1
ear,1
keeping,1
attitude,1
normal,1
political,1
pledges,1
electors,1
before,1
acting,1
reached,1
decisions,1
control,1
former,1
obeying,1
republic,1
between,1
drawn,1
contrast,1
sharp,1
find,1
pres,1
struggle,1
prone,1
line,1
intensive,1
evidences,1
doe,1
you,1
fail,1
fief,1
done,1
following,1
down,1
legislative,1
bass,1
substantial,1
hoc,1
scale,1
correspondents,1
publicists,1
editors,1
involves,1
reality,1
learning,1
means,1
ad,1
generally,1
mach,1
appreciation,1
yet,1
administrator,1
capable,1
ipso,1
another,1
ability,1
truly,1
restore,1
disaster,1
harm,1
pulpit,1
wayside,1
posted,1
until,1
aside,1
put,1
absorbing,1
involved,1
unused,1
introduction,1
taken,1
glance,1
opened,1
under,1
care,1
surcease,1
hours,1
promising,1
adventure,1
books,1
desk,1
f,1
co,1
p,1
b,1
york,1
new,1
c,1
william,1
world,1
build,1
hand,1
giving,1
serious,1
thinkers,1
counsels,1
deliberate,1
mouthpieces,1
psychology,1
mob,1
councils,1
reigns,1
threatening,1
selected,1
judgment,1
fruits,1
instead,1
building,1
master,1
obey,1
unthinking,1
wholly,1
guided,1
passed,1
departure,1
trod,1
fathers,1
governmentally,1
departed,1
commanding,1
clear,1
usual,1
abnormal,1
ia,1
touch,1
orator,1
though,1
statement,1
correct,1
single,1
address,1
recalls,1
voluble,1
minds,1
product,1
being,1
discount,1
except,1
attrition,1
sort,1
give,1
till,1
answered,1
speeches,1
prepares,1
hopes,1
prepare,1
insistent,1
lobby,1
call,1
visitors,1
mail,1
see,1
home,1
friend,1
appropriations,1
white,1
same,1
enterprise,1
larger,1
post,1
experienced,1
railroad,1
look,1
case,1
directs,1
company,1
chief,1
assume,1
technique,1
plea,1
illustrate,1
kindly,1
grasp,1
scope,1
varied,1
grown,1
lies,1
governmental,1
general,1
l,1
govern,1
details,1
gross,1
relation,1
meant,1
district,1
keep,1
gel,1
attend,1
subcommittee,1
picture,1
moving,1
rapidly,1
committees,1
appropriation,1
understand,1
interest,1
special,1
posts,1
held,1
representatives,1
senators,1
certain,1
contact,1
intimate,1
brought,1
whose,1
detail,1
less,1
still,1
request,1
sudden,1
house,1
either,1
deep,1
critics,1
professional,1
confined,1
parts,1
administrative,1
mechanism,1
nor,1
oppose,1
got,1
requires,1
active,1
serves,1
congressman,1
senator,1
compels,1
day,1
busy,1
mis,1
unkindly,1
written,1
accuracy,1
arc,1
accusation,1
takes,1
often,1
suspicion,1
valor,1
betrays,1
freedom,1
talks,1
knows,1
workings,1
actual,1
rest,1
remains,1
power,1
