term,count
the,38
of,24
to,15
a,10
r,10
i,9
l,9
t,8
th,8
in,8
is,7
author,6
that,6
their,5
f,5
not,5
s,5
his,4
one,4
be,4
for,4
n,4
russian,4
book,3
m,3
as,3
and,3
at,3
with,3
revolution,3
old,3
works,2
time,2
tolstoy,2
before,2
on,2
good,2
by,2
who,2
y,2
w,2
cause,2
says,2
could,2
amusing,2
v,2
call,2
like,2
court,2
brother,2
expected,1
pr,1
little,1
he,1
instance,1
such,1
roost,1
tone,1
die,1
pres,1
touch,1
really,1
speaking,1
constantly,1
or,1
humor,1
deal,1
personages,1
royal,1
another,1
savory,1
page,1
description,1
recounting,1
pastimes,1
ducal,1
would,1
fit,1
inter,1
there,1
father,1
mining,1
referring,1
affection,1
did,1
man,1
lad,1
traced,1
these,1
lines,1
much,1
an,1
can,1
lathered,1
from,1
fact,1
curses,1
may,1
ashes,1
agitated,1
tomb,1
because,1
ills,1
all,1
but,1
me,1
fons,1
rather,1
whose,1
willful,1
neglect,1
ts,1
due,1
loss,1
milt,1
soldiers,1
enchanted,1
under,1
slaking,1
army,1
bliss,1
comment,1
say,1
least,1
con,1
every,1
thing,1
find,1
ct,1
c,1
tours,1
country,1
rican,1
hr,1
rn,1
se,1
o,1
wist,1
russia,1
ill,1
able,1
share,1
arni,1
return,1
czarist,1
rule,1
circles,1
vanished,1
vs,1
ix,1
some,1
said,1
france,1
no,1
had,1
lived,1
great,1
upheaval,1
appreciate,1
full,1
flavor,1
life,1
this,1
memoirs,1
paten,1
knurl,1
days,1
it,1
ty,1
rising,1
try,1
d,1
usually,1
vi,1
might,1
ho,1
imagined,1
clumsy,1
lams,1
winking,1
so,1
reef,1
into,1
almost,1
death,1
drowning,1
seemed,1
dir,1
extract,1
mouths,1
inured,1
h,1
thin,1
iv,1
liss,1
am,1
op,1
tl,1
cm,1
games,1
x,1
heir,1
place,1
then,1
get,1
wu,1
fours,1
lean,1
over,1
foment,1
