term,count
the,42
of,31
and,28
to,15
in,13
is,12
are,11
a,11
s,9
for,8
than,8
them,8
many,7
earnings,7
with,7
they,7
as,6
that,6
labor,6
family,5
tire,5
wage,5
be,5
their,5
it,5
not,4
work,4
book,4
by,4
children,4
workers,4
living,4
earners,3
conditions,3
other,3
maintain,3
father,2
increase,2
makes,2
machines,2
profit,2
facts,2
rather,2
who,2
can,2
some,2
employers,2
made,2
given,2
distribution,2
standards,2
t,2
without,2
industries,2
number,2
yet,2
may,2
so,2
power,2
when,2
all,2
proportion,2
regarding,2
what,2
i,2
child,2
wages,2
female,2
designed,2
no,2
each,2
these,2
society,1
perceiving,1
poorly,1
useful,1
unit,1
difficult,1
way,1
this,1
rattler,1
matter,1
females,1
hat,1
paid,1
because,1
he,1
live,1
alone,1
fact,1
carets,1
contribute,1
greater,1
upkeep,1
sentiment,1
underpaid,1
combined,1
employer,1
cloaks,1
aboard,1
reduce,1
sad,1
sound,1
x,1
if,1
blamed,1
vices,1
workmen,1
organizations,1
reseal,1
welfare,1
however,1
honestly,1
wear,1
underpayment,1
tear,1
among,1
operatives,1
also,1
bonus,1
or,1
premiums,1
upon,1
sharing,1
schemes,1
regard,1
wades,1
consist,1
aye,1
which,1
suitable,1
plant,1
health,1
efficiency,1
ire,1
national,1
wealth,1
supported,1
means,1
subsistence,1
gets,1
more,1
pitiable,1
industry,1
blameworthy,1
fathers,1
simply,1
support,1
how,1
cases,1
average,1
below,1
budget,1
families,1
explanation,1
perhaps,1
emphasized,1
present,1
home,1
high,1
appeal,1
majority,1
main,1
reliance,1
until,1
begin,1
then,1
parent,1
declines,1
conclusion,1
stronger,1
fancily,1
individual,1
earrings,1
subs,1
considerable,1
dy,1
population,1
sacrifices,1
unable,1
increases,1
fault,1
despite,1
own,1
cost,1
hands,1
softer,1
provide,1
apart,1
recent,1
investigations,1
put,1
orderly,1
relation,1
thus,1
compilation,1
combines,1
merits,1
mare,1
valuable,1
together,1
were,1
theories,1
women,1
although,1
easy,1
see,1
authors,1
have,1
ideas,1
use,1
opens,1
portrait,1
nation,1
working,1
force,1
racial,1
results,1
lo,1
happy,1
had,1
america,1
mid,1
flood,1
books,1
promote,1
millennium,1
refreshing,1
find,1
one,1
devoted,1
things,1
there,1
could,1
better,1
starting,1
point,1
efforts,1
make,1
ought,1
w,1
luck,1
amt,1
turk,1
city,1
company,1
two,1
competent,1
various,1
unions,1
necessary,1
eager,1
hors,1
common,1
best,1
along,1
least,1
efficient,1
several,1
trades,1
ats,1
mentioned,1
where,1
applicants,1
numerous,1
arc,1
on,1
beaten,1
away,1
under,1
modern,1
human,1
laborers,1
regarded,1
often,1
advantage,1
over,1
property,1
others,1
those,1
multitudes,1
only,1
mechanical,1
decrease,1
chapters,1
follow,1
losses,1
reasons,1
described,1
revealing,1
shortcomings,1
factories,1
lodging,1
occupational,1
hazards,1
bad,1
feeding,1
ii,1
employ,1
inadequacy,1
topics,1
frosted,1
authoritatively,1
sympathetically,1
blind,1
rage,1
ons,1
most,1
striking,1
tables,1
compares,1
contented,1
