term,count
the,52
of,39
a,30
and,29
in,19
to,15
him,9
life,9
his,9
was,9
he,8
scamp,7
s,7
for,7
with,6
there,6
master,6
rabbits,5
from,5
by,5
after,5
out,5
that,4
had,4
which,4
on,4
dog,4
then,4
little,3
counterfeiter,3
finally,3
at,3
as,3
saved,3
just,3
london,3
while,3
made,2
more,2
class,2
crippled,2
woods,2
all,2
between,2
gave,2
it,2
neighbor,2
so,2
mistress,2
hunting,2
field,2
hands,2
her,2
c,2
latter,2
these,2
about,2
work,2
one,2
thames,2
days,2
notes,2
poachers,2
boston,2
man,2
grouse,2
author,2
children,2
streets,2
book,2
sold,2
gill,2
found,2
home,2
where,2
were,2
this,2
series,2
several,1
part,1
almost,1
idolatry,1
scared,1
death,1
final,1
fire,1
raged,1
result,1
mischief,1
former,1
rooks,1
waters,1
playing,1
indian,1
later,1
acute,1
nose,1
injury,1
band,1
incidents,1
perfection,1
squirrels,1
owners,1
canine,1
poorer,1
villainous,1
third,1
until,1
through,1
bought,1
passed,1
poacher,1
head,1
pound,1
d,1
gamekeeper,1
misery,1
nd,1
came,1
once,1
very,1
continent,1
starting,1
joy,1
comfort,1
soft,1
ge,1
strenuous,1
dozen,1
pleasures,1
moors,1
meadows,1
birds,1
wished,1
reveling,1
delights,1
country,1
loved,1
well,1
colored,1
always,1
make,1
additionally,1
attractive,1
whom,1
has,1
hot,1
attempted,1
endow,1
human,1
or,1
enjoy,1
could,1
active,1
protecting,1
camp,1
th,1
terminated,1
pitched,1
battle,1
party,1
both,1
amp,1
severely,1
wounded,1
preserves,1
strength,1
autobiography,1
turned,1
be,1
who,1
married,1
e,1
recognized,1
girlhood,1
nursed,1
hack,1
dirty,1
visitors,1
sewers,1
happy,1
insisted,1
picked,1
blue,1
blood,1
because,1
skill,1
when,1
took,1
every,1
prospect,1
ahead,1
friends,1
but,1
plain,1
day,1
went,1
volume,1
o,1
own,1
hook,1
got,1
caught,1
up,1
brother,1
ugh,1
creatures,1
bed,1
dogs,1
softer,1
cozier,1
lap,1
entertainment,1
lie,1
created,1
such,1
times,1
other,1
ills,1
starlings,1
convenient,1
pet,1
plenty,1
first,1
retriever,1
suburb,1
get,1
miss,1
servant,1
p,1
rescued,1
taken,1
detectives,1
their,1
punt,1
been,1
wrecked,1
following,1
period,1
t,1
bicycle,1
shop,1
visit,1
add,1
town,1
futile,1
try,1
save,1
telling,1
biographies,1
animal,1
strange,1
roomy,1
raid,1
n,1
rescue,1
efforts,1
exhausted,1
father,1
told,1
is,1
whose,1
son,1
story,1
long,1
spell,1
dingy,1
crowded,1
city,1
only,1
outings,1
company,1
macmillan,1
york,1
new,1
vis,1
pp,1
drowning,1
offer,1
boy,1
attributes,1
