term,count
the,47
in,35
of,28
to,26
and,24
a,17
it,13
is,12
as,10
that,10
have,8
which,8
be,7
will,7
nationality,6
sense,6
an,5
national,5
with,4
has,4
i,4
rose,4
germany,3
condition,3
but,3
desire,3
not,3
he,3
all,3
great,3
out,3
his,3
people,3
when,3
modern,3
by,3
dr,3
n,3
d,3
france,2
attainment,2
would,2
time,2
like,2
may,2
after,2
tile,2
o,2
human,2
together,2
spirit,2
nations,2
art,2
for,2
ought,2
tends,2
or,2
doing,2
years,2
what,2
leaves,2
under,2
instinct,2
toward,2
sentiment,2
attained,2
at,2
state,2
peoples,2
development,2
than,2
them,2
proposition,2
do,2
l,2
new,2
history,2
lectures,2
s,2
th,2
cambridge,2
its,2
unite,1
member,1
ever,1
far,1
corresponding,1
directed,1
europe,1
university,1
forces,1
maintenance,1
obligation,1
units,1
before,1
themselves,1
first,1
reader,1
sorted,1
massachusetts,1
church,1
assumed,1
dynasties,1
hostile,1
healthy,1
process,1
then,1
various,1
future,1
international,1
capable,1
empire,1
inclines,1
opinion,1
intense,1
exposed,1
excess,1
abuse,1
vigorous,1
comes,1
leadership,1
society,1
ruler,1
into,1
lie,1
cherishes,1
hope,1
ls,1
more,1
fervent,1
historical,1
expectation,1
fellow,1
aspirations,1
merged,1
christ,1
opposition,1
freedom,1
how,1
holland,1
families,1
tribes,1
c,1
j,1
terrible,1
war,1
mass,1
mankind,1
t,1
order,1
peace,1
ago,1
seemed,1
unattainable,1
any,1
f,1
single,1
group,1
expect,1
come,1
living,1
men,1
each,1
slowly,1
live,1
learning,1
solidarity,1
been,1
strengthens,1
spain,1
weakens,1
due,1
satisfaction,1
merge,1
wider,1
nobler,1
lift,1
brotherhood,1
only,1
preparatory,1
phase,1
dream,1
undoubtedly,1
some,1
degree,1
based,1
on,1
analogy,1
race,1
during,1
long,1
ages,1
members,1
less,1
evolution,1
york,1
generally,1
close,1
nation,1
political,1
designating,1
gifted,1
statement,1
organization,1
concrete,1
yet,1
there,1
nearly,1
always,1
referred,1
ideal,1
aspiration,1
pour,1
united,1
e,1
used,1
denote,1
intolerant,1
la,1
late,1
developed,1
encore,1
implying,1
frenchman,1
read,1
slight,1
obviously,1
indication,1
h,1
essential,1
wish,1
why,1
actual,1
connection,1
wore,1
such,1
feel,1
corry,1
common,1
us,1
seem,1
fulfill,1
let,1
requirements,1
author,1
defines,1
logic,1
lack,1
use,1
word,1
confusion,1
states,1
dee,1
slav,1
protect,1
interests,1
motto,1
early,1
adopts,1
hi,1
italy,1
up,1
driving,1
consolidation,1
other,1
hand,1
evil,1
hen,1
oppression,1
company,1
macmillan,1
resent,1
sustaining,1
this,1
gives,1
very,1
tort,1
account,1
things,1
german,1
rights,1
work,1
en,1
dissensions,1
note,1
these,1
explanations,1
touch,1
indefiniteness,1
pervades,1
ir,1
volume,1
ensemble,1
one,1
little,1
uncertain,1
choses,1
exactly,1
means,1
are,1
general,1
study,1
de,1
existence,1
good,1
lines,1
does,1
away,1
jealousies,1
painfully,1
