term,count
the,24
of,15
to,11
in,9
and,8
a,7
is,5
country,5
or,4
dolomites,4
s,3
was,3
years,3
well,2
less,2
author,2
it,2
by,2
which,2
its,2
interest,2
at,2
changes,2
her,2
from,2
all,2
where,2
old,2
inns,2
have,2
such,2
whose,2
were,2
mountains,2
when,2
out,2
that,2
some,2
ago,2
with,2
travel,2
way,1
distance,1
whom,1
perpendicularity,1
general,1
tendency,1
resemble,1
cathedral,1
gothic,1
remarkable,1
also,1
decade,1
our,1
women,1
for,1
are,1
gear,1
eastern,1
reefs,1
o,1
far,1
off,1
age,1
be,1
alps,1
matters,1
begins,1
part,1
sea,1
bed,1
outwardly,1
they,1
this,1
events,1
circumstance,1
otherwise,1
hair,1
produced,1
declares,1
on,1
performed,1
proper,1
painter,1
innkeepers,1
native,1
place,1
he,1
must,1
sys,1
most,1
atolls,1
shades,1
connoisseurs,1
familiar,1
so,1
time,1
modernly,1
name,1
titian,1
only,1
contrary,1
quito,1
two,1
fleece,1
saddles,1
indisposed,1
existed,1
like,1
she,1
coral,1
as,1
book,1
written,1
sixteen,1
more,1
deals,1
known,1
than,1
now,1
but,1
region,1
retains,1
still,1
pretty,1
beaten,1
track,1
co,1
ramble,1
midsummer,1
third,1
pleasant,1
volume,1
guidebook,1
information,1
dealing,1
southeastern,1
edition,1
valleys,1
amelia,1
b,1
edwards,1
untrodden,1
peaks,1
unfrequented,1
conventional,1
travelers,1
without,1
lies,1
visitor,1
provides,1
very,1
readable,1
description,1
title,1
possession,1
other,1
those,1
curious,1
called,1
supposed,1
had,1
their,1
intending,1
account,1
making,1
added,1
any,1
text,1
narrative,1
travels,1
coming,1
ha,1
notes,1
take,1
show,1
passed,1
away,1
new,1
taken,1
places,1
fashioned,1
