term,count
the,68
of,42
and,22
to,22
is,18
for,16
a,10
as,9
all,9
sad,8
in,8
that,7
be,7
than,7
housing,7
will,7
t,6
so,6
it,6
are,6
not,6
s,5
which,5
make,5
but,4
with,4
one,4
or,4
there,4
joke,4
on,4
problem,4
about,4
more,4
better,3
no,3
same,3
if,3
would,3
their,3
they,3
thus,3
he,3
them,3
landlords,3
use,3
without,3
value,3
other,3
take,3
at,3
tax,3
land,2
by,2
world,2
question,2
increment,2
industrial,2
part,2
can,2
has,2
workers,2
first,2
production,2
layer,2
wits,2
ti,2
house,2
builders,2
risks,2
building,2
rents,2
through,2
none,2
dr,2
experience,2
improvements,2
makes,2
premises,2
making,2
douses,2
have,2
instead,2
an,2
grim,2
after,2
matter,2
whitaker,2
book,2
horsing,2
f,2
wealthy,2
life,2
were,2
possible,2
y,2
city,2
been,2
i,2
ideal,2
since,2
each,2
writers,2
e,2
ancient,2
those,2
think,2
regards,2
who,2
street,1
meet,1
paying,1
ended,1
taxation,1
valves,1
impracticable,1
destroy,1
fortunes,1
found,1
troubled,1
creating,1
sake,1
public,1
ft,1
invention,1
angle,1
corner,1
equal,1
attention,1
particular,1
saw,1
greater,1
absorb,1
elves,1
valuable,1
contribution,1
creation,1
reset,1
another,1
individual,1
need,1
stork,1
planners,1
ranch,1
ta,1
arc,1
inferior,1
capable,1
effort,1
best,1
hat,1
unearned,1
enterpriser,1
warned,1
off,1
man,1
results,1
parallel,1
worth,1
attach,1
single,1
cs,1
homes,1
apologies,1
floors,1
positioning,1
relation,1
streets,1
ir,1
markets,1
earthen,1
shops,1
proper,1
reflect,1
echo,1
areas,1
settle,1
cities,1
surely,1
poem,1
solving,1
worse,1
perhaps,1
modern,1
thinks,1
ho,1
shoot,1
too,1
great,1
vii,1
hurry,1
remedy,1
heating,1
laxer,1
planning,1
improved,1
do,1
direct,1
conditions,1
sys,1
profit,1
own,1
blame,1
fail,1
omnibus,1
themselves,1
different,1
rt,1
work,1
between,1
tie,1
compensation,1
injustice,1
name,1
adds,1
tact,1
two,1
drive,1
essays,1
tate,1
rho,1
architects,1
home,1
pope,1
present,1
cheap,1
decades,1
badly,1
o,1
wage,1
him,1
seems,1
days,1
sheltered,1
physically,1
costlier,1
lily,1
concern,1
mat,1
social,1
ash,1
re,1
coat,1
get,1
roods,1
tad,1
families,1
realized,1
finance,1
mechanism,1
discovers,1
v,1
spiral,1
similar,1
most,1
experienced,1
we,1
built,1
pace,1
hon,1
et,1
posit,1
existence,1
nature,1
discuss,1
subject,1
mr,1
bpi,1
boston,1
discusses,1
despair,1
rather,1
hope,1
try,1
scan,1
emerged,1
race,1
dy,1
root,1
rs,1
means,1
alone,1
realization,1
ere,1
prob,1
tastes,1
differ,1
ate,1
grad,1
fin,1
ugh,1
ores,1
several,1
grown,1
poorer,1
ago,1
circle,1
allowing,1
appropriating,1
its,1
z,1
chi,1
should,1
vicious,1
quality,1
again,1
over,1
higher,1
raise,1
long,1
useless,1
enrich,1
appealing,1
lion,1
tel,1
tint,1
speech,1
only,1
day,1
was,1
written,1
fact,1
scheme,1
lloyd,1
george,1
announced,1
bravely,1
decade,1
methods,1
construction,1
forms,1
proceeded,1
brew,1
dearer,1
crowded,1
people,1
area,1
flats,1
apartments,1
growing,1
abodes,1
family,1
houses,1
did,1
both,1
rise,1
now,1
subsidies,1
altos,1
whether,1
end,1
men,1
sleet,1
fir,1
dousing,1
oust,1
room,1
tenants,1
tenement,1
hoax,1
laws,1
loans,1
p,1
