term,count
the,68
of,46
and,35
a,29
is,20
in,19
to,18
his,17
that,15
i,14
with,12
johnny,10
he,10
for,9
it,7
this,6
an,6
fraser,6
are,6
boyd,6
s,6
as,5
but,5
john,5
novel,4
fine,4
north,4
its,4
not,4
time,4
our,4
james,4
have,4
was,4
be,4
who,4
world,4
carolina,4
out,3
had,3
life,3
over,3
father,3
home,3
at,3
country,3
o,3
has,3
their,3
on,3
back,3
there,3
drums,3
days,3
sea,3
from,2
found,2
him,2
boy,2
l,2
revolution,2
light,2
romance,2
live,2
by,2
through,2
short,2
horseman,2
interest,2
all,2
elder,2
early,2
st,2
brought,2
always,2
story,2
so,2
mr,2
than,2
even,2
england,2
practical,2
one,2
fox,2
man,2
you,2
fighting,2
did,2
greene,2
f,2
well,2
line,2
no,2
then,2
general,2
been,2
paul,2
ragged,2
these,2
will,2
war,2
adventure,2
exciting,2
dead,2
jones,2
much,2
up,2
port,1
honors,1
listeners,1
battle,1
after,1
accounts,1
sends,1
infant,1
avoided,1
wounded,1
hero,1
navy,1
repair,1
yet,1
disappointing,1
dutch,1
heroics,1
artistry,1
fight,1
ports,1
t,1
spots,1
high,1
picking,1
encounter,1
chapters,1
unique,1
during,1
american,1
do,1
seldom,1
school,1
them,1
reveal,1
which,1
th,1
touches,1
french,1
leave,1
gorgeous,1
us,1
restrained,1
kr,1
writing,1
graphic,1
both,1
shooters,1
aloft,1
chard,1
r,1
edwin,1
combat,1
finally,1
fighter,1
gallant,1
raffish,1
portrait,1
excellent,1
worn,1
significant,1
body,1
ultimate,1
windbags,1
democrats,1
weary,1
fought,1
lads,1
rest,1
worst,1
hour,1
best,1
brings,1
comments,1
pathos,1
humor,1
wisdom,1
ad,1
observation,1
shrewd,1
close,1
very,1
scoundrels,1
hiding,1
deep,1
flood,1
experimental,1
ends,1
corruption,1
her,1
scuttle,1
ones,1
oratory,1
perfection,1
launched,1
whole,1
men,1
spirit,1
liberty,1
sees,1
name,1
charge,1
take,1
come,1
victory,1
carrying,1
joins,1
continental,1
saga,1
picturesque,1
vivid,1
long,1
regretted,1
perhaps,1
yorktown,1
cornwallis,1
following,1
about,1
final,1
wound,1
another,1
forces,1
crown,1
engagements,1
major,1
several,1
troops,1
intelligent,1
whom,1
we,1
anti,1
rather,1
protagonist,1
longer,1
quietly,1
closes,1
arresting,1
find,1
climax,1
feeling,1
know,1
attractive,1
marion,1
francis,1
organ,1
horse,1
such,1
career,1
d,1
legends,1
somewhat,1
many,1
son,1
community,1
squire,1
respected,1
peace,1
justice,1
backwoods,1
gentry,1
seacoast,1
pushed,1
caroline,1
mother,1
lovable,1
most,1
jr,1
forgot,1
scotch,1
quaker,1
eyes,1
sensitive,1
were,1
unrolls,1
function,1
v,1
down,1
handed,1
dissenter,1
though,1
undercurrent,1
vigorous,1
reason,1
common,1
strong,1
character,1
century,1
eighteenth,1
recreate,1
freedom,1
spectacle,1
free,1
hugh,1
mitchell,1
weir,1
adventurous,1
like,1
if,1
watch,1
says,1
galsworthy,1
end,1
seems,1
books,1
write,1
sons,1
scribner,1
charles,1
york,1
new,1
continentals,1
first,1
yarn,1
moves,1
pace,1
assisting,1
exquisite,1
hat,1
recalls,1
drama,1
some,1
aspirations,1
birth,1
pioneers,1
pictures,1
famous,1
pages,1
blended,1
historical,1
watching,1
background,1
remarkable,1
pro,1
implicitly,1
won,1
lot,1
seen,1
never,1
say,1
must,1
lived,1
sir,1
jove,1
said,1
friend,1
comment,1
departing,1
rebellion,1
tile,1
rule,1
mob,1
jingoism,1
schooling,1
odder,1
people,1
re,1
yours,1
ft,1
win,1
colonies,1
hope,1
little,1
held,1
lion,1
believed,1
europe,1
bound,1
agency,1
sympathy,1
help,1
away,1
sent,1
mackerel,1
nor,1
cut,1
outbreak,1
times,1
social,1
large,1
ht,1
blood,1
type,1
romantic,1
more,1
met,1
ere,1
bearing,1
gentle,1
education,1
might,1
clapton,1
dr,1
study,1
coast,1
bout,1
racing,1
card,1
me,1
x,1
picture,1
broad,1
revealed,1
thus,1
society,1
po,1
introduced,1
eve,1
w,1
daughter,1
land,1
captain,1
british,1
intellectual,1
ly,1
severity,1
clark,1
