term,count
the,14
a,12
and,10
of,8
is,8
it,5
s,5
widow,4
with,4
to,3
who,3
beautiful,3
rich,3
there,3
words,2
gentleman,2
hindu,2
wise,2
as,2
her,2
up,2
word,2
but,2
not,2
perhaps,2
dream,2
by,2
be,1
lofty,1
nd,1
straight,1
driving,1
brother,1
physically,1
at,1
high,1
forehead,1
contains,1
upon,1
branded,1
passages,1
lind,1
disfiguring,1
house,1
vile,1
has,1
woman,1
saintly,1
x,1
p,1
hair,1
red,1
tall,1
she,1
about,1
what,1
just,1
wins,1
horribly,1
when,1
gets,1
lover,1
that,1
so,1
he,1
brothers,1
two,1
personalities,1
bodies,1
play,1
having,1
backward,1
wilkes,1
welcome,1
finds,1
all,1
nam,1
whoso,1
love,1
ex,1
clear,1
contrived,1
gloom,1
big,1
gloriously,1
toward,1
out,1
breaks,1
ideas,1
misfit,1
medley,1
undigested,1
own,1
its,1
reason,1
which,1
one,1
tale,1
curious,1
this,1
co,1
rf,1
york,1
new,1
pp,1
mo,1
luz,1
st,1
berthe,1
novel,1
butterflies,1
black,1
end,1
into,1
wild,1
entirely,1
order,1
in,1
often,1
arranged,1
darkened,1
invention,1
author,1
thread,1
knotted,1
twisted,1
untangle,1
easy,1
do,1
nightmare,1
usually,1
nightmares,1
have,1
mortals,1
plain,1
quite,1
shiver,1
start,1
wakes,1
then,1
horror,1
eastern,1
cl,1
