term,count
the,116
of,100
and,60
a,39
to,32
in,27
is,20
was,14
that,13
an,12
it,12
for,12
life,11
by,11
there,10
from,10
its,9
i,8
social,8
most,8
dill,8
prof,8
period,8
great,7
as,7
s,7
which,6
age,6
on,6
this,6
or,5
some,5
one,5
his,5
are,5
be,5
were,5
with,5
empire,4
higher,4
spiritual,4
but,4
has,4
roman,4
book,4
those,4
last,4
history,4
if,3
who,3
masses,3
side,3
literature,3
at,3
whom,3
full,3
also,3
into,3
philosophy,3
time,3
well,3
he,3
society,3
study,3
fascinating,3
true,3
wealth,3
pagan,2
propaganda,2
out,2
details,2
remains,2
philosophers,2
student,2
fully,2
belief,2
tendencies,2
unbelief,2
held,2
forces,2
brilliant,2
day,2
had,2
movement,2
wealthy,2
their,2
days,2
men,2
what,2
less,2
literary,2
other,2
even,2
highly,2
such,2
after,2
system,2
our,2
immense,2
not,2
been,2
often,2
account,2
round,2
almost,2
can,2
inscriptions,2
characteristic,2
writings,2
all,2
end,2
features,2
luxurious,2
nero,2
before,2
us,2
only,2
salient,2
so,2
greatest,2
industrial,1
misrepresented,1
ideal,1
force,1
bygone,1
calls,1
periods,1
lower,1
cassius,1
dido,1
preacher,1
seneca,1
philosophic,1
possessed,1
stimulating,1
sophie,1
voted,1
de,1
half,1
te,1
director,1
idealist,1
upper,1
moral,1
name,1
came,1
affairs,1
state,1
want,1
provision,1
religious,1
comprehension,1
without,1
human,1
degradation,1
scale,1
class,1
creed,1
aristocratic,1
doctrine,1
analysis,1
searching,1
en,1
we,1
craving,1
monk,1
ian,1
pa,1
latin,1
patrons,1
intense,1
testified,1
cultivation,1
feverish,1
spirit,1
decadent,1
activity,1
philosophical,1
resources,1
forms,1
opportunity,1
gave,1
ensued,1
suspicious,1
milder,1
rich,1
strain,1
enormous,1
put,1
municipalities,1
remote,1
works,1
public,1
building,1
clients,1
hordes,1
support,1
style,1
own,1
sake,1
cultivated,1
called,1
colleges,1
guilds,1
organization,1
varied,1
vast,1
especially,1
recorded,1
abundantly,1
plebeian,1
man,1
pictures,1
mania,1
delightful,1
culled,1
sources,1
suggestive,1
pliny,1
illuminating,1
amusing,1
description,1
assemblies,1
fashionable,1
recitation,1
culture,1
severed,1
standard,1
h,1
became,1
east,1
mithra,1
religion,1
centuries,1
three,1
stains,1
purification,1
lie,1
happiness,1
fut,1
t,1
isis,1
delights,1
manners,1
et,1
me,1
ca,1
needs,1
p,1
superstition,1
curiosities,1
theology,1
old,1
touch,1
failed,1
fl,1
describes,1
highest,1
example,1
contribution,1
markable,1
rec,1
view,1
clearness,1
breadth,1
information,1
thoroughness,1
survey,1
concluded,1
intellectual,1
exposition,1
cult,1
monotheistic,1
pantheon,1
classic,1
gods,1
w,1
absorb,1
god,1
conception,1
purer,1
toward,1
paganism,1
efforts,1
faith,1
confident,1
clear,1
future,1
fashions,1
early,1
oracles,1
omens,1
dreams,1
genii,1
beliefs,1
countries,1
conquered,1
worships,1
accretion,1
ix,1
course,1
minds,1
besetting,1
superstitions,1
clay,1
among,1
preachers,1
church,1
evangelism,1
parallel,1
running,1
morality,1
amusements,1
skepticism,1
based,1
sometimes,1
exclusively,1
hope,1
ready,1
pieties,1
ancestral,1
clinging,1
friends,1
kindred,1
affection,1
warm,1
like,1
apparently,1
expression,1
frank,1
frequent,1
deterring,1
ecclesiastical,1
dogmatic,1
no,1
death,1
largely,1
common,1
tile,1
customs,1
views,1
v,1
people,1
lasses,1
contributions,1
opinion,1
yet,1
humanity,1
interest,1
deepest,1
distinction,1
give,1
seems,1
writer,1
powers,1
unseen,1
succor,1
win,1
presented,1
rise,1
sadly,1
intelligible,1
passion,1
conduct,1
reform,1
effort,1
elevated,1
dignified,1
proportioned,1
civilization,1
organized,1
prospect,1
detail,1
outset,1
stealthily,1
reproductions,1
miniature,1
houses,1
tunic,1
flaming,1
rack,1
cord,1
torture,1
unutterable,1
glimpses,1
sudden,1
silently,1
fullness,1
closing,1
terror,1
dim,1
air,1
stifling,1
thick,1
horror,1
indefinite,1
nameless,1
richness,1
cheering,1
picture,1
faults,1
result,1
aptly,1
drama,1
fabric,1
seen,1
where,1
must,1
conditions,1
beginning,1
they,1
although,1
forth,1
set,1
character,1
illustrated,1
action,1
itself,1
within,1
destruction,1
decay,1
workings,1
momentous,1
covered,1
actual,1
follow,1
preceded,1
artistic,1
compares,1
author,1
splendor,1
begins,1
thoughtful,1
sadden,1
will,1
vices,1
materialism,1
records,1
abundant,1
imagination,1
reviewed,1
confessing,1
civic,1
many,1
something,1
points,1
ted,1
here,1
arbitrary,1
both,1
choice,1
material,1
isolation,1
special,1
walks,1
incredible,1
submitted,1
unchecked,1
stranger,1
next,1
labors,1
silly,1
these,1
x,1
worn,1
returning,1
courts,1
law,1
scene,1
lag,1
following,1
profuse,1
e,1
light,1
ignore,1
m,1
waiting,1
intent,1
trivial,1
reconstructed,1
idle,1
ad,1
forums,1
ff,1
extravagance,1
portrait,1
taint,1
pub,1
enforced,1
rigorously,1
duties,1
ideally,1
fortunate,1
learning,1
envy,1
safe,1
wide,1
few,1
free,1
throw,1
acquaintance,1
little,1
acquired,1
methods,1
ruthless,1
examples,1
conspicuous,1
nest,1
gives,1
said,1
much,1
hurrying,1
left,1
power,1
enervating,1
sedan,1
seat,1
taking,1
noble,1
tale,1
says,1
truth,1
real,1
slavery,1
household,1
vividly,1
upon,1
bath,1
dependent,1
helpless,1
caprice,1
need,1
possible,1
every,1
anticipate,1
way,1
minute,1
served,1
master,1
come,1
required,1
have,1
orient,1
busybodies,1
developed,1
energetic,1
more,1
arouse,1
scarcely,1
could,1
vice,1
morbid,1
ingenuity,1
devilish,1
luxuries,1
assurance,1
fetched,1
far,1
settled,1
appetite,1
disgust,1
weariness,1
utter,1
lives,1
seated,1
really,1
slave,1
realities,1
