term,count
the,169
of,112
and,53
a,49
in,42
is,40
to,33
as,24
it,22
s,18
his,18
that,17
by,17
not,16
with,15
its,12
their,12
for,12
he,10
history,9
america,9
on,9
which,9
be,9
are,8
book,8
may,8
was,7
series,7
american,7
an,7
who,6
were,6
man,6
people,6
great,5
but,5
way,5
this,5
constitution,5
powers,5
sad,5
life,5
power,5
some,5
only,4
or,4
government,4
they,4
any,4
author,4
volumes,4
r,4
made,4
him,4
well,4
over,4
states,4
even,4
one,4
chronicles,4
continent,4
chapter,4
world,4
what,4
from,4
country,3
war,3
our,3
story,3
law,3
colonial,3
says,3
us,3
theory,3
john,3
treated,3
human,3
c,3
tells,3
reading,3
had,3
red,3
first,3
new,3
ten,3
many,3
so,3
shepherd,3
have,2
ty,2
national,2
huntington,2
houses,2
ellsworth,2
knowledge,2
trader,2
interesting,2
employer,2
nothing,2
without,2
after,2
labor,2
men,2
chickasaw,2
among,2
nation,2
excellent,2
tell,2
thought,2
press,2
l,2
place,2
state,2
o,2
means,2
analyze,2
land,2
la,2
united,2
volume,2
general,2
almost,2
today,2
present,2
near,2
hispanic,2
tie,2
adair,2
primary,2
we,2
home,2
does,2
technicalities,2
those,2
thus,2
legal,2
been,2
shows,2
clarity,2
work,2
contains,2
supreme,2
various,2
ii,2
ideal,2
mr,2
fisher,2
trial,2
involved,2
issues,2
before,2
skinner,2
part,2
read,2
must,2
i,2
all,2
held,2
chief,2
ends,2
americas,2
upon,2
up,2
last,2
e,2
instead,2
old,2
tribes,2
though,2
did,2
professor,2
say,2
has,2
mark,1
established,1
at,1
enumerated,1
south,1
sovereign,1
intrude,1
n,1
staten,1
rotted,1
authority,1
tolerance,1
slates,1
within,1
acted,1
field,1
exclusive,1
both,1
vehicle,1
commerce,1
regulate,1
v,1
antagonistic,1
ignore,1
supremacy,1
exercise,1
choice,1
bed,1
use,1
commodious,1
m,1
tenets,1
follows,1
example,1
significant,1
mexico,1
justice,1
decisions,1
how,1
focuses,1
subjects,1
difficult,1
moat,1
handling,1
comprehend,1
kept,1
layman,1
impossible,1
es,1
constitutional,1
interpretations,1
entire,1
peck,1
vs,1
case,1
burr,1
labyrinth,1
son,1
against,1
funds,1
mentally,1
based,1
principles,1
crises,1
adapted,1
hence,1
immortality,1
designed,1
unwarranted,1
further,1
prerogative,1
safeguarding,1
creates,1
beneficial,1
complacency,1
securing,1
view,1
interpreted,1
consequently,1
compact,1
understanding,1
ordinance,1
following,1
reckoned,1
downs,1
ups,1
carious,1
side,1
interpretation,1
developed,1
sovereignty,1
starting,1
clearly,1
enabled,1
leers,1
surprise,1
negro,1
degree,1
such,1
confessed,1
troubles,1
bryan,1
problem,1
path,1
religious,1
dress,1
town,1
about,1
delightful,1
andrews,1
f,1
charles,1
georges,1
reign,1
chronicle,1
folkway,1
carl,1
current,1
doctrine,1
called,1
ax,1
ants,1
flourish,1
confined,1
victory,1
begins,1
newport,1
debate,1
treatment,1
rood,1
y,1
lore,1
idea,1
austin,1
face,1
synagogue,1
jewish,1
aided,1
slaves,1
hired,1
dull,1
cotton,1
masons,1
era,1
coopers,1
became,1
them,1
shops,1
porters,1
heart,1
sailors,1
boatmen,1
coachmen,1
jones,1
north,1
science,1
tone,1
stated,1
rational,1
vegetation,1
ira,1
provinces,1
geographic,1
skeleton,1
earth,1
straightest,1
longest,1
forms,1
know,1
told,1
shape,1
migration,1
slow,1
while,1
fan,1
court,1
annals,1
figure,1
greatest,1
trials,1
each,1
exactly,1
understand,1
whatever,1
training,1
no,1
reader,1
easy,1
indian,1
should,1
sidney,1
quakers,1
dominant,1
unhampered,1
free,1
outcome,1
minds,1
religion,1
irrational,1
superstition,1
age,1
freedom,1
spanish,1
letters,1
contribution,1
passages,1
g,1
population,1
types,1
readably,1
forced,1
pleasantly,1
thin,1
ground,1
familiar,1
rehearses,1
colonies,1
quaker,1
southern,1
every,1
embodied,1
presented,1
judgments,1
formalism,1
commendable,1
highly,1
erudition,1
notes,1
foot,1
impedimenta,1
heavy,1
lacking,1
non,1
language,1
dear,1
fa,1
these,1
scholarship,1
sacrificing,1
described,1
manner,1
poser,1
emergence,1
ag,1
growth,1
ideals,1
literature,1
development,1
yea,1
epochs,1
habits,1
scar,1
business,1
works,1
de,1
leisured,1
mis,1
quite,1
homes,1
descriptions,1
there,1
carolina,1
settlers,1
german,1
irish,1
scratch,1
scotch,1
early,1
gusto,1
humor,1
battles,1
few,1
interminable,1
prosy,1
school,1
edward,1
marshall,1
lindsay,1
pioneers,1
quality,1
special,1
illustrate,1
two,1
d,1
acting,1
hat,1
dry,1
lames,1
savors,1
absorbed,1
study,1
subject,1
regarded,1
often,1
too,1
becomes,1
achievement,1
tradition,1
diffusion,1
toward,1
deal,1
do,1
ill,1
w,1
importance,1
publication,1
registered,1
impression,1
william,1
nations,1
university,1
yale,1
published,1
set,1
third,1
haven,1
le,1
stirring,1
average,1
learns,1
grammar,1
could,1
readers,1
circle,1
widest,1
appealing,1
reason,1
newspaper,1
desultory,1
picks,1
remains,1
knows,1
born,1
street,1
safe,1
ev,1
statistics,1
imagined,1
shock,1
schools,1
high,1
sear,1
beyond,1
pass,1
ever,1
small,1
eal,1
rev,1
boards,1
education,1
pith,1
english,1
famous,1
see,1
bother,1
white,1
sager,1
friendly,1
movement,1
rays,1
sun,1
under,1
sparkling,1
walls,1
group,1
ling,1
banks,1
along,1
herded,1
earn,1
domestic,1
deer,1
where,1
waters,1
bright,1
inset,1
shade,1
green,1
grass,1
sketches,1
brief,1
composed,1
dearly,1
peace,1
conversed,1
daily,1
long,1
jefferson,1
straggle,1
equally,1
air,1
plane,1
different,1
past,1
dramatizing,1
effective,1
consideration,1
much,1
histories,1
authoritative,1
passed,1
beloved,1
character,1
writings,1
test,1
away,1
far,1
pleasure,1
writing,1
ls,1
here,1
tare,1
na,1
learned,1
speech,1
most,1
let,1
hate,1
evident,1
yet,1
valves,1
commercial,1
sense,1
practical,1
mental,1
wide,1
discloses,1
cork,1
er,1
miss,1
summing,1
better,1
give,1
mast,1
albeit,1
tomahawk,1
brute,1
mere,1
writer,1
warrior,1
observations,1
obscure,1
allow,1
israel,1
lost,1
tea,1
indians,1
extraordinary,1
career,1
elf,1
caste,1
would,1
self,1
perhaps,1
thing,1
being,1
standards,1
large,1
comprise,1
superficialities,1
irked,1
temperament,1
radical,1
obliquity,1
seek,1
lines,1
thirty,1
between,1
anywhere,1
need,1
explanation,1
complete,1
society,1
other,1
preferred,1
traders,1
older,1
plain,1
towns,1
years,1
account,1
