term,count
the,26
and,18
to,17
of,17
a,15
in,15
her,11
is,9
has,8
it,8
that,8
girl,7
she,7
who,6
he,5
all,4
which,4
i,4
by,4
not,4
lonely,4
are,4
there,3
girls,3
life,3
this,3
story,3
never,3
f,3
have,3
t,3
say,3
with,3
own,3
introduced,3
for,3
his,3
boy,3
sweethearts,2
do,2
would,2
so,2
little,2
young,2
as,2
him,2
they,2
get,2
many,2
fought,2
london,2
book,2
person,2
author,2
at,2
some,2
be,2
sort,2
knows,2
about,2
must,2
one,2
way,2
because,2
ruck,2
nice,2
we,2
others,2
had,2
boys,2
time,2
s,2
sweetheart,2
lifer,1
badge,1
same,1
toils,1
hay,1
ink,1
wears,1
over,1
vivid,1
attracted,1
iii,1
france,1
through,1
course,1
offerings,1
speak,1
each,1
noting,1
temporarily,1
turn,1
idles,1
capital,1
ia,1
wholesome,1
breath,1
spring,1
element,1
clever,1
man,1
jack,1
smith,1
least,1
passes,1
street,1
times,1
thinks,1
j,1
nicest,1
ever,1
seen,1
v,1
demobilizing,1
presentment,1
en,1
other,1
family,1
mrs,1
being,1
however,1
become,1
quaint,1
wrong,1
middle,1
aged,1
friend,1
sorry,1
fascinates,1
david,1
very,1
sweeps,1
sympathetically,1
into,1
naturally,1
handsome,1
told,1
woman,1
both,1
youngsters,1
according,1
lust,1
convention,1
keeps,1
skill,1
done,1
them,1
chapters,1
apart,1
character,1
cad,1
when,1
mr,1
pad,1
sketches,1
wu,1
unmet,1
come,1
together,1
me,1
proper,1
engaged,1
deadly,1
store,1
pro,1
ii,1
why,1
can,1
meet,1
oh,1
am,1
days,1
drag,1
pea,1
pie,1
think,1
julia,1
parry,1
aced,1
eight,1
eon,1
was,1
horrid,1
then,1
intimate,1
twenty,1
herself,1
hear,1
l,1
simply,1
illustrations,1
edward,1
c,1
new,1
york,1
lead,1
co,1
sweat,1
english,1
happens,1
said,1
been,1
brought,1
company,1
tat,1
any,1
o,1
brother,1
cousins,1
or,1
just,1
out,1
r,1
cause,1
sisters,1
thing,1
after,1
puts,1
says,1
m,1
trying,1
write,1
their,1
also,1
fame,1
et,1
world,1
today,1
men,1
know,1
tho,1
right,1
y,1
pity,1
see,1
go,1
trenches,1
could,1
finds,1
horribly,1
now,1
back,1
work,1
important,1
duty,1
on,1
railroad,1
make,1
fish,1
love,1
kiss,1
take,1
words,1
d,1
like,1
myself,1
berta,1
old,1
decidedly,1
