term,count
the,154
of,100
and,56
a,42
to,42
in,39
commission,27
it,23
by,23
that,22
is,19
as,16
be,16
its,15
coal,15
for,14
on,13
this,12
not,12
public,12
which,12
s,12
have,11
operators,10
industry,10
would,9
hunt,9
or,8
facts,8
union,8
mr,8
but,8
been,8
has,7
both,7
should,7
at,7
upon,7
report,7
anthracite,6
their,6
if,6
each,5
was,5
government,5
i,5
made,5
united,5
are,5
workers,5
force,5
an,5
with,5
work,4
them,4
does,4
miners,4
profits,4
life,4
mine,4
under,4
large,4
costs,4
opinion,4
two,4
president,4
they,4
conditions,4
than,4
states,4
how,3
parts,3
people,3
recommendations,3
living,3
bituminous,3
relations,3
out,3
present,3
case,3
reports,3
can,3
will,3
great,3
policy,3
over,3
prices,3
book,3
all,3
general,3
some,3
continuous,3
miner,3
publicity,3
award,3
what,3
either,3
before,3
recommendation,3
less,3
reasonable,3
crisis,3
hammond,3
we,3
were,3
up,3
says,2
hold,2
fact,2
concerning,2
no,2
specifically,2
because,2
character,2
highly,2
shall,2
settlement,2
accounting,2
about,2
increase,2
basic,2
pertinent,2
concerns,2
rather,2
exhaustive,2
business,2
ownership,2
such,2
supply,2
monopoly,2
one,2
expiration,2
into,2
external,2
much,2
failure,2
investigation,2
compulsory,2
date,2
said,2
country,2
l,2
whole,2
recommend,2
these,2
interest,2
most,2
now,2
struggle,2
advanced,2
margins,2
parties,2
against,2
since,2
summarized,2
further,2
point,2
power,2
situation,2
may,2
production,2
concentrated,2
indefensible,2
whether,2
only,2
know,2
special,2
companies,2
members,2
hays,2
edward,2
essence,2
eyre,2
thousands,2
owned,2
foreword,2
john,2
pages,2
engaged,2
findings,2
done,2
congress,2
time,2
between,2
another,2
when,2
result,2
none,2
copyright,2
value,2
strike,2
more,2
had,2
ignored,2
given,2
who,2
use,2
state,2
must,2
his,2
future,2
towns,2
face,1
ton,1
recent,1
finds,1
possibility,1
reason,1
believe,1
dependable,1
per,1
begin,1
price,1
inconsistent,1
serviceable,1
citizenship,1
appended,1
passes,1
figures,1
show,1
current,1
ultimate,1
once,1
considerably,1
confusion,1
hun,1
party,1
taken,1
return,1
blows,1
take,1
den,1
bur,1
control,1
optimistic,1
pile,1
apprehensive,1
process,1
accounts,1
trump,1
protected,1
thoroughly,1
interstate,1
judicious,1
rumors,1
louis,1
information,1
veteran,1
principal,1
utilities,1
classified,1
technically,1
prejudice,1
imposed,1
able,1
rigid,1
exercise,1
wisely,1
placed,1
propose,1
did,1
neither,1
affected,1
treated,1
continue,1
our,1
millions,1
necessities,1
w,1
industrial,1
ts,1
pend,1
ac,1
investments,1
supreme,1
referring,1
commerce,1
mysterious,1
democracy,1
set,1
division,1
carried,1
proclaims,1
supervision,1
uncoordinated,1
chaos,1
belief,1
reduce,1
uniform,1
course,1
guided,1
based,1
finances,1
land,1
include,1
exactly,1
industries,1
fr,1
incentive,1
hundreds,1
enlighten,1
aid,1
few,1
interpret,1
collect,1
very,1
research,1
facilities,1
operation,1
toward,1
considerable,1
depend,1
cut,1
offer,1
insurance,1
compensation,1
unemployment,1
system,1
joint,1
throat,1
competition,1
devise,1
effort,1
supplying,1
advance,1
suggests,1
fine,1
busy,1
labor,1
product,1
year,1
producing,1
terms,1
geographically,1
larger,1
pennsylvania,1
voluminous,1
detail,1
mind,1
different,1
etched,1
picture,1
leave,1
explanatory,1
descriptive,1
scattered,1
purely,1
score,1
past,1
successfully,1
interests,1
definite,1
urges,1
emphasizes,1
pressure,1
law,1
powerful,1
sets,1
won,1
lot,1
improved,1
standard,1
decent,1
groups,1
brought,1
other,1
common,1
unionism,1
waste,1
distribution,1
camps,1
tolerated,1
organized,1
mining,1
road,1
economic,1
early,1
evolution,1
philosophy,1
diminishing,1
returns,1
welfare,1
way,1
responsibility,1
measure,1
ends,1
market,1
vastly,1
oversupplied,1
social,1
worked,1
serve,1
sporadically,1
every,1
organization,1
increasingly,1
confronting,1
disorganization,1
challenge,1
militancy,1
sheer,1
proportion,1
feudal,1
remote,1
company,1
prodigious,1
dependence,1
need,1
renewal,1
estates,1
number,1
leadership,1
callous,1
collective,1
own,1
indifference,1
amazing,1
commentary,1
late,1
until,1
wait,1
completely,1
kind,1
r,1
experiences,1
dedicated,1
experience,1
born,1
wm,1
built,1
intelligent,1
materials,1
al,1
sent,1
e,1
volume,1
single,1
covers,1
respect,1
actuality,1
maturity,1
any,1
decorated,1
save,1
there,1
itself,1
heterogeneous,1
complicated,1
unbelievably,1
exposition,1
detailed,1
tenths,1
nine,1
hook,1
undertaken,1
collection,1
finding,1
so,1
history,1
never,1
went,1
mood,1
boo,1
puts,1
principle,1
sound,1
formulation,1
preliminary,1
away,1
packed,1
greatest,1
eleventh,1
due,1
credit,1
after,1
years,1
almost,1
published,1
last,1
summary,1
us,1
full,1
seems,1
hour,1
clark,1
headed,1
evans,1
co,1
wilkins,1
williams,1
baltimore,1
pp,1
h,1
joseph,1
edited,1
found,1
federal,1
contained,1
staff,1
pier,1
unfortunate,1
distill,1
fare,1
statistical,1
unused,1
minds,1
assimilation,1
easy,1
heavy,1
too,1
turn,1
official,1
mimeographed,1
problems,1
attempted,1
ewing,1
colleague,1
ago,1
long,1
publicly,1
privately,1
do,1
energy,1
secretary,1
former,1
york,1
new,1
galloway,1
transcript,1
review,1
competent,1
recommended,1
binding,1
he,1
arbitration,1
suggestion,1
plain,1
him,1
make,1
inquire,1
persons,1
person,1
o,1
designate,1
then,1
deem,1
stoppage,1
threatening,1
still,1
reviewing,1
explains,1
days,1
sixty,1
later,1
agree,1
amend,1
desire,1
notice,1
could,1
wise,1
three,1
conception,1
small,1
relatively,1
held,1
like,1
natural,1
limited,1
view,1
however,1
expropriation,1
purchase,1
private,1
service,1
entire,1
assumption,1
routine,1
governmental,1
matter,1
alone,1
times,1
reserved,1
t,1
plan,1
acceptance,1
sure,1
pr,1
being,1
months,1
gave,1
authoritative,1
retailers,1
clothing,1
shelter,1
food,1
whet,1
hazards,1
live,1
themselves,1
consumer,1
from,1
chain,1
link,1
economics,1
wholesalers,1
wages,1
interrelation,1
structure,1
discussion,1
evidence,1
cases,1
divided,1
colleagues,1
following,1
piece,1
colorless,1
somewhat,1
though,1
get,1
employers,1
unless,1
field,1
automatic,1
provide,1
urged,1
nd,1
agreements,1
arise,1
conflicts,1
heard,1
chance,1
imminent,1
agreement,1
prospect,1
events,1
finally,1
z,1
drift,1
mastery,1
possible,1
relief,1
stand,1
hey,1
just,1
stir,1
particular,1
change,1
suggestions,1
type,1
