term,count
the,103
of,69
and,58
in,43
to,42
a,34
he,22
an,16
for,16
as,15
that,14
his,14
with,14
was,14
it,12
s,11
columbia,11
him,11
which,7
american,7
when,7
from,7
i,7
professor,6
science,6
is,6
america,6
by,6
j,6
who,6
its,5
on,5
electrical,5
many,5
scientific,5
new,5
career,5
college,5
our,5
hamilton,5
have,5
toward,4
came,4
at,4
other,4
their,4
were,4
are,4
great,4
so,4
young,4
what,4
even,3
end,3
high,3
or,3
heresy,3
these,3
some,3
added,3
had,3
view,3
will,3
himself,3
saw,3
us,3
democracy,3
they,3
return,3
up,3
general,3
into,3
york,3
research,3
be,3
has,3
may,3
fact,3
between,3
such,3
men,3
development,2
learning,2
under,2
mention,2
early,2
then,2
just,2
days,2
jay,2
my,2
currents,2
direct,2
there,2
mist,2
sense,2
idealism,2
civilization,2
me,2
atmosphere,2
visits,2
know,2
influenced,2
we,2
hut,2
earlier,2
author,2
enter,2
well,2
valley,2
one,2
lincoln,2
lo,2
washington,2
this,2
continental,2
matters,2
services,2
ever,2
ideals,2
continued,2
first,2
intellect,2
o,2
national,2
answer,2
highly,2
readily,2
made,2
every,2
still,2
boy,2
if,2
admiration,2
after,2
henry,2
names,2
but,2
interest,2
fundamental,2
reader,2
serbian,2
page,2
marked,2
been,2
brought,2
states,2
perhaps,2
would,2
council,2
compared,2
light,2
older,2
success,2
sciences,2
story,2
than,2
life,2
invention,2
inventor,2
another,2
franklin,2
thought,2
immigrant,2
physical,2
day,2
presently,2
intelligent,2
bagpiper,1
phenomena,1
freely,1
along,1
side,1
harmony,1
elected,1
de,1
witt,1
poetical,1
composed,1
feeling,1
together,1
president,1
strong,1
differences,1
adjusted,1
suggested,1
continue,1
operation,1
class,1
tuning,1
before,1
mentioned,1
fields,1
free,1
stand,1
device,1
descendants,1
takes,1
over,1
shows,1
either,1
get,1
abroad,1
economics,1
field,1
most,1
circles,1
academic,1
assumed,1
commonly,1
hunters,1
encountered,1
hen,1
sufficient,1
cambridge,1
berlin,1
period,1
laboratory,1
modest,1
minded,1
severe,1
studies,1
disparaged,1
sometimes,1
stuff,1
allowance,1
der,1
eminent,1
stiff,1
including,1
immediately,1
western,1
found,1
pursued,1
trustees,1
triumph,1
confirm,1
inaction,1
lie,1
m,1
hint,1
winner,1
received,1
industries,1
inter,1
k,1
d,1
offend,1
place,1
thus,1
system,1
latter,1
eulogize,1
fit,1
scientist,1
iii,1
discussion,1
those,1
distribution,1
power,1
two,1
performs,1
edison,1
tunes,1
culture,1
expected,1
literature,1
fine,1
arts,1
social,1
suggesting,1
demands,1
vision,1
primary,1
concepts,1
how,1
asks,1
impatiently,1
law,1
person,1
cultured,1
delay,1
regrets,1
believed,1
image,1
whole,1
sunshine,1
clear,1
particle,1
dispel,1
personalities,1
wonderful,1
boys,1
touch,1
outline,1
near,1
galileo,1
discovered,1
long,1
succeed,1
shading,1
require,1
perfections,1
man,1
invented,1
theology,1
any,1
divinity,1
closer,1
declares,1
trained,1
respect,1
profound,1
creating,1
lofty,1
ago,1
pursuit,1
united,1
mobilized,1
represents,1
organization,1
believe,1
firmly,1
says,1
war,1
during,1
usefully,1
functioned,1
na,1
member,1
seeing,1
prevented,1
bis,1
tesla,1
imagination,1
evident,1
throughout,1
same,1
racial,1
origin,1
can,1
here,1
within,1
penumbra,1
emotional,1
idealistic,1
comparison,1
doings,1
activity,1
temperament,1
richness,1
advise,1
vibrations,1
struck,1
knife,1
thrust,1
cattle,1
whereabouts,1
intent,1
helper,1
herdsman,1
wireless,1
oscillator,1
grounded,1
instrument,1
prominent,1
transact,1
themselves,1
while,1
lifted,1
preparation,1
indebted,1
finds,1
non,1
bridge,1
cam,1
journeyed,1
h,1
literal,1
question,1
stars,1
herds,1
watching,1
asked,1
plain,1
revelation,1
bi,1
seek,1
desire,1
burning,1
truth,1
eternal,1
worship,1
means,1
practicality,1
complete,1
aim,1
daylight,1
prosaic,1
families,1
won,1
scions,1
immense,1
inventive,1
societies,1
learned,1
mo,1
frequent,1
due,1
achievements,1
important,1
europe,1
rica,1
ami,1
both,1
study,1
close,1
years,1
greenhorn,1
gallant,1
receptive,1
eager,1
adventures,1
intervene,1
points,1
forefront,1
countries,1
languages,1
terms,1
name,1
incorporation,1
conductors,1
people,1
patent,1
inductance,1
office,1
realize,1
shores,1
miscellany,1
propel,1
impulses,1
understand,1
ones,1
later,1
chapters,1
profit,1
more,1
find,1
wonders,1
accounts,1
technical,1
detailed,1
faced,1
inept,1
reluctant,1
somewhat,1
remain,1
tends,1
nevertheless,1
ingenuity,1
restless,1
enough,1
clearly,1
testifies,1
capital,1
wave,1
rights,1
bring,1
facsimile,1
autograph,1
consists,1
penultimate,1
book,1
alone,1
possible,1
successful,1
lies,1
inferred,1
seat,1
country,1
handsome,1
latest,1
danube,1
village,1
obscure,1
birthplace,1
illustration,1
autobiography,1
elaborate,1
sons,1
scribner,1
charles,1
pp,1
illustrated,1
michael,1
fuller,1
b,1
review,1
letter,1
conveying,1
sale,1
acknowledgments,1
telephony,1
applied,1
coil,1
significant,1
comes,1
kite,1
through,1
impetus,1
receives,1
frontier,1
military,1
austria,1
serbs,1
among,1
sympathetic,1
measure,1
good,1
yields,1
follows,1
recognition,1
century,1
half,1
candor,1
acknowledges,1
university,1
raised,1
executive,1
chief,1
thanks,1
standards,1
them,1
backward,1
warm,1
mater,1
alma,1
make,1
needed,1
lights,1
booth,1
edwin,1
beecher,1
ward,1
faculty,1
official,1
avenues,1
madison,1
park,1
street,1
fiftieth,1
south,1
location,1
time,1
drew,1
today,1
holds,1
becomes,1
conclusive,1
total,1
sum,1
livingston,1
citizenship,1
striver,1
peasant,1
heart,1
join,1
generous,1
masterfully,1
coaching,1
affray,1
felt,1
sophomore,1
year,1
next,1
spirit,1
gathered,1
rush,1
cane,1
annual,1
freshman,1
shy,1
strange,1
too,1
though,1
progress,1
taste,1
acceptable,1
mother,1
nurse,1
tips,1
ostrich,1
brocade,1
north,1
sits,1
now,1
dame,1
army,1
leaving,1
reactions,1
society,1
blessed,1
newcomer,1
traditional,1
densely,1
air,1
thin,1
rather,1
lands,1
substrata,1
perdurable,1
recent,1
foundations,1
flux,1
state,1
easy,1
traditions,1
race,1
proud,1
like,1
pages,1
instructively,1
lighted,1
all,1
homeland,1
follow,1
impressions,1
gather,1
apprenticeship,1
th,1
cursed,1
intellectual,1
athlete,1
knew,1
henley,1
victory,1
narrowed,1
choice,1
prepared,1
sufficiently,1
peak,1
americanization,1
americanism,1
way,1
work,1
began,1
beginner,1
environment,1
fortify,1
abundance,1
student,1
type,1
met,1
serbia,1
subsequent,1
use,1
no,1
yet,1
philosophy,1
music,1
dabbled,1
latin,1
greek,1
limitations,1
