term,count
the,130
of,93
and,91
to,41
in,38
a,36
byron,26
it,25
is,23
his,23
that,22
on,16
or,14
by,13
i,13
as,13
s,13
have,11
he,11
for,11
was,10
with,10
at,9
all,9
which,8
so,8
this,7
l,7
many,7
him,6
don,6
such,6
not,6
about,6
are,6
be,6
but,6
life,6
lord,6
from,6
chew,6
juan,5
these,5
their,5
interest,5
one,5
fame,5
who,4
will,4
when,4
death,4
while,4
read,4
book,4
an,4
more,3
part,3
most,3
we,3
england,3
today,3
only,3
verses,3
never,3
must,3
great,3
found,3
some,3
poet,3
written,3
nature,3
literary,3
could,3
much,3
man,3
would,3
century,3
been,3
its,3
felt,3
d,3
o,3
find,3
mr,3
career,2
them,2
other,2
wordsworth,2
appeared,2
gone,2
ha,2
writer,2
political,2
sin,2
well,2
rather,2
after,2
very,2
up,2
english,2
whole,2
story,2
anti,2
books,2
maudlin,2
poor,2
borrow,2
america,2
can,2
modern,2
like,2
mass,2
there,2
e,2
r,2
volume,2
f,2
those,2
level,2
pen,2
rise,2
q,2
people,2
behind,2
decline,2
works,2
satanic,2
charles,2
hypocrisies,2
even,2
gives,2
turn,2
flings,2
best,2
along,2
n,2
were,2
urge,2
human,2
cain,2
press,2
forgotten,2
t,2
new,2
course,2
into,2
affairs,2
having,2
echoes,2
public,2
facts,2
love,2
famous,2
against,2
make,2
yet,2
feelings,2
estimate,2
time,2
pride,2
perhaps,2
hearing,2
social,2
attitude,2
whom,2
v,2
tire,2
detrimental,2
page,2
society,2
insular,2
final,1
addition,1
breadth,1
hate,1
continental,1
night,1
nor,1
foul,1
magnificently,1
mark,1
latest,1
ignored,1
judicious,1
uncommon,1
joy,1
essentials,1
dark,1
believers,1
tremendously,1
said,1
publishing,1
hus,1
vulgarity,1
outbursts,1
byronic,1
henry,1
echoed,1
known,1
specimens,1
rhymes,1
wilkinson,1
small,1
us,1
give,1
total,1
willingness,1
procrustes,1
huge,1
license,1
hurt,1
contents,1
rebellious,1
glory,1
surprises,1
sham,1
women,1
la,1
prolix,1
terse,1
thrilling,1
wife,1
conjunction,1
fig,1
enemies,1
friends,1
hardly,1
usage,1
true,1
animosities,1
constant,1
fr,1
ca,1
record,1
regarded,1
humbug,1
interesting,1
place,1
toe,1
lit,1
innumerable,1
morality,1
vanity,1
conventional,1
dull,1
wellington,1
petty,1
personages,1
changes,1
sudden,1
mocking,1
sweet,1
bitter,1
fear,1
gay,1
grave,1
war,1
herself,1
woman,1
redoubtable,1
followers,1
seraglio,1
forms,1
records,1
ladles,1
what,1
lies,1
celebrities,1
between,1
highest,1
moore,1
lowest,1
keats,1
experience,1
coleridge,1
moods,1
kings,1
leagued,1
simple,1
refrain,1
topic,1
whether,1
praise,1
blame,1
stylists,1
pure,1
intolerant,1
realizes,1
bibliography,1
approve,1
versifier,1
similar,1
irritants,1
whitman,1
outside,1
pushed,1
nobody,1
apparently,1
admirer,1
matthew,1
arnold,1
snarler,1
ruskin,1
nantes,1
swinburne,1
robert,1
index,1
browning,1
fling,1
john,1
morley,1
efficient,1
alfred,1
austin,1
frame,1
critical,1
hell,1
seized,1
wagon,1
band,1
climb,1
prose,1
attack,1
opportunity,1
defend,1
militant,1
application,1
squalid,1
efforts,1
writers,1
eared,1
nothing,1
politics,1
re,1
verse,1
rubbish,1
any,1
heaps,1
care,1
making,1
exhaustive,1
author,1
given,1
hours,1
inclusive,1
result,1
examination,1
few,1
yield,1
worth,1
setting,1
cost,1
down,1
nomad,1
twinge,1
sympathetic,1
fitz,1
bold,1
world,1
tired,1
lie,1
echo,1
obtained,1
success,1
greene,1
gypsy,1
fanny,1
germany,1
stimulated,1
heine,1
brought,1
com,1
olympus,1
hts,1
fancy,1
work,1
horrid,1
triumph,1
er,1
seed,1
dates,1
moreover,1
opinion,1
despite,1
now,1
mysterious,1
shade,1
daring,1
front,1
se,1
sand,1
display,1
throned,1
russia,1
greece,1
tremendous,1
puts,1
low,1
ebb,1
tide,1
g,1
amusing,1
sneering,1
rye,1
venture,1
prophesy,1
become,1
little,1
awake,1
reinstated,1
throne,1
effect,1
popularity,1
italy,1
gradual,1
influence,1
france,1
path,1
came,1
chateaubriand,1
interested,1
speak,1
lesser,1
stars,1
literacy,1
m,1
heavens,1
w,1
describes,1
upon,1
almost,1
matter,1
poetry,1
gentleman,1
frightful,1
hut,1
deliciously,1
attractive,1
nimbus,1
young,1
way,1
villains,1
attributed,1
often,1
awkward,1
expected,1
play,1
subside,1
surrounded,1
heroic,1
hard,1
clearly,1
om,1
sure,1
rouse,1
extent,1
variety,1
expression,1
hew,1
critics,1
poetasters,1
rent,1
scandalmongers,1
reveled,1
yarns,1
sinful,1
reading,1
appreciate,1
heart,1
mawr,1
suggested,1
lr,1
chow,1
j,1
ill,1
bryn,1
college,1
worst,1
american,1
notes,1
nation,1
eases,1
enlarged,1
pageant,1
ever,1
tile,1
greeted,1
libidinous,1
rod,1
heroics,1
healthy,1
sinners,1
defier,1
hardened,1
crassly,1
compared,1
realistic,1
hovels,1
arid,1
plays,1
pour,1
preen,1
attention,1
excite,1
enough,1
napoleon,1
national,1
seeming,1
prefer,1
continent,1
patriotism,1
admiring,1
struggle,1
scorn,1
deadly,1
subsided,1
had,1
attacks,1
pamphleteers,1
kept,1
stung,1
religion,1
clerical,1
portrait,1
outburst,1
review,1
de,1
kay,1
samuel,1
c,1
cloth,1
british,1
x,1
pp,1
york,1
scribner,1
sons,1
offended,1
irritated,1
same,1
helped,1
tho,1
smart,1
country,1
title,1
asset,1
gaining,1
first,1
ugh,1
forced,1
later,1
idea,1
nobleman,1
champion,1
democratic,1
revolutionary,1
spicy,1
infinitely,1
suggestions,1
turns,1
witty,1
lightened,1
tales,1
sentimental,1
pathetic,1
lurid,1
fashion,1
element,1
romantic,1
style,1
dipped,1
once,1
everybody,1
bleeding,1
marks,1
definition,1
leans,1
beecher,1
stowe,1
youth,1
keeps,1
balance,1
although,1
belief,1
raked,1
mare,1
nest,1
face,1
pieces,1
testimony,1
says,1
harriet,1
charges,1
hat,1
professor,1
apocrypha,1
revival,1
considered,1
two,1
far,1
possible,1
both,1
infamous,1
sides,1
question,1
quarrels,1
sinner,1
shall,1
y,1
judicial,1
suspended,1
resemble,1
par,1
harold,1
manfred,1
thinks,1
pity,1
comparatively,1
rarely,1
continued,1
remembered,1
wise,1
witt,1
beautiful,1
tender,1
sincere,1
strong,1
gossip,1
pages,1
judgment,1
letters,1
cal,1
problem,1
mind,1
disregarding,1
ancient,1
scandals,1
passionate,1
than,1
personality,1
fascinating,1
figure,1
past,1
did,1
oftener,1
under,1
come,1
pretending,1
religious,1
ll,1
environment,1
due,1
period,1
ideas,1
fashions,1
beliefs,1
seems,1
also,1
concerns,1
itself,1
mn,1
during,1
elapsed,1
lack,1
reason,1
imitating,1
relies,1
pageants,1
jitter,1
paper,1
odds,1
ends,1
trifles,1
hume,1
objection,1
journey,1
across,1
astonished,1
earth,1
something,1
pathos,1
since,1
divide,1
hi,1
peacock,1
moire,1
thinly,1
disguised,1
ones,1
till,1
being,1
nightmare,1
too,1
abbey,1
still,1
disraeli,1
then,1
bunch,1
publications,1
least,1
novels,1
tells,1
fiction,1
continuations,1
publish,1
eh,1
volunteer,1
cur,1
another,1
reception,1
giver,1
chapter,1
opinions,1
pamphlets,1
materials,1
abundant,1
elsewhere,1
