term,count
the,84
of,79
to,58
and,54
in,50
a,47
he,32
she,30
it,30
that,24
is,22
be,19
as,18
her,18
for,17
not,17
which,16
lenin,15
bryant,15
on,15
miss,14
with,12
by,12
russian,11
was,10
i,10
s,10
has,10
him,10
russia,10
are,9
such,9
have,9
about,9
one,9
an,8
but,8
most,8
much,8
been,7
soviet,7
or,7
they,7
no,7
his,7
will,7
this,7
at,6
other,6
who,6
what,6
into,6
moscow,6
place,5
would,5
whom,5
its,5
had,5
when,5
if,5
some,5
over,5
any,5
from,4
yet,4
did,4
up,4
so,4
off,4
only,4
can,4
cesare,4
suddenly,4
way,4
their,4
made,4
than,4
all,4
government,4
how,4
war,4
american,4
t,4
thought,4
book,4
herself,4
let,4
very,4
revolution,4
again,4
himself,3
leader,3
us,3
may,3
bolshevik,3
bolshevist,3
there,3
saw,3
two,3
another,3
told,3
whole,3
minister,3
we,3
history,3
sketches,3
name,3
mme,3
out,3
consider,3
could,3
fact,3
continually,3
these,3
always,3
method,3
writing,3
while,3
pasha,3
new,3
too,3
gets,3
sense,3
more,3
subject,3
like,3
said,3
wrote,3
took,3
room,3
were,3
little,3
them,3
world,3
many,3
you,3
after,3
humor,2
art,2
poet,2
writes,2
even,2
concession,2
c,2
through,2
during,2
foreign,2
lost,2
live,2
great,2
america,2
man,2
education,2
official,2
interested,2
feels,2
famous,2
hard,2
piece,2
once,2
female,2
chuckle,2
here,2
given,2
came,2
also,2
matter,2
personal,2
near,2
ever,2
says,2
men,2
greatest,2
touches,2
without,2
me,2
switching,2
amusing,2
ft,2
imagine,2
do,2
cause,2
went,2
nothing,2
comes,2
though,2
never,2
idea,2
gives,2
note,2
represents,2
red,2
except,2
church,2
seriousness,2
personalities,2
desperate,2
calamity,2
days,2
genius,2
might,2
perhaps,2
revolutionist,2
friend,2
now,2
better,2
william,2
lady,2
nor,2
picture,2
deals,2
takes,2
both,2
people,2
carefully,2
construction,2
manages,2
give,2
seeks,2
certainly,2
personality,2
nowhere,2
superficial,2
turk,2
especially,2
conversations,2
writers,2
mirrors,2
bed,1
chuckles,1
beautiful,1
possessor,1
disappointment,1
fantastic,1
shock,1
announced,1
vassili,1
hearty,1
square,1
caricatures,1
delicious,1
evoke,1
accept,1
hie,1
wire,1
kremlin,1
possession,1
resignation,1
struggling,1
forces,1
proved,1
white,1
offended,1
narrated,1
storied,1
happened,1
ky,1
razed,1
ground,1
bowing,1
horror,1
connection,1
renouncing,1
courtly,1
pleasing,1
letter,1
misfortune,1
irreparable,1
adherents,1
among,1
arrogance,1
horrible,1
la,1
taking,1
stated,1
vent,1
scholar,1
gave,1
press,1
bound,1
open,1
boob,1
follower,1
attacked,1
welcome,1
ill,1
air,1
well,1
human,1
illustrations,1
playwright,1
lead,1
glimpses,1
bitterly,1
confined,1
longest,1
remember,1
articles,1
republic,1
admires,1
energy,1
understanding,1
reporter,1
need,1
best,1
minute,1
news,1
vick,1
appreciates,1
interesting,1
used,1
furry,1
wide,1
books,1
john,1
reed,1
heart,1
reading,1
fiery,1
papers,1
magazines,1
know,1
known,1
tiptoeing,1
eyed,1
home,1
sent,1
washington,1
chapters,1
according,1
dirt,1
done,1
appeal,1
age,1
dependent,1
being,1
impress,1
left,1
composing,1
sonnets,1
fight,1
ignorance,1
superstition,1
drunkenness,1
resignations,1
prejudice,1
disease,1
qualities,1
elegance,1
manners,1
treasure,1
immense,1
service,1
promoting,1
fund,1
preserving,1
deluded,1
delicate,1
frenchman,1
individuals,1
characteristics,1
appearance,1
essential,1
those,1
scholarly,1
accepts,1
just,1
your,1
utterly,1
sidelight,1
teaching,1
reciprocate,1
teach,1
heroes,1
honor,1
heroines,1
offered,1
time,1
example,1
intriguing,1
considered,1
commissar,1
j,1
wife,1
uncomplimentary,1
french,1
distinctly,1
effects,1
lets,1
go,1
completely,1
oft,1
reply,1
relying,1
admiration,1
am,1
curt,1
feel,1
personages,1
professor,1
tosses,1
word,1
shown,1
devoid,1
valuable,1
pretty,1
constantly,1
times,1
dead,1
reported,1
attacks,1
turks,1
individual,1
family,1
life,1
wipe,1
mysterious,1
map,1
married,1
quite,1
devoted,1
remarks,1
since,1
bobbing,1
invariably,1
anything,1
haughty,1
clever,1
looked,1
aloof,1
aware,1
held,1
turkestan,1
ladies,1
jot,1
spoils,1
second,1
act,1
remote,1
excels,1
aforementioned,1
dealing,1
disdainful,1
anguish,1
explained,1
thing,1
possible,1
lovely,1
imaginative,1
my,1
pt,1
architecture,1
erected,1
listened,1
thoughtfully,1
away,1
few,1
later,1
tears,1
exclaimed,1
astonished,1
conversation,1
signing,1
state,1
instead,1
husband,1
call,1
amazing,1
repeated,1
bigger,1
usual,1
directness,1
make,1
overcome,1
destroyed,1
build,1
nave,1
l,1
realize,1
does,1
bias,1
interfere,1
meets,1
objectivity,1
observations,1
habit,1
inveterate,1
bad,1
cast,1
recounts,1
rosy,1
hue,1
leaders,1
portrays,1
end,1
somehow,1
drawing,1
ail,1
talent,1
charge,1
entire,1
strongly,1
pro,1
adding,1
asked,1
sketch,1
sympathies,1
amazed,1
sh,1
presented,1
flourish,1
signed,1
machiavellian,1
communists,1
asks,1
robins,1
tier,1
depends,1
effect,1
found,1
despite,1
incoherence,1
parts,1
models,1
compact,1
dropping,1
cheerful,1
rambling,1
down,1
business,1
chapter,1
instance,1
bit,1
believed,1
credit,1
deserves,1
omitting,1
cohesion,1
present,1
day,1
meritorious,1
points,1
sticking,1
largely,1
others,1
compactness,1
shows,1
something,1
vividness,1
st,1
lacks,1
harmony,1
form,1
readers,1
whatever,1
ideas,1
enthusiasm,1
distinguished,1
complementary,1
figures,1
action,1
trotsky,1
burned,1
itself,1
consuming,1
eminence,1
rage,1
cooling,1
influence,1
hand,1
plans,1
materialized,1
solid,1
remain,1
overshadow,1
surely,1
prototype,1
acknowledge,1
excellent,1
informative,1
remarkable,1
damon,1
teams,1
leon,1
therefore,1
organizer,1
compared,1
contrasted,1
question,1
dramatic,1
character,1
produced,1
sweep,1
rules,1
accepted,1
ordinarily,1
dreadful,1
balanced,1
long,1
winded,1
paragraphs,1
jaw,1
breaking,1
words,1
headed,1
paint,1
monsters,1
economics,1
international,1
relationships,1
national,1
psychology,1
recent,1
complex,1
problems,1
managed,1
dub,1
louise,1
five,1
york,1
thomas,1
seltzer,1
first,1
tempted,1
add,1
solve,1
scornfully,1
digs,1
deeper,1
judgment,1
considerable,1
extent,1
revised,1
years,1
crawl,1
flouts,1
before,1
paragraph,1
drop,1
roost,1
engaging,1
nonchalance,1
return,1
talking,1
else,1
eminent,1
forgetting,1
third,1
result,1
haphazard,1
curiously,1
satisfactory,1
owing,1
switches,1
describing,1
almost,1
content,1
every,1
verbose,1
futility,1
lieu,1
delving,1
depths,1
swallowed,1
write,1
stride,1
casual,1
feminine,1
chatty,1
apparent,1
leaps,1
o,1
full,1
backing,1
bayonets,1
outside,1
mathematics,1
introduced,1
insouciance,1
devil,1
rapidly,1
converting,1
morass,1
metaphysics,1
melancholy,1
ha,1
declares,1
country,1
want,1
grant,1
single,1
whether,1
factory,1
vine,1
non,1
n,1
sure,1
taken,1
writer,1
cervantes,1
aid,1
spain,1
chivalry,1
knows,1
seriously,1
thanks,1
enough,1
bottom,1
style,1
lend,1
latent,1
clare,1
deserve,1
mine,1
forest,1
still,1
likes,1
former,1
exiles,1
fled,1
returned,1
hold,1
office,1
under,1
trained,1
because,1
working,1
concessions,1
manner,1
described,1
gratitude,1
toward,1
raymond,1
number,1
states,1
unless,1
eyes,1
establish,1
similar,1
institution,1
alongside,1
russians,1
see,1
fore,1
superiority,1
united,1
doing,1
things,1
mies,1
continues,1
think,1
closer,1
contact,1
power,1
reason,1
hearing,1
irrepressible,1
recovery,1
entertained,1
cried,1
audience,1
rose,1
feet,1
wave,1
emotion,1
small,1
passage,1
explains,1
good,1
deal,1
helps,1
understand,1
post,1
hope,1
assassin,1
pins,1
wisest,1
rumors,1
conflict,1
conspiring,1
usurp,1
further,1
truth,1
elimination,1
touched,1
wounded,1
highest,1
peak,1
revolutionary,1
fervor,1
speech,1
shot,1
terribly,1
counterpart,1
combination,1
writings,1
illuminated,1
giving,1
rood,1
makes,1
imprinting,1
upon,1
mind,1
vivid,1
glimpse,1
object,1
objects,1
scattered,1
within,1
walls,1
really,1
appallingly,1
solemn,1
suitable,1
lantern,1
caused,1
information,1
vast,1
amount,1
trouble,1
must,1
acknowledged,1
passages,1
bulk,1
imparts,1
pocket,1
pages,1
fitful,1
flashes,1
standing,1
pitch,1
dark,1
light,1
iconoclastic,1
