term,count
the,93
of,74
and,42
to,41
in,27
a,24
that,22
by,19
is,19
it,19
this,15
be,15
s,14
are,11
on,10
but,9
which,9
for,9
one,9
most,9
as,9
has,8
can,8
more,8
have,8
not,8
these,7
roman,7
only,7
professor,7
its,7
they,7
no,6
with,6
been,6
too,6
classical,5
greece,5
rome,5
interest,5
may,5
who,5
tile,5
culture,5
some,5
i,5
volumes,5
or,5
our,5
into,4
work,4
greek,4
than,4
old,4
faults,4
two,4
volume,4
ancients,4
series,4
could,4
classics,4
life,4
making,3
from,3
history,3
when,3
brooks,3
done,3
great,3
professors,3
picture,3
know,3
them,3
us,3
latin,3
were,3
less,3
d,3
legacy,3
influence,3
all,3
robinson,3
best,3
far,3
if,3
both,3
like,3
perhaps,3
precisely,3
those,3
sappho,3
other,3
much,3
an,3
such,3
human,2
mythology,2
already,2
promising,2
knowledge,2
six,2
example,2
subject,2
ourselves,2
taylor,2
come,2
dozen,2
half,2
debt,2
stoicism,2
so,2
effort,2
enough,2
method,2
yet,2
good,2
story,2
cultural,2
otherwise,2
edification,2
re,2
language,2
platonism,2
their,2
treatment,2
we,2
t,2
david,2
essays,2
few,2
useful,2
due,2
fact,2
ancient,2
alfred,2
unhappily,2
particular,2
about,2
edward,2
foundations,2
was,2
feels,2
ph,2
problems,2
also,2
detail,2
languages,2
being,2
at,2
american,2
intelligible,2
stuff,2
standard,2
out,2
recent,2
long,2
former,2
between,2
trying,2
realize,2
product,2
demand,2
country,2
because,2
she,2
n,2
fiction,2
architecture,2
thousand,2
even,2
field,2
try,2
private,2
words,2
after,2
little,2
apt,2
legends,1
revaluations,1
gulf,1
mr,1
same,1
direction,1
law,1
bradley,1
tradition,1
standing,1
fault,1
peculiar,1
whole,1
rom,1
hut,1
efforts,1
doubtless,1
effective,1
seemed,1
he,1
sole,1
fails,1
popularizers,1
transmission,1
unnecessary,1
find,1
would,1
presumed,1
possession,1
salutary,1
memory,1
sea,1
reviewer,1
escaped,1
companion,1
earthquake,1
traditional,1
minos,1
worship,1
broad,1
king,1
priest,1
english,1
cretan,1
hull,1
god,1
somewhat,1
jump,1
consider,1
shorter,1
compose,1
instead,1
poseidon,1
found,1
greater,1
brevity,1
rekindle,1
forced,1
powers,1
meant,1
whom,1
readers,1
news,1
br,1
summary,1
zeal,1
course,1
times,1
perspective,1
had,1
arthur,1
white,1
l,1
live,1
concession,1
placated,1
academics,1
let,1
structure,1
barbarian,1
materials,1
fine,1
forth,1
bring,1
apostles,1
acts,1
quarry,1
imitators,1
said,1
carried,1
rehabilitate,1
ten,1
character,1
poet,1
arrhythmic,1
au,1
then,1
catullus,1
felt,1
thought,1
respects,1
admit,1
profitable,1
might,1
wall,1
rhythm,1
laws,1
observed,1
infinite,1
tune,1
soul,1
woman,1
bad,1
argue,1
him,1
leads,1
rate,1
any,1
grammar,1
though,1
humor,1
informed,1
readable,1
compression,1
well,1
pretty,1
solves,1
pervasive,1
end,1
attaining,1
nearer,1
ex,1
consequently,1
themes,1
precedent,1
mane,1
derived,1
administration,1
empire,1
concept,1
general,1
topics,1
centuries,1
rare,1
academic,1
souls,1
arduous,1
quo,1
worst,1
writers,1
here,1
v,1
passions,1
men,1
romans,1
greeks,1
rea,1
second,1
ts,1
points,1
continuity,1
bootleg,1
wine,1
watered,1
remark,1
antiquity,1
today,1
gap,1
getting,1
excerpts,1
praise,1
taking,1
chance,1
without,1
interested,1
america,1
get,1
very,1
theory,1
praiseworthy,1
highly,1
peril,1
hand,1
judged,1
twice,1
rm,1
lengthy,1
jane,1
familiar,1
ellen,1
comprehension,1
suited,1
recondite,1
harrison,1
figure,1
numerous,1
distinguished,1
group,1
lovers,1
perfectly,1
what,1
reader,1
uneducated,1
gent,1
average,1
showing,1
popularized,1
ways,1
time,1
own,1
affected,1
phase,1
treating,1
each,1
announced,1
titles,1
fifty,1
es,1
publication,1
underwritten,1
drop,1
mansfield,1
y,1
humanists,1
taste,1
denatured,1
marshall,1
jones,1
company,1
elmer,1
davis,1
sold,1
kick,1
problem,1
turn,1
once,1
quality,1
renowned,1
anything,1
recovered,1
revive,1
known,1
resembles,1
there,1
cases,1
bootlegger,1
least,1
infusion,1
non,1
potable,1
cut,1
turned,1
unfortunately,1
easy,1
thing,1
potency,1
flavor,1
preserve,1
seeks,1
still,1
adulterants,1
loathsome,1
survivals,1
rid,1
gets,1
walton,1
process,1
recover,1
classicists,1
modern,1
boston,1
nearly,1
immovably,1
bedded,1
enthusiastic,1
trees,1
forest,1
see,1
hard,1
poets,1
subsequent,1
effect,1
her,1
goes,1
manufacturing,1
george,1
approach,1
thirty,1
pack,1
authors,1
overzealous,1
plainly,1
arise,1
small,1
public,1
deal,1
add,1
edited,1
reveal,1
difficulty,1
learned,1
escape,1
tried,1
matter,1
need,1
do,1
comprehensible,1
say,1
hardly,1
vocabulary,1
technical,1
familiarity,1
philosophy,1
considerable,1
presuppose,1
informative,1
sound,1
races,1
intellectual,1
himself,1
suffers,1
scot,1
will,1
doubt,1
performed,1
church,1
love,1
mutual,1
songs,1
song,1
interpret,1
scripture,1
holy,1
led,1
parallels,1
edifying,1
straining,1
fall,1
point,1
stretch,1
tendency,1
objection,1
grave,1
exposed,1
m,1
attractive,1
immediately,1
christ,1
vitiated,1
way,1
extent,1
complain,1
task,1
perform,1
ungrateful,1
rest,1
tell,1
people,1
sure,1
written,1
suspecting,1
help,1
moore,1
absent,1
pleasantly,1
ago,1
years,1
three,1
published,1
augustus,1
book,1
herbert,1
villas,1
