term,count
the,109
of,59
and,51
a,33
to,33
in,30
by,14
is,14
tile,13
anarchist,12
with,12
not,11
that,10
which,10
he,10
anarchists,10
all,10
they,10
for,9
these,9
as,9
but,8
are,8
at,8
one,8
propaganda,7
his,7
this,6
were,6
be,6
have,6
i,6
sanborn,6
who,5
socialists,5
l,5
must,5
made,5
paris,5
an,5
there,4
from,4
order,4
men,4
you,4
meeting,4
will,4
t,4
s,4
some,4
had,4
arc,4
mr,4
more,4
then,4
methods,3
sweet,3
hundred,3
away,3
way,3
police,3
free,3
air,3
gas,3
two,3
called,3
can,3
man,3
it,3
even,3
society,3
la,3
out,3
theft,3
on,3
was,3
down,3
such,3
has,3
bomb,3
possession,2
we,2
know,2
therefore,2
since,2
ticket,2
into,2
dined,2
still,2
number,2
high,2
before,2
said,2
hall,2
another,2
bourgeois,2
reads,2
revolutionary,2
always,2
days,2
law,2
less,2
meetings,2
however,2
small,2
much,2
beautiful,2
scrimmage,2
interesting,2
chiefly,2
last,2
president,2
example,2
fat,2
ira,2
ca,2
side,2
crowd,2
vive,2
difficulties,2
admit,2
places,2
my,2
words,2
through,2
community,2
throwers,2
grave,2
if,2
newspapers,2
does,2
c,2
least,2
distinctions,2
him,2
them,2
like,2
papers,2
de,2
ethics,2
tells,2
songs,2
reasonableness,2
nd,2
hogshead,2
quotes,2
excellent,2
world,2
politicians,2
voice,2
o,2
pictures,2
himself,2
under,1
purge,1
chairs,1
cleaved,1
various,1
du,1
dynamite,1
chanson,1
aid,1
hats,1
trampled,1
apothecary,1
very,1
powder,1
classes,1
foot,1
illustrative,1
benches,1
six,1
medicines,1
co,1
pp,1
pikes,1
vaughan,1
scythes,1
shins,1
daggers,1
stomachs,1
f,1
swing,1
shooters,1
deadly,1
clothes,1
kerosene,1
drawings,1
paving,1
lorn,1
enumerates,1
rare,1
windows,1
furniture,1
need,1
rage,1
pain,1
against,1
both,1
street,1
reunited,1
would,1
ejected,1
turned,1
dissolved,1
story,1
tune,1
gentlemen,1
force,1
achieved,1
pen,1
hardly,1
french,1
battered,1
threw,1
transcribe,1
describe,1
owling,1
outside,1
baffled,1
yelps,1
compounded,1
elsewhere,1
mirrors,1
vociferously,1
globes,1
pushing,1
pulling,1
sun,1
ballads,1
sis,1
kicking,1
exhibited,1
scratching,1
anarchy,1
rioters,1
butting,1
disperse,1
oaths,1
shoes,1
cause,1
common,1
social,1
beggary,1
illuminating,1
theory,1
autocrats,1
assassinations,1
between,1
nice,1
matter,1
murder,1
boldly,1
own,1
claim,1
goods,1
stolen,1
recovery,1
merely,1
what,1
meritorious,1
turning,1
truly,1
best,1
appears,1
morality,1
view,1
point,1
discussed,1
hears,1
again,1
associates,1
vengeance,1
yourself,1
expose,1
am,1
massacres,1
flocks,1
sheep,1
sect,1
attractive,1
book,1
covers,1
vast,1
placed,1
deal,1
striking,1
been,1
contrast,1
upon,1
tourists,1
depravity,1
prudent,1
mainly,1
maintained,1
notice,1
rouge,1
compares,1
color,1
spice,1
lacking,1
woefully,1
affairs,1
respectable,1
hearty,1
touch,1
most,1
too,1
hails,1
warn,1
me,1
arrest,1
uncounted,1
sewer,1
placards,1
moreover,1
defunct,1
now,1
feature,1
audacity,1
hydra,1
al,1
black,1
famished,1
defiance,1
convict,1
died,1
lived,1
titles,1
list,1
where,1
usually,1
may,1
given,1
no,1
dodging,1
cash,1
without,1
about,1
enlivening,1
curious,1
written,1
senate,1
other,1
sou,1
literature,1
thank,1
house,1
your,1
well,1
calmness,1
proprietor,1
price,1
abundantly,1
panicky,1
when,1
fellow,1
meal,1
getting,1
fine,1
bent,1
profitable,1
precipitous,1
exterminate,1
vow,1
pursuance,1
pedestrians,1
rode,1
shifting,1
or,1
hidden,1
spite,1
everywhere,1
canes,1
floating,1
umbrellas,1
rendered,1
fists,1
minority,1
till,1
soil,1
economic,1
end,1
despoiled,1
reenter,1
defrauded,1
enable,1
privileges,1
destroy,1
good,1
aim,1
loafers,1
wealth,1
go,1
declares,1
x,1
humanity,1
device,1
our,1
formulate,1
rule,1
same,1
submit,1
tend,1
liberty,1
forms,1
political,1
government,1
organized,1
blow,1
limits,1
consistently,1
group,1
compound,1
unstable,1
first,1
including,1
deed,1
g,1
prop,1
iv,1
ilk,1
ii,1
oral,1
its,1
religion,1
anarchic,1
indicate,1
chapters,1
certain,1
devotes,1
impossibilities,1
consummations,1
impositions,1
rules,1
manner,1
binds,1
tie,1
na,1
individual,1
tree,1
stoic,1
virtues,1
philosophy,1
lovable,1
finds,1
themselves,1
circumstances,1
mitigating,1
excuses,1
urge,1
persons,1
explain,1
upside,1
turn,1
ready,1
exhibit,1
beyond,1
nevertheless,1
reverse,1
quite,1
preface,1
explains,1
volume,1
text,1
serve,1
expression,1
kindness,1
human,1
described,1
tumults,1
reason,1
mild,1
theories,1
hold,1
got,1
profit,1
their,1
present,1
exploit,1
rave,1
according,1
either,1
cult,1
leaders,1
pierre,1
ho,1
jean,1
doctrine,1
expound,1
things,1
infinitely,1
prefers,1
old,1
holds,1
st,1
au,1
e,1
sometimes,1
crimes,1
edit,1
work,1
regular,1
organization,1
includes,1
spit,1
seethed,1
thus,1
bawling,1
bawled,1
thousand,1
whole,1
joined,1
voices,1
five,1
up,1
piped,1
corner,1
shrill,1
thereto,1
cracked,1
fitting,1
bedlam,1
might,1
song,1
sang,1
back,1
flag,1
cheers,1
three,1
zola,1
jews,1
army,1
midair,1
platform,1
ave,1
lifted,1
frantically,1
shouts,1
went,1
debate,1
furious,1
prom,1
disagreed,1
allies,1
presently,1
officers,1
elect,1
proceeded,1
alia,1
n,1
wake,1
followers,1
satellites,1
chip,1
door,1
aisle,1
laughter,1
multitudinous,1
receding,1
feet,1
off,1
clean,1
avoirdupois,1
gesticulating,1
exploded,1
mounted,1
also,1
national,1
ways,1
parisian,1
familiar,1
assist,1
name,1
euphonious,1
invited,1
available,1
arranged,1
nationalists,1
place,1
near,1
mass,1
great,1
yells,1
dreyfus,1
succeeding,1
during,1
advertised,1
instance,1
purpose,1
radical,1
captured,1
generally,1
larger,1
cabarets,1
gatherings,1
spouting,1
antithetic,1
notices,1
promised,1
appointed,1
antagonistic,1
vain,1
pounded,1
bell,1
invaded,1
screamed,1
lame,1
le,1
ire,1
invaders,1
tim,1
bellowed,1
arm,1
bas,1
surged,1
takers,1
lines,1
speak,1
rose,1
p,1
phenomenally,1
just,1
straggling,1
ticketed,1
duly,1
while,1
time,1
remotely,1
