term,count
the,100
of,59
and,41
is,28
in,26
a,22
that,20
to,20
it,18
on,10
one,9
not,8
this,8
are,8
at,8
when,7
as,7
we,7
who,7
you,7
s,7
forest,7
book,6
his,6
were,6
war,6
from,6
for,6
x,6
half,6
all,6
then,5
story,5
road,5
read,5
with,5
some,5
their,5
our,5
tile,5
us,5
o,4
he,4
no,4
again,4
but,4
him,4
same,4
so,4
had,4
real,4
n,4
or,4
life,4
was,4
what,4
there,3
dead,3
they,3
here,3
up,3
man,3
notes,3
work,3
has,3
been,3
something,3
world,3
every,3
will,3
me,3
enemy,3
out,3
across,3
its,3
an,3
those,3
your,3
come,3
into,3
by,3
behind,3
dark,3
does,3
know,3
before,2
hugh,2
would,2
beyond,2
blood,2
wounded,2
made,2
air,2
them,2
which,2
fiction,2
rose,2
more,2
window,2
must,2
walpole,2
th,2
deep,2
ago,2
any,2
inner,2
many,2
t,2
bodies,2
be,2
almost,2
little,2
defeat,2
early,2
descriptions,2
germany,2
how,2
question,2
pictures,2
now,2
frame,2
red,2
sense,2
unforgettably,2
well,2
instant,2
i,2
have,2
upon,2
too,2
human,2
particular,2
together,2
h,2
actual,2
forget,2
trees,2
true,2
candles,2
part,2
love,2
seemed,2
set,2
hint,2
revered,1
leads,1
waggles,1
capable,1
path,1
leg,1
quotation,1
piled,1
nor,1
l,1
foot,1
em,1
lying,1
quietly,1
ditch,1
heads,1
pillowed,1
arms,1
thought,1
neither,1
rest,1
nearly,1
plaintive,1
himself,1
disappearance,1
such,1
battle,1
flung,1
wreckage,1
ave,1
strove,1
toil,1
dally,1
home,1
crumbling,1
drag,1
ho,1
field,1
warfare,1
ere,1
clear,1
beginning,1
since,1
front,1
v,1
under,1
sun,1
rooted,1
down,1
giving,1
than,1
bare,1
slowly,1
cry,1
nobleness,1
angry,1
intensity,1
art,1
stirs,1
mad,1
note,1
continual,1
comes,1
below,1
both,1
p,1
dying,1
deeply,1
words,1
dream,1
lovable,1
screaming,1
gray,1
round,1
pond,1
hill,1
poplar,1
about,1
hours,1
tin,1
ag,1
passed,1
thread,1
hanging,1
beautiful,1
legs,1
pulp,1
battered,1
hands,1
marie,1
mangled,1
faces,1
absurd,1
sheet,1
awful,1
once,1
nightmare,1
drama,1
participants,1
possessed,1
unreality,1
long,1
conveys,1
overwhelm,1
flood,1
rise,1
xx,1
ruffled,1
torture,1
nights,1
pain,1
walt,1
light,1
things,1
these,1
waters,1
unbelievable,1
torn,1
faltered,1
vet,1
nurses,1
shivered,1
sills,1
bottles,1
inhuman,1
cd,1
lights,1
morning,1
dreamed,1
coming,1
doctors,1
fools,1
open,1
night,1
fine,1
hospital,1
temporary,1
hear,1
do,1
simply,1
ant,1
quavered,1
breeze,1
notice,1
oiled,1
did,1
undercurrent,1
perpetual,1
kept,1
retreat,1
cries,1
dirty,1
filthy,1
bandages,1
au,1
big,1
rags,1
englishman,1
burden,1
larger,1
god,1
ever,1
ell,1
floor,1
basin,1
began,1
europe,1
fall,1
time,1
ugh,1
whose,1
omen,1
men,1
emotional,1
effect,1
show,1
struggle,1
daily,1
go,1
heroin,1
beauty,1
courage,1
weariness,1
endurance,1
suffering,1
details,1
thou,1
gathered,1
novel,1
sensation,1
newcomer,1
readers,1
gods,1
lie,1
io,1
difficult,1
ad,1
strong,1
w,1
am,1
dr,1
writer,1
born,1
nature,1
mr,1
interest,1
power,1
ha,1
title,1
new,1
allow,1
books,1
name,1
fortitude,1
let,1
word,1
convenient,1
george,1
feel,1
may,1
contact,1
direct,1
can,1
great,1
removed,1
far,1
company,1
works,1
want,1
latest,1
wrath,1
day,1
tracy,1
louis,1
romance,1
remarkable,1
current,1
tragedy,1
times,1
within,1
hold,1
soul,1
lay,1
only,1
answer,1
seeks,1
parts,1
mortal,1
surroundings,1
material,1
roan,1
results,1
mere,1
immense,1
tremendous,1
conceptions,1
relations,1
alter,1
affect,1
yes,1
really,1
feelings,1
each,1
novels,1
tran,1
my,1
theme,1
group,1
tory,1
lowly,1
explain,1
gone,1
ow,1
nothing,1
arm,1
said,1
perceive,1
honor,1
never,1
near,1
b,1
itself,1
discover,1
table,1
turn,1
ark,1
english,1
triumph,1
hat,1
c,1
lines,1
russian,1
close,1
cross,1
unit,1
form,1
pages,1
alive,1
bind,1
death,1
conception,1
lost,1
other,1
if,1
matter,1
throughout,1
given,1
glen,1
exultation,1
happiness,1
lies,1
fighting,1
personal,1
ar,1
tm,1
souls,1
individual,1
histories,1
wreaking,1
ruin,1
unreal,1
unthinkable,1
two,1
hom,1
sister,1
moderns,1
impact,1
fearful,1
result,1
indicates,1
least,1
reveals,1
outer,1
waited,1
making,1
myself,1
thai,1
eli,1
hated,1
met,1
find,1
should,1
surprise,1
hidden,1
diet,1
unaware,1
feb,1
e,1
others,1
hiding,1
heart,1
fellows,1
million,1
cocking,1
hunt,1
surface,1
adventure,1
engaged,1
reality,1
