term,count
the,209
of,138
in,78
and,62
to,56
a,44
he,27
with,25
as,23
his,22
which,20
on,20
was,19
by,19
colonies,19
that,17
it,17
they,16
is,15
were,14
from,14
i,12
had,11
or,11
for,11
their,10
this,10
s,10
new,10
no,9
trade,9
be,9
professor,9
l,9
one,8
period,8
american,8
century,8
its,8
history,8
them,8
been,8
colonial,8
an,8
volumes,7
more,7
development,7
osgood,7
eighteenth,7
british,6
also,6
at,6
than,6
time,6
when,5
would,5
work,5
treatment,5
first,5
her,5
but,5
all,5
york,5
should,5
being,4
given,4
some,4
another,4
political,4
are,4
years,4
original,4
light,4
england,4
those,4
him,4
these,4
columbia,4
two,4
we,4
there,3
every,3
university,3
influence,3
then,3
place,3
o,3
such,3
aspect,3
attention,3
only,3
provinces,3
social,3
act,3
same,3
largely,3
upon,3
through,3
between,3
imperial,3
system,3
great,3
publication,3
study,3
policy,3
shows,3
similar,3
form,3
herbert,3
while,3
colonists,3
not,3
read,3
public,3
sense,3
up,3
english,3
has,3
wrote,3
life,3
historical,3
means,3
well,3
before,3
subject,3
many,3
far,3
came,3
thus,2
e,2
economic,2
balanced,2
industries,2
therefore,2
am,2
prominent,2
much,2
even,2
based,2
de,2
along,2
either,2
parts,2
lack,2
t,2
too,2
national,2
group,2
field,2
middle,2
into,2
others,2
paper,2
small,2
indian,2
existence,2
wars,2
revolution,2
relation,2
together,2
part,2
f,2
control,2
widely,2
course,2
plant,2
america,2
already,2
end,2
tropical,2
theory,2
britain,2
used,2
have,2
position,2
what,2
colony,2
origin,2
power,2
within,2
relations,2
scene,2
central,2
military,2
themselves,2
war,2
contributed,2
me,2
institutions,2
become,2
point,2
possible,2
receive,2
over,2
mill,2
must,2
regarded,2
records,2
able,2
favor,2
out,2
during,2
now,2
who,2
sometimes,2
contribution,2
money,2
law,2
th,2
fell,2
text,2
former,2
land,2
use,2
almost,2
chapter,2
eagerly,2
according,2
truth,2
task,2
vigor,2
wished,2
give,2
seventeenth,2
most,2
hitherto,2
w,2
good,2
posthumous,2
will,2
historian,2
os,2
literature,1
weakness,1
derive,1
special,1
needed,1
strength,1
independent,1
perpetual,1
pop,1
danger,1
european,1
instead,1
fascination,1
mean,1
practically,1
unavoidable,1
protection,1
isolated,1
attain,1
id,1
exist,1
separate,1
own,1
pro,1
choose,1
lessor,1
people,1
satellites,1
allowed,1
natural,1
around,1
andrews,1
tires,1
enough,1
amplitude,1
trouble,1
thoughts,1
changes,1
aristocratic,1
administrative,1
consequent,1
after,1
commercial,1
thug,1
mercantile,1
pronounced,1
workings,1
manner,1
drawn,1
official,1
novel,1
threaded,1
applications,1
manifold,1
lb,1
classes,1
bestowed,1
repletion,1
always,1
fir,1
lucid,1
consideration,1
ample,1
contribute,1
yale,1
awaited,1
independence,1
early,1
er,1
ordinary,1
put,1
toward,1
exertions,1
reason,1
book,1
heavily,1
limits,1
debtors,1
renewed,1
opportunities,1
sent,1
metropolis,1
opposed,1
viewpoint,1
dominant,1
follow,1
wake,1
luminary,1
covering,1
trading,1
constituency,1
tendency,1
j,1
revolve,1
come,1
could,1
consistent,1
still,1
action,1
idea,1
author,1
dormancy,1
shall,1
ba,1
ideal,1
living,1
beyond,1
res,1
ends,1
see,1
detail,1
appearing,1
clearly,1
actively,1
dominate,1
minds,1
foremost,1
highly,1
suggestive,1
throws,1
royal,1
composed,1
immense,1
career,1
indifference,1
unit,1
coherent,1
fuse,1
chartered,1
few,1
detached,1
viewed,1
squabbling,1
movement,1
imperialist,1
naturally,1
admiralty,1
among,1
array,1
facts,1
strove,1
degree,1
legislative,1
perception,1
lion,1
series,1
tic,1
economically,1
tom,1
loose,1
held,1
applied,1
legislation,1
laws,1
taken,1
courts,1
connection,1
ales,1
lay,1
potomac,1
predominant,1
related,1
frontier,1
union,1
westward,1
expansion,1
proper,1
liven,1
tilt,1
clear,1
localities,1
manufactures,1
encouragement,1
favorite,1
purposes,1
especially,1
glass,1
potash,1
brick,1
alt,1
introduction,1
making,1
fashion,1
tries,1
general,1
specified,1
infrequently,1
en,1
towns,1
setting,1
grist,1
loans,1
object,1
woolens,1
materials,1
textiles,1
m,1
made,1
grant,1
bounties,1
raw,1
finished,1
occasionally,1
product,1
flax,1
hemp,1
linen,1
objects,1
favors,1
colo,1
location,1
descent,1
constellation,1
surveys,1
sake,1
desire,1
chronicles,1
variations,1
significant,1
books,1
earlier,1
incident,1
known,1
writing,1
readily,1
adopted,1
disposed,1
te,1
georgia,1
evidence,1
y,1
spirit,1
doled,1
piracy,1
due,1
word,1
garb,1
era,1
rewarded,1
d,1
dress,1
here,1
permit,1
alone,1
exceptionally,1
sweep,1
style,1
products,1
purely,1
rescued,1
mixture,1
loaned,1
stocks,1
raising,1
population,1
resorted,1
differed,1
both,1
further,1
south,1
respect,1
foreshadowed,1
accurately,1
nation,1
did,1
became,1
progressed,1
leading,1
co,1
hudson,1
philistines,1
canada,1
staple,1
strategic,1
variety,1
territory,1
pertained,1
necessarily,1
holds,1
compulsory,1
encouragements,1
tat,1
p,1
resistance,1
story,1
slave,1
though,1
delving,1
rise,1
fall,1
ambition,1
continent,1
quaker,1
valuable,1
popular,1
g,1
reading,1
sound,1
conceptions,1
considered,1
sketchy,1
later,1
doyle,1
brilliant,1
prelude,1
auspices,1
historians,1
substantial,1
pupils,1
dwight,1
morrow,1
indefatigable,1
researches,1
pioneer,1
diverted,1
circle,1
comprehensive,1
twilight,1
superior,1
fascinations,1
earliest,1
formative,1
colonization,1
neglected,1
material,1
archives,1
obscure,1
attempted,1
scattered,1
instances,1
repositories,1
ranged,1
london,1
capitals,1
county,1
other,1
court,1
houses,1
bulk,1
manuscript,1
dusty,1
ill,1
arranged,1
profundity,1
explore,1
nero,1
bring,1
authors,1
however,1
respects,1
failed,1
estimate,1
scope,1
felt,1
requisite,1
face,1
labor,1
appalled,1
sheer,1
physical,1
difficulties,1
way,1
aided,1
under,1
presentation,1
re,1
vibrate,1
vitality,1
knows,1
span,1
distinct,1
permanent,1
value,1
aptly,1
memoriam,1
called,1
nita,1
died,1
eve,1
realizing,1
supreme,1
aspiration,1
wider,1
tribute,1
issuance,1
eminent,1
review,1
allen,1
sinclair,1
late,1
pp,1
press,1
rank,1
pathfinders,1
fitting,1
established,1
so,1
securely,1
can,1
do,1
amplify,1
title,1
spurred,1
fruitful,1
occupied,1
completed,1
institutional,1
compared,1
west,1
india,1
nd,1
ire,1
four,1
left,1
chair,1
literary,1
executor,1
dixon,1
ryan,1
fox,1
hug,1
brought,1
hies,1
slavery,1
except,1
plans,1
broader,1
lines,1
received,1
last,1
three,1
representing,1
stage,1
undertaking,1
wm,1
published,1
emitting,1
throwing,1
full,1
lived,1
complete,1
important,1
results,1
commodities,1
empire,1
third,1
fourth,1
outset,1
volume,1
takes,1
characteristically,1
framework,1
close,1
pages,1
compact,1
massing,1
data,1
cited,1
references,1
z,1
conveniently,1
second,1
calls,1
swept,1
william,1
current,1
malting,1
cast,1
aside,1
meaningless,1
names,1
king,1
french,1
france,1
ar,1
rest,1
appeared,1
successive,1
stages,1
prolonged,1
duel,1
placed,1
rather,1
footnotes,1
little,1
treating,1
terms,1
industry,1
type,1
developed,1
implied,1
plantations,1
bad,1
considers,1
set,1
semi,1
view,1
emphasized,1
went,1
insistence,1
enumerated,1
topics,1
kindred,1
service,1
customs,1
succession,1
acquirement,1
undisputed,1
parliament,1
increased,1
commons,1
rt,1
venue,1
strong,1
merchants,1
supervision,1
privy,1
council,1
administration,1
extension,1
told,1
print,1
conceived,1
shape,1
compactly,1
explained,1
plan,1
association,1
ideas,1
taking,1
final,1
maid,1
subordinated,1
transmission,1
powers,1
unfolded,1
entire,1
constitutes,1
thread,1
fiscal,1
effect,1
politico,1
satisfactorily,1
content,1
adhered,1
virtually,1
fidelity,1
main,1
background,1
instance,1
easily,1
le,1
treat,1
col,1
primarily,1
brit,1
traced,1
organism,1
affected,1
method,1
judicial,1
systems,1
local,1
narrative,1
present,1
governmental,1
forms,1
process,1
log,1
mend,1
ignored,1
reached,1
government,1
dramatic,1
seemed,1
regretful,1
deal,1
rapidly,1
if,1
details,1
like,1
acting,1
modifying,1
ever,1
lot,1
purpose,1
showing,1
how,1
totality,1
side,1
seems,1
because,1
forces,1
large,1
operative,1
directions,1
force,1
take,1
determined,1
preceded,1
