term,count
the,79
of,76
a,54
to,52
and,51
in,38
i,33
it,29
her,25
have,22
my,22
t,22
is,21
that,20
she,19
we,16
s,15
he,15
had,15
at,15
by,15
for,15
this,15
jane,15
as,14
not,13
with,11
but,11
l,10
was,10
or,10
be,10
would,9
o,9
h,9
laughter,9
me,9
so,8
f,8
from,7
you,7
when,7
one,7
who,6
him,6
love,6
been,6
are,6
any,5
were,5
which,5
an,5
note,5
teacher,5
these,5
left,5
than,5
austen,5
w,5
other,5
time,5
no,5
could,4
there,4
c,4
your,4
has,4
d,4
n,4
will,4
father,4
too,4
only,4
do,4
without,4
our,4
daughter,4
sensibility,4
his,4
them,4
every,4
on,4
said,3
their,3
house,3
book,3
like,3
first,3
they,3
here,3
instantly,3
letter,3
very,3
m,3
some,3
theme,3
great,3
th,3
years,3
ur,3
tho,3
more,3
us,3
nd,3
now,3
see,3
what,3
another,3
if,3
then,3
room,3
all,3
grand,3
arms,2
thus,2
whose,2
alive,2
thought,2
taken,2
comes,2
next,2
up,2
take,2
sophia,2
marginal,2
yet,2
might,2
most,2
died,2
reverent,2
did,2
venerable,2
found,2
introduction,2
genius,2
whispered,2
cassandra,2
brother,2
wells,2
wrong,2
follow,2
humor,2
those,2
woman,2
eye,2
exclaimed,2
myself,2
having,2
yes,2
journey,2
started,2
am,2
own,2
inn,2
replied,2
scotland,2
young,2
son,2
following,2
child,2
children,2
sweet,2
set,2
tell,2
nearly,2
ye,2
continued,2
into,2
hat,2
few,2
tn,2
trace,2
acknowledge,2
being,2
unexpected,2
y,2
hers,2
before,2
ill,2
teachers,2
outdoes,2
corrections,2
done,2
daisy,2
g,2
hour,2
page,2
r,2
fit,2
third,2
entirely,2
dear,2
ditto,2
taught,2
k,2
should,2
read,2
therefore,2
requested,2
insinuation,2
literature,2
written,2
knew,2
confided,2
produced,1
faculty,1
find,1
lurid,1
persons,1
ors,1
ripple,1
cue,1
second,1
took,1
alternating,1
sat,1
chat,1
grown,1
solemnly,1
rose,1
feet,1
where,1
fare,1
seated,1
lines,1
themselves,1
chance,1
tranquil,1
power,1
little,1
can,1
salt,1
principles,1
strew,1
tc,1
return,1
fragment,1
stroke,1
pen,1
offering,1
sorrows,1
listen,1
friend,1
sire,1
suet,1
mouth,1
put,1
play,1
wisdom,1
old,1
social,1
paint,1
attended,1
each,1
backyard,1
back,1
hut,1
wants,1
berths,1
amiable,1
girt,1
certain,1
ag,1
minutes,1
discover,1
happiness,1
hands,1
uplifted,1
retreating,1
its,1
clair,1
lord,1
perceiving,1
appeared,1
man,1
b,1
apartment,1
boor,1
whilst,1
folded,1
deter,1
pretend,1
union,1
shaking,1
youth,1
desire,1
acid,1
delicious,1
inward,1
tie,1
admired,1
ever,1
immediately,1
infinitely,1
fl,1
farther,1
loved,1
twill,1
vet,1
towards,1
fearfully,1
looking,1
vast,1
greatest,1
called,1
tun,1
st,1
loni,1
indeed,1
agatha,1
sec,1
hook,1
unaware,1
moved,1
school,1
la,1
que,1
boric,1
rattling,1
calls,1
sanders,1
airs,1
kent,1
rector,1
edward,1
turn,1
fanny,1
gave,1
francis,1
sir,1
review,1
gale,1
sinter,1
manuscripts,1
ix,1
narrated,1
escaped,1
et,1
claim,1
ruined,1
published,1
days,1
tar,1
outdone,1
bag,1
fragments,1
thinkers,1
wit,1
dissection,1
scientific,1
down,1
aristotle,1
given,1
ridiculous,1
definition,1
ancient,1
modern,1
quips,1
available,1
completed,1
humorous,1
growth,1
detailed,1
di,1
research,1
careful,1
means,1
tells,1
mia,1
according,1
shortly,1
outline,1
course,1
boy,1
library,1
bad,1
v,1
ha,1
chesterton,1
make,1
ce,1
sh,1
company,1
henceforth,1
bred,1
hun,1
emerging,1
door,1
out,1
part,1
boredom,1
writing,1
visited,1
never,1
ranged,1
often,1
must,1
whether,1
literary,1
experience,1
laughing,1
human,1
shelves,1
begun,1
york,1
printed,1
world,1
smother,1
ago,1
twenty,1
hundred,1
itself,1
small,1
hotly,1
ll,1
arraignment,1
new,1
forever,1
laughingly,1
anonymous,1
lug,1
dying,1
recluse,1
shows,1
curtain,1
lifted,1
dead,1
slight,1
jest,1
wistfulness,1
leaves,1
girl,1
sight,1
grandfathers,1
es,1
degree,1
heard,1
denied,1
letters,1
beings,1
fair,1
utterance,1
suitable,1
visit,1
revaluing,1
seventeen,1
improbable,1
shout,1
much,1
lane,1
everything,1
abort,1
either,1
tricky,1
folk,1
mention,1
anything,1
lave,1
realistic,1
recent,1
creatures,1
matured,1
glade,1
ia,1
say,1
long,1
sincere,1
easily,1
recollecting,1
feel,1
drive,1
roy,1
order,1
shall,1
receiving,1
hesitate,1
nut,1
ardent,1
affection,1
aid,1
how,1
attachment,1
series,1
edy,1
typical,1
omit,1
go,1
spent,1
deeply,1
wound,1
worlds,1
halt,1
admire,1
summer,1
both,1
merely,1
mind,1
caw,1
year,1
naturally,1
peen,1
tempered,1
meaning,1
true,1
convey,1
better,1
tut,1
reconciled,1
soon,1
se,1
smartness,1
real,1
under,1
appears,1
connection,1
imprudent,1
hasty,1
displeased,1
highly,1
sweetness,1
usage,1
well,1
starved,1
college,1
returned,1
lesley,1
treated,1
consciousness,1
self,1
ls,1
rollicks,1
transitive,1
rollicking,1
seems,1
rollicked,1
receive,1
cupboard,1
nothing,1
non,1
sympathetic,1
evidently,1
quito,1
handsome,1
fireside,1
freest,1
themes,1
taut,1
until,1
clauses,1
sentence,1
mutually,1
imaginatively,1
fear,1
however,1
hi,1
knees,1
throwing,1
ground,1
raised,1
postures,1
examined,1
attentively,1
after,1
tin,1
obliged,1
learn,1
paradise,1
besought,1
threw,1
around,1
shown,1
lust,1
stranger,1
penalty,1
just,1
art,1
conjecture,1
mistaken,1
evinced,1
day,1
heart,1
teen,1
gr,1
neck,1
act,1
peer,1
nature,1
instinct,1
beheld,1
oh,1
proclaims,1
tour,1
eldest,1
classes,1
married,1
granddaughter,1
english,1
mark,1
caught,1
handed,1
sooner,1
search,1
entered,1
departure,1
pr,1
astonished,1
embracing,1
tenderly,1
thee,1
claudia,1
age,1
resemblance,1
sympathy,1
instinctive,1
gazed,1
secret,1
elegant,1
wrote,1
te,1
society,1
laid,1
intrude,1
relation,1
half,1
miles,1
neither,1
stop,1
tome,1
arrived,1
er,1
post,1
travel,1
arid,1
town,1
horses,1
determined,1
affair,1
homes,1
knowledge,1
inadequate,1
thoughts,1
nor,1
welt,1
penned,1
mute,1
containing,1
affected,1
appearance,1
broad,1
descended,1
advanced,1
gentleman,1
yard,1
inter,1
coach,1
attracted,1
attention,1
purpose,1
carriage,1
enough,1
person,1
prepared,1
dispatched,1
noon,1
months,1
picture,1
spend,1
intention,1
situation,1
melancholy,1
account,1
today,1
