term,count
the,81
of,52
and,34
to,21
a,19
is,13
in,11
that,10
s,8
by,8
with,8
which,7
an,6
as,6
it,6
one,5
on,5
at,5
who,5
city,5
life,5
his,5
but,5
from,5
we,5
this,5
all,4
for,4
book,4
not,4
there,4
historical,4
most,4
her,4
among,3
had,3
republic,3
its,3
day,3
carthage,3
so,3
these,3
still,3
only,3
villa,3
rome,3
world,3
because,3
he,3
no,3
actaeon,3
romance,3
african,3
portion,3
much,2
rich,2
time,2
contrasts,2
desperate,2
be,2
upon,2
about,2
see,2
when,2
many,2
than,2
very,2
e,2
reader,2
what,2
siege,2
then,2
waterfront,2
beautiful,2
above,2
first,2
was,2
hannibal,2
people,2
she,2
tribes,2
wild,2
before,2
owned,2
novels,2
into,2
somewhat,2
more,2
interesting,2
latest,2
color,2
absorbingly,2
works,2
novel,2
vivid,2
fails,1
aid,1
expected,1
grows,1
besieged,1
saving,1
forces,1
ii,1
hurricane,1
violence,1
kith,1
enemy,1
payson,1
fell,1
warriors,1
appear,1
them,1
accompany,1
delay,1
makes,1
indomitable,1
led,1
defiance,1
heroic,1
returns,1
fight,1
temporize,1
him,1
albert,1
will,1
fathers,1
powerful,1
stately,1
women,1
face,1
senate,1
rescue,1
troop,1
greatly,1
aphrodite,1
venus,1
morning,1
forum,1
dorothy,1
widow,1
now,1
increased,1
judgment,1
lead,1
shrewd,1
citizens,1
richest,1
wife,1
position,1
beauty,1
wit,1
virtue,1
banquet,1
prom,1
gould,1
go,1
ix,1
charging,1
came,1
disorder,1
back,1
driven,1
host,1
walls,1
heir,1
sortie,1
nat,1
made,1
tl,1
meet,1
beginning,1
camp,1
rude,1
thrilling,1
fiction,1
strop,1
i,1
mad,1
cries,1
native,1
my,1
c,1
earth,1
exist,1
want,1
cost,1
portraits,1
matter,1
lord,1
determined,1
ambition,1
devoured,1
young,1
course,1
notable,1
desire,1
sacrifices,1
drawn,1
sure,1
writer,1
spanish,1
noted,1
translation,1
best,1
belongs,1
reality,1
effect,1
movement,1
full,1
constructed,1
admirably,1
knowledge,1
amazing,1
even,1
abundant,1
touch,1
tire,1
tale,1
type,1
warfare,1
pillaged,1
burned,1
mild,1
comparatively,1
present,1
seem,1
however,1
last,1
horrors,1
war,1
orgies,1
hideous,1
lass,1
o,1
debauchery,1
bestial,1
neither,1
nothing,1
under,1
behaved,1
modern,1
germans,1
outbreak,1
occurred,1
test,1
athens,1
trite,1
culminating,1
sunshine,1
cite,1
ago,1
long,1
lived,1
detailed,1
are,1
pictures,1
se,1
ah,1
besides,1
risen,1
has,1
lowest,1
net,1
vicente,1
itself,1
ally,1
chosen,1
recently,1
k,1
ce,1
independent,1
lay,1
harlot,1
principally,1
laid,1
scene,1
such,1
finds,1
finished,1
iv,1
until,1
rather,1
newspaper,1
daily,1
near,1
d,1
cruel,1
austere,1
empire,1
yet,1
another,1
gratify,1
abundantly,1
satisfied,1
interior,1
excursion,1
brief,1
front,1
new,1
neighbor,1
dangerous,1
page,1
picture,1
details,1
malting,1
eager,1
thing,1
dead,1
swan,1
pages,1
colorful,1
ancient,1
fact,1
thread,1
eyes,1
our,1
plot,1
recreate,1
do,1
really,1
xi,1
slightest,1
together,1
statues,1
turbulent,1
gone,1
brimming,1
have,1
necessarily,1
must,1
study,1
amount,1
appalling,1
almost,1
something,1
arc,1
seems,1
rare,1
proverbial,1
think,1
stops,1
black,1
energy,1
over,1
feebly,1
sold,1
sad,1
or,1
less,1
sailors,1
carthaginians,1
phoenicians,1
iberians,1
greeks,1
merchants,1
asiatic,1
bearing,1
dress,1
types,1
diverse,1
thronged,1
port,1
did,1
disrepute,1
begins,1
every,1
known,1
called,1
word,1
lops,1
op,1
holds,1
utter,1
woman,1
greek,1
belonging,1
late,1
splendor,1
wily,1
fallen,1
hill,1
luxurious,1
contrasted,1
strongly,1
filthy,1
gross,1
doubt,1
some,1
devoted,1
splendid,1
indeed,1
part,1
greater,1
heroism,1
event,1
important,1
craving,1
victories,1
once,1
attempted,1
story,1
tor,1
youthfulness,1
initiative,1
lacking,1
methodical,1
lucre,1
pt,1
occurs,1
courtesan,1
tragedy,1
partly,1
chips,1
today,1
trireme,1
board,1
coming,1
penniless,1
friendless,1
arrives,1
adventurous,1
after,1
athenian,1
packed,1
es,1
adventure,1
through,1
sees,1
unusual,1
