term,count
the,179
of,109
and,80
in,63
to,47
a,33
with,26
as,19
that,17
at,16
its,15
which,15
on,14
be,14
is,13
garden,13
their,13
villas,12
was,12
italian,11
are,11
for,11
from,10
or,10
it,10
have,9
by,9
were,9
been,8
gardens,8
more,7
art,7
all,7
century,7
had,7
italy,7
villa,7
upon,6
house,6
i,6
s,5
terraces,5
rome,5
there,5
o,5
what,5
has,5
well,5
out,5
property,5
other,5
little,4
they,4
his,4
must,4
landscape,4
architecture,4
tree,4
new,4
however,4
department,4
country,4
natural,4
almost,4
he,4
open,4
fine,4
life,4
can,4
made,4
them,4
without,4
whose,4
artistic,4
but,4
roman,4
t,3
than,3
itself,3
influences,3
this,3
sides,3
while,3
world,3
continued,3
no,3
d,3
best,3
may,3
buildings,3
contrast,3
one,3
trees,3
should,3
rich,3
own,3
themselves,3
effects,3
these,3
placed,3
plants,3
taste,3
most,3
half,3
ground,3
nature,3
regard,3
many,3
c,3
us,3
those,3
much,3
arts,3
surroundings,2
began,2
middle,2
re,2
same,2
common,2
found,2
page,2
our,2
another,2
under,2
al,2
sense,2
laws,2
good,2
due,2
men,2
ancient,2
private,2
reached,2
even,2
sometimes,2
m,2
say,2
seen,2
paved,2
such,2
thus,2
laid,2
far,2
state,2
architects,2
slightly,2
long,2
columns,2
though,2
notably,2
first,2
residences,2
vases,2
walls,2
then,2
old,2
roses,2
design,2
forms,2
models,2
back,2
end,2
beginning,2
fourteenth,2
become,2
come,2
hedges,2
beds,2
flower,2
florence,2
noble,2
do,2
years,2
rule,2
point,2
today,2
preservation,2
l,2
historic,2
e,2
national,2
des,2
into,2
lines,2
five,2
defined,2
beauty,2
patrimony,2
hundred,2
her,2
time,2
light,2
yet,2
plain,2
government,2
any,2
gradual,2
work,2
eye,2
air,2
formal,2
given,2
outside,2
means,2
view,2
green,2
law,2
value,2
beyond,2
f,2
great,2
american,2
points,2
development,2
palace,2
style,2
fixed,2
fountains,2
every,2
fifteenth,2
being,2
h,2
alterations,2
naturally,2
met,2
two,2
now,2
severe,1
masonry,1
offer,1
exquisite,1
would,1
rigid,1
sea,1
meet,1
serious,1
less,1
way,1
effort,1
transition,1
always,1
solved,1
sought,1
lake,1
abrupt,1
perfectly,1
predecessors,1
advantage,1
came,1
fully,1
surrounded,1
mountains,1
avoiding,1
established,1
neighborliness,1
understand,1
problem,1
easily,1
transit,1
psychological,1
intuition,1
vertical,1
creating,1
encircling,1
worlds,1
classic,1
horizon,1
full,1
play,1
winds,1
between,1
created,1
zone,1
neutral,1
sort,1
shade,1
ill,1
roughly,1
jars,1
movement,1
brusque,1
antagonisms,1
acute,1
bring,1
variety,1
meats,1
require,1
immutable,1
revealed,1
each,1
step,1
turn,1
standing,1
hindrance,1
composed,1
extending,1
principle,1
mass,1
approaches,1
deference,1
stone,1
few,1
openings,1
sun,1
opposed,1
hand,1
measured,1
masses,1
confined,1
overpowering,1
lighten,1
seclusion,1
rigidity,1
limits,1
haughtiness,1
los,1
arden,1
contact,1
necessary,1
contrary,1
liberty,1
courteous,1
squared,1
story,1
conservation,1
throughout,1
creation,1
fortunately,1
governments,1
recent,1
asset,1
enforcing,1
labored,1
judgment,1
efficiency,1
luigi,1
vice,1
director,1
rare,1
administrative,1
ability,1
thia,1
sixteenth,1
picturesqueness,1
informality,1
rational,1
criticized,1
because,1
unlikeness,1
virgin,1
reply,1
ago,1
pioneer,1
revile,1
rom,1
wigwam,1
inside,1
formality,1
befits,1
stately,1
living,1
et,1
precious,1
an,1
loggia,1
illuminating,1
members,1
club,1
america,1
offering,1
organization,1
office,1
collaborate,1
committee,1
organized,1
promote,1
study,1
facilitate,1
visits,1
monumental,1
part,1
justly,1
eminent,1
request,1
studies,1
library,1
la,1
account,1
scope,1
methods,1
beautifully,1
illustrated,1
volume,1
defense,1
hems,1
conjunction,1
arte,1
illus,1
xii,1
pp,1
tel,1
lovers,1
debt,1
thoughtlessly,1
additions,1
usually,1
exceptions,1
detached,1
steps,1
parapets,1
balustrade,1
spaces,1
mosaics,1
surmounted,1
statues,1
lengthening,1
intervals,1
mingling,1
forward,1
borders,1
closely,1
doria,1
low,1
shrubbery,1
passage,1
portico,1
tow,1
verdure,1
arches,1
rest,1
slender,1
often,1
building,1
reaches,1
arr,1
wings,1
encircled,1
curved,1
protruding,1
right,1
angles,1
intermediary,1
constructions,1
court,1
longer,1
grow,1
earth,1
box,1
sum,1
cypresses,1
pines,1
especially,1
above,1
shrubs,1
laurels,1
orange,1
alike,1
lemons,1
rarely,1
junipers,1
yews,1
myrtle,1
if,1
declares,1
winter,1
permanent,1
carefully,1
others,1
advanced,1
appeared,1
selection,1
sand,1
welcome,1
excluded,1
harmony,1
preferred,1
assuring,1
leaves,1
small,1
compact,1
lent,1
architectural,1
foliage,1
evergreen,1
construction,1
axe,1
arno,1
wealth,1
learning,1
create,1
extensive,1
evolve,1
incomparable,1
ear,1
den,1
leisure,1
cultivate,1
very,1
simple,1
cloisters,1
enclosures,1
ad,1
framed,1
manners,1
vi,1
castles,1
ages,1
high,1
honor,1
who,1
barbaric,1
invasions,1
chronic,1
internecine,1
dark,1
destroyed,1
remains,1
gardening,1
establishment,1
relative,1
security,1
later,1
ate,1
within,1
built,1
toward,1
when,1
times,1
tranquil,1
tenor,1
favorable,1
era,1
horticulture,1
giovanni,1
informs,1
wealthy,1
citizens,1
pass,1
four,1
months,1
year,1
thirteenth,1
only,1
circuit,1
courtyard,1
cit,1
where,1
space,1
wanting,1
nothing,1
people,1
contented,1
va,1
basil,1
window,1
fig,1
grape,1
vine,1
some,1
corner,1
doe,1
execution,1
number,1
listed,1
authorization,1
future,1
sale,1
preference,1
purchaser,1
european,1
countries,1
changed,1
social,1
during,1
last,1
wrought,1
destruction,1
large,1
estates,1
notable,1
notified,1
quarto,1
since,1
public,1
official,1
permission,1
stairway,1
leading,1
per,1
con,1
nelson,1
gay,1
monuments,1
supplementary,1
applicable,1
also,1
parks,1
owners,1
abolition,1
p,1
enormous,1
increase,1
orate,1
volumes,1
italians,1
deficiency,1
works,1
superb,1
contribution,1
illustration,1
n,1
text,1
brief,1
scholarly,1
v,1
bibliography,1
photo,1
published,1
artists,1
foreign,1
le,1
taxation,1
land,1
prosperous,1
expansion,1
towns,1
dries,1
ilia,1
true,1
ti,1
home,1
yields,1
rd,1
waste,1
climes,1
families,1
beaut,1
banks,1
sane,1
cascades,1
grottoes,1
dani,1
proceeded,1
slowly,1
characteristic,1
beautiful,1
evolved,1
local,1
conditions,1
prevailed,1
individual,1
rig,1
exploitation,1
panoramic,1
water,1
planting,1
mother,1
me,1
present,1
imper,1
horn,1
employment,1
planning,1
line,1
trimmed,1
walks,1
ha,1
radiate,1
fountain,1
temple,1
statue,1
terminates,1
vistas,1
proved,1
achievement,1
three,1
planned,1
hot,1
disdainfully,1
close,1
amid,1
woods,1
blend,1
unrivaled,1
views,1
look,1
down,1
vast,1
below,1
magic,1
valley,1
lies,1
mic,1
disposition,1
earlier,1
developed,1
constructed,1
late,1
rustic,1
attempts,1
bewail,1
inequalities,1
overcome,1
type,1
connected,1
ramps,1
stairs,1
offered,1
broader,1
over,1
soon,1
spoke,1
petrarch,1
days,1
paintings,1
fragmentary,1
descriptions,1
literature,1
boccaccio,1
introducing,1
third,1
day,1
noted,1
marked,1
presence,1
ca,1
imperial,1
before,1
completely,1
disappeared,1
period,1
gleaned,1
custom,1
evidence,1
miles,1
further,1
ty,1
goes,1
consisted,1
palaces,1
towers,1
courtyards,1
dante,1
perhaps,1
unnecessary,1
not,1
preserved,1
altered,1
form,1
ruins,1
remained,1
could,1
better,1
inevitably,1
turned,1
classical,1
inspiration,1
expression,1
fervid,1
idolatry,1
evolving,1
strongly,1
imbued,1
indeed,1
growing,1
vogue,1
passion,1
imitating,1
medieval,1
culture,1
cicero,1
detailed,1
representations,1
ere,1
ls,1
wall,1
twentieth,1
furthermore,1
references,1
writings,1
topeka,1
frequent,1
famous,1
letter,1
iv,1
describes,1
protection,1
