term,count
of,68
the,67
a,46
and,42
i,38
to,34
in,31
his,29
t,25
it,20
for,20
s,19
o,18
l,18
he,17
is,16
or,15
r,14
with,13
as,13
on,9
e,9
that,9
m,9
dickens,9
too,8
x,8
was,8
h,7
th,7
nd,7
which,7
its,7
if,6
even,6
are,6
ill,6
not,6
from,6
n,6
thackeray,6
one,6
w,5
upon,5
no,5
at,5
him,5
often,5
tile,5
st,5
all,5
be,4
own,4
le,4
sense,4
their,4
an,4
f,4
who,4
things,4
sir,4
by,4
this,4
but,4
hi,4
quite,4
life,4
will,4
di,3
great,3
any,3
thai,3
seems,3
up,3
first,3
has,3
do,3
much,3
j,3
need,3
lr,3
our,3
men,3
among,3
under,3
what,3
then,3
poor,3
however,3
may,3
them,3
lind,3
such,3
anthony,3
trollope,3
were,3
arthur,3
couch,3
other,3
anti,2
lo,2
k,2
than,2
so,2
pa,2
down,2
b,2
v,2
we,2
roots,2
more,2
few,2
political,2
rule,2
those,2
xx,2
snob,2
out,2
al,2
lie,2
ll,2
countryside,2
look,2
music,2
note,2
ire,2
about,2
you,2
y,2
follow,2
lit,2
house,2
streaks,2
word,2
volume,2
little,2
when,2
uttered,2
english,2
man,2
town,2
still,2
had,2
into,2
folk,2
kens,2
thin,2
pr,2
without,2
chief,2
recognition,2
city,2
q,2
mean,2
high,2
discursive,2
let,2
new,2
secret,2
head,2
mo,2
hut,2
tao,2
reason,2
author,2
ally,2
imagination,2
fail,2
ad,2
does,2
land,2
mr,2
world,2
rt,2
people,2
charles,2
ever,2
book,2
victorian,2
ir,2
io,2
now,2
reverse,1
cheap,1
behind,1
before,1
chair,1
manifestations,1
merely,1
definition,1
printed,1
cruelty,1
balzac,1
explain,1
cruder,1
handling,1
uneasiness,1
others,1
ne,1
looked,1
triumphant,1
where,1
fated,1
only,1
took,1
c,1
footman,1
attached,1
acquire,1
home,1
jut,1
best,1
put,1
me,1
neighbors,1
understanding,1
conditions,1
sorts,1
knowing,1
succor,1
privilege,1
duty,1
page,1
race,1
alien,1
amid,1
set,1
family,1
eradicated,1
mall,1
temple,1
wick,1
novel,1
later,1
ned,1
incurable,1
rare,1
picture,1
withdrawn,1
circulation,1
conscious,1
henley,1
ailed,1
fresh,1
country,1
ineptitude,1
greater,1
ame,1
like,1
writer,1
sap,1
freshly,1
vital,1
fetching,1
deep,1
ramify,1
reader,1
fall,1
pall,1
find,1
depict,1
chose,1
social,1
say,1
village,1
match,1
field,1
meanly,1
lull,1
taxed,1
dept,1
society,1
gr,1
just,1
uncontrolled,1
revive,1
suspects,1
literature,1
know,1
lends,1
same,1
disadvantage,1
fame,1
interesting,1
tr,1
hulk,1
sits,1
these,1
brion,1
pages,1
solid,1
sturdy,1
taken,1
riper,1
sometimes,1
unity,1
desk,1
concentration,1
shakespeare,1
ted,1
uncertainty,1
cathedral,1
enter,1
rending,1
youth,1
abbey,1
memories,1
related,1
words,1
coupled,1
hall,1
print,1
historic,1
very,1
must,1
characteristic,1
bolstered,1
references,1
lew,1
non,1
involving,1
survive,1
trollop,1
edward,1
sinking,1
homes,1
once,1
hardly,1
lose,1
they,1
ward,1
lecture,1
delivered,1
search,1
deliver,1
command,1
effortless,1
prove,1
scarce,1
haunting,1
lapse,1
ethel,1
can,1
run,1
yourself,1
parts,1
surrender,1
pure,1
envy,1
pl,1
touch,1
novelist,1
almost,1
bane,1
ly,1
italics,1
caching,1
informal,1
loose,1
chided,1
es,1
hen,1
purple,1
unmistakable,1
diets,1
foregoing,1
prose,1
drive,1
lovely,1
liquid,1
felicities,1
always,1
really,1
numerous,1
come,1
running,1
melancholy,1
patches,1
close,1
ors,1
casual,1
most,1
stuff,1
matter,1
jud,1
arc,1
seem,1
while,1
milking,1
knack,1
second,1
casting,1
certain,1
principle,1
eyes,1
lift,1
hard,1
cir,1
patent,1
court,1
prisons,1
injurious,1
d,1
legal,1
saw,1
discrimination,1
have,1
indignation,1
ox,1
dist,1
cruel,1
barton,1
rx,1
xi,1
pool,1
factory,1
pictures,1
vivid,1
mind,1
beyond,1
reform,1
quit,1
simple,1
knit,1
plots,1
tat,1
ken,1
ledger,1
tame,1
item,1
time,1
cardinal,1
indeed,1
kn,1
flail,1
fix,1
vol,1
el,1
hie,1
ct,1
iii,1
your,1
lead,1
waif,1
my,1
ye,1
po,1
g,1
day,1
women,1
invention,1
how,1
molehills,1
themselves,1
subordinate,1
foothills,1
tower,1
finally,1
mountains,1
adjustments,1
shift,1
heights,1
varying,1
recedes,1
landscape,1
fuller,1
henry,1
sons,1
york,1
pp,1
victorians,1
understood,1
never,1
full,1
novels,1
bred,1
novelists,1
extinguished,1
singles,1
having,1
purpose,1
lt,1
itself,1
rn,1
system,1
tit,1
stretch,1
attention,1
share,1
eon,1
rid,1
groups,1
ki,1
fellow,1
endowed,1
there,1
landscapes,1
over,1
eye,1
li,1
end,1
peaks,1
highest,1
mrs,1
disraeli,1
eminences,1
rep,1
fl,1
two,1
ii,1
account,1
should,1
being,1
accuse,1
here,1
made,1
hierarchy,1
east,1
experience,1
claim,1
distributed,1
domestic,1
dom,1
thwarted,1
indian,1
anglo,1
truly,1
anted,1
ouch,1
contemporary,1
allegiance,1
due,1
yet,1
admire,1
charity,1
ed,1
exiled,1
everything,1
ideas,1
pervade,1
fell,1
make,1
creep,1
certainly,1
pretty,1
understand,1
department,1
state,1
secretary,1
some,1
caprice,1
personal,1
means,1
official,1
reward,1
dependent,1
service,1
tradition,1
loyal,1
along,1
upset,1
order,1
tried,1
invade,1
wide,1
cut,1
hy,1
hilt,1
la,1
justify,1
remains,1
thought,1
aptitude,1
knowledge,1
religion,1
real,1
away,1
shuts,1
character,1
colonist,1
ind,1
mere,1
oil,1
ty,1
happening,1
isl,1
jill,1
u,1
riot,1
mi,1
happen,1
dot,1
ba,1
course,1
draw,1
short,1
lies,1
explanation,1
foul,1
acceptable,1
makes,1
ere,1
improvident,1
ah,1
avoiding,1
necessary,1
take,1
us,1
mot,1
warm,1
explained,1
hay,1
able,1
aristotelian,1
talc,1
fairy,1
snobs,1
edition,1
cover,1
detail,1
te,1
trio,1
ac,1
