term,count
the,41
of,14
roman,12
and,9
for,4
common,4
it,4
rome,3
in,3
painted,3
book,3
are,3
to,3
have,3
is,3
forum,3
by,3
on,3
symbol,2
interests,2
which,2
men,2
should,2
that,2
some,2
they,2
never,2
chapters,2
twelve,2
with,2
families,2
business,2
or,2
its,2
but,2
one,2
other,2
noblest,1
life,1
only,1
civic,1
became,1
battleground,1
peace,1
greatness,1
ignoble,1
him,1
civilized,1
upon,1
force,1
necessities,1
n,1
suffered,1
pursuits,1
also,1
an,1
appeared,1
l,1
fountain,1
imprint,1
bear,1
spot,1
he,1
gardens,1
peasants,1
churches,1
noble,1
cardinals,1
places,1
dwelling,1
colosseum,1
aside,1
pantheon,1
shows,1
artist,1
illustrations,1
colored,1
seventy,1
operate,1
co,1
sacrificed,1
were,1
com,1
about,1
sentiments,1
laid,1
present,1
entitled,1
alberto,1
inhabitants,1
acquaintance,1
long,1
their,1
drawn,1
pisa,1
as,1
city,1
al,1
text,1
rancors,1
authors,1
mar,1
each,1
periodicals,1
two,1
magazine,1
s,1
macmillan,1
review,1
monthly,1
british,1
building,1
decoration,1
catacombs,1
guilds,1
where,1
beings,1
human,1
needs,1
hope,1
meeting,1
half,1
civilization,1
man,1
all,1
symbolizes,1
volume,1
speaks,1
beginning,1
writer,1
year,1
since,1
before,1
question,1
cardinal,1
religion,1
princely,1
people,1
company,1
