term,count
the,188
of,129
in,75
to,64
a,60
and,49
is,45
that,43
he,31
be,28
not,27
by,25
for,24
it,21
on,19
as,18
this,18
with,15
his,15
was,14
lowell,14
have,14
opinion,13
are,13
which,13
war,12
dr,12
they,12
would,12
who,11
has,10
more,9
party,9
been,9
at,9
people,9
one,9
public,9
must,8
an,8
were,8
all,8
does,8
than,8
but,8
even,7
made,7
political,7
or,7
them,7
conservative,7
s,7
our,7
parties,7
very,6
president,6
from,6
states,6
if,6
because,6
house,6
him,6
i,6
those,5
after,5
certain,5
men,5
attention,5
much,5
do,5
their,5
good,5
truth,5
toward,5
mr,4
time,4
hindu,4
while,4
says,4
radical,4
age,4
art,4
modern,4
united,4
new,4
important,4
american,4
how,4
man,4
candidate,4
page,4
r,4
become,4
so,4
make,4
democracy,4
will,4
what,4
no,4
may,4
world,4
had,4
could,4
word,3
peace,3
twenty,3
where,3
lords,3
into,3
life,3
england,3
great,3
any,3
election,3
most,3
over,3
function,3
o,3
themselves,3
tho,3
clear,3
practical,3
believed,3
politician,3
us,3
english,3
englishman,3
little,3
way,3
harvard,3
book,3
present,3
state,3
boss,3
boston,3
thinks,3
statistics,3
such,3
show,3
fact,3
human,3
higher,3
less,3
continued,3
when,3
country,3
equality,3
before,3
action,3
upon,3
plane,2
nothing,2
lifted,2
impression,2
point,2
due,2
also,2
interfere,2
psychology,2
largely,2
live,2
personal,2
thereby,2
business,2
view,2
politicians,2
control,2
successful,2
fellow,2
questions,2
purely,2
interferes,2
constantly,2
radicalism,2
struggle,2
we,2
legislatures,2
chapter,2
intense,2
senators,2
left,2
mental,2
french,2
revolution,2
proper,2
without,2
tarred,2
especially,2
can,2
many,2
having,2
bis,2
already,2
unless,2
course,2
covenant,2
valid,2
j,2
emotion,2
points,2
concerned,2
only,2
failure,2
turn,2
out,2
consideration,2
almost,2
marked,2
offices,2
reformers,2
among,2
instead,2
trend,2
take,2
tendencies,2
lines,2
every,2
sense,2
charitable,2
drives,2
desire,2
person,2
thought,2
there,2
volume,2
both,2
france,2
nations,2
policies,2
discovered,2
until,2
condition,2
university,2
triumph,2
persuade,2
give,2
years,2
exist,2
too,2
process,2
circumstances,2
voter,2
south,2
suddenly,2
north,2
known,2
believe,2
old,2
late,2
tweed,2
well,2
hopelessly,2
considered,2
wen,2
republican,2
really,2
personality,2
possible,2
vote,2
dogmatic,2
future,2
taken,2
failed,2
generally,2
distinguished,2
citizen,2
follow,2
contented,2
ha,2
measure,2
followed,2
reaction,2
car,2
safe,2
influence,2
supposed,2
suspect,2
between,2
did,2
see,2
hardly,2
government,2
civil,2
today,2
assumption,2
worked,2
alternatives,2
greater,2
platforms,2
might,2
number,2
some,2
readers,2
greatest,2
motives,2
probably,2
proposition,1
should,1
wife,1
tacky,1
later,1
logically,1
another,1
result,1
oppose,1
ought,1
offered,1
popular,1
choice,1
anarchy,1
probable,1
majority,1
still,1
illustration,1
governor,1
pleases,1
takes,1
issue,1
author,1
prevention,1
h,1
works,1
brought,1
dared,1
working,1
nope,1
sacrifice,1
spiritual,1
allies,1
exaltation,1
spirit,1
cause,1
wild,1
progress,1
enthusiastic,1
mankind,1
deep,1
chagrin,1
pronounced,1
ecstasy,1
urged,1
en,1
better,1
come,1
bad,1
experience,1
fourth,1
dimension,1
everybody,1
accomplished,1
notwithstanding,1
long,1
force,1
arms,1
lasting,1
explained,1
fighting,1
workingmen,1
end,1
cabinet,1
difference,1
reform,1
generation,1
treaty,1
versailles,1
league,1
calls,1
remarkably,1
napoleon,1
re,1
publican,1
wilson,1
republicans,1
paris,1
invited,1
postponed,1
wars,1
introduce,1
reduction,1
stimulating,1
utopia,1
labor,1
passage,1
suggestive,1
couple,1
wages,1
history,1
discontent,1
strikes,1
foreseen,1
written,1
large,1
pages,1
materialism,1
chameleon,1
low,1
race,1
directly,1
masterly,1
document,1
worth,1
gravest,1
hold,1
fraternity,1
imperfect,1
entire,1
compromises,1
liberty,1
aspect,1
timid,1
statesmen,1
complacent,1
dare,1
consider,1
thoroughly,1
consulting,1
series,1
penetration,1
laws,1
however,1
defeat,1
exercise,1
exists,1
effective,1
governments,1
barrier,1
makers,1
own,1
through,1
devices,1
reasonable,1
economic,1
waste,1
paragraphs,1
enabled,1
f,1
constitution,1
powers,1
manifests,1
unpopularity,1
easier,1
real,1
object,1
tremendous,1
brothers,1
rapidity,1
style,1
determination,1
precisely,1
reading,1
explanation,1
stimulant,1
careful,1
analysis,1
create,1
support,1
issues,1
fate,1
nation,1
victory,1
scientific,1
fearlessly,1
service,1
defining,1
showing,1
inadequate,1
nature,1
dally,1
food,1
slogan,1
perform,1
coming,1
gives,1
relations,1
fallacies,1
mock,1
reconstruction,1
welcome,1
rather,1
surprise,1
citizens,1
say,1
upper,1
ell,1
against,1
water,1
youth,1
expected,1
reaches,1
middle,1
gained,1
goods,1
discovers,1
conditions,1
friends,1
violently,1
axiom,1
moderate,1
forty,1
existence,1
irritates,1
work,1
comparatively,1
unstable,1
assumes,1
reflect,1
forms,1
alternative,1
stood,1
drifted,1
mere,1
negative,1
resumed,1
its,1
normal,1
doubtless,1
reputation,1
disagree,1
l,1
conservatives,1
seems,1
strangely,1
sure,1
becomes,1
earns,1
finished,1
c,1
therefore,1
stream,1
counteract,1
conceal,1
british,1
tells,1
nearly,1
pushed,1
backward,1
increasing,1
radicals,1
elements,1
super,1
sons,1
liberal,1
peers,1
enter,1
find,1
nipped,1
bud,1
adopting,1
recruited,1
depravity,1
around,1
beings,1
sake,1
continent,1
europe,1
bite,1
individuals,1
tend,1
move,1
diagram,1
each,1
direction,1
hands,1
clock,1
possibly,1
continuous,1
fa,1
self,1
evident,1
two,1
objects,1
her,1
communities,1
degree,1
machinery,1
nominations,1
things,1
irritated,1
ana,1
caused,1
suppose,1
fetters,1
extend,1
regions,1
feet,1
weak,1
perceiving,1
save,1
leas,1
local,1
extreme,1
properly,1
matters,1
senate,1
contaminated,1
bosses,1
results,1
votes,1
commons,1
closely,1
either,1
vastly,1
activity,1
told,1
electing,1
despotically,1
private,1
despotism,1
perhaps,1
chiefly,1
smaller,1
rarely,1
stand,1
chance,1
order,1
himself,1
plain,1
yet,1
unnecessarily,1
diffuse,1
analytical,1
formation,1
accentuates,1
obvious,1
hi,1
shows,1
student,1
influencing,1
principal,1
value,1
simply,1
unsaid,1
leaves,1
divide,1
fail,1
nominated,1
wears,1
label,1
inclined,1
assume,1
organization,1
directs,1
observe,1
represented,1
measures,1
congress,1
part,1
bills,1
being,1
prepared,1
committees,1
get,1
colored,1
lady,1
happening,1
looked,1
classed,1
changed,1
textbook,1
classes,1
tammany,1
hall,1
school,1
efficiency,1
begun,1
seriously,1
studied,1
mention,1
asserts,1
followers,1
implication,1
doubt,1
then,1
meant,1
ago,1
near,1
review,1
maurice,1
francis,1
egan,1
abbott,1
cambridge,1
press,1
these,1
five,1
days,1
touch,1
interesting,1
otherwise,1
merely,1
academic,1
mean,1
enough,1
shocking,1
wise,1
unveil,1
collector,1
mind,1
up,1
happy,1
consummation,1
insinuates,1
telling,1
story,1
negro,1
porter,1
la,1
pullman,1
refused,1
privilege,1
standing,1
platform,1
said,1
individual,1
analyzes,1
intend,1
intention,1
naked,1
frank,1
alludes,1
managers,1
mendicant,1
orders,1
second,1
franciscans,1
leaders,1
begged,1
build,1
hospitals,1
never,1
quite,1
expert,1
paid,1
repeats,1
know,1
strong,1
machines,1
lincoln,1
alleged,1
remark,1
pardoning,1
deserter,1
shooting,1
encourage,1
enormous,1
desertions,1
tie,1
direct,1
primary,1
politics,1
assist,1
presenting,1
reduce,1
illegitimate,1
imagination,1
principle,1
bold,1
problems,1
tills,1
habit,1
training,1
acquiring,1
excuse,1
slow,1
teaching,1
solved,1
hard,1
rapid,1
imparting,1
principles,1
educated,1
sympathy,1
bound,1
clearness,1
power,1
elected,1
emphasis,1
elections,1
begins,1
feminine,1
voters,1
whose,1
means,1
woman,1
impressed,1
looks,1
male,1
predicted,1
veteran,1
deceived,1
antiquated,1
traditions,1
hitherto,1
speech,1
influential,1
suspense,1
remain,1
expectant,1
w,1
question,1
policy,1
special,1
grouping,1
clearly,1
explains,1
national,1
unite,1
attitudes,1
chooses,1
put,1
map,1
glowing,1
colors,1
thrust,1
picturesque,1
facts,1
mass,1
thing,1
sifting,1
least,1
times,1
happiness,1
leaser,1
caste,1
faith,1
belief,1
extent,1
tolerant,1
vagaries,1
western,1
barbarian,1
respect,1
fashioned,1
believes,1
use,1
insists,1
entitled,1
ions,1
futile,1
attacks,1
necessary,1
rubbed,1
violence,1
again,1
evanescent,1
constant,1
succession,1
rubs,1
discussion,1
prejudices,1
convictions,1
plastic,1
anecdote,1
attempt,1
doctrine,1
right,1
likely,1
misled,1
single,1
capacity,1
profession,1
ability,1
distinguish,1
essential,1
factors,1
problem,1
moans,1
vital,1
concentration,1
keep,1
fixed,1
granted,1
apply,1
education,1
acquire,1
analyzing,1
truly,1
basis,1
case,1
successfully,1
attracts,1
drawn,1
happenings,1
same,1
dealing,1
tics,1
cases,1
used,1
predilection,1
persuasion,1
consists,1
discovering,1
aspects,1
subject,1
influenced,1
lie,1
depend,1
