term,count
the,60
of,44
a,28
and,26
in,22
you,20
is,18
he,17
to,16
that,14
london,13
as,10
an,8
his,8
for,7
are,7
on,7
not,7
by,7
it,7
has,6
does,6
be,5
because,5
but,5
with,5
much,5
this,5
s,4
have,4
can,4
plain,4
we,4
so,4
there,4
who,3
past,3
like,3
air,3
block,3
sense,3
i,3
never,3
your,3
prayer,3
might,3
everyday,3
temple,3
consciousness,3
would,3
city,3
such,3
ordinary,3
seeing,3
been,3
intimate,3
then,3
opinions,2
latter,2
any,2
prefers,2
paul,2
among,2
fie,2
james,2
since,2
their,2
book,2
feeling,2
tea,2
most,2
study,2
co,2
things,2
people,2
abbey,2
st,2
said,2
if,2
genus,2
author,2
opening,2
hare,2
work,2
way,2
hat,2
must,2
york,2
new,2
all,2
say,2
trippers,2
translation,2
one,2
up,2
man,2
down,2
usually,2
fact,2
better,2
perhaps,2
do,2
quick,2
about,2
picture,2
miles,2
than,2
poet,2
treatise,2
without,2
upon,2
gives,2
place,2
henry,2
hut,2
some,2
millions,1
home,1
seven,1
hardly,1
other,1
chapter,1
shapeless,1
vanish,1
broad,1
dust,1
lives,1
r,1
p,1
expresses,1
pulse,1
into,1
last,1
crumble,1
morrow,1
tens,1
thousands,1
mental,1
dwelling,1
ways,1
scattered,1
land,1
foreign,1
manners,1
men,1
philosophy,1
plane,1
traveler,1
judge,1
run,1
general,1
adjusted,1
balance,1
treated,1
victoria,1
already,1
nothing,1
thoughts,1
londoner,1
es,1
far,1
cit,1
great,1
behind,1
idea,1
stupendous,1
lose,1
tired,1
sightseeing,1
aware,1
may,1
j,1
tourists,1
thus,1
coincide,1
quite,1
passages,1
charming,1
tire,1
what,1
deletion,1
entitled,1
century,1
nineteenth,1
stefan,1
f,1
made,1
european,1
catholics,1
authorized,1
excellent,1
make,1
published,1
permitted,1
volume,1
hours,1
live,1
world,1
clues,1
eminent,1
right,1
french,1
interest,1
considerable,1
candor,1
w,1
john,1
boston,1
worst,1
best,1
father,1
both,1
de,1
rare,1
puts,1
characterized,1
critical,1
which,1
aroused,1
admirable,1
readers,1
american,1
before,1
within,1
close,1
at,1
dignity,1
inspirational,1
comes,1
camp,1
living,1
experienced,1
h,1
paris,1
luce,1
calls,1
alien,1
myself,1
felt,1
huge,1
solidarity,1
comforting,1
awake,1
human,1
pleasant,1
night,1
where,1
after,1
houses,1
homes,1
singular,1
life,1
alone,1
practice,1
secondary,1
else,1
deals,1
everything,1
multiply,1
condemned,1
remarking,1
business,1
primary,1
feel,1
commerce,1
creeping,1
northward,1
use,1
ll,1
stick,1
simply,1
remark,1
beans,1
butter,1
bread,1
really,1
table,1
village,1
greenwich,1
effete,1
headed,1
jolly,1
level,1
sanity,1
assurance,1
same,1
imparts,1
beading,1
old,1
ray,1
books,1
via,1
v,1
augustus,1
master,1
let,1
dreams,1
reverence,1
lacking,1
nor,1
superficial,1
they,1
crisp,1
observations,1
gait,1
going,1
keep,1
go,1
limit,1
speed,1
exceeds,1
foggy,1
respectable,1
dear,1
alley,1
continental,1
dive,1
thing,1
proper,1
vogue,1
came,1
masses,1
touring,1
more,1
done,1
being,1
finally,1
first,1
write,1
courage,1
requires,1
illustrated,1
side,1
discover,1
loves,1
little,1
unabashed,1
wit,1
quicker,1
eye,1
pen,1
facile,1
when,1
silence,1
listen,1
sit,1
know,1
folks,1
common,1
meantime,1
dilate,1
corner,1
frequented,1
moreover,1
making,1
subject,1
g,1
soho,1
good,1
poor,1
british,1
tile,1
thinks,1
tomb,1
empty,1
example,1
visualize,1
many,1
fr,1
store,1
disappointments,1
will,1
out,1
start,1
lake,1
violent,1
dislike,1
mainly,1
abide,1
dismisses,1
occasions,1
longer,1
places,1
due,1
tote,1
inclined,1
sometimes,1
though,1
amuses,1
narration,1
style,1
ii,1
bohemianism,1
enjoy,1
pretending,1
sight,1
beloved,1
loci,1
respectively,1
forget,1
even,1
feelings,1
own,1
well,1
history,1
embody,1
words,1
few,1
condenses,1
spots,1
historic,1
e,1
dissertations,1
long,1
knowing,1
sensation,1
flattering,1
recollections,1
present,1
establish,1
time,1
atmosphere,1
lure,1
chapters,1
naughty,1
or,1
whether,1
together,1
stones,1
paving,1
knock,1
heels,1
ahead,1
strides,1
him,1
walk,1
used,1
worn,1
sons,1
