term,count
the,31
of,18
and,10
to,9
is,9
in,8
as,7
page,7
a,7
it,6
they,5
are,5
should,4
not,4
be,3
for,3
that,3
have,3
before,3
their,3
upon,3
by,3
stories,2
these,2
children,2
babyhood,2
more,2
important,2
play,2
them,2
such,2
written,2
water,2
on,2
opossum,2
most,2
nature,2
an,2
so,2
well,2
babies,2
wilderness,2
lives,2
whales,2
folk,2
wild,2
where,1
distinct,1
untaught,1
young,1
creatures,1
include,1
she,1
careful,1
knowledge,1
writer,1
ions,1
naturalist,1
at,1
home,1
instinct,1
give,1
land,1
than,1
revision,1
does,1
may,1
teach,1
foundation,1
pure,1
fiction,1
l,1
notion,1
putting,1
wildcat,1
rout,1
hardly,1
serious,1
wily,1
did,1
family,1
possum,1
dogs,1
charm,1
get,1
prone,1
beyond,1
bring,1
being,1
sucker,1
drawing,1
legend,1
feet,1
neither,1
can,1
wrong,1
mussels,1
has,1
swim,1
about,1
except,1
never,1
search,1
food,1
depend,1
figure,1
currents,1
aliment,1
myriad,1
means,1
her,1
killers,1
would,1
depth,1
evidenced,1
b,1
perfect,1
examples,1
starfish,1
do,1
float,1
along,1
quite,1
make,1
only,1
able,1
slowly,1
herd,1
over,1
mammals,1
bottom,1
no,1
birds,1
fierce,1
too,1
modern,1
writers,1
simple,1
tales,1
based,1
generally,1
known,1
bare,1
facts,1
grown,1
positively,1
ups,1
but,1
entirely,1
satisfactory,1
all,1
because,1
emphasis,1
true,1
laid,1
many,1
portrayed,1
animals,1
tragic,1
julia,1
augusta,1
schwartz,1
illustrated,1
pp,1
mo,1
cloth,1
boston,1
little,1
brown,1
co,1
relief,1
turn,1
from,1
long,1
drawn,1
out,1
complicated,1
usually,1
element,1
immoral,1
wolf,1
builders,1
lay,1
eggs,1
sand,1
any,1
feathers,1
when,1
hatched,1
meg,1
mound,1
ila,1
afflict,1
hatch,1
full,1
winged,1
absolutely,1
independent,1
parents,1
statements,1
bear,1
surly,1
reptiles,1
edition,1
another,1
corrected,1
childhood,1
with,1
tragedies,1
bird,1
beast,1
been,1
recorded,1
we,1
gratefully,1
welcome,1
book,1
different,1
vein,1
however,1
truly,1
present,1
certain,1
slips,1
verity,1
whom,1
