term,count
the,115
of,95
and,55
in,52
to,38
a,36
is,33
he,30
his,24
that,19
for,19
be,17
i,16
it,16
but,15
have,14
on,13
mr,12
not,12
we,11
yeats,11
as,11
at,11
one,10
who,10
with,10
th,9
by,9
l,9
been,8
old,8
or,8
has,8
would,7
o,7
more,7
will,7
so,7
are,6
their,6
work,6
very,6
me,6
all,6
t,6
d,6
my,6
from,5
r,5
s,5
e,5
poet,5
an,5
must,5
fire,5
m,5
n,5
b,5
when,5
had,5
time,5
you,4
than,4
its,4
him,4
first,4
there,4
re,4
h,4
like,4
nd,4
without,4
if,4
poems,4
any,4
never,4
these,4
could,4
might,4
known,3
other,3
volume,3
may,3
merry,3
what,3
once,3
p,3
through,3
peter,3
sir,3
sense,3
many,3
well,3
common,3
upon,3
edition,3
books,3
them,3
they,3
always,3
little,3
book,3
poetry,3
hy,3
too,3
this,3
night,3
men,3
michael,3
out,3
tho,3
thought,3
u,3
her,2
lyric,2
yet,2
ha,2
us,2
different,2
ill,2
event,2
eight,2
irish,2
put,2
readers,2
delayed,2
air,2
country,2
young,2
meaning,2
spencer,2
day,2
led,2
pity,2
preface,2
only,2
down,2
idea,2
abroad,2
because,2
least,2
she,2
io,2
v,2
homely,2
mean,2
fact,2
under,2
life,2
po,2
up,2
into,2
doubt,2
familiar,2
le,2
things,2
added,2
away,2
such,2
history,2
ham,2
iron,2
gift,2
rare,2
italy,2
no,2
sincere,2
most,2
was,2
love,2
verso,2
tn,2
cl,2
inspiration,2
w,2
robert,2
peel,2
c,2
fiddler,2
true,2
mot,2
need,2
interest,2
do,2
often,2
world,2
union,2
few,2
made,2
which,2
dance,2
cousin,2
new,2
good,2
wave,2
collected,2
revival,2
folk,2
priest,2
two,2
volumes,2
command,2
fiddle,2
noyes,2
house,2
lord,2
sea,2
come,2
can,2
nun,2
brother,2
read,2
were,2
author,2
artist,1
prolonged,1
trough,1
word,1
before,1
brief,1
err,1
planets,1
k,1
robes,1
purple,1
wrapped,1
kn,1
belong,1
hell,1
said,1
defend,1
angels,1
great,1
seals,1
fie,1
ideals,1
hath,1
successful,1
bleed,1
sent,1
seem,1
achievements,1
right,1
happy,1
halcyon,1
tire,1
arouse,1
care,1
explained,1
elaborate,1
tent,1
now,1
notes,1
rea,1
deem,1
should,1
says,1
present,1
condemns,1
poise,1
understand,1
unmoved,1
lev,1
secret,1
while,1
admiration,1
sentiment,1
story,1
responsive,1
needs,1
find,1
especially,1
human,1
forces,1
where,1
thing,1
chair,1
point,1
firm,1
judgment,1
ground,1
maturity,1
hope,1
material,1
dreams,1
lag,1
ends,1
remain,1
triviality,1
perfectly,1
some,1
ballads,1
deal,1
vague,1
easy,1
controls,1
supplement,1
ye,1
closely,1
watched,1
excites,1
machine,1
man,1
agitator,1
followed,1
keenly,1
progress,1
free,1
trade,1
ultimately,1
studies,1
purpose,1
walpole,1
portrait,1
patton,1
here,1
lome,1
chapter,1
also,1
biography,1
studio,1
entitled,1
essays,1
writer,1
english,1
cir,1
characters,1
adopted,1
undoubtedly,1
loyalty,1
prepared,1
boon,1
nurtured,1
revolution,1
originated,1
statesman,1
beech,1
race,1
played,1
policy,1
blood,1
deals,1
disraeli,1
ans,1
bismarck,1
hal,1
monarch,1
accomplished,1
whether,1
doubtful,1
ia,1
emancipation,1
mud,1
events,1
trend,1
again,1
adopt,1
commons,1
persuaded,1
food,1
cheap,1
necessity,1
historical,1
ilk,1
beauty,1
though,1
dan,1
ger,1
possibility,1
rather,1
poetic,1
oven,1
even,1
pan,1
clear,1
mentality,1
ono,1
real,1
quality,1
lt,1
less,1
much,1
ts,1
course,1
dramas,1
lose,1
fear,1
y,1
ar,1
afford,1
scarcely,1
nance,1
mus,1
caution,1
ventures,1
ac,1
tl,1
lapse,1
glad,1
oh,1
elation,1
intensity,1
exaltation,1
ourself,1
neither,1
ls,1
case,1
hand,1
slayer,1
excellent,1
passages,1
declare,1
say,1
trying,1
exact,1
rapt,1
catt,1
borne,1
every,1
contrary,1
misty,1
fancying,1
carr,1
novel,1
beginners,1
coon,1
dream,1
usual,1
faults,1
show,1
doe,1
just,1
william,1
wife,1
inti,1
scene,1
phrase,1
blending,1
masterly,1
shows,1
successfully,1
boa,1
heart,1
land,1
indeed,1
blank,1
dr,1
consideration,1
distinctly,1
dignity,1
unlike,1
until,1
issued,1
plays,1
velum,1
second,1
ix,1
critics,1
attention,1
seine,1
works,1
poetical,1
mon,1
fancy,1
take,1
home,1
dawn,1
exceptional,1
power,1
remarkable,1
ins,1
fall,1
your,1
bread,1
ed,1
pyx,1
boisterous,1
ride,1
scour,1
mend,1
get,1
example,1
hart,1
father,1
mona,1
g,1
deafened,1
over,1
doubled,1
thatch,1
hook,1
took,1
calves,1
go,1
bade,1
americas,1
carry,1
becoming,1
prevailing,1
robust,1
feeble,1
himself,1
shut,1
nor,1
means,1
singer,1
selfish,1
willful,1
lovers,1
intelligent,1
standards,1
commercial,1
influenced,1
yo,1
bent,1
following,1
scrupulous,1
bliss,1
review,1
saturday,1
times,1
york,1
written,1
epic,1
earlier,1
celtic,1
alfred,1
lie,1
befitted,1
sc,1
since,1
practical,1
enough,1
plenty,1
found,1
wag,1
reality,1
elvish,1
sb,1
lon,1
fervid,1
ago,1
years,1
tour,1
fine,1
leader,1
md,1
mater,1
recent,1
authentic,1
tr,1
lye,1
appearance,1
um,1
phase,1
touch,1
ways,1
al,1
elfin,1
touching,1
flat,1
dead,1
j,1
evil,1
save,1
gate,1
call,1
three,1
emile,1
end,1
songs,1
passed,1
x,1
play,1
rating,1
ev,1
qt,1
spy,1
lust,1
loses,1
hie,1
fairy,1
came,1
tirol,1
far,1
act,1
matter,1
el,1
ea,1
writing,1
heads,1
chance,1
hey,1
knowledge,1
tile,1
hurried,1
awoke,1
weariness,1
asleep,1
fell,1
appointment,1
keeping,1
instead,1
parishioner,1
dying,1
bedside,1
called,1
wm,1
how,1
dunce,1
lay,1
sods,1
green,1
beds,1
flock,1
half,1
weary,1
baikal,1
ballad,1
manner,1
poem,1
beautiful,1
another,1
myth,1
supposition,1
bombastic,1
entirely,1
note,1
explanatory,1
extensive,1
reeds,1
among,1
wind,1
attested,1
thia,1
aware,1
blind,1
quite,1
references,1
unfamiliar,1
forgets,1
pose,1
ills,1
feel,1
native,1
myths,1
steeped,1
mistaken,1
obscurity,1
ave,1
workmanship,1
turgid,1
mysticism,1
obscure,1
sometimes,1
follows,1
ted,1
writes,1
way,1
mar,1
hen,1
biol,1
brooding,1
pride,1
ltd,1
company,1
macmillan,1
yetis,1
z,1
ks,1
simplicity,1
la,1
itself,1
principles,1
hugh,1
form,1
merely,1
name,1
blown,1
water,1
reflected,1
rosaries,1
cr,1
mac,1
students,1
probable,1
mind,1
chancellor,1
