term,count
and,35
a,31
the,31
in,23
of,19
was,15
to,13
she,13
an,10
all,8
with,8
her,8
s,8
penelope,7
but,6
tile,6
who,5
is,5
lady,5
not,5
no,5
mr,5
for,5
one,5
such,4
he,4
roberts,4
at,4
his,4
by,4
had,4
that,4
it,3
must,3
men,3
eight,3
lord,3
so,3
jew,3
them,3
their,3
would,3
which,3
has,3
been,3
about,2
widely,2
different,2
mother,2
father,2
american,2
still,2
especially,2
each,2
young,2
marquis,2
timid,2
have,2
way,2
time,2
o,2
called,2
good,2
reform,2
be,2
war,2
tie,2
husband,2
society,2
exercises,2
q,2
herself,2
ill,2
woman,2
much,2
know,2
announced,2
upon,2
world,2
as,2
make,2
simplicity,2
serious,2
on,2
they,2
are,2
rachel,2
country,2
what,2
whose,2
amazing,2
morley,2
womanhood,2
r,1
rufus,1
its,1
point,1
endowed,1
james,1
airy,1
ire,1
alleged,1
born,1
this,1
virginia,1
plant,1
knot,1
idiom,1
rural,1
anew,1
england,1
balloonist,1
ideals,1
notion,1
public,1
wedding,1
or,1
too,1
two,1
insist,1
offended,1
vowed,1
semite,1
tic,1
gordon,1
accused,1
genius,1
financial,1
manner,1
spontaneous,1
audacity,1
norfolk,1
matters,1
leopold,1
c,1
arms,1
v,1
won,1
guards,1
having,1
respectable,1
luna,1
course,1
before,1
salt,1
clever,1
satire,1
real,1
touching,1
courtesy,1
solemn,1
astonishing,1
number,1
wag,1
levi,1
isaac,1
himself,1
married,1
we,1
registrar,1
these,1
tiling,1
moves,1
gravely,1
mostly,1
inflictions,1
motor,1
under,1
promised,1
beautifully,1
cars,1
vote,1
defying,1
speed,1
behaved,1
publicly,1
mad,1
rather,1
son,1
times,1
there,1
year,1
names,1
birth,1
named,1
word,1
marry,1
kept,1
mentioned,1
blushes,1
gaspingly,1
together,1
later,1
limits,1
like,1
because,1
large,1
improving,1
imposed,1
race,1
disqualification,1
devilishly,1
pain,1
resolve,1
then,1
cunning,1
man,1
happy,1
besides,1
announcement,1
d,1
do,1
soldier,1
you,1
read,1
keats,1
poet,1
end,1
exchange,1
gifts,1
i,1
almost,1
go,1
till,1
ballooning,1
conventions,1
wile,1
prejudiced,1
abhorred,1
play,1
de,1
comedy,1
happen,1
allowed,1
said,1
pen,1
bold,1
case,1
gayest,1
farce,1
makes,1
great,1
tragedy,1
produces,1
atmosphere,1
provincial,1
narrow,1
women,1
shocking,1
things,1
effect,1
earl,1
humorous,1
liberal,1
nobleman,1
my,1
quaint,1
assigned,1
orphan,1
left,1
early,1
moats,1
houses,1
old,1
collecting,1
passion,1
vast,1
both,1
quality,1
book,1
pp,1
aspects,1
ran,1
novel,1
last,1
co,1
page,1
boston,1
mo,1
same,1
brown,1
william,1
arthur,1
illustrated,1
admiral,1
promotion,1
author,1
limited,1
horizons,1
executed,1
feat,1
essentially,1
yet,1
obstacles,1
puny,1
over,1
serenely,1
rides,1
superstitions,1
idols,1
immemorial,1
abused,1
cruelly,1
bred,1
utter,1
agility,1
turn,1
though,1
often,1
bernard,1
hellions,1
ands,1
money,1
tad,1
hospital,1
nearest,1
show,1
national,1
heard,1
establishing,1
subscribed,1
water,1
cold,1
used,1
hygiene,1
constitution,1
ho,1
straightforward,1
simple,1
utterly,1
adequate,1
picture,1
others,1
ii,1
big,1
groat,1
len,1
particular,1
hands,1
wax,1
ere,1
creatures,1
improve,1
set,1
delightful,1
physicians,1
eminent,1
sister,1
healthy,1
therefore,1
twenty,1
impulses,1
thwart,1
did,1
education,1
neglected,1
means,1
naturally,1
up,1
grow,1
ward,1
let,1
house,1
upper,1
th,1
handsome,1
wife,1
wise,1
deceased,1
politicians,1
clergymen,1
believed,1
detail,1
more,1
perfect,1
short,1
humor,1
lad,1
bea,1
tee,1
leg,1
residuary,1
rich,1
resentment,1
