term,count
of,27
the,24
and,19
a,19
is,14
in,14
to,12
i,10
that,9
has,7
it,7
she,7
her,6
l,6
by,6
was,5
on,5
not,5
so,4
s,4
years,4
an,4
c,3
fiction,3
story,3
short,3
life,3
are,3
n,3
he,3
this,3
or,3
atmosphere,3
true,2
character,2
ly,2
from,2
war,2
off,2
at,2
written,2
forty,2
london,2
many,2
novels,2
its,2
all,2
real,2
literary,2
striking,2
never,2
own,2
ago,2
o,2
with,2
mrs,2
our,2
e,2
y,2
v,2
such,2
for,2
spiritual,2
home,1
unlike,1
lice,1
heroine,1
rs,1
original,1
well,1
any,1
natural,1
other,1
can,1
recall,1
actions,1
yet,1
generous,1
com,1
helping,1
characters,1
told,1
treatise,1
education,1
conclusion,1
good,1
last,1
one,1
masterpiece,1
produced,1
younger,1
year,1
think,1
people,1
pleasant,1
hose,1
obscurity,1
writers,1
behavior,1
excellent,1
end,1
unconsciously,1
rt,1
lives,1
turned,1
integral,1
part,1
could,1
possibly,1
detached,1
hint,1
al,1
resultant,1
forces,1
voice,1
dead,1
same,1
developed,1
ye,1
p,1
stronger,1
which,1
arc,1
represented,1
they,1
seem,1
convincing,1
ix,1
int,1
artistic,1
nobility,1
breathes,1
find,1
hawthorne,1
back,1
hen,1
w,1
as,1
translated,1
square,1
equal,1
situation,1
into,1
toward,1
direct,1
but,1
no,1
means,1
book,1
interest,1
reader,1
hiss,1
interesting,1
dull,1
literally,1
most,1
quality,1
el,1
do,1
trot,1
should,1
hare,1
arid,1
buoyant,1
influences,1
supers,1
universal,1
attention,1
ii,1
charles,1
ons,1
art,1
tire,1
since,1
t,1
time,1
stories,1
sketches,1
ed,1
hand,1
whorl,1
none,1
them,1
cu,1
either,1
reputation,1
value,1
look,1
mentioned,1
when,1
admirers,1
attracted,1
deservedly,1
woman,1
michael,1
summer,1
reading,1
novel,1
supernatural,1
element,1
wk,1
clifford,1
latest,1
irvin,1
cobb,1
roland,1
wood,1
worldly,1
others,1
william,1
lyon,1
phelps,1
nearly,1
thirty,1
ford,1
published,1
work,1
love,1
letters,1
celt,1
drat,1
there,1
vt,1
only,1
lout,1
marriage,1
ideal,1
happiness,1
intimate,1
given,1
heart,1
through,1
yearn,1
xi,1
source,1
tune,1
unmixed,1
during,1
long,1
period,1
ir,1
rn,1
under,1
inspiration,1
partly,1
account,1
re,1
ha,1
married,1
strange,1
au,1
froth,1
surd,1
ms,1
producing,1
lest,1
career,1
miss,1
genius,1
who,1
contrived,1
make,1
amazingly,1
gas,1
tile,1
society,1
thought,1
philosopher,1
cut,1
age,1
chose,1
about,1
him,1
still,1
died,1
motive,1
