term,count
the,157
of,93
and,68
in,56
a,53
to,40
is,28
that,21
by,21
i,20
as,20
dr,19
be,19
are,19
with,18
africa,17
it,16
this,16
for,15
jones,15
on,14
education,13
not,12
his,12
which,12
there,11
at,10
but,10
he,10
its,9
has,9
who,8
was,8
or,8
report,7
continent,7
where,7
so,7
east,6
from,6
great,6
stokes,6
an,6
all,6
like,5
been,5
world,5
s,5
t,5
phelps,5
america,5
would,5
commission,5
african,5
even,5
only,5
have,5
cooperation,5
jesse,5
thomas,4
they,4
any,4
may,4
life,4
can,4
no,4
their,4
more,4
fund,4
l,4
peace,4
civilization,4
church,4
such,4
colored,3
about,3
country,3
people,3
colleges,3
other,3
self,3
h,3
strong,3
controversy,3
equal,3
what,3
far,3
over,3
now,3
training,3
whole,3
here,3
conditions,3
book,3
europe,3
especially,3
result,3
words,3
should,3
government,3
almost,3
must,3
among,3
good,3
between,3
we,3
work,3
days,3
those,3
religion,3
independence,3
south,3
public,3
these,3
british,3
throughout,2
hand,2
india,2
china,2
general,2
thought,2
spiritual,2
terms,2
institute,2
e,2
forty,2
environment,2
west,2
applied,2
brain,2
himself,2
physical,2
mental,2
caught,2
changed,2
ha,2
following,2
out,2
year,2
left,2
th,2
backward,2
ethiopia,2
him,2
vast,2
j,2
hat,2
profound,2
standing,2
states,2
labels,2
both,2
deal,2
under,2
attitude,2
one,2
missions,2
united,2
schools,2
necessarily,2
natives,2
moral,2
change,2
read,2
essential,2
therefore,2
development,2
christian,2
pages,2
q,2
prince,2
regent,2
missionary,2
quote,2
than,2
first,2
serve,2
white,2
thus,2
perspective,2
introduction,2
department,2
missionaries,2
called,2
time,2
hampton,2
paternalism,2
archbishop,2
colonial,2
plea,2
england,2
ago,2
long,2
volume,2
mankind,2
will,2
yet,2
mere,2
st,2
fairy,2
canterbury,2
london,2
importance,2
war,2
how,2
review,2
masterly,2
ir,2
races,2
negro,2
issued,2
new,2
chairman,2
second,2
prepared,2
mission,2
misunderstandings,2
after,2
until,2
american,2
day,2
o,2
hi,2
citizen,2
just,1
crossing,1
oceans,1
adequately,1
ninnies,1
might,1
bring,1
worthy,1
beneficial,1
remote,1
taking,1
care,1
health,1
chain,1
amble,1
small,1
weakest,1
upon,1
count,1
abundant,1
dominant,1
link,1
abandoned,1
isolation,1
eu,1
rope,1
subscribing,1
western,1
mis,1
ions,1
favored,1
praising,1
hut,1
matter,1
c,1
amt,1
most,1
reported,1
toward,1
office,1
arrive,1
require,1
amazement,1
expressed,1
again,1
merchants,1
churches,1
officials,1
es,1
also,1
classes,1
canyons,1
welfare,1
pleads,1
never,1
material,1
eve,1
realizes,1
sured,1
partnership,1
x,1
ill,1
every,1
meant,1
tile,1
keynote,1
definable,1
scarcely,1
accessible,1
diagnosis,1
side,1
mainly,1
lo,1
minds,1
influence,1
justified,1
exerts,1
serfs,1
many,1
lands,1
paper,1
owning,1
wealthy,1
abyssinia,1
below,1
reaction,1
exhausted,1
neighborhood,1
timber,1
store,1
par,1
optimism,1
soon,1
residence,1
ono,1
emperor,1
since,1
capital,1
permanent,1
recently,1
scraps,1
justice,1
elf,1
les,1
scored,1
us,1
hermitage,1
nation,1
endure,1
fact,1
weak,1
zeal,1
despite,1
means,1
christmas,1
fore,1
lent,1
ignorance,1
covenants,1
none,1
wednesdays,1
marked,1
fast,1
sundays,1
well,1
sabbath,1
jewish,1
including,1
backed,1
feast,1
holidays,1
keep,1
knowledge,1
churchmen,1
contact,1
tend,1
along,1
determination,1
ideals,1
represented,1
frank,1
meat,1
writes,1
much,1
aiming,1
m,1
ion,1
girls,1
trusteeship,1
mandate,1
protectorate,1
colony,1
recent,1
conflicting,1
hatreds,1
shrewd,1
separations,1
irritations,1
populations,1
discerning,1
contrasts,1
flagrant,1
d,1
find,1
mediocre,1
oriental,1
less,1
inferiority,1
farsighted,1
said,1
descended,1
anson,1
antagonism,1
hard,1
cf,1
community,1
constant,1
leaders,1
f,1
dex,1
fatherhood,1
echoes,1
aroused,1
contribution,1
nearer,1
away,1
sweep,1
order,1
treatment,1
ties,1
home,1
charm,1
purely,1
seems,1
freedom,1
apparent,1
results,1
eduction,1
infants,1
juvenile,1
simples,1
crime,1
directly,1
africans,1
aristocratic,1
provided,1
hope,1
instruction,1
collapse,1
teaching,1
religious,1
attached,1
greatest,1
replaced,1
defective,1
protocols,1
strengthened,1
charged,1
actions,1
proposals,1
old,1
prevent,1
claimed,1
affects,1
natural,1
points,1
super,1
belief,1
pervading,1
view,1
beliefs,1
existing,1
sanctions,1
authority,1
path,1
tribal,1
weaken,1
amid,1
accorded,1
occidental,1
ad,1
nordic,1
needed,1
superior,1
spare,1
student,1
aisle,1
nate,1
de,1
wise,1
expensive,1
sarcastically,1
trip,1
meats,1
used,1
nationality,1
sf,1
perils,1
involved,1
color,1
pl,1
admits,1
frankly,1
sudden,1
complete,1
lr,1
finally,1
off,1
way,1
subjects,1
secular,1
let,1
longer,1
families,1
were,1
machine,1
riding,1
forward,1
raced,1
ahead,1
controversialists,1
had,1
behind,1
con,1
breath,1
lessor,1
born,1
wales,1
ought,1
classroom,1
outside,1
cyclist,1
dynamic,1
policy,1
adopting,1
status,1
unequal,1
lay,1
divides,1
leader,1
du,1
bets,1
prevailing,1
sentiment,1
armstrong,1
deadlock,1
avoiding,1
equality,1
inequality,1
static,1
together,1
action,1
desperate,1
philosophy,1
board,1
societies,1
similar,1
visit,1
further,1
ampler,1
facts,1
supported,1
interaction,1
agriculture,1
bureau,1
plant,1
ti,1
during,1
journey,1
cape,1
international,1
arranged,1
request,1
urgent,1
directing,1
developing,1
mexico,1
come,1
symbol,1
pct,1
background,1
four,1
years,1
appointed,1
traveling,1
miles,1
survey,1
created,1
impression,1
emancipated,1
brought,1
decimates,1
canada,1
practical,1
mysticism,1
compared,1
durham,1
historic,1
dispatch,1
dealing,1
document,1
hotly,1
era,1
leaving,1
formally,1
entertained,1
banquet,1
venerable,1
described,1
example,1
noble,1
say,1
enough,1
revises,1
current,1
notions,1
park,1
avenue,1
york,1
wilson,1
associated,1
dwell,1
countries,1
shores,1
mediterranean,1
sea,1
predecessor,1
written,1
b,1
solid,1
she,1
centuries,1
books,1
destinies,1
determined,1
race,1
story,1
itself,1
drama,1
renewed,1
tribute,1
her,1
youth,1
anxious,1
subdue,1
dominion,1
forest,1
mountain,1
battles,1
denied,1
women,1
men,1
coming,1
augustine,1
perhaps,1
unusual,1
displays,1
remarkably,1
sound,1
judgment,1
opinions,1
nothing,1
emotion,1
think,1
herbert,1
aid,1
deeds,1
cairo,1
expert,1
notable,1
ireland,1
sanitary,1
service,1
area,1
three,1
half,1
times,1
kingdom,1
member,1
occident,1
p,1
likens,1
huge,1
question,1
mark,1
continents,1
earth,1
medical,1
boys,1
kenya,1
scotch,1
opportunities,1
gaining,1
wealth,1
brings,1
evil,1
precise,1
tropical,1
jungle,1
shrinks,1
true,1
dimensions,1
cultivated,1
acreage,1
exclusive,1
could,1
stands,1
orient,1
beneficent,1
britannica,1
hardly,1
factor,1
very,1
number,1
uncertain,1
estimate,1
varies,1
statesman,1
ready,1
rook,1
adult,1
males,1
priests,1
monks,1
elsewhere,1
disease,1
coptic,1
ancient,1
persists,1
slavery,1
allied,1
either,1
struggles,1
future,1
equally,1
susceptible,1
influences,1
arc,1
jefferson,1
write,1
declaration,1
proclaims,1
seen,1
liberia,1
visits,1
dark,1
sees,1
ham,1
inevitably,1
generations,1
shed,1
near,1
japan,1
asia,1
lat,1
map,1
contain,1
curse,1
detail,1
repetition,1
cloves,1
coconuts,1
zanzibar,1
plymouth,1
brethren,1
interest,1
sympathetic,1
same,1
into,1
enterprise,1
n,1
shares,1
colleagues,1
reports,1
deed,1
fairly,1
ly,1
discovered,1
stanley,1
preliminary,1
glimpse,1
universities,1
clubs,1
emerges,1
jesuits,1
rhodesia,1
teach,1
mind,1
station,1
mentioned,1
particular,1
reference,1
activities,1
intense,1
concern,1
shown,1
part,1
alone,1
outlined,1
bear,1
fresh,1
boldly,1
challenges,1
each,1
borne,1
bow,1
hygiene,1
sink,1
wells,1
seventh,1
adventists,1
conducting,1
around,1
lake,1
tanganyika,1
society,1
interpreting,1
tradition,1
mats,1
baskets,1
ropes,1
made,1
accurate,1
