term,count
the,98
of,54
and,36
to,34
in,33
his,31
a,31
is,21
he,17
which,16
s,15
as,15
that,14
by,14
it,12
with,10
our,10
prof,10
would,9
was,8
an,8
on,8
be,8
comedy,7
this,7
so,7
were,6
all,6
but,5
has,5
not,5
out,5
or,5
some,5
we,5
too,5
at,5
been,5
for,5
have,5
are,4
between,4
view,4
if,4
from,4
them,4
tile,4
story,4
there,4
modern,4
such,4
other,4
own,4
times,4
prophet,4
him,4
prophetic,4
well,3
can,3
any,3
ready,3
history,3
most,3
us,3
even,3
new,3
those,3
far,3
character,3
upon,3
ancestors,3
sense,3
state,3
one,3
revelations,2
human,2
followers,2
had,2
divine,2
contrast,2
its,2
unity,2
perfectly,2
among,2
against,2
body,2
law,2
l,2
their,2
world,2
blanket,2
plane,2
let,2
who,2
t,2
mr,2
things,2
face,2
these,2
unscrupulousness,2
held,2
blood,2
ha,2
activity,2
finds,2
empire,2
nd,2
lie,2
h,2
hand,2
without,2
into,2
supposing,2
statesman,2
secular,2
r,2
language,2
turn,2
sacred,2
end,2
bad,2
facts,2
interest,2
after,2
harem,2
scholarship,2
scene,2
saw,2
professor,2
second,2
touch,2
medium,2
bock,1
tues,1
copiously,1
agitation,1
violent,1
fall,1
ob,1
rage,1
livid,1
footnote,1
berate,1
conscious,1
trickery,1
aspect,1
preserved,1
involved,1
moral,1
closer,1
adduced,1
emerge,1
outright,1
should,1
perspiring,1
expression,1
derogatory,1
something,1
taste,1
semblance,1
himself,1
cover,1
ho,1
extraordinarily,1
red,1
hy,1
characteristics,1
mediums,1
standards,1
overt,1
falling,1
renunciation,1
standpoint,1
obliged,1
pretended,1
keep,1
ethical,1
foremost,1
conception,1
odd,1
first,1
certain,1
bye,1
gone,1
incongruities,1
actual,1
validity,1
recognition,1
sensible,1
pat,1
requirements,1
moment,1
course,1
like,1
fraudulent,1
lr,1
implied,1
ordinary,1
shows,1
f,1
g,1
p,1
how,1
work,1
standard,1
traced,1
manage,1
spiritualism,1
key,1
procession,1
events,1
unwilled,1
ideal,1
hero,1
cases,1
practices,1
displays,1
treachery,1
morals,1
conceive,1
again,1
idolatry,1
temporizing,1
length,1
required,1
humanity,1
policy,1
whenever,1
doctrines,1
violation,1
cherished,1
over,1
throw,1
reade,1
common,1
cool,1
pronouncements,1
betrayed,1
ignorance,1
nerve,1
offers,1
inspiration,1
matters,1
truce,1
voluntarily,1
lying,1
knew,1
probably,1
wives,1
divorce,1
threatened,1
broils,1
domestic,1
month,1
shadow,1
worn,1
chamber,1
upper,1
discovered,1
exuberant,1
recourse,1
situation,1
saves,1
tried,1
innocence,1
grave,1
constraints,1
swell,1
feel,1
scenes,1
appetite,1
sexual,1
alleged,1
account,1
ca,1
tale,1
appears,1
interrupted,1
when,1
morsel,1
proceed,1
fashion,1
delivering,1
eating,1
while,1
addressed,1
le,1
ire,1
preparation,1
deft,1
slightest,1
produced,1
could,1
form,1
normal,1
recognized,1
presently,1
snoring,1
accompanied,1
described,1
process,1
provoked,1
studied,1
theatrical,1
los,1
confederates,1
fails,1
spring,1
ls,1
ce,1
timed,1
humor,1
ac,1
continuous,1
q,1
perfume,1
fragrant,1
eyes,1
painted,1
night,1
every,1
person,1
ed,1
care,1
scrupulous,1
angel,1
interlocutor,1
identify,1
gabriel,1
part,1
act,1
effect,1
diversely,1
de,1
calculated,1
love,1
interesting,1
entertaining,1
infinitely,1
repulsive,1
tedious,1
man,1
cynical,1
philosophy,1
through,1
large,1
diffused,1
nature,1
outlook,1
deliberate,1
imports,1
art,1
literary,1
disciplined,1
irony,1
brought,1
charge,1
sources,1
notoriety,1
cunning,1
problems,1
sensuality,1
family,1
pride,1
split,1
groups,1
warring,1
agglomeration,1
chaos,1
politically,1
tribes,1
time,1
before,1
regards,1
what,1
exactly,1
clear,1
make,1
pains,1
takes,1
men,1
experience,1
god,1
apostle,1
shock,1
criticism,1
historical,1
built,1
approached,1
rather,1
lies,1
conspicuous,1
difference,1
recent,1
perceives,1
presentment,1
latest,1
reflecting,1
yet,1
mark,1
wide,1
crass,1
impostor,1
islam,1
founder,1
speak,1
simple,1
london,1
arrangement,1
about,1
book,1
review,1
spirit,1
change,1
seriously,1
taken,1
grapples,1
frivolity,1
excludes,1
c,1
version,1
prominent,1
pervading,1
indeed,1
see,1
where,1
indignation,1
matter,1
they,1
informed,1
theological,1
attention,1
fix,1
respect,1
ix,1
counterfeit,1
nani,1
religious,1
place,1
feuds,1
steady,1
here,1
importance,1
dogma,1
justified,1
y,1
author,1
under,1
te,1
feud,1
system,1
trill,1
crippled,1
countrymen,1
ends,1
ht,1
chosen,1
deliberately,1
artifice,1
uteri,1
repress,1
construed,1
mot,1
lost,1
absorbed,1
religion,1
attached,1
enough,1
founded,1
eternal,1
acknowledge,1
might,1
gibbon,1
wit,1
kinship,1
whose,1
told,1
entailed,1
manifold,1
examination,1
real,1
based,1
favor,1
urge,1
rate,1
carlyle,1
popular,1
circumstances,1
soul,1
arab,1
darkness,1
breaking,1
splendors,1
only,1
ag,1
will,1
specially,1
down,1
put,1
infanticide,1
virtue,1
unquestioned,1
seems,1
heart,1
warm,1
sphere,1
especially,1
registers,1
respects,1
many,1
points,1
authority,1
concrete,1
mass,1
indeterminate,1
unstable,1
imposed,1
till,1
genius,1
practical,1
mad,1
protested,1
duller,1
elaborate,1
ways,1
altogether,1
wrought,1
great,1
thus,1
stand,1
earthly,1
achievements,1
fairly,1
claims,1
settle,1
endeavored,1
went,1
knowledge,1
arithmetical,1
fax,1
equitable,1
member,1
no,1
left,1
administer,1
tribute,1
regulations,1
fear,1
