term,count
the,45
of,36
and,27
to,18
in,15
a,14
is,14
that,14
she,13
are,10
for,9
not,8
by,7
vernon,7
as,7
or,7
those,6
s,6
we,6
i,6
lee,6
but,5
this,5
her,5
can,5
with,5
they,5
their,4
essays,4
at,4
life,4
which,4
rhine,4
more,4
our,4
them,4
it,3
was,3
genius,3
had,3
an,3
on,3
indefinable,3
you,3
other,3
all,3
some,3
little,3
very,3
many,3
author,3
see,3
most,3
new,3
yet,3
has,3
charming,3
essay,2
thus,2
interesting,2
think,2
water,2
volume,2
from,2
be,2
willing,2
if,2
places,2
enchanted,2
perfectly,2
what,2
even,2
when,2
should,2
have,2
been,2
rules,2
there,2
into,2
done,2
music,2
woods,2
enough,2
emotion,2
italian,2
much,2
may,2
must,2
accounts,2
old,2
deep,2
take,2
best,2
germans,2
ragbag,2
my,2
thought,2
themselves,2
once,2
germany,2
hers,1
dogmatic,1
feeling,1
complex,1
typical,1
paint,1
melancholy,1
describe,1
set,1
rough,1
tails,1
so,1
side,1
making,1
lovable,1
spiritual,1
sensual,1
landscapes,1
also,1
purer,1
household,1
moods,1
does,1
martin,1
vast,1
manner,1
permeating,1
away,1
confused,1
delia,1
senses,1
de,1
haunted,1
cake,1
te,1
several,1
cinnamon,1
images,1
thoughts,1
forest,1
hence,1
through,1
literature,1
enjoy,1
sane,1
whatever,1
nowadays,1
glades,1
plastic,1
luther,1
arts,1
adequate,1
expression,1
accumulates,1
bulk,1
st,1
fused,1
writers,1
disdains,1
like,1
why,1
ly,1
po,1
curiously,1
obey,1
begin,1
fond,1
m,1
r,1
verb,1
contain,1
sentence,1
antecedents,1
relatives,1
bound,1
strained,1
soul,1
art,1
sunset,1
o,1
pure,1
sunrise,1
say,1
use,1
painting,1
terms,1
expressions,1
applied,1
he,1
fad,1
start,1
whistler,1
did,1
day,1
used,1
asked,1
glass,1
exposition,1
place,1
discovered,1
conventional,1
seine,1
bank,1
left,1
exploring,1
french,1
flower,1
doing,1
respect,1
unconventional,1
ought,1
knows,1
hates,1
subduing,1
herself,1
pleasantest,1
such,1
human,1
orange,1
put,1
maid,1
stay,1
during,1
seen,1
whom,1
landlady,1
insistence,1
castles,1
mont,1
derived,1
impression,1
suggestive,1
perverseness,1
coffee,1
whither,1
ruined,1
subjects,1
extent,1
recalls,1
name,1
its,1
gives,1
travel,1
axe,1
non,1
ham,1
referring,1
inclined,1
aspects,1
deal,1
italy,1
lived,1
than,1
kenneth,1
wonderful,1
veal,1
memories,1
stray,1
moreover,1
necessity,1
stress,1
under,1
accidentally,1
undertaken,1
pleasant,1
children,1
richest,1
journeys,1
belief,1
growing,1
days,1
golden,1
stories,1
though,1
useful,1
people,1
quite,1
calls,1
read,1
who,1
cause,1
easily,1
full,1
superficial,1
book,1
moment,1
latest,1
lane,1
john,1
york,1
x,1
pp,1
cloth,1
hook,1
letter,1
dedication,1
impressions,1
amuse,1
sunshine,1
idle,1
ray,1
justification,1
only,1
random,1
contents,1
out,1
pull,1
friend,1
writes,1
dear,1
time,1
next,1
just,1
deflect,1
toward,1
drop,1
sweet,1
herbs,1
fruits,1
hands,1
possible,1
baggage,1
useless,1
feet,1
do,1
clear,1
eyes,1
keep,1
nor,1
whence,1
neither,1
know,1
roadside,1
la,1
sometimes,1
appreciate,1
roast,1
spirit,1
beautiful,1
responsible,1
finds,1
leo,1
kind,1
homely,1
sentimental,1
aesthetic,1
fez,1
notes,1
bitter,1
ridicule,1
too,1
while,1
behests,1
wander,1
health,1
alongside,1
behind,1
lives,1
folks,1
own,1
live,1
continue,1
economy,1
manifold,1
cr,1
living,1
cheapness,1
quest,1
work,1
friends,1
sake,1
us,1
arises,1
dim,1
comprehension,1
response,1
depends,1
possession,1
true,1
furtherance,1
aims,1
happy,1
being,1
power,1
nay,1
happiness,1
things,1
good,1
law,1
mysterious,1
tragic,1
