term,count
the,114
of,81
and,44
a,41
to,38
in,18
which,17
was,17
law,17
is,16
not,16
or,13
it,12
but,11
as,11
that,9
had,9
this,8
world,8
he,8
by,8
roman,8
all,7
its,7
american,7
for,7
greece,7
s,7
his,7
nation,6
taylor,6
public,6
state,6
on,6
federation,6
be,6
first,6
are,6
english,5
dr,5
an,5
has,5
were,5
into,5
with,5
work,4
made,4
have,4
such,4
beside,4
at,4
worthy,4
private,4
these,4
ever,4
upon,4
been,4
government,4
what,4
city,3
title,3
t,3
us,3
from,3
each,3
our,3
before,3
failure,3
one,3
power,3
tribes,3
over,3
became,3
prime,3
rome,3
cities,3
development,3
three,3
produced,3
then,3
same,3
we,3
only,3
conditions,2
legislation,2
also,2
between,2
two,2
might,2
known,2
needs,2
unsuited,2
given,2
rank,2
out,2
code,2
division,2
some,2
federal,2
court,2
accepted,2
proposed,2
should,2
living,2
opinions,2
memory,2
govern,2
grew,2
convention,2
nothing,2
france,2
never,2
form,2
adopted,2
time,2
leader,2
area,2
off,2
attempt,2
i,2
new,2
thus,2
within,2
true,2
after,2
people,2
above,2
submitted,2
other,2
citizens,2
her,2
when,2
members,2
federated,2
p,2
passed,2
whatever,2
down,2
there,2
constitutional,2
conception,2
brain,2
merely,2
nations,2
mankind,2
more,2
stand,2
where,2
indeed,2
studies,2
tile,2
vast,2
generalization,2
best,2
science,2
states,2
webster,2
than,2
book,2
hannis,2
manner,2
study,2
place,2
meaning,2
hard,2
no,2
constitution,2
ask,1
little,1
because,1
bradford,1
broke,1
organisms,1
thirteen,1
continent,1
name,1
propounds,1
levy,1
thesis,1
composing,1
individuals,1
agreeable,1
supplies,1
impress,1
collect,1
held,1
jurisprudence,1
struck,1
wonderful,1
most,1
called,1
gladstone,1
sketches,1
drafted,1
national,1
taxes,1
existence,1
dubious,1
years,1
eleven,1
disputes,1
jurisdiction,1
nowhere,1
edward,1
self,1
would,1
love,1
adds,1
believes,1
their,1
inspiration,1
while,1
make,1
north,1
cons,1
useful,1
latin,1
seventeen,1
louisiana,1
equally,1
contribution,1
parliamentary,1
european,1
every,1
comparative,1
hut,1
successor,1
growth,1
fatal,1
does,1
received,1
cause,1
approval,1
due,1
failures,1
ancient,1
man,1
flat,1
old,1
they,1
notion,1
yankee,1
federations,1
blending,1
almost,1
general,1
appreciate,1
readers,1
places,1
advance,1
gathered,1
whom,1
u,1
saxon,1
purpose,1
if,1
student,1
citizenship,1
case,1
difficult,1
declared,1
adapting,1
originated,1
proof,1
produces,1
names,1
tingle,1
reasoning,1
sustained,1
requires,1
dignity,1
society,1
committee,1
art,1
international,1
yet,1
may,1
sovereignties,1
greatest,1
rm,1
portions,1
convincing,1
officers,1
economically,1
slipshod,1
crimes,1
blunders,1
say,1
can,1
o,1
along,1
entered,1
great,1
hat,1
framer,1
enactment,1
inferior,1
instituted,1
since,1
department,1
example,1
ago,1
century,1
supreme,1
inter,1
intelligently,1
grant,1
tr,1
depreciating,1
engaged,1
des,1
unworthy,1
possession,1
priceless,1
ancestors,1
instead,1
nevertheless,1
league,1
perhaps,1
significance,1
history,1
principle,1
important,1
making,1
possible,1
establishment,1
eminent,1
developed,1
g,1
under,1
being,1
departments,1
efforts,1
previous,1
distinguish,1
plan,1
bicameral,1
hers,1
cr,1
judicial,1
executive,1
originality,1
imitated,1
orations,1
cord,1
operating,1
novelties,1
co,1
period,1
like,1
any,1
broadly,1
idea,1
bee,1
attached,1
aggregation,1
dismissed,1
account,1
inelastic,1
rigid,1
written,1
without,1
until,1
vigorous,1
whose,1
customary,1
consideration,1
striking,1
codes,1
wide,1
z,1
credit,1
assertion,1
likenesses,1
coincidences,1
commonwealth,1
britain,1
expanded,1
dominions,1
annexed,1
confined,1
political,1
higher,1
england,1
rights,1
property,1
ad,1
lives,1
regulating,1
molder,1
similarities,1
territorial,1
equity,1
fictions,1
legal,1
agencies,1
broad,1
bold,1
shifting,1
manifold,1
dependencies,1
founded,1
succeeded,1
customs,1
systems,1
nine,1
remaining,1
losing,1
re,1
tenth,1
chinese,1
hindu,1
mohammedan,1
itself,1
five,1
impressed,1
influence,1
day,1
beginning,1
attention,1
glorious,1
mont,1
fact,1
institutions,1
classic,1
tenths,1
dominated,1
ly,1
macaulay,1
cure,1
effort,1
class,1
productions,1
among,1
imperishable,1
alone,1
stands,1
church,1
apostrophe,1
preoccupations,1
glowing,1
failed,1
united,1
entitled,1
ts,1
proportions,1
unequal,1
very,1
materialistic,1
unit,1
possessing,1
subjects,1
definite,1
generalizes,1
cloths,1
goths,1
ring,1
l,1
franks,1
classifies,1
reduces,1
lin,1
chieftains,1
disorderly,1
particular,1
ruler,1
facts,1
citizen,1
system,1
tribal,1
personal,1
purely,1
respect,1
th,1
b,1
animals,1
york,1
czar,1
land,1
lord,1
tribe,1
process,1
laws,1
beyond,1
them,1
know,1
bulgaria,1
take,1
company,1
ferdinand,1
seen,1
geologist,1
month,1
rocks,1
naturalist,1
tiber,1
banks,1
whether,1
ted,1
bond,1
qualified,1
themselves,1
assert,1
become,1
did,1
confederations,1
subjection,1
belief,1
influenced,1
clans,1
fundamentally,1
associated,1
grasped,1
fa,1
both,1
lome,1
nor,1
boundaries,1
geographical,1
fixed,1
earth,1
portion,1
motive,1
even,1
dwelling,1
empire,1
those,1
residents,1
port,1
stronghold,1
simply,1
hand,1
good,1
sense,1
faith,1
entire,1
suspicion,1
redeemed,1
finally,1
spain,1
gaul,1
italy,1
franchise,1
extended,1
resist,1
mistress,1
lawmaking,1
