term,count
the,124
of,81
and,60
a,43
in,41
her,40
to,40
that,29
i,24
is,23
he,23
it,20
with,19
she,19
s,18
was,18
for,18
as,17
his,15
lola,13
king,12
not,11
l,9
but,9
on,9
by,8
who,8
were,8
at,7
one,7
this,7
an,7
d,7
from,6
though,6
are,6
which,6
only,5
last,5
when,5
have,5
such,5
well,4
think,4
may,4
bavaria,4
r,4
their,4
mr,4
t,4
after,4
be,4
did,4
nell,4
has,4
never,4
had,4
own,3
general,3
q,3
e,3
all,3
th,3
than,3
adventuress,3
x,3
queen,3
they,3
mark,3
left,3
life,3
them,3
ola,3
other,3
re,3
reason,3
case,3
out,3
about,3
two,3
these,3
him,3
found,3
whom,3
er,3
charles,3
like,3
power,3
name,3
first,3
page,2
use,2
ha,2
man,2
czar,2
nor,2
story,2
london,2
might,2
biographers,2
am,2
tho,2
career,2
world,2
really,2
liszt,2
turned,2
sir,2
neither,2
good,2
poor,2
humanity,2
courts,2
while,2
welcomed,2
o,2
been,2
woman,2
so,2
more,2
great,2
biography,2
louis,2
adventure,2
mind,2
murdered,2
being,2
again,2
eyes,2
w,2
gendarme,2
york,2
book,2
into,2
hut,2
run,2
says,2
paris,2
face,2
both,2
heart,2
lips,2
time,2
no,2
there,2
sin,2
thy,2
lover,2
dumas,2
popular,2
h,2
if,2
against,2
religion,2
or,2
art,2
spent,2
tile,2
idea,2
day,2
lie,2
eye,2
descent,2
school,2
made,2
forties,2
word,2
adventures,2
true,2
switzerland,2
women,2
once,2
ludwig,2
austria,2
irish,2
v,2
ons,2
years,2
those,2
gilbert,2
ors,1
writes,1
outing,1
catholicism,1
flax,1
almost,1
unique,1
salt,1
laboriously,1
witty,1
what,1
specially,1
f,1
institution,1
impudent,1
calvinist,1
amusingly,1
french,1
extraordinary,1
england,1
law,1
heterodox,1
knows,1
advantage,1
way,1
philosophical,1
among,1
cr,1
ti,1
caustic,1
enjoyed,1
speaking,1
gallic,1
bitter,1
presumably,1
wife,1
days,1
innocence,1
born,1
officer,1
scotch,1
regiment,1
spanish,1
maiden,1
sins,1
wild,1
unfettered,1
passionate,1
poss,1
god,1
represented,1
names,1
hal,1
pathetically,1
country,1
now,1
lies,1
greta,1
wood,1
cemetery,1
enough,1
stained,1
epitaph,1
bears,1
mrs,1
eliza,1
wished,1
forget,1
severely,1
meal,1
englishman,1
leader,1
keeps,1
weather,1
purchaser,1
tries,1
avoid,1
fag,1
part,1
couple,1
writing,1
manner,1
fiction,1
often,1
toilsome,1
akin,1
decades,1
tn,1
soul,1
believe,1
died,1
repentance,1
acceptable,1
sight,1
cod,1
hard,1
thai,1
become,1
forgiven,1
long,1
before,1
dashing,1
written,1
style,1
ironic,1
utmost,1
touches,1
mentions,1
thinking,1
symbol,1
conventionalism,1
prudery,1
ponder,1
hotchpotch,1
unorganized,1
we,1
call,1
society,1
seldom,1
uglier,1
appearance,1
decade,1
reign,1
persist,1
original,1
wash,1
rue,1
hardest,1
persuade,1
actual,1
existence,1
possibility,1
vii,1
individual,1
waters,1
would,1
seem,1
limes,1
doubt,1
efficacy,1
baptismal,1
lots,1
mulberry,1
hawk,1
hair,1
beauty,1
clearly,1
setting,1
forth,1
blue,1
black,1
wooden,1
frontispiece,1
lifeless,1
picture,1
better,1
pictures,1
nd,1
excellent,1
gives,1
wit,1
types,1
filled,1
contending,1
forces,1
matched,1
sniveling,1
ca,1
apology,1
scorn,1
cultured,1
will,1
delight,1
alike,1
dramatic,1
stories,1
keen,1
morality,1
champions,1
observed,1
jasper,1
gloomy,1
calvinists,1
aforesaid,1
va,1
removed,1
family,1
hand,1
spoiled,1
disposing,1
common,1
ridiculous,1
belief,1
hat,1
jesuits,1
coy,1
petted,1
indulge,1
guardians,1
fatuous,1
surmise,1
former,1
strict,1
calvinism,1
childhood,1
must,1
impressed,1
inspired,1
distaste,1
then,1
proceeds,1
parents,1
somehow,1
taught,1
verbal,1
ii,1
theory,1
views,1
conduct,1
line,1
advances,1
hardly,1
tenable,1
told,1
any,1
truth,1
platonism,1
lois,1
lets,1
fly,1
arrow,1
bringing,1
without,1
equivocations,1
united,1
evil,1
come,1
observes,1
jesuit,1
christian,1
produced,1
logical,1
christianity,1
extremity,1
naturally,1
order,1
very,1
unpopular,1
people,1
states,1
previous,1
lew,1
aria,1
tate,1
however,1
tea,1
check,1
around,1
politicians,1
dare,1
tm,1
ability,1
indeed,1
ne,1
nelly,1
conquest,1
saved,1
freed,1
period,1
policy,1
ia,1
monarch,1
real,1
moment,1
critical,1
loin,1
kingship,1
ed,1
ma,1
lat,1
extent,1
lu,1
comparable,1
brief,1
arm,1
polities,1
ki,1
sense,1
innocent,1
taste,1
yet,1
quiet,1
generosity,1
abounding,1
arms,1
open,1
le,1
ex,1
grateful,1
revolution,1
swept,1
hatred,1
brand,1
mouths,1
intriguing,1
du,1
pompadours,1
vengeful,1
courtesans,1
selfish,1
dreary,1
drab,1
move,1
men,1
therefore,1
defeated,1
ch,1
ell,1
unhappy,1
grace,1
moralist,1
fuses,1
obstinately,1
ions,1
n,1
rea,1
arguing,1
lo,1
say,1
nice,1
sonnet,1
swinburne,1
deny,1
harden,1
can,1
rigid,1
does,1
most,1
absolution,1
won,1
except,1
favorite,1
probably,1
thompson,1
willis,1
new,1
b,1
edmund,1
history,1
daredevil,1
statesman,1
go,1
reject,1
beth,1
lack,1
universal,1
behind,1
fun,1
deal,1
duce,1
deems,1
hom,1
thing,1
impulse,1
hind,1
define,1
y,1
shall,1
damning,1
its,1
ext,1
our,1
sophisticates,1
cheers,1
hailed,1
cockneys,1
applied,1
meaning,1
vi,1
ives,1
virtue,1
rain,1
ill,1
either,1
ere,1
up,1
ranged,1
social,1
defeat,1
possessed,1
beautiful,1
m,1
policies,1
behalf,1
array,1
times,1
employed,1
uses,1
knew,1
land,1
crushing,1
purpose,1
attempt,1
same,1
see,1
reforms,1
domestic,1
liberal,1
putting,1
ministry,1
reactionary,1
tin,1
over,1
lake,1
enabled,1
knowledge,1
political,1
quipped,1
minds,1
personality,1
plied,1
india,1
certain,1
throne,1
supplication,1
got,1
anti,1
repented,1
lecturer,1
experiences,1
stage,1
gentleman,1
mal,1
truthful,1
even,1
duty,1
recognized,1
truthfulness,1
children,1
notable,1
calls,1
fashion,1
english,1
far,1
follow,1
easy,1
friendship,1
relations,1
assertion,1
belier,1
sees,1
ly,1
statesmen,1
acquaint,1
ruler,1
excitement,1
firing,1
process,1
pieces,1
tore,1
served,1
next,1
whip,1
across,1
policeman,1
slashed,1
promptly,1
horse,1
party,1
frederick,1
bolted,1
scared,1
longing,1
honor,1
berlin,1
public,1
philippe,1
circle,1
literary,1
astonishing,1
cal,1
alta,1
frontier,1
joys,1
hunter,1
australia,1
dancer,1
intimacy,1
preceded,1
ended,1
hy,1
courage,1
physical,1
restless,1
bolting,1
incident,1
apparently,1
friend,1
familiar,1
married,1
divorce,1
husband,1
separation,1
judicial,1
loved,1
probable,1
play,1
foul,1
accomplished,1
con,1
result,1
proved,1
slaying,1
because,1
witnesses,1
trial,1
cause,1
writer,1
duel,1
famous,1
treat,1
