term,count
of,49
the,46
and,23
is,21
in,21
a,19
her,18
to,16
diana,13
s,12
by,12
she,9
mrs,8
ward,8
has,7
novel,7
story,6
mallory,6
one,6
as,6
it,6
world,5
this,5
been,5
well,5
most,5
he,5
who,5
when,5
for,5
new,4
i,4
with,4
them,4
on,4
its,4
be,4
book,4
are,4
have,4
not,4
writing,3
any,3
would,3
could,3
o,3
woman,3
no,3
more,3
him,3
fiction,3
or,3
testing,3
which,3
author,3
cad,3
yet,2
living,2
events,2
what,2
latest,2
good,2
real,2
all,2
relative,2
consequence,2
girl,2
that,2
his,2
mother,2
too,2
indeed,2
we,2
herself,2
individuality,2
whom,2
adorable,2
but,2
an,2
n,2
very,2
strong,2
other,2
men,2
company,2
parliament,2
even,2
h,2
lie,2
emotions,2
intimately,2
considered,2
characters,2
always,2
d,2
many,2
now,2
people,2
field,2
house,2
emotional,1
dying,1
background,1
little,1
moral,1
say,1
altogether,1
weeks,1
apparently,1
covered,1
populate,1
face,1
na,1
white,1
tangible,1
decisively,1
course,1
re,1
tragedy,1
arid,1
ordinary,1
plenty,1
morbid,1
anguish,1
chief,1
tragic,1
introspections,1
swooning,1
self,1
subjective,1
pleasures,1
afforded,1
work,1
engendered,1
tale,1
walking,1
lover,1
struck,1
stone,1
emaciated,1
title,1
these,1
amid,1
possible,1
human,1
words,1
name,1
might,1
markham,1
readers,1
least,1
at,1
satisfying,1
moving,1
situated,1
pathetically,1
young,1
e,1
t,1
authoritative,1
fascinating,1
l,1
society,1
supreme,1
will,1
satisfied,1
love,1
dawn,1
ethereal,1
bet,1
star,1
sees,1
day,1
ear,1
frosty,1
won,1
casement,1
open,1
death,1
gates,1
from,1
husband,1
page,1
transfer,1
coupled,1
pretty,1
know,1
soon,1
personality,1
brilliant,1
everybody,1
much,1
except,1
hard,1
latter,1
two,1
chide,1
james,1
sir,1
mr,1
see,1
evident,1
li,1
knowledge,1
harper,1
york,1
sting,1
ti,1
m,1
class,1
distinct,1
another,1
grown,1
fully,1
so,1
reader,1
introduce,1
writer,1
drawn,1
threatens,1
made,1
sincerity,1
nor,1
clearer,1
vision,1
life,1
belonging,1
conservative,1
social,1
almost,1
exclusively,1
others,1
belong,1
essentially,1
advanced,1
school,1
zeal,1
dwells,1
inspects,1
tile,1
detached,1
impartiality,1
displays,1
does,1
c,1
repeatedly,1
done,1
before,1
intensified,1
magnified,1
within,1
lr,1
than,1
perfected,1
nothing,1
main,1
individual,1
books,1
heroine,1
marries,1
populated,1
remarkable,1
vitality,1
developed,1
publication,1
event,1
literary,1
interest,1
aroused,1
perusal,1
those,1
finally,1
provoked,1
reading,1
piece,1
brilliantly,1
gifted,1
certainly,1
peer,1
actively,1
engaged,1
novels,1
long,1
determined,1
style,1
appears,1
write,1
different,1
import,1
marry,1
tries,1
shamelessly,1
out,1
betrayal,1
turn,1
jilted,1
lies,1
back,1
wrecked,1
body,1
ruined,1
career,1
send,1
allows,1
there,1
put,1
k,1
deal,1
physical,1
agony,1
whole,1
hangs,1
homicide,1
committed,1
leading,1
character,1
drops,1
dead,1
receipt,1
letter,1
into,1
friend,1
production,1
lovelier,1
generally,1
ha,1
sense,1
reads,1
present,1
instance,1
scenes,1
splendid,1
english,1
country,1
terraces,1
houses,1
gallery,1
contains,1
picture,1
old,1
daughter,1
excusing,1
friends,1
describe,1
gambler,1
murderer,1
impossible,1
man,1
gives,1
hear,1
jilt,1
cut,1
off,1
betrays,1
blue,1
