term,count
the,73
of,47
and,37
is,22
to,22
a,16
in,16
are,12
his,11
by,11
which,10
as,9
it,9
on,9
with,9
labor,8
that,7
their,7
business,7
they,7
there,7
more,7
other,6
have,6
not,6
for,6
all,6
individual,5
be,5
but,5
one,5
been,5
he,5
than,4
alike,4
both,4
mr,4
would,4
fiske,4
s,4
production,4
from,4
unionists,4
no,4
institutions,3
hand,3
i,3
if,3
th,3
society,3
do,3
into,3
troubles,3
were,3
work,3
or,3
times,3
who,3
like,3
human,3
capital,3
has,3
an,3
thus,3
feudalism,3
class,3
reform,3
at,3
laborer,2
abundance,2
view,2
benefit,2
produced,2
non,2
false,2
limited,2
wages,2
average,2
wage,2
employers,2
capacity,2
standard,2
system,2
wrong,2
effort,2
can,2
social,2
relations,2
method,2
economic,2
what,2
these,2
american,2
war,2
allowed,2
elevation,2
dr,2
factory,2
only,2
classes,2
those,2
honest,2
when,2
writes,2
few,2
defects,2
n,2
upon,2
little,2
book,2
so,2
writers,2
way,2
capitalist,2
loom,2
particular,1
obvious,1
sort,1
union,1
nature,1
obnoxious,1
rather,1
wish,1
succeeded,1
soil,1
ism,1
course,1
some,1
inconsistent,1
disposition,1
remedied,1
unworthy,1
citizenship,1
c,1
inadequate,1
examples,1
most,1
called,1
heads,1
progress,1
treatment,1
modern,1
d,1
lie,1
spirit,1
much,1
themselves,1
unionist,1
accomplish,1
set,1
will,1
school,1
church,1
fault,1
earning,1
family,1
through,1
bottom,1
notion,1
promise,1
justice,1
rank,1
injustice,1
alleged,1
fixed,1
earn,1
trust,1
prevention,1
same,1
qt,1
effect,1
theft,1
accomplished,1
m,1
whole,1
coed,1
hut,1
lawyer,1
goods,1
le,1
here,1
l,1
provides,1
enjoyment,1
provided,1
another,1
tile,1
such,1
thole,1
feeds,1
chases,1
t,1
find,1
best,1
foil,1
clothed,1
methods,1
preceding,1
bow,1
era,1
every,1
directions,1
owned,1
was,1
raised,1
combined,1
own,1
while,1
individuality,1
days,1
might,1
enemies,1
cleric,1
trouble,1
knew,1
before,1
v,1
still,1
them,1
between,1
animated,1
bo,1
country,1
devoted,1
civilization,1
patriot,1
always,1
old,1
nor,1
ever,1
world,1
about,1
greater,1
high,1
result,1
cost,1
indefinitely,1
living,1
out,1
could,1
brought,1
see,1
allies,1
carried,1
instead,1
earth,1
give,1
dots,1
personal,1
though,1
down,1
aides,1
problems,1
imply,1
seems,1
ford,1
ira,1
arid,1
ls,1
sympathy,1
h,1
profession,1
credit,1
does,1
labors,1
flesh,1
blood,1
capable,1
written,1
parts,1
each,1
duty,1
sire,1
de,1
conviction,1
sides,1
fla,1
original,1
f,1
rule,1
dealings,1
honesty,1
common,1
e,1
z,1
daily,1
thought,1
style,1
editorial,1
journal,1
leading,1
career,1
long,1
had,1
novelty,1
known,1
sons,1
finish,1
putnam,1
york,1
new,1
k,1
amos,1
duties,1
rights,1
drops,1
anonymity,1
discourses,1
very,1
broadly,1
write,1
opportunity,1
gets,1
audience,1
sacrifices,1
flake,1
views,1
elaborate,1
leisure,1
leader,1
newspapers,1
readers,1
many,1
books,1
general,1
idea,1
true,1
followed,1
concerns,1
conducted,1
personally,1
below,1
deteriorated,1
ad,1
ban,1
la,1
inside,1
obtained,1
money,1
because,1
scruples,1
trade,1
disgrace,1
profits,1
extremity,1
immorality,1
unions,1
make,1
strong,1
prevent,1
community,1
injury,1
results,1
equivalent,1
fair,1
producing,1
without,1
raising,1
hours,1
shortening,1
livelihood,1
means,1
excluding,1
knowledge,1
triumphs,1
wisdom,1
y,1
great,1
guided,1
officials,1
men,1
good,1
matter,1
individuals,1
law,1
strength,1
others,1
unrest,1
foster,1
wrongs,1
remedy,1
formed,1
wickedness,1
need,1
get,1
ethics,1
economies,1
impersonal,1
scale,1
large,1
forms,1
coarser,1
lessening,1
steady,1
contact,1
neglect,1
betterment,1
toward,1
him,1
race,1
hitherto,1
morals,1
prophets,1
