term,count
the,45
and,32
of,28
to,15
a,14
they,13
in,9
were,8
at,7
have,6
their,6
on,5
was,5
from,5
by,5
miss,4
war,4
work,4
nerves,4
are,4
with,4
who,4
women,4
that,4
first,3
up,3
aid,3
kind,3
his,3
also,3
cellar,3
out,3
for,3
wounded,3
soldiers,3
had,3
allowed,3
which,3
went,3
this,3
when,3
chisholm,3
corps,3
two,3
there,2
england,2
day,2
night,2
ambulance,2
baroness,2
made,2
much,2
mrs,2
all,2
front,2
upon,2
after,2
books,2
some,2
other,2
bliss,2
dashing,2
but,2
journals,2
belgian,2
service,2
because,2
few,2
both,2
very,2
so,2
continued,2
has,2
shrapnel,2
older,1
years,1
every,1
sort,1
dug,1
potatoes,1
commanders,1
outer,1
sad,1
food,1
entered,1
neighboring,1
fall,1
farms,1
scot,1
only,1
often,1
widow,1
them,1
remain,1
allied,1
under,1
twelve,1
name,1
feet,1
ten,1
slept,1
straw,1
excepted,1
r,1
these,1
clothes,1
line,1
firing,1
raised,1
armies,1
twice,1
shelled,1
find,1
ding,1
attend,1
forbid,1
abode,1
any,1
hour,1
or,1
wounds,1
nay,1
firs,1
tile,1
money,1
needs,1
reach,1
larger,1
narrator,1
g,1
e,1
drawn,1
countess,1
warwick,1
recent,1
europe,1
preceding,1
rage,1
tellers,1
direct,1
quotations,1
words,1
ills,1
o,1
v,1
f,1
almost,1
way,1
through,1
he,1
same,1
spirit,1
humor,1
seem,1
hat,1
will,1
t,1
occasionally,1
knowledge,1
back,1
lecturing,1
what,1
doing,1
military,1
authorities,1
found,1
it,1
con,1
value,1
more,1
likely,1
recover,1
treated,1
form,1
shock,1
given,1
soon,1
tilt,1
whom,1
order,1
decorated,1
kins,1
albert,1
narrative,1
be,1
written,1
hope,1
thereby,1
been,1
record,1
an,1
home,1
daughter,1
may,1
sinclair,1
droved,1
not,1
necessary,1
enduring,1
hours,1
days,1
bombardment,1
strain,1
attendance,1
wells,1
wrote,1
march,1
one,1
early,1
hooks,1
contained,1
lady,1
dorothy,1
fielding,1
did,1
right,1
won,1
during,1
many,1
following,1
father,1
s,1
ties,1
taking,1
uncommon,1
letters,1
fork,1
company,1
beginning,1
belgium,1
workers,1
included,1
whose,1
is,1
described,1
n,1
book,1
former,1
met,1
lieutenant,1
aviation,1
meeting,1
proved,1
case,1
love,1
sight,1
sides,1
married,1
year,1
ago,1
then,1
months,1
admiring,1
comment,1
endured,1
stands,1
as,1
wonderful,1
braes,1
efficient,1
weeks,1
varied,1
duties,1
demonstrated,1
possession,1
op,1
steel,1
establish,1
themselves,1
shattered,1
tillage,1
between,1
close,1
trenches,1
where,1
gave,1
dressing,1
soup,1
chocolate,1
tea,1
wet,1
shivering,1
courage,1
horrors,1
eyewitness,1
tales,1
officials,1
news,1
paper,1
correspondents,1
utter,1
dauntlessness,1
she,1
would,1
run,1
her,1
automobile,1
over,1
battle,1
field,1
picking,1
while,1
spattered,1
roundabout,1
shells,1
still,1
bursting,1
here,1
knocker,1
volume,1
even,1
attar,1
hun,1
enterprise,1
