term,count
the,82
of,55
in,38
to,29
and,27
a,22
is,14
are,13
it,13
i,12
which,10
have,10
by,10
as,9
its,8
business,7
be,7
t,7
not,7
human,7
an,7
this,7
that,7
on,6
for,6
world,5
mr,5
revolutionary,5
industry,5
c,5
from,4
has,4
both,4
with,4
hall,4
labor,4
present,4
than,4
he,4
economic,4
more,4
view,4
hamilton,3
far,3
been,3
all,3
or,3
course,3
wages,3
so,3
will,3
point,3
mere,3
industrial,3
they,3
executive,3
never,3
our,3
s,3
intelligent,3
them,3
these,3
science,3
trade,3
papers,3
company,3
their,2
two,2
growing,2
men,2
revolution,2
problem,2
only,2
robert,2
linking,2
power,2
able,2
new,2
order,2
under,2
henry,2
given,2
working,2
methods,2
but,2
actually,2
lr,2
minded,2
social,2
if,2
there,2
rates,2
th,2
particular,2
membership,2
done,2
today,2
change,2
stock,2
would,2
members,2
well,2
who,2
wolf,2
country,2
r,2
inventions,2
johnson,2
rather,2
immigration,2
volume,2
other,2
through,2
dues,2
see,2
thee,2
no,2
action,2
writes,2
purpose,2
bureau,2
about,2
professor,2
unions,2
analysis,2
j,2
paper,2
attitude,2
elements,2
theory,2
america,2
included,2
l,2
appear,1
james,1
harvey,1
reasoning,1
rarefied,1
highly,1
io,1
applicable,1
laws,1
lt,1
theorizing,1
abstract,1
several,1
sr,1
modern,1
mark,1
contributor,1
formal,1
ear,1
voice,1
logic,1
log,1
production,1
participation,1
up,1
clam,1
end,1
forces,1
major,1
banks,1
stoppage,1
interests,1
property,1
merging,1
lines,1
clay,1
elimination,1
rapid,1
n,1
alvin,1
many,1
appears,1
brew,1
reaction,1
ab,1
proved,1
days,1
feeling,1
inferiority,1
keeping,1
edited,1
part,1
play,1
institution,1
bargaining,1
purely,1
remain,1
extend,1
expected,1
may,1
union,1
management,1
form,1
some,1
others,1
workingman,1
treat,1
indefinitely,1
can,1
we,1
says,1
survive,1
perplexities,1
long,1
cf,1
measuring,1
practically,1
hut,1
mental,1
utility,1
immediate,1
faith,1
steadily,1
conduct,1
objective,1
intent,1
yerkes,1
theirs,1
psychologist,1
behaviorist,1
believes,1
processes,1
productive,1
economies,1
further,1
mainly,1
ca,1
rise,1
likely,1
serviceable,1
combinations,1
existence,1
temperamental,1
pays,1
humane,1
o,1
alert,1
seem,1
moral,1
emotionally,1
apt,1
relationships,1
support,1
ad,1
reasons,1
emotions,1
hand,1
hospital,1
state,1
york,1
f,1
chairman,1
floyd,1
ir,1
character,1
qualities,1
agree,1
carver,1
anti,1
incidentally,1
concern,1
among,1
shortcomings,1
manifest,1
al,1
el,1
sex,1
his,1
remarks,1
theories,1
clouds,1
speculative,1
suspended,1
pat,1
economists,1
classical,1
kept,1
balloon,1
person,1
h,1
consequently,1
b,1
where,1
general,1
rate,1
affinity,1
d,1
principle,1
law,1
aid,1
first,1
isa,1
control,1
beyond,1
therefore,1
student,1
impression,1
phenomena,1
faction,1
physical,1
like,1
activity,1
haman,1
matters,1
element,1
fact,1
ascertained,1
ba,1
industries,1
earlier,1
do,1
stand,1
open,1
mast,1
ponderous,1
y,1
corporation,1
largest,1
vice,1
when,1
abstractions,1
upon,1
come,1
consider,1
count,1
prompted,1
korzybski,1
idea,1
heavily,1
contribution,1
each,1
implicit,1
circles,1
re,1
benjamin,1
receptive,1
appalled,1
ideas,1
must,1
leader,1
changing,1
ons,1
radicalism,1
moving,1
suspicion,1
immediately,1
put,1
united,1
ought,1
ago,1
years,1
five,1
was,1
exactly,1
being,1
anything,1
recently,1
chief,1
states,1
labeling,1
expedient,1
expounded,1
themselves,1
executives,1
generation,1
rising,1
professional,1
liberal,1
held,1
together,1
result,1
tenuously,1
man,1
topic,1
art,1
sciences,1
contributions,1
discover,1
introduction,1
director,1
u,1
administration,1
series,1
evening,1
bas,1
assumed,1
prosaic,1
affairs,1
fakers,1
certain,1
ease,1
achieved,1
exponents,1
standing,1
hence,1
profit,1
found,1
commercial,1
whole,1
into,1
incorporated,1
ha,1
title,1
periodic,1
planes,1
creation,1
money,1
making,1
willing,1
make,1
waiting,1
international,1
active,1
movement,1
organized,1
exhaust,1
war,1
civil,1
prefer,1
pp,1
groups,1
thousand,1
twenty,1
baltimore,1
speaking,1
english,1
cent,1
per,1
williams,1
paying,1
recruit,1
wilkins,1
without,1
land,1
complete,1
failure,1
comparative,1
what,1
cooperation,1
distribution,1
wide,1
ownership,1
diffusion,1
efficiency,1
technical,1
pros,1
restriction,1
lectures,1
advance,1
disarming,1
forestalled,1
bed,1
due,1
largely,1
formed,1
officials,1
late,1
main,1
third,1
relations,1
ill,1
vagrants,1
less,1
camps,1
lumber,1
most,1
collect,1
extremely,1
whom,1
itinerary,1
nominal,1
significance,1
workers,1
vary,1
k,1
e,1
observations,1
brilliant,1
footnote,1
taken,1
lucidly,1
exact,1
theoretical,1
discussions,1
clark,1
ins,1
reason,1
simple,1
glorifies,1
affiliation,1
moscow,1
hiding,1
structure,1
labyrinthine,1
outs,1
fight,1
political,1
tried,1
dissipate,1
quickly,1
club,1
nothing,1
party,1
communist,1
here,1
evans,1
satisfies,1
