term,count
the,77
of,61
and,52
to,35
in,34
a,21
is,15
by,15
his,13
with,12
mr,11
was,11
it,11
hutton,10
has,9
be,9
that,9
work,9
for,8
at,8
which,8
new,7
from,7
he,7
italy,7
edition,6
this,6
original,6
century,6
are,6
have,6
italian,6
on,6
as,5
who,5
there,5
i,5
o,5
but,4
art,4
authors,4
they,4
volumes,4
painting,4
an,4
first,4
my,4
history,4
them,4
s,4
italians,3
or,3
now,3
edward,3
had,3
research,3
life,3
old,3
footnotes,3
vol,3
only,3
not,3
well,3
florence,3
edited,3
its,3
authority,3
time,3
find,2
believe,2
portrait,2
country,2
dante,2
were,2
researches,2
question,2
giotto,2
nearly,2
painted,2
political,2
church,2
ago,2
these,2
day,2
given,2
more,2
botticelli,2
themselves,2
later,2
p,2
all,2
text,2
little,2
criticism,2
while,2
what,2
found,2
would,2
co,2
half,2
place,2
painters,2
if,2
account,2
completed,2
himself,2
away,2
availed,2
growing,2
review,2
wrote,2
book,2
london,2
band,2
douglas,2
engaged,2
transition,2
do,2
such,2
volume,2
lives,2
strong,2
villa,2
xv,2
florentine,2
been,2
might,2
youthful,2
seriously,2
him,2
books,2
monumental,2
example,2
students,2
view,2
made,2
point,2
language,2
being,2
their,2
illustrated,2
boccaccio,2
large,1
still,1
missing,1
fortunately,1
comments,1
editorial,1
best,1
knowledge,1
sympathy,1
tor,1
outlook,1
broadened,1
utilitarian,1
lack,1
although,1
fluent,1
priest,1
climax,1
unfrocked,1
known,1
between,1
stands,1
boyhood,1
spent,1
novelist,1
modem,1
believed,1
house,1
per,1
u,1
octavo,1
royal,1
elaborately,1
schools,1
xiv,1
school,1
ii,1
rough,1
vols,1
homes,1
poet,1
famed,1
dramatist,1
housekeeper,1
pious,1
scandal,1
much,1
neighborhood,1
monks,1
intolerance,1
conversing,1
novel,1
writing,1
incidentally,1
ten,1
editing,1
surroundings,1
connoisseur,1
critic,1
famous,1
bernard,1
bear,1
latin,1
strict,1
added,1
panel,1
raphael,1
same,1
publishers,1
congratulated,1
recently,1
again,1
master,1
sketch,1
making,1
accessible,1
piquancy,1
splendid,1
taddeo,1
pupil,1
fact,1
established,1
interpretation,1
pretty,1
whereas,1
least,1
penetrated,1
archives,1
enabled,1
show,1
michelangelo,1
reach,1
ultimately,1
development,1
free,1
ideals,1
personal,1
independent,1
expression,1
dictates,1
break,1
sociological,1
went,1
how,1
demonstrate,1
renaissance,1
individuality,1
conventionalism,1
definitely,1
seymour,1
discovered,1
proportion,1
lippi,1
below,1
far,1
set,1
through,1
strongly,1
objectively,1
scientifically,1
personality,1
hound,1
editor,1
fortunate,1
moreover,1
cloth,1
too,1
attention,1
serious,1
deprived,1
rather,1
earlier,1
both,1
proper,1
chapel,1
probably,1
idea,1
leaves,1
adheres,1
adverse,1
tempted,1
one,1
bo,1
collected,1
sized,1
fair,1
xvi,1
page,1
desired,1
every,1
brackets,1
recognizable,1
readily,1
modern,1
very,1
make,1
young,1
n,1
sons,1
charles,1
issued,1
died,1
ere,1
press,1
came,1
two,1
illustrations,1
elaborate,1
six,1
others,1
fame,1
qualifying,1
overlooked,1
artists,1
dealing,1
chapters,1
entire,1
date,1
scribner,1
extended,1
bring,1
published,1
numerous,1
drawings,1
line,1
photographs,1
reproductions,1
tone,1
substitution,1
stood,1
leaving,1
another,1
services,1
secured,1
dent,1
m,1
j,1
meantime,1
alone,1
saturday,1
times,1
np,1
edit,1
seemed,1
long,1
libraries,1
resort,1
obliged,1
latter,1
than,1
collectors,1
after,1
sought,1
caused,1
rarity,1
none,1
losing,1
intervening,1
accepted,1
once,1
friend,1
printed,1
standard,1
richly,1
examination,1
felt,1
arthur,1
need,1
publisher,1
murray,1
john,1
years,1
seven,1
some,1
quarter,1
last,1
developed,1
measurably,1
results,1
nothing,1
say,1
op,1
come,1
illustration,1
processes,1
taken,1
advantage,1
wherever,1
conclusions,1
prom,1
noteworthy,1
unknown,1
about,1
walks,1
then,1
censured,1
alike,1
third,1
spirit,1
tourists,1
effort,1
fortune,1
sacrificed,1
failed,1
doing,1
believes,1
oxford,1
ran,1
englishman,1
speak,1
tuscany,1
study,1
care,1
composed,1
ob,1
because,1
di,1
called,1
outside,1
just,1
virtuoso,1
student,1
ideal,1
erudition,1
deep,1
comprehensive,1
fund,1
shown,1
enthusiasm,1
worthy,1
other,1
english,1
complete,1
does,1
sh,1
three,1
neither,1
intact,1
absolutely,1
keep,1
business,1
introduction,1
writes,1
fashioned,1
trifle,1
points,1
many,1
however,1
no,1
can,1
performed,1
admirable,1
exposition,1
write,1
late,1
superfluous,1
loyal,1
easily,1
interesting,1
fault,1
useful,1
may,1
result,1
hope,1
could,1
tried,1
supplemented,1
contradicted,1
theories,1
facts,1
criticisms,1
bias,1
fear,1
without,1
select,1
second,1
questions,1
harry,1
nor,1
handling,1
