term,count
the,83
of,56
and,41
to,30
is,28
in,28
a,25
i,17
it,14
that,14
by,12
with,12
for,12
on,10
art,10
s,9
as,9
not,8
pen,8
one,7
work,7
he,7
c,7
this,7
drawing,6
d,5
t,5
there,5
or,5
e,5
its,5
l,5
ink,5
who,4
than,4
other,4
p,4
which,4
you,4
us,4
are,4
easy,4
r,4
n,4
way,4
at,4
how,4
book,3
much,3
our,3
line,3
j,3
had,3
medium,3
illustration,3
may,3
some,3
no,3
modern,3
from,3
h,3
so,3
if,3
f,3
decoration,2
half,2
done,2
th,2
fact,2
tire,2
today,2
be,2
arc,2
seems,2
comment,2
forth,2
called,2
drudgery,2
what,2
advice,2
old,2
fur,2
better,2
cut,2
their,2
need,2
crossed,2
statement,2
last,2
wood,2
find,2
those,2
page,2
mr,2
best,2
up,2
has,2
ts,2
ad,2
technical,2
value,2
interest,2
brush,2
also,2
have,2
ha,2
field,2
tone,2
y,2
taste,2
limn,1
we,1
signs,1
tin,1
result,1
horn,1
few,1
photo,1
twill,1
since,1
tr,1
mic,1
en,1
ti,1
stated,1
nus,1
good,1
thankless,1
him,1
thoughtlessly,1
days,1
law,1
artiste,1
fen,1
century,1
prevalent,1
hatching,1
cross,1
evidence,1
them,1
blame,1
engravers,1
rough,1
hand,1
tact,1
let,1
eh,1
vile,1
emotions,1
cop,1
robert,1
truer,1
blum,1
cr,1
nothing,1
fit,1
pa,1
merely,1
au,1
always,1
spirit,1
beautiful,1
more,1
far,1
hans,1
appropriateness,1
calls,1
mechanical,1
acres,1
time,1
tn,1
cad,1
real,1
lu,1
seemed,1
fir,1
show,1
go,1
these,1
mutters,1
joe,1
place,1
well,1
bob,1
exceedingly,1
block,1
facsimile,1
lard,1
clays,1
production,1
md,1
amount,1
lines,1
causing,1
stand,1
words,1
only,1
over,1
toy,1
letters,1
nd,1
little,1
watches,1
pleasure,1
repetition,1
look,1
yet,1
hypnotically,1
can,1
act,1
entirety,1
finally,1
critics,1
fully,1
polemic,1
disagree,1
read,1
training,1
letting,1
purl,1
wool,1
run,1
imitation,1
hits,1
stunt,1
needs,1
instant,1
pitiful,1
almost,1
comics,1
coiled,1
his,1
compensation,1
artless,1
cartoonist,1
jabs,1
cave,1
v,1
nature,1
tells,1
indulge,1
nor,1
though,1
even,1
too,1
trouble,1
st,1
abrupt,1
rubbish,1
an,1
into,1
fall,1
often,1
protest,1
borne,1
teacher,1
graver,1
sport,1
rest,1
been,1
says,1
originally,1
hope,1
drawings,1
sine,1
where,1
brought,1
was,1
car,1
ono,1
hunting,1
should,1
crook,1
why,1
case,1
wish,1
shift,1
view,1
mint,1
semi,1
significance,1
use,1
condition,1
realized,1
any,1
now,1
definite,1
deliver,1
once,1
post,1
evening,1
edi,1
pencil,1
would,1
independently,1
artist,1
possible,1
made,1
halt,1
wash,1
sod,1
pin,1
whole,1
daub,1
do,1
instance,1
definiteness,1
cheap,1
brae,1
hooded,1
imitator,1
slick,1
exploited,1
truth,1
et,1
hat,1
apparent,1
fell,1
neatness,1
tricks,1
indeed,1
form,1
notation,1
precise,1
take,1
tendency,1
growing,1
recent,1
w,1
unnoticed,1
greatest,1
many,1
material,1
stimulating,1
enjoyable,1
wealth,1
offers,1
books,1
illustrated,1
lover,1
student,1
literary,1
library,1
public,1
york,1
new,1
division,1
print,1
chief,1
frank,1
review,1
artistic,1
associations,1
qualities,1
stimulus,1
unique,1
characteristic,1
utilize,1
appreciate,1
still,1
re,1
true,1
wider,1
toward,1
such,1
pb,1
needed,1
ea,1
opportunely,1
comes,1
richer,1
con,1
pork,1
ir,1
ix,1
possibly,1
fitted,1
ton,1
collection,1
will,1
make,1
understands,1
felts,1
does,1
printer,1
photoengraver,1
study,1
fist,1
tho,1
part,1
lies,1
power,1
test,1
limits,1
inn,1
air,1
rel,1
keep,1
charla,1
type,1
artists,1
hi,1
between,1
usually,1
all,1
therefore,1
they,1
because,1
truisms,1
author,1
statements,1
here,1
attain,1
did,1
effort,1
about,1
were,1
ascertain,1
ass,1
out,1
found,1
posters,1
war,1
left,1
pablo,1
denial,1
pliable,1
ideals,1
outlook,1
technique,1
variety,1
wide,1
numerous,1
shown,1
touch,1
individual,1
helpful,1
drawn,1
pat,1
thanks,1
printed,1
examples,1
selection,1
discriminating,1
primarily,1
processes,1
cur,1
contrasts,1
fairly,1
force,1
themselves,1
entirely,1
writes,1
uniform,1
copy,1
learn,1
students,1
unfamiliar,1
altogether,1
evidently,1
unsigned,1
unknown,1
unexpected,1
pleasantly,1
yon,1
abbey,1
ins,1
brilliant,1
manet,1
de,1
o,1
