term,count
the,99
of,76
her,44
to,43
a,39
and,38
in,38
his,31
he,29
with,23
is,22
for,19
this,18
she,14
by,14
that,14
s,13
was,12
friend,11
i,11
on,9
him,9
but,9
life,8
who,8
an,8
all,8
ferdinand,8
only,8
as,7
not,7
it,7
at,7
had,6
from,5
has,5
be,5
one,5
heart,5
man,5
when,5
love,5
time,4
rare,4
my,4
t,4
l,4
berlin,4
ill,4
woman,4
e,4
so,4
human,4
into,4
their,4
now,4
good,4
sophie,4
great,3
after,3
we,3
toward,3
o,3
old,3
le,3
these,3
most,3
have,3
never,3
can,3
y,3
countess,3
winning,3
through,3
being,3
are,3
h,3
alliance,3
between,3
new,3
will,3
son,3
nature,3
power,3
you,3
me,3
whom,3
many,3
two,3
herself,3
even,3
could,3
lost,3
world,3
feel,3
tragic,2
ma,2
children,2
family,2
letters,2
half,2
further,2
during,2
yon,2
public,2
student,2
they,2
people,2
salle,2
murderer,2
proud,2
without,2
been,2
ad,2
de,2
career,2
true,2
different,2
too,2
because,2
age,2
days,2
am,2
conquered,2
same,2
root,2
its,2
often,2
pity,2
while,2
there,2
wild,2
page,2
oppressed,2
something,2
persecuted,2
best,2
course,2
paul,2
back,2
ah,2
continued,2
q,2
ran,2
red,2
did,2
deeply,2
young,2
such,2
stormy,2
authorities,2
any,2
social,2
picture,2
which,2
aristocratic,2
history,2
mayer,2
r,2
spite,2
made,2
n,2
lover,2
beside,2
home,2
gustav,2
movement,2
mature,2
combination,2
especial,2
j,2
von,2
us,2
gives,2
character,2
hi,2
early,2
death,2
spirit,2
lat,1
what,1
struggles,1
te,1
joint,1
es,1
makes,1
enjoyment,1
peaceful,1
er,1
although,1
enough,1
celebrated,1
union,1
create,1
famous,1
learned,1
welcomes,1
end,1
sensation,1
freed,1
german,1
breathe,1
weary,1
strenuous,1
burden,1
begins,1
growing,1
happy,1
inability,1
fr,1
happiness,1
autumn,1
late,1
bring,1
efforts,1
meets,1
warmth,1
tittle,1
how,1
feels,1
intuition,1
feminine,1
sensitive,1
savants,1
intellectuality,1
acute,1
founder,1
prejudices,1
book,1
them,1
tel,1
fail,1
dark,1
figure,1
joy,1
c,1
pupil,1
lo,1
must,1
field,1
hat,1
gifted,1
hours,1
serene,1
place,1
take,1
should,1
sen,1
genius,1
admitting,1
maternal,1
torn,1
needs,1
profoundly,1
cultured,1
plead,1
humor,1
recurrent,1
source,1
jealous,1
furiously,1
significant,1
remains,1
confidante,1
do,1
soon,1
off,1
serious,1
shakes,1
come,1
women,1
other,1
himself,1
forgive,1
would,1
badly,1
tun,1
erie,1
says,1
closely,1
m,1
daily,1
unburden,1
weep,1
complain,1
mos,1
begs,1
democratic,1
opinions,1
suspicious,1
times,1
hears,1
bound,1
storms,1
fervently,1
go,1
thus,1
killed,1
rival,1
challenged,1
know,1
ab,1
unhappy,1
came,1
fetched,1
hastily,1
titled,1
betrothed,1
let,1
later,1
few,1
wooed,1
faithfully,1
parents,1
hack,1
brought,1
wish,1
away,1
girl,1
loving,1
adventure,1
frivolous,1
step,1
uncertainties,1
some,1
plain,1
bullet,1
married,1
gabriele,1
devoted,1
touchingly,1
mirror,1
documents,1
form,1
friends,1
unusual,1
century,1
return,1
thought,1
groin,1
review,1
labor,1
revolutionary,1
succeed,1
fat,1
la,1
revenge,1
taking,1
hope,1
memory,1
way,1
give,1
whole,1
failed,1
living,1
where,1
dead,1
possible,1
ca,1
vague,1
probably,1
full,1
disappointed,1
sentenced,1
external,1
na,1
up,1
usual,1
lonely,1
succeeds,1
w,1
die,1
father,1
hen,1
wounded,1
mortally,1
like,1
pages,1
intolerable,1
stranger,1
endure,1
hurt,1
pride,1
pain,1
springer,1
occasional,1
appeals,1
friendship,1
april,1
reason,1
secret,1
cal,1
country,1
grasps,1
mind,1
undermined,1
reveals,1
affair,1
entire,1
envoy,1
bavarian,1
d,1
correspondence,1
helene,1
haired,1
beautiful,1
p,1
meet,1
fran,1
idea,1
stuttgart,1
security,1
delusion,1
under,1
laboring,1
clever,1
see,1
strange,1
completely,1
live,1
companion,1
training,1
mart,1
separation,1
metallic,1
again,1
violent,1
favorable,1
hall,1
regaining,1
divorce,1
forcing,1
liberation,1
securing,1
energies,1
arid,1
years,1
eight,1
hangs,1
passion,1
scandal,1
part,1
open,1
avoid,1
cost,1
wished,1
brother,1
cowardly,1
condition,1
desperate,1
evidently,1
existence,1
means,1
po,1
left,1
set,1
fortune,1
healed,1
throne,1
x,1
internationalism,1
freeing,1
furthermore,1
succeeded,1
instead,1
prison,1
months,1
interrupted,1
suits,1
patriotically,1
drama,1
thrilling,1
tinged,1
above,1
feudalism,1
tremendous,1
revolution,1
became,1
freedom,1
fight,1
symbol,1
youth,1
ever,1
youngest,1
ex,1
right,1
proletarian,1
works,1
robbed,1
dreadful,1
cherish,1
interest,1
hearts,1
reserved,1
though,1
share,1
penetrate,1
socialistic,1
ideals,1
unveiled,1
nor,1
depths,1
watch,1
ago,1
died,1
suffered,1
colors,1
vivid,1
brightly,1
before,1
suddenly,1
liking,1
planned,1
or,1
written,1
colored,1
were,1
collection,1
read,1
rears,1
cordial,1
sought,1
hide,1
magnificently,1
dis,1
th,1
cousin,1
marriage,1
edited,1
led,1
beauty,1
just,1
appearance,1
majestic,1
germany,1
noble,1
peen,1
published,1
fourth,1
member,1
volume,1
jewish,1
unusually,1
help,1
feeling,1
sense,1
highest,1
become,1
met,1
thoroughly,1
spiritually,1
narrow,1
class,1
agitator,1
scientific,1
strength,1
nutritive,1
sturdiness,1
important,1
tree,1
branches,1
fascinating,1
orator,1
fanatic,1
filial,1
reached,1
fought,1
powerful,1
witness,1
yet,1
eldest,1
things,1
extravagant,1
anything,1
cherished,1
van,1
spheres,1
dissimilar,1
ages,1
bearing,1
domineering,1
purity,1
emotional,1
ability,1
keeping,1
admired,1
threatens,1
rupture,1
occur,1
quarrels,1
rough,1
philosopher,1
temperament,1
yielding,1
steel,1
odd,1
hard,1
sentences,1
fiery,1
patience,1
demands,1
considerable,1
much,1
complaining,1
enmity,1
suffering,1
worries,1
health,1
always,1
grow,1
exceedingly,1
intellect,1
show,1
absolute,1
bears,1
making,1
profound,1
prohibiting,1
point,1
perversity,1
immorality,1
movements,1
contemporaries,1
fad,1
aged,1
middle,1
ideal,1
affection,1
reverential,1
knightly,1
aid,1
moods,1
protection,1
find,1
jew,1
turned,1
out,1
cast,1
mar,1
own,1
ideas,1
paths,1
hazardous,1
daring,1
spiritual,1
police,1
regulation,1
simultaneous,1
sojourn,1
continuing,1
eyes,1
younger,1
fulfill,1
ire,1
lifetime,1
bear,1
contempt,1
free,1
equally,1
grave,1
justify,1
behind,1
contradictory,1
recognized,1
ha,1
prototype,1
dictator,1
promise,1
child,1
calls,1
rather,1
letter,1
counter,1
touching,1
than,1
leader,1
destiny,1
