term,count
the,118
of,76
and,38
to,32
in,32
a,22
that,17
with,15
is,14
it,13
his,11
tho,10
our,9
which,9
by,9
at,9
was,9
for,9
american,8
s,8
so,7
war,7
professor,6
bassett,6
he,6
author,6
had,6
history,6
are,5
an,5
as,5
not,5
this,5
be,5
such,5
their,4
more,4
book,4
t,4
them,4
over,4
written,4
has,4
time,4
important,4
on,4
chapters,3
out,3
made,3
party,3
judicial,3
does,3
both,3
historical,3
or,3
diplomatic,3
chapter,3
people,3
must,3
much,3
up,3
whose,3
very,3
use,3
quickly,3
during,3
course,3
government,3
who,3
most,3
many,3
germany,3
country,3
conference,3
its,3
upon,3
materials,3
conflict,3
work,3
good,2
adds,2
publishers,2
feeling,2
two,2
deal,2
language,2
if,2
same,2
books,2
just,2
controversy,2
each,2
factor,2
long,2
her,2
from,2
when,2
but,2
plan,2
defeat,2
warfare,2
value,2
toward,2
attitude,2
all,2
follows,2
years,2
then,2
brief,2
however,2
man,2
material,2
york,2
violent,2
fairly,2
probably,2
find,2
president,2
forces,2
i,2
again,2
duo,2
finally,2
peace,2
historian,2
holds,2
preparing,2
only,2
w,2
german,2
done,2
home,2
every,2
serious,2
describing,2
throughout,2
great,2
skill,2
share,2
light,1
pitiless,1
merit,1
takes,1
throws,1
said,1
results,1
obtaining,1
later,1
defense,1
until,1
moments,1
precious,1
services,1
devoted,1
france,1
accounts,1
troops,1
developments,1
tr,1
across,1
taking,1
took,1
fighting,1
subsequent,1
dollars,1
treats,1
liar,1
supply,1
than,1
similar,1
us,1
story,1
experiments,1
expenditure,1
accompanied,1
also,1
continues,1
wars,1
private,1
take,1
cur,1
misgivings,1
speaking,1
after,1
view,1
point,1
undertaken,1
impartiality,1
responsibilities,1
huge,1
summing,1
following,1
own,1
understand,1
costly,1
perhaps,1
squabbles,1
true,1
adopted,1
method,1
wages,1
taken,1
personal,1
bitterness,1
tia,1
prices,1
abused,1
greatly,1
contracts,1
helps,1
letting,1
plus,1
cost,1
example,1
tor,1
production,1
machinery,1
overmanning,1
previous,1
saw,1
source,1
naval,1
won,1
glaring,1
error,1
predicates,1
sentences,1
instance,1
sees,1
one,1
tongue,1
mother,1
es,1
ordinary,1
spurs,1
already,1
without,1
capably,1
appalling,1
responsible,1
may,1
whoever,1
proofs,1
copy,1
reading,1
carelessness,1
somebody,1
blemished,1
seriously,1
seems,1
excuse,1
added,1
haste,1
u,1
craftsman,1
lark,1
widespread,1
quantity,1
interferes,1
quality,1
underrates,1
slackness,1
things,1
get,1
desire,1
general,1
stand,1
proofreaders,1
printers,1
authors,1
fault,1
blame,1
year,1
common,1
grows,1
abuse,1
distinction,1
deplorable,1
alone,1
volume,1
making,1
operations,1
double,1
vital,1
vivid,1
countrymen,1
meantime,1
him,1
hoped,1
through,1
obtain,1
efforts,1
malting,1
skillfully,1
team,1
drives,1
pears,1
these,1
covenant,1
problems,1
ifs,1
cave,1
p,1
tabors,1
negotiations,1
ones,1
last,1
while,1
water,1
character,1
due,1
english,1
files,1
d,1
obligation,1
feel,1
fail,1
can,1
contemporary,1
writer,1
libraries,1
public,1
appear,1
bound,1
tits,1
been,1
extensive,1
debt,1
acknowledges,1
preface,1
recent,1
within,1
aware,1
fully,1
become,1
hay,1
historians,1
extraordinary,1
newspaper,1
fie,1
hand,1
devotes,1
mind,1
account,1
vents,1
preparation,1
make,1
world,1
fact,1
stunning,1
amazing,1
reacted,1
sensations,1
emotions,1
reader,1
attempts,1
recreates,1
enables,1
en,1
effects,1
curly,1
introductory,1
contentions,1
alms,1
estimate,1
gives,1
level,1
attending,1
define,1
l,1
impartial,1
comply,1
submarines,1
have,1
promise,1
keeping,1
february,1
g,1
months,1
nine,1
statement,1
judgment,1
e,1
preserve,1
admirably,1
submarine,1
full,1
aroused,1
protests,1
c,1
f,1
blockade,1
british,1
anti,1
status,1
balance,1
sections,1
individuals,1
john,1
organization,1
evolution,1
into,1
roach,1
add,1
matte,1
knopf,1
alfred,1
h,1
maps,1
spencer,1
wail,1
viewpoints,1
alike,1
covers,1
inclusive,1
broad,1
constructed,1
works,1
dozen,1
half,1
college,1
smith,1
chair,1
achievements,1
apparent,1
therefore,1
las,1
differences,1
controversies,1
lie,1
whether,1
truth,1
forth,1
set,1
pad,1
woks,1
exposition,1
ana,1
spirit,1
evident,1
commendation,1
warmest,1
deserves,1
temper,1
calm,1
handling,1
judging,1
collecting,1
trained,1
participation,1
cruiser,1
she,1
merely,1
aggressive,1
accuracy,1
interests,1
unfortunate,1
harmony,1
put,1
congress,1
formulated,1
economy,1
domestic,1
reform,1
measures,1
belongs,1
raised,1
undoubtedly,1
credit,1
high,1
result,1
voters,1
doubtless,1
crisis,1
affairs,1
conduct,1
tuns,1
leaders,1
give,1
prominence,1
organizing,1
admirable,1
space,1
amount,1
immense,1
cover,1
worth,1
constantly,1
administration,1
criticism,1
question,1
open,1
purposes,1
plans,1
essentials,1
definitely,1
bringing,1
treatment,1
ordered,1
tend,1
clear,1
scope,1
comprehensive,1
end,1
wide,1
threats,1
situation,1
hefting,1
recently,1
sort,1
different,1
definite,1
demands,1
imperial,1
compliance,1
hat,1
case,1
n,1
makes,1
published,1
von,1
inconclusively,1
circles,1
governmental,1
going,1
what,1
knowing,1
opportunity,1
before,1
rules,1
those,1
defiance,1
ready,1
old,1
admiral,1
rage,1
enforced,1
handled,1
ii,1
portent,1
fm,1
causes,1
several,1
attributable,1
candidate,1
republican,1
reason,1
sums,1
election,1
presidential,1
rapid,1
necessity,1
study,1
although,1
first,1
attitudes,1
excellent,1
affected,1
ideals,1
retirement,1
conscience,1
