term,count
the,91
a,73
of,67
to,52
and,47
in,43
his,31
is,20
that,20
for,15
as,15
with,14
he,13
by,12
s,12
was,11
who,11
at,11
on,10
it,10
their,10
her,9
not,9
one,8
from,8
him,8
be,7
i,7
more,7
she,7
had,7
hutchinson,7
upon,6
elisabeth,6
there,6
are,6
novel,6
has,6
an,6
house,5
all,5
them,5
have,5
you,5
but,5
so,5
this,5
which,5
war,5
life,4
than,4
make,4
or,4
can,4
made,4
mr,4
purpose,4
sim,4
little,4
its,4
should,4
been,4
years,4
public,4
every,3
through,3
d,3
c,3
four,3
year,3
whose,3
workers,3
idea,3
if,3
without,3
possible,3
waiting,3
out,3
world,3
must,3
young,3
may,3
these,3
home,3
when,3
dripping,3
came,3
half,3
beauty,3
another,3
family,3
down,3
general,3
andrew,3
england,3
even,3
popularity,3
fame,3
increasing,3
sober,3
end,2
scratch,2
bodyguard,2
imposes,2
knowledge,2
prose,2
seemed,2
often,2
love,2
printings,2
how,2
vast,2
let,2
much,2
passage,2
hers,2
hath,2
any,2
task,2
will,2
wine,2
age,2
other,2
poor,2
cake,2
outside,2
thousand,2
sire,2
paris,2
b,2
linda,2
furniture,2
far,2
deep,2
frocks,2
floated,2
call,2
author,2
limitations,2
come,2
whom,2
only,2
hand,2
light,2
each,2
houses,2
text,2
great,2
why,2
british,2
gone,2
critics,2
brother,2
hard,2
charles,2
married,2
comes,2
golden,2
yellow,2
first,2
during,2
old,2
many,2
hall,2
then,2
we,2
too,2
like,2
your,2
strange,2
dunces,2
under,2
lies,2
sold,2
into,2
those,2
sunday,2
man,2
leave,2
vogue,2
fact,2
up,1
clubs,1
look,1
speaking,1
tables,1
could,1
parties,1
manner,1
restaurant,1
genius,1
give,1
smile,1
revelation,1
measure,1
full,1
smallpox,1
marred,1
dangerous,1
suicide,1
scourged,1
sorrow,1
till,1
comment,1
impossible,1
prophetic,1
stars,1
brow,1
waist,1
hell,1
square,1
sort,1
stood,1
rose,1
express,1
just,1
spenders,1
offered,1
bit,1
mind,1
would,1
nod,1
ears,1
uprooted,1
role,1
soul,1
lids,1
might,1
figure,1
tableau,1
arise,1
steal,1
away,1
things,1
happened,1
mutely,1
spirit,1
joined,1
transcendental,1
planes,1
virtues,1
visions,1
understandings,1
passed,1
hushed,1
almost,1
pink,1
week,1
purchase,1
price,1
returned,1
literary,1
customer,1
bright,1
envelope,1
note,1
reunion,1
chastened,1
affair,1
name,1
went,1
still,1
ly,1
awes,1
rise,1
latest,1
glimpse,1
calculation,1
penalties,1
five,1
twenty,1
therefore,1
loved,1
said,1
furnished,1
goes,1
bewails,1
quest,1
increases,1
changes,1
distractingly,1
gleams,1
glimpses,1
also,1
dedicate,1
robbed,1
woman,1
darkness,1
death,1
drawn,1
know,1
alone,1
words,1
dream,1
lamps,1
gentle,1
repay,1
stream,1
rapture,1
fallacious,1
foretaste,1
father,1
fraudulent,1
trustee,1
clear,1
crusade,1
lamp,1
everest,1
purposes,1
addressed,1
futile,1
attacks,1
bare,1
heads,1
before,1
peak,1
talking,1
sales,1
pictures,1
battle,1
axes,1
gently,1
swinging,1
next,1
cross,1
self,1
themselves,1
poise,1
caine,1
marie,1
appeal,1
contemplation,1
intelligence,1
need,1
spoil,1
temper,1
find,1
point,1
individual,1
lapses,1
save,1
falls,1
line,1
duty,1
book,1
somehow,1
reviewer,1
music,1
banal,1
exploitation,1
sacred,1
themes,1
strut,1
rant,1
minor,1
witticisms,1
brotherhood,1
ear,1
meat,1
fleas,1
obligation,1
reading,1
devolve,1
shoulders,1
condone,1
prepared,1
refuges,1
big,1
differently,1
imagines,1
considerable,1
white,1
lots,1
fell,1
doing,1
last,1
justice,1
being,1
shaken,1
hat,1
ready,1
concede,1
everything,1
montgomery,1
they,1
sets,1
nature,1
novels,1
arc,1
recurrent,1
offense,1
looked,1
elementary,1
human,1
apparent,1
puzzle,1
inevitably,1
cynic,1
athens,1
bade,1
writer,1
hungered,1
work,1
tc,1
remain,1
whether,1
christianity,1
regenerate,1
message,1
commonplace,1
saintly,1
legends,1
since,1
dawn,1
fairly,1
confidently,1
wagered,1
hundred,1
sermons,1
dawns,1
chastening,1
ever,1
reveals,1
glass,1
piece,1
lr,1
preachers,1
religion,1
bread,1
pills,1
gland,1
elixirs,1
medicine,1
accepted,1
healers,1
dubious,1
literature,1
hope,1
escape,1
same,1
order,1
charlatans,1
letters,1
billy,1
baxter,1
prophet,1
joanna,1
vintage,1
ill,1
baked,1
category,1
readers,1
shrewd,1
enough,1
affairs,1
daily,1
destitute,1
faculty,1
no,1
fault,1
either,1
exists,1
notice,1
told,1
burst,1
behind,1
receptions,1
rather,1
wonders,1
attends,1
tautology,1
result,1
hides,1
pillars,1
modern,1
pot,1
palms,1
indeed,1
resides,1
mainly,1
insulting,1
hundreds,1
heels,1
breathes,1
syntax,1
fly,1
congenial,1
lodging,1
civilized,1
amid,1
such,1
holy,1
simplicities,1
view,1
common,1
mews,1
green,1
canvas,1
kept,1
busy,1
finding,1
uncanny,1
hitherto,1
camera,1
spared,1
yearn,1
conscience,1
continued,1
immunity,1
reiterated,1
question,1
am,1
stimulus,1
until,1
post,1
disgusts,1
lost,1
sight,1
nice,1
girl,1
called,1
mannerisms,1
major,1
infantry,1
attained,1
written,1
member,1
intellectual,1
branch,1
growth,1
flavor,1
tho,1
devils,1
sell,1
mere,1
few,1
thousands,1
acts,1
rank,1
providence,1
men,1
benefit,1
night,1
fair,1
critic,1
hearted,1
motto,1
whips,1
halting,1
specialty,1
quite,1
sub,1
steps,1
given,1
help,1
transparent,1
pseudonym,1
rut,1
adept,1
ash,1
shrink,1
wonder,1
small,1
rood,1
re,1
handling,1
obvious,1
desire,1
considered,1
our,1
times,1
harder,1
handle,1
ii,1
deserves,1
teeth,1
seeming,1
scoff,1
sink,1
master,1
burlesque,1
swagger,1
between,1
learn,1
lead,1
cranks,1
hunted,1
fugitive,1
quips,1
torn,1
decencies,1
modesty,1
due,1
position,1
writers,1
entail,1
two,1
town,1
devilish,1
famous,1
super,1
worth,1
word,1
fortune,1
pleasantries,1
us,1
magic,1
disarm,1
envy,1
recounting,1
mirthless,1
take,1
fling,1
hostile,1
unwilling,1
accept,1
large,1
final,1
glade,1
mood,1
tilt,1
use,1
nurture,1
henry,1
cause,1
atrophy,1
sense,1
value,1
savage,1
break,1
were,1
vase,1
lightly,1
mug,1
clay,1
co,1
lovely,1
creature,1
heeded,1
stuart,1
writing,1
kind,1
ernest,1
poole,1
macmillan,1
now,1
developed,1
forcing,1
some,1
fiction,1
fruit,1
where,1
commonly,1
popular,1
toast,1
seldom,1
butter,1
skin,1
proverb,1
windmills,1
again,1
brought,1
pp,1
nursing,1
broken,1
nail,1
store,1
met,1
morning,1
among,1
never,1
forgotten,1
london,1
sky,1
balloons,1
day,1
fireworks,1
boston,1
yourself,1
days,1
sally,1
pretty,1
wit,1
brown,1
ought,1
boiled,1
sent,1
n,1
cart,1
feed,1
dogs,1
once,1
wipe,1
mouth,1
done,1
tea,1
moon,1
dozen,1
hunter,1
paralyzed,1
tepidly,1
affectionate,1
wife,1
prisoner,1
uncle,1
referred,1
very,1
sincere,1
paper,1
sinister,1
male,1
nurse,1
jule,1
keeps,1
malevolent,1
eye,1
running,1
business,1
detail,1
worry,1
righteousness,1
sake,1
criticism,1
urbane,1
three,1
brothers,1
after,1
fashion,1
middle,1
different,1
ways,1
lives,1
ramshackle,1
tied,1
j,1
deal,1
going,1
dark,1
colonel,1
past,1
vivid,1
black,1
gleaming,1
successive,1
loveliness,1
extraordinary,1
radiance,1
always,1
blow,1
formerly,1
bud,1
blossom,1
alike,1
attraction,1
tropical,1
pay,1
clean,1
daughter,1
doctor,1
something,1
navy,1
air,1
strain,1
greater,1
l,1
confidential,1
secretary,1
lord,1
unheard,1
salary,1
exact,1
geometric,1
mayfair,1
theirs,1
