term,count
the,105
of,91
to,52
and,41
a,36
in,27
his,26
with,20
he,19
as,16
s,14
which,14
not,13
mr,12
tile,12
for,11
on,11
was,10
or,10
that,10
it,10
is,9
who,9
by,9
had,8
an,8
at,8
r,8
from,8
has,7
be,7
this,6
after,6
one,6
ireland,6
parnell,5
would,5
time,5
him,5
irish,5
spencer,5
united,5
when,5
were,5
o,5
now,4
even,4
us,4
whom,4
jr,4
seems,4
been,4
re,4
get,4
lord,4
some,4
its,4
justice,4
two,3
nd,3
while,3
did,3
much,3
against,3
present,3
jury,3
park,3
phoenix,3
league,3
my,3
are,3
into,3
many,3
least,3
dublin,3
days,3
castle,3
later,3
them,3
no,3
we,3
over,3
does,3
paper,3
have,3
way,3
but,3
murder,3
taken,2
like,2
same,2
down,2
field,2
hang,2
question,2
ill,2
work,2
our,2
first,2
political,2
out,2
fair,2
denounced,2
parliamentary,2
chief,2
far,2
attempt,2
those,2
high,2
other,2
lawson,2
presided,2
trial,2
new,2
place,2
before,2
tim,2
practical,2
government,2
general,2
life,2
i,2
spirit,2
brought,2
anybody,2
help,2
indecent,2
apparently,2
t,2
dates,2
about,2
good,2
half,2
forgotten,2
close,2
more,2
what,2
himself,2
swept,2
men,2
they,2
lr,2
so,2
murderers,2
land,2
touch,2
conviction,2
end,2
lie,2
crimes,2
convict,2
responsibility,2
le,2
back,2
do,2
played,2
earlier,2
leaders,2
thousand,2
only,2
give,2
well,2
english,2
once,2
editor,2
recollections,2
ls,2
command,2
william,2
h,2
leader,2
imputations,1
malicious,1
c,1
string,1
libel,1
hope,1
courts,1
seditious,1
sections,1
saw,1
m,1
false,1
republican,1
proceeding,1
regard,1
rather,1
spirits,1
accusing,1
article,1
rebuffed,1
text,1
testimony,1
interesting,1
piece,1
author,1
winning,1
encourage,1
type,1
bear,1
prosecutions,1
croak,1
hook,1
concocted,1
tribunals,1
denunciation,1
page,1
read,1
let,1
z,1
frequently,1
listened,1
bold,1
conscious,1
x,1
whether,1
humor,1
conspirator,1
there,1
subject,1
gravity,1
trout,1
recognize,1
q,1
exaggerated,1
avoid,1
said,1
desire,1
criticism,1
however,1
preceded,1
answer,1
judge,1
escaped,1
phenomenal,1
narrowly,1
just,1
yet,1
should,1
asps,1
toads,1
alien,1
expressed,1
observing,1
l,1
think,1
imposture,1
rottenness,1
bundle,1
got,1
me,1
whole,1
catch,1
cry,1
rained,1
crime,1
ghastly,1
fact,1
language,1
inflammatory,1
cf,1
muscle,1
rio,1
risible,1
request,1
refers,1
taint,1
utterances,1
assistance,1
quot,1
fifty,1
brien,1
hundred,1
disclaiming,1
stalwarts,1
yes,1
passed,1
word,1
indeed,1
hurt,1
dog,1
declined,1
advertisement,1
evidence,1
accepting,1
branded,1
pries,1
longing,1
came,1
conceal,1
whose,1
indelible,1
gates,1
impassive,1
magnificent,1
absurdity,1
highest,1
pitch,1
suspicion,1
without,1
illustration,1
boiling,1
delightful,1
furnishes,1
sense,1
lost,1
under,1
cover,1
march,1
devotion,1
distinguished,1
represents,1
workmen,1
toward,1
constables,1
per,1
knowledge,1
doe,1
through,1
streets,1
ir,1
rid,1
ta,1
gets,1
raise,1
could,1
foul,1
plan,1
cabinet,1
gladstone,1
u,1
tl,1
successful,1
moment,1
b,1
thought,1
negotiations,1
struck,1
unnamed,1
remote,1
hostages,1
away,1
md,1
asked,1
address,1
taking,1
ha,1
secretary,1
doubts,1
putting,1
opened,1
three,1
bin,1
lips,1
style,1
police,1
gathering,1
helping,1
ourselves,1
hen,1
painter,1
gangs,1
otter,1
hot,1
lid,1
consultation,1
accursed,1
torquemada,1
hold,1
why,1
machinery,1
hoped,1
v,1
hanging,1
dice,1
captives,1
seizing,1
loaded,1
siege,1
state,1
govern,1
can,1
sufficient,1
tire,1
all,1
witnesses,1
bribed,1
packed,1
coup,1
play,1
knew,1
pincers,1
turned,1
reaches,1
says,1
portrait,1
flattering,1
analogous,1
process,1
conduct,1
idea,1
ruled,1
dozen,1
morality,1
lofty,1
statements,1
ditch,1
stuff,1
great,1
such,1
odin,1
amazement,1
disgusted,1
ft,1
bis,1
lend,1
parody,1
god,1
bags,1
earl,1
et,1
folly,1
attaching,1
achievement,1
dangerous,1
nether,1
annals,1
since,1
extinction,1
heroic,1
j,1
ml,1
garments,1
parallel,1
foundation,1
voyage,1
france,1
dillon,1
boat,1
episodes,1
found,1
employed,1
find,1
triumvirate,1
en,1
come,1
within,1
measurable,1
distance,1
conflict,1
ever,1
calumny,1
tho,1
deposition,1
own,1
account,1
stages,1
campaign,1
still,1
distant,1
if,1
rural,1
thus,1
goes,1
may,1
formation,1
lo,1
tow,1
detection,1
autobiography,1
week,1
allow,1
election,1
true,1
revolutionary,1
deluge,1
book,1
ago,1
twenty,1
member,1
entrance,1
closes,1
journalist,1
began,1
years,1
covers,1
installment,1
length,1
rival,1
bids,1
scale,1
anything,1
continued,1
ar,1
disappointed,1
warning,1
ally,1
bitterness,1
flux,1
words,1
surpassed,1
sexton,1
intimate,1
object,1
vein,1
fiercest,1
invectives,1
then,1
retired,1
sulks,1
tent,1
vitriolic,1
peculiar,1
will,1
formerly,1
reviewed,1
point,1
view,1
arrangement,1
london,1
times,1
nationalists,1
unionists,1
parts,1
day,1
written,1
denunciations,1
enemies,1
always,1
scene,1
tried,1
ills,1
revolt,1
resources,1
supposed,1
uneasiness,1
majority,1
party,1
organizing,1
gold,1
band,1
pitt,1
exciting,1
among,1
jacobin,1
during,1
french,1
pecuniary,1
austin,1
felix,1
nicknamed,1
caused,1
alliance,1
owing,1
capitalist,1
character,1
unwonted,1
figured,1
lately,1
fiction,1
toms,1
her,1
writing,1
novel,1
country,1
happened,1
never,1
game,1
examples,1
here,1
complains,1
bitterly,1
became,1
atrocious,1
official,1
wisdom,1
adversaries,1
blacken,1
secret,1
conspiracies,1
themselves,1
being,1
organ,1
mellow,1
known,1
anthology,1
tells,1
editorship,1
eng,1
possible,1
forget,1
really,1
kr,1
generous,1
writings,1
form,1
contrast,1
picture,1
minded,1
moder,1
repudiates,1
indignantly,1
conclusion,1
another,1
sir,1
shopkeeper,1
acted,1
juror,1
bad,1
ease,1
these,1
trevelyan,1
took,1
november,1
sly,1
months,1
solemn,1
terrible,1
soon,1
exploits,1
net,1
macmillan,1
p,1
recollection,1
mentions,1
mask,1
dagger,1
assassination,1
instruments,1
part,1
truly,1
articles,1
facts,1
looking,1
forced,1
aim,1
though,1
tribute,1
hardly,1
follow,1
rambling,1
disjointed,1
story,1
early,1
career,1
concerned,1
domestic,1
man,1
strong,1
family,1
affections,1
excitable,1
temperament,1
wishes,1
little,1
la,1
index,1
cs,1
throughout,1
too,1
unfortunately,1
historical,1
rigorously,1
actors,1
any,1
narrative,1
uncorroborated,1
accept,1
wise,1
probably,1
sad,1
losses,1
seem,1
told,1
irishman,1
richard,1
gave,1
name,1
made,1
air,1
forster,1
health,1
remark,1
reading,1
number,1
earth,1
madman,1
proud,1
called,1
treasurer,1
egan,1
july,1
sentimentality,1
mawkish,1
rattler,1
explosions,1
alternating,1
rancor,1
violence,1
fits,1
excusable,1
perhaps,1
explains,1
wrought,1
hopeless,1
train,1
