term,count
the,154
of,63
and,59
to,49
in,40
is,39
that,28
it,26
a,25
negro,24
as,23
not,20
he,19
race,19
for,19
be,18
has,14
with,14
they,12
or,12
white,11
no,11
would,11
his,11
smith,11
prof,11
but,10
what,10
are,9
do,9
s,9
more,8
all,8
their,8
this,8
which,7
even,7
was,7
there,7
by,7
have,7
than,7
man,6
from,6
them,6
may,6
less,6
him,6
if,6
at,5
tile,5
country,5
matter,5
so,5
on,5
must,4
present,4
instinct,4
problem,4
such,4
labor,4
can,4
an,4
does,4
these,4
will,4
done,4
were,3
set,3
hand,3
centuries,3
great,3
any,3
out,3
back,3
thinks,3
negroes,3
very,3
beginning,3
future,3
education,3
inferior,3
amalgamation,3
never,3
blame,3
same,3
south,3
nature,3
world,3
one,3
question,3
only,3
end,3
we,3
its,3
subject,2
strongly,2
like,2
sees,2
personal,2
black,2
instant,2
horror,2
itself,2
old,2
o,2
how,2
whole,2
danger,2
mistaken,2
wide,2
co,2
right,2
others,2
backward,2
find,2
now,2
southern,2
nor,2
under,2
slightest,2
self,2
large,2
i,2
face,2
high,2
academic,2
whatever,2
humanitarian,2
up,2
yet,2
gets,2
eyes,2
superior,2
inferiority,2
mind,2
nothing,2
ages,2
history,2
prejudice,2
call,2
processes,2
thus,2
considers,2
well,2
competition,2
whites,2
obviously,2
about,2
gloomy,2
might,2
help,2
failure,2
north,2
could,2
seems,2
much,2
greatest,2
certainly,2
time,2
though,2
view,2
form,2
rate,2
practical,2
life,2
work,2
something,2
always,2
provided,2
l,2
merely,2
way,2
proposition,2
upon,2
order,2
writers,2
himself,2
tend,2
quite,1
bitterness,1
warped,1
spirit,1
admitting,1
comprehensible,1
lower,1
complains,1
none,1
top,1
standard,1
room,1
laws,1
left,1
general,1
standing,1
organizations,1
service,1
hey,1
motives,1
case,1
accustomed,1
inferiors,1
element,1
land,1
weaker,1
wall,1
other,1
ever,1
off,1
sure,1
mere,1
shall,1
wherever,1
slow,1
considerations,1
philanthropy,1
absent,1
disappearance,1
indian,1
membership,1
weakness,1
bottom,1
withstand,1
narrower,1
makes,1
baser,1
du,1
able,1
you,1
t,1
booker,1
blaze,1
farm,1
attendant,1
immediately,1
irresistible,1
violence,1
got,1
grow,1
wrong,1
justified,1
water,1
drawer,1
unjustified,1
preservation,1
suddenly,1
wood,1
hewer,1
into,1
crowded,1
strong,1
wages,1
reduced,1
threat,1
lois,1
demands,1
employers,1
opportunities,1
flame,1
menace,1
chinese,1
aggravated,1
agricultural,1
moves,1
told,1
fortune,1
admission,1
numbers,1
full,1
ranks,1
panacea,1
skilled,1
n,1
latter,1
higher,1
believe,1
who,1
fall,1
see,1
terrible,1
side,1
treated,1
flourish,1
devotes,1
secular,1
enthusiast,1
downtrodden,1
class,1
actually,1
happening,1
last,1
q,1
chapters,1
showing,1
weakening,1
slowing,1
down,1
process,1
wiser,1
notion,1
desiring,1
rule,1
idea,1
vision,1
negroid,1
descendants,1
come,1
after,1
place,1
m,1
duty,1
keep,1
before,1
people,1
drugged,1
sleep,1
extinction,1
presents,1
figures,1
saddled,1
slavery,1
spared,1
steadily,1
declined,1
followed,1
nation,1
population,1
hint,1
know,1
truth,1
allowed,1
predispositions,1
color,1
conclusions,1
institution,1
sheltered,1
while,1
marked,1
buoyancy,1
hopeful,1
finds,1
above,1
decreases,1
birth,1
increases,1
death,1
part,1
vigor,1
impairing,1
towns,1
rush,1
shrinking,1
hope,1
considering,1
rivals,1
except,1
where,1
bulwarked,1
climate,1
mounting,1
wave,1
clear,1
measure,1
cold,1
eye,1
science,1
plight,1
peoples,1
appears,1
races,1
prepared,1
looking,1
career,1
individual,1
fraction,1
use,1
cease,1
lost,1
better,1
tainted,1
been,1
forever,1
blood,1
shown,1
power,1
doom,1
awaits,1
practically,1
hopeless,1
dart,1
specious,1
given,1
either,1
voice,1
vote,1
injustice,1
however,1
plausible,1
parcel,1
grandfatherly,1
deeper,1
legislation,1
single,1
alternative,1
mr,1
dealt,1
equity,1
let,1
inhumanly,1
v,1
unjustly,1
should,1
mean,1
reality,1
unfeeling,1
harsh,1
sound,1
furnace,1
heated,1
thrice,1
dross,1
rejected,1
probability,1
insists,1
says,1
coil,1
calls,1
trust,1
emergency,1
sets,1
pro,1
laid,1
length,1
ideas,1
proves,1
complete,1
fact,1
thing,1
discussion,1
coarse,1
some,1
data,1
historical,1
array,1
vast,1
defends,1
feels,1
hat,1
admits,1
certain,1
author,1
called,1
attention,1
dalliance,1
permit,1
ought,1
kindness,1
taking,1
each,1
evident,1
immense,1
generous,1
sentimental,1
treatment,1
hence,1
existence,1
serious,1
presented,1
neither,1
martians,1
relevant,1
hardly,1
europe,1
testimony,1
weightless,1
indeed,1
else,1
authority,1
adverse,1
answer,1
her,1
against,1
arrayed,1
intelligence,1
virtue,1
she,1
characteristic,1
striking,1
here,1
caucasian,1
lie,1
eventually,1
mon,1
prevent,1
flow,1
both,1
importance,1
vastly,1
ts,1
being,1
whose,1
dominant,1
betterment,1
take,1
apt,1
minds,1
number,1
good,1
prefer,1
extreme,1
doubt,1
unless,1
consensus,1
harm,1
rather,1
ugly,1
solutions,1
possible,1
several,1
treat,1
states,1
united,1
probable,1
past,1
book,1
reasonable,1
looks,1
tiling,1
forward,1
chief,1
judgment,1
divided,1
inexorable,1
mathematically,1
used,1
just,1
phrase,1
implied,1
squarely,1
planted,1
university,1
tulane,1
volume,1
humane,1
hard,1
wise,1
whether,1
consider,1
bother,1
seemed,1
few,1
raise,1
object,1
proclaimed,1
considered,1
mal,1
different,1
attitude,1
when,1
ethical,1
respectable,1
trades,1
jo,1
preposterous,1
suppose,1
close,1
generation,1
filmy,1
ti,1
unborn,1
overworked,1
william,1
pp,1
new,1
y,1
kt,1
u,1
infinitely,1
chasm,1
chiseling,1
spent,1
tide,1
concludes,1
achievement,1
best,1
between,1
gap,1
shows,1
refused,1
eloquence,1
ingenuity,1
little,1
cs,1
many,1
phillips,1
lo,1
webs,1
space,1
control,1
unions,1
ways,1
known,1
vineyard,1
tn,1
laborer,1
st,1
comfort,1
ultimate,1
principal,1
gospel,1
accepts,1
economic,1
intervening,1
culture,1
traversing,1
without,1
roof,1
floor,1
rise,1
expect,1
office,1
post,1
spoils,1
political,1
partisan,1
civil,1
cu,1
social,1
insistence,1
buttresses,1
point,1
unrelieved,1
whither,1
thinking,1
impulses,1
philanthropic,1
freely,1
yield,1
home,1
comes,1
least,1
suggested,1
contamination,1
possibility,1
dangers,1
difficulties,1
confronts,1
seeing,1
operation,1
hospitality,1
sympathy,1
extending,1
hesitancy,1
natural,1
specimen,1
interesting,1
curious,1
swan,1
horseback,1
ride,1
principles,1
maxims,1
lead,1
hearts,1
leads,1
made,1
lose,1
america,1
instance,1
ill,1
corollary,1
nd,1
gives,1
professor,1
argues,1
contact,1
influences,1
hothouse,1
accomplishments,1
undoubted,1
accident,1
benevolent,1
civilization,1
ahead,1
twenty,1
root,1
proof,1
ample,1
comparison,1
remote,1
stand,1
shut,1
most,1
open,1
necessity,1
northern,1
somewhat,1
