term,count
the,58
of,47
and,38
a,24
to,16
in,13
s,12
is,12
one,8
it,7
w,7
as,7
this,5
that,5
he,4
which,4
very,4
an,4
old,4
at,4
h,4
reader,4
more,4
his,4
himself,4
for,4
r,4
n,4
many,4
c,3
tile,3
from,3
story,3
may,3
had,3
op,3
i,3
course,3
where,3
king,3
all,3
terrible,3
zulu,3
finally,2
most,2
tale,2
who,2
interesting,2
did,2
complete,2
well,2
li,2
past,2
last,2
woe,2
with,2
l,2
now,2
page,2
any,2
several,2
died,2
away,2
dead,2
among,2
on,2
have,2
storm,2
not,2
no,2
occur,2
figure,2
midst,2
supreme,2
she,2
t,2
upon,2
will,2
about,2
narrative,2
tho,2
scene,2
long,2
author,2
its,2
fiction,2
historical,2
death,2
wise,2
j,2
hero,2
before,2
few,2
various,2
also,2
real,2
tells,2
are,2
than,2
e,2
sir,2
ii,2
us,2
her,1
leer,1
mas,1
breaking,1
bound,1
chain,1
our,1
thought,1
though,1
best,1
dear,1
love,1
they,1
too,1
complicates,1
them,1
plot,1
sating,1
haggard,1
others,1
how,1
handle,1
supernatural,1
cleverly,1
left,1
form,1
fellow,1
friend,1
makes,1
thereby,1
play,1
info,1
transferred,1
alone,1
adventures,1
paper,1
rolls,1
far,1
low,1
there,1
strange,1
ghosts,1
thronging,1
land,1
two,1
queens,1
companions,1
important,1
sacrifice,1
hope,1
allan,1
whit,1
we,1
pathos,1
girl,1
white,1
appealing,1
abnormal,1
rendered,1
hod,1
whom,1
pupil,1
schemes,1
part,1
peril,1
kindly,1
following,1
times,1
present,1
volume,1
final,1
since,1
unusual,1
world,1
living,1
bloodshed,1
trilogy,1
forgetfulness,1
people,1
enemy,1
temporary,1
find,1
pages,1
rather,1
picture,1
evil,1
vivid,1
these,1
value,1
mixture,1
words,1
say,1
fact,1
account,1
drawn,1
be,1
kingdom,1
events,1
admirably,1
fall,1
telling,1
whose,1
within,1
characters,1
works,1
scarcely,1
swing,1
dwarf,1
preceding,1
continued,1
honor,1
latest,1
imaginary,1
finished,1
way,1
compound,1
good,1
novels,1
powers,1
necessary,1
speak,1
man,1
passing,1
ping,1
years,1
token,1
nothing,1
move,1
live,1
alike,1
quality,1
style,1
holds,1
attention,1
firmly,1
end,1
drive,1
d,1
leis,1
house,1
tire,1
belonged,1
tribe,1
destroyed,1
f,1
sc,1
was,1
royal,1
means,1
cherished,1
planned,1
g,1
completed,1
never,1
should,1
up,1
great,1
ll,1
arid,1
unforgivable,1
nation,1
lu,1
z,1
caused,1
kings,1
lulu,1
another,1
after,1
brought,1
says,1
rat,1
like,1
underground,1
working,1
injury,1
opener,1
tact,1
kraal,1
plate,1
th,1
iv,1
readers,1
bet,1
only,1
clot,1
et,1
twins,1
hour,1
sometimes,1
net,1
o,1
lung,1
ce,1
yard,1
y,1
indeed,1
those,1
thus,1
favored,1
africa,1
iris,1
certain,1
oh,1
new,1
am,1
onus,1
him,1
meet,1
la,1
m,1
person,1
pier,1
or,1
lin,1
overthrow,1
although,1
novel,1
circle,1
slayers,1
whence,1
above,1
rock,1
jutting,1
warriors,1
savage,1
down,1
vengeance,1
clouded,1
clear,1
moon,1
light,1
done,1
been,1
children,1
were,1
their,1
base,1
itch,1
atone,1
stood,1
alien,1
fount,1
fateful,1
forgotten,1
child,1
alt,1
incidents,1
stirring,1
picturesque,1
other,1
lie,1
squatting,1
fire,1
little,1
women,1
men,1
teat,1
comparison,1
challenge,1
fairly,1
least,1
scenes,1
dramatic,1
highly,1
escapes,1
hairbreadth,1
plenty,1
intrigue,1
amount,1
wish,1
itself,1
ix,1
work,1
council,1
innocent,1
held,1
so,1
execution,1
place,1
sees,1
english,1
war,1
declare,1
better,1
ills,1
against,1
forced,1
cunning,1
by,1
when,1
u,1
reigned,1
