term,count
the,79
of,67
and,57
his,42
to,42
a,31
he,31
that,20
with,19
in,19
s,18
it,18
as,15
is,15
not,14
for,13
but,12
was,11
who,11
sill,11
an,10
from,10
this,10
most,10
life,10
which,9
has,9
be,8
reader,8
by,8
them,7
you,7
him,7
those,7
public,6
all,6
like,6
work,6
these,5
are,5
will,5
parker,5
one,5
what,5
letters,5
personal,5
or,5
poet,5
can,5
literature,5
so,4
man,4
book,4
ever,4
now,4
have,4
more,4
had,4
many,4
literary,4
world,4
himself,4
out,4
edward,4
do,4
new,4
rowland,4
biography,4
no,4
say,3
may,3
prose,3
few,3
writers,3
yet,3
would,3
at,3
sensitive,3
books,3
i,3
very,3
about,3
than,3
publisher,3
thing,3
regard,3
reading,3
us,3
almost,3
aldrich,3
their,3
brief,3
something,3
mr,3
duck,3
atlantic,3
course,3
york,2
share,2
great,2
think,2
toward,2
said,2
publicity,2
let,2
before,2
too,2
show,2
content,2
were,2
medium,2
through,2
useful,2
matter,2
time,2
publishers,2
biographer,2
days,2
jenkins,2
found,2
critical,2
into,2
pass,2
belonged,2
england,2
connected,2
friends,2
made,2
went,2
yale,2
t,2
things,2
same,2
o,2
been,2
debasing,2
lowell,2
tile,2
lie,2
support,2
churchill,2
we,2
criticism,2
teaching,2
ma,2
collected,2
history,2
always,2
fool,2
expression,2
better,2
prayer,2
sieve,2
author,2
name,2
mention,2
should,2
art,2
page,2
essays,2
sponge,2
back,2
understanding,2
reads,2
long,2
absorbs,2
others,2
two,2
perceived,2
small,2
they,2
essayist,2
could,2
interpret,2
poems,2
published,2
also,1
extracts,1
cyclones,1
club,1
specimens,1
whirled,1
reminiscences,1
birth,1
its,1
streamers,1
since,1
planet,1
accompany,1
dwelt,1
forsworn,1
aurora,1
breathed,1
much,1
tributes,1
oblivion,1
lyrical,1
alone,1
allowed,1
write,1
l,1
ho,1
americans,1
there,1
explain,1
lover,1
first,1
vows,1
love,1
curses,1
among,1
job,1
roaming,1
roe,1
leave,1
englander,1
if,1
d,1
need,1
some,1
sierra,1
climb,1
rested,1
humorous,1
played,1
informed,1
big,1
block,1
wind,1
mortals,1
instance,1
desired,1
perhaps,1
tractive,1
figure,1
take,1
works,1
rarely,1
li,1
quoted,1
here,1
points,1
kind,1
fail,1
snow,1
piece,1
k,1
californians,1
brave,1
warmed,1
sun,1
remarkably,1
gifted,1
fame,1
streak,1
certain,1
yonder,1
palm,1
affection,1
record,1
born,1
just,1
zephyr,1
young,1
understand,1
freakish,1
off,1
yourself,1
whom,1
state,1
earnestly,1
macgregor,1
picture,1
hie,1
manifests,1
j,1
management,1
problems,1
topics,1
variety,1
discusses,1
essay,1
throughout,1
period,1
wonderful,1
unashamed,1
truthful,1
future,1
pure,1
draw,1
bring,1
use,1
encourage,1
cling,1
plastic,1
stuff,1
cheap,1
turn,1
call,1
complex,1
mode,1
conviction,1
needs,1
devotion,1
humorously,1
nature,1
without,1
pub,1
backs,1
sieves,1
tho,1
bout,1
amusing,1
unemployment,1
during,1
eyes,1
hands,1
ts,1
gives,1
gain,1
distress,1
organism,1
divides,1
intellectual,1
printed,1
unlimited,1
nothing,1
catholic,1
fellows,1
fewer,1
enlightened,1
save,1
authors,1
ignored,1
group,1
describes,1
three,1
daily,1
human,1
cents,1
quite,1
sake,1
shoulder,1
cold,1
presents,1
upholder,1
genial,1
instructive,1
entertaining,1
listening,1
office,1
seated,1
comfortably,1
themselves,1
easy,1
find,1
make,1
readers,1
stirs,1
lila,1
editor,1
utile,1
theft,1
fun,1
sense,1
good,1
admirable,1
sound,1
knowledge,1
expert,1
pleasing,1
dollars,1
ante,1
highbrow,1
me,1
day,1
parlance,1
dull,1
guild,1
chosen,1
only,1
familiar,1
black,1
remote,1
attitude,1
want,1
help,1
how,1
tell,1
says,1
distorted,1
includes,1
showing,1
way,1
decent,1
endeavoring,1
editors,1
sympathetic,1
unsigned,1
appeals,1
arts,1
noblest,1
heart,1
warm,1
vulgar,1
contributors,1
sign,1
giving,1
discovered,1
conscientiously,1
solid,1
usual,1
greatly,1
thoughts,1
moved,1
countrymen,1
ore,1
re,1
mean,1
predicted,1
confidently,1
henceforward,1
anew,1
vividly,1
useless,1
placed,1
b,1
however,1
opp,1
people,1
common,1
artist,1
sheltered,1
hid,1
falls,1
house,1
little,1
sombre,1
th,1
packed,1
information,1
keep,1
friend,1
autobiographic,1
called,1
above,1
informing,1
interpretative,1
akin,1
makes,1
quality,1
none,1
thompson,1
francis,1
glowing,1
everard,1
disciple,1
utterance,1
elaborate,1
warmly,1
wordsworth,1
youth,1
emile,1
study,1
psychological,1
penetrating,1
randolph,1
lord,1
winston,1
example,1
recent,1
comparatively,1
reconstruction,1
known,1
bailey,1
thoma,1
professor,1
orthodox,1
thought,1
religion,1
questioner,1
eager,1
descendants,1
le,1
pedagogy,1
american,1
inspirational,1
constructive,1
california,1
university,1
english,1
eight,1
fully,1
school,1
high,1
oakland,1
four,1
years,1
twelve,1
devoted,1
net,1
company,1
boston,1
belmont,1
william,1
on,1
based,1
heterodox,1
debtor,1
describe,1
unique,1
hem,1
death,1
after,1
poets,1
shyest,1
obscurity,1
voluntary,1
never,1
genius,1
nan,1
existence,1
reason,1
considers,1
therefore,1
cherishes,1
received,1
taught,1
lesson,1
beautiful,1
simple,1
each,1
arid,1
opportunity,1
wrote,1
indeed,1
lucid,1
graceful,1
insight,1
accuracy,1
lr,1
judiciously,1
permitted,1
seemed,1
felt,1
identity,1
secret,1
keeping,1
zealously,1
andrew,1
own,1
signing,1
anonymous,1
might,1
wish,1
far,1
ears,1
develop,1
tills,1
spirit,1
contributions,1
pseudonym,1
r,1
plead,1
aversion,1
developed,1
nor,1
early,1
even,1
rational,1
humane,1
faith,1
disposed,1
already,1
especially,1
whose,1
adopt,1
plan,1
shyness,1
did,1
real,1
fresh,1
lead,1
rote,1
theology,1
politics,1
ethics,1
music,1
revelation,1
frank,1
engagingly,1
speculation,1
thoughtful,1
sprightly,1
sitter,1
sent,1
shearer,1
henry,1
letter,1
really,1
clan,1
generously,1
gave,1
although,1
hat,1
vanity,1
apparently,1
disillusioned,1
chastened,1
compelled,1
pa,1
family,1
follow,1
elations,1
rex,1
introduction,1
excellent,1
form,1
chapters,1
tells,1
college,1
boyhood,1
story,1
explanation,1
chronicle,1
closely,1
exactly,1
together,1
cemented,1
important,1
reference,1
special,1
chronologically,1
arranged,1
part,1
stephen,1
leslie,1
sir,1
dicta,1
influenced,1
celebrate,1
originally,1
welsh,1
generations,1
settled,1
returning,1
year,1
away,1
remained,1
studies,1
neglecting,1
rusticated,1
harvard,1
treated,1
russell,1
james,1
other,1
disrespect,1
institution,1
able,1
rules,1
treat,1
age,1
boy,1
intelligent,1
abnormally,1
means,1
ellsworth,1
edwards,1
grant,1
families,1
puritan,1
famous,1
blood,1
provide,1
