term,count
the,27
to,14
and,14
of,11
a,11
with,8
garden,7
on,6
in,6
is,6
ely,5
volume,4
practical,4
for,3
who,3
be,3
trees,3
s,3
as,3
flowers,3
will,2
she,2
have,2
been,2
gardener,2
flower,2
well,2
experiment,2
some,2
things,2
beauty,2
then,2
from,2
has,2
those,2
mrs,2
place,2
contains,2
one,2
helpful,2
their,2
that,1
increased,1
note,1
devotion,1
warning,1
tenderness,1
against,1
regarded,1
being,1
carried,1
home,1
forebear,1
by,1
away,1
planted,1
elaborate,1
sounds,1
surrounding,1
chapter,1
subject,1
ever,1
often,1
this,1
presented,1
amateur,1
speaking,1
primarily,1
most,1
woman,1
seed,1
usually,1
presiding,1
genius,1
raising,1
over,1
so,1
but,1
found,1
ia,1
supplement,1
instructive,1
hints,1
t,1
when,1
how,1
latter,1
part,1
list,1
shrubs,1
vines,1
plants,1
bulbs,1
grown,1
successfully,1
connecticut,1
are,1
eminently,1
adapted,1
average,1
illustrated,1
strange,1
ma,1
ole,1
heed,1
do,1
not,1
too,1
many,1
varieties,1
sys,1
they,1
pay,1
greater,1
best,1
lines,1
suited,1
your,1
neighborhood,1
giving,1
greatest,1
remuneration,1
trouble,1
expended,1
these,1
were,1
says,1
because,1
interest,1
former,1
books,1
gardening,1
find,1
present,1
same,1
careful,1
treatment,1
combined,1
ideas,1
gained,1
personal,1
experience,1
delightful,1
art,1
laying,1
out,1
making,1
grow,1
profit,1
read,1
love,1
company,1
fills,1
advice,1
amateurs,1
timely,1
publication,1
filled,1
wholesome,1
suggestions,1
suburban,1
dweller,1
ambitious,1
add,1
outward,1
attractiveness,1
his,1
helena,1
new,1
york,1
macmillan,1
blossom,1
it,1
although,1
chiefly,1
married,1
people,1
beginning,1
life,1
country,1
should,1
start,1
at,1
once,1
raise,1
if,1
any,1
extent,1
later,1
years,1
thee,1
monuments,1
ancestral,1
forethought,1
young,1
all,1
size,1
sensible,1
devoted,1
title,1
indicates,1
covers,1
somewhat,1
broader,1
field,1
very,1
say,1
its,1
importance,1
kept,1
lawns,1
which,1
contribute,1
immensely,1
whatever,1
may,1
index,1
