term,count
the,34
and,29
of,28
her,18
to,16
she,9
a,9
s,7
in,7
was,6
he,6
brenda,5
an,5
had,5
but,5
english,4
who,4
with,4
german,4
his,4
at,4
mother,3
has,3
cad,3
salt,3
family,3
berlin,3
father,3
england,3
about,3
is,3
earth,3
for,3
see,2
are,2
as,2
one,2
were,2
continued,2
after,2
which,2
they,2
could,2
not,2
from,2
intensely,2
people,2
that,2
deal,2
pay,2
what,2
price,2
their,2
husband,2
on,2
over,2
friends,2
arrogant,2
brothers,2
facts,2
this,2
been,2
n,2
novel,2
very,2
young,2
presently,2
themselves,2
married,2
both,2
germany,2
page,2
lived,2
born,2
all,2
vivid,1
upon,1
called,1
being,1
well,1
danger,1
awful,1
done,1
mistake,1
made,1
members,1
unpreparedness,1
how,1
farthing,1
t,1
convince,1
alt,1
nation,1
really,1
does,1
carious,1
tribe,1
evil,1
among,1
powers,1
x,1
remember,1
names,1
figures,1
whole,1
tendencies,1
sketched,1
first,1
unhappy,1
cleverly,1
these,1
generous,1
consider,1
harsh,1
ill,1
tempered,1
begins,1
too,1
aims,1
ambitions,1
realizes,1
discover,1
gland,1
last,1
following,1
until,1
fiction,1
z,1
growing,1
no,1
those,1
cranks,1
always,1
be,1
found,1
america,1
preceding,1
works,1
hate,1
rant,1
treat,1
tigers,1
latest,1
if,1
doves,1
real,1
person,1
intelligent,1
long,1
huns,1
learn,1
ready,1
brussels,1
impossible,1
terms,1
war,1
come,1
insulted,1
seen,1
treatment,1
accorded,1
prisoners,1
decent,1
learned,1
may,1
some,1
invasion,1
hen,1
returns,1
find,1
many,1
greatly,1
worried,1
fear,1
keep,1
horror,1
snarled,1
kinds,1
entirely,1
like,1
children,1
became,1
officer,1
fa,1
army,1
gone,1
several,1
grandmother,1
farmed,1
agreeable,1
romantic,1
incorrect,1
certain,1
opinion,1
germans,1
then,1
met,1
cousin,1
son,1
brother,1
fell,1
love,1
swept,1
oft,1
feet,1
up,1
brought,1
self,1
two,1
by,1
airs,1
alfred,1
j,1
aft,1
co,1
fl,1
tie,1
girl,1
living,1
during,1
greater,1
dart,1
k,1
form,1
main,1
theme,1
parents,1
ia,1
left,1
country,1
when,1
there,1
through,1
youth,1
into,1
marriage,1
neither,1
affection,1
quarreled,1
incessantly,1
himself,1
bullied,1
wife,1
forced,1
hand,1
him,1
every,1
danny,1
money,1
save,1
promised,1
should,1
herself,1
control,1
abused,1
selfish,1
bred,1
stupid,1
degree,1
booted,1
erect,1
extensive,1
knowledge,1
op,1
beauty,1
nor,1
tallied,1
whom,1
recognized,1
man,1
truculent,1
manners,1
bad,1
temper,1
approved,1
reader,1
shares,1
wonder,1
match,1
however,1
went,1
gook,1
gives,1
harmonious,1
comfortable,1
households,1
mailers,1
locate,1
graphic,1
fife,1
circle,1
where,1
reading,1
