term,count
the,204
of,163
and,97
in,87
a,85
his,80
he,80
to,79
was,54
for,43
that,36
i,33
at,32
it,30
be,26
this,26
s,24
with,23
osier,22
on,22
as,22
had,21
one,20
which,19
is,19
him,18
were,18
but,16
not,13
from,13
medical,13
there,13
who,13
years,12
men,12
life,12
an,12
by,11
medicine,11
all,11
so,10
t,10
william,10
have,9
when,9
great,9
man,8
said,8
sir,8
these,7
work,7
old,7
what,7
they,7
into,7
those,7
came,7
than,7
upon,7
time,7
greatest,7
revere,7
its,6
would,6
made,6
world,6
two,6
you,5
member,5
many,5
or,5
only,5
book,5
are,5
loved,5
professional,5
her,5
dr,5
before,5
back,5
we,5
reader,5
first,5
oxford,5
them,5
school,5
my,5
known,5
america,5
age,5
home,5
name,5
british,5
more,4
others,4
baltimore,4
she,4
well,4
new,4
period,4
during,4
although,4
out,4
took,4
did,4
himself,4
way,4
born,4
went,4
could,4
johns,4
if,4
never,4
got,4
church,4
should,4
after,4
been,4
textbook,4
mr,4
hospital,4
do,4
good,4
soon,4
own,4
must,4
public,4
university,4
health,4
library,3
here,3
day,3
eminence,3
three,3
can,3
called,3
johnson,3
periods,3
wife,3
rare,3
up,3
through,3
montreal,3
general,3
harvey,3
peace,3
army,3
fixed,3
died,3
word,3
f,3
above,3
kept,3
mind,3
now,3
sixty,3
friends,3
while,3
m,3
later,3
l,3
come,3
england,3
service,3
until,3
practice,3
father,3
early,3
friend,3
left,3
large,3
career,3
prevention,3
some,3
influence,3
rockefeller,3
students,3
remarkable,3
published,3
read,3
whom,3
little,3
hopkins,3
entered,3
their,3
year,3
no,3
take,3
spent,3
such,3
part,3
figure,2
copy,2
physician,2
ideals,2
sent,2
me,2
today,2
chloroform,2
books,2
how,2
history,2
most,2
namely,2
d,2
r,2
college,2
capacity,2
taught,2
course,2
science,2
son,2
room,2
club,2
hard,2
luncheon,2
toronto,2
distinguished,2
memory,2
tail,2
often,2
remarked,2
getting,2
led,2
being,2
revolution,2
teacher,2
says,2
second,2
incident,2
academic,2
howard,2
delightful,2
colleagues,2
edward,2
remained,2
bedside,2
admirable,2
carried,2
reputation,2
smallpox,2
last,2
fell,2
correspondence,2
clinician,2
editions,2
pioneers,2
energy,2
bore,2
professor,2
full,2
whimsical,2
putting,2
w,2
tuberculosis,2
constantly,2
become,2
boston,2
treatment,2
reading,2
useless,2
humanity,2
study,2
different,2
cures,2
increasing,2
few,2
literature,2
principles,2
write,2
started,2
philadelphia,2
returned,2
happened,2
enduring,2
saw,2
hope,2
writes,2
indeed,2
say,2
activity,2
forty,2
clinical,2
really,2
bu,2
lay,2
uselessness,2
get,2
anthony,2
friendship,2
trollope,2
spirit,2
profession,2
wards,2
paul,2
brought,2
charm,2
about,2
open,2
making,2
house,2
genius,2
therein,2
modern,2
e,2
ideal,2
real,2
page,2
teaching,2
thought,2
student,2
volumes,2
children,2
other,2
less,2
blow,2
seen,2
spit,2
head,2
france,2
far,2
rev,2
remembered,2
hearted,2
ellen,2
generation,2
became,2
much,2
o,2
value,2
lady,2
dead,2
like,2
though,2
alone,2
end,2
breathless,2
seventy,2
near,2
once,2
has,2
shadow,2
knew,2
wrote,2
lights,2
colors,2
killed,2
outlines,2
merely,2
need,2
true,2
difficult,2
especially,2
lives,2
brief,2
c,2
black,2
ir,2
biography,2
med,2
changed,2
better,2
will,2
widow,1
us,1
gross,1
child,1
urging,1
laboratory,1
finish,1
momentous,1
readers,1
romances,1
visiting,1
sobbed,1
outcome,1
biographies,1
ultimate,1
amiss,1
saddest,1
gay,1
miles,1
distant,1
impelled,1
reviewer,1
flagged,1
youth,1
delightfully,1
intend,1
set,1
make,1
believes,1
both,1
person,1
hand,1
habitual,1
tremulous,1
evaluation,1
saying,1
same,1
firmly,1
behind,1
call,1
yes,1
search,1
edinburgh,1
incited,1
unable,1
attitude,1
put,1
continued,1
darn,1
nihilism,1
invitation,1
therapeutic,1
exponent,1
chair,1
characterized,1
wondered,1
exalted,1
week,1
resisted,1
news,1
causes,1
thing,1
going,1
delighted,1
married,1
departure,1
summer,1
broken,1
heart,1
feel,1
vest,1
franklin,1
street,1
maiden,1
grace,1
selected,1
granddaughter,1
layman,1
beneath,1
calls,1
hundreds,1
propagandist,1
addition,1
feet,1
doctors,1
speech,1
ms,1
lie,1
written,1
working,1
play,1
illness,1
noble,1
trudeau,1
typhoid,1
fever,1
malaria,1
carrying,1
month,1
cheer,1
indefinitely,1
diverse,1
go,1
optimistic,1
realizing,1
pressing,1
dec,1
revealed,1
matter,1
servant,1
attention,1
nurse,1
know,1
result,1
smile,1
institute,1
research,1
departed,1
encircle,1
globe,1
john,1
weeks,1
staff,1
collecting,1
seriously,1
rices,1
stricken,1
worked,1
ad,1
list,1
lecturing,1
bodies,1
waiting,1
abroad,1
writing,1
innumerable,1
papers,1
proudly,1
imprint,1
literary,1
responding,1
incunabula,1
reckoned,1
followed,1
post,1
inimitable,1
record,1
tabloid,1
gates,1
wide,1
host,1
fatal,1
ls,1
founding,1
frederick,1
libraries,1
already,1
existence,1
pneumonia,1
societies,1
rejuvenating,1
ones,1
ages,1
revisions,1
confined,1
lightly,1
wales,1
require,1
spending,1
money,1
subscribe,1
quiet,1
honors,1
studious,1
sat,1
baronetcy,1
minimization,1
conferred,1
rest,1
disturb,1
accustomed,1
hours,1
poise,1
pranks,1
staid,1
ever,1
projects,1
creating,1
lad,1
ceaselessly,1
quaint,1
customs,1
dart,1
duties,1
dread,1
provider,1
universal,1
activities,1
title,1
physicians,1
coupled,1
panel,1
won,1
fireplace,1
contained,1
portraits,1
redoubled,1
everything,1
revered,1
war,1
reacted,1
ways,1
members,1
leaning,1
brain,1
insert,1
bulky,1
egypt,1
rome,1
objects,1
coat,1
paris,1
picket,1
capitals,1
additions,1
over,1
foreign,1
umbrella,1
stand,1
ly,1
vacations,1
deciding,1
property,1
occasional,1
secretly,1
undignified,1
dusting,1
felt,1
slap,1
tile,1
pick,1
coveted,1
your,1
hunting,1
every,1
think,1
looked,1
find,1
shops,1
personal,1
almost,1
special,1
slapped,1
nestor,1
another,1
rummaged,1
reality,1
fin,1
boy,1
reluctant,1
political,1
tender,1
important,1
problem,1
comparative,1
cause,1
idea,1
incalculable,1
benefit,1
commercial,1
stopped,1
astor,1
charming,1
common,1
novel,1
fighting,1
hero,1
discusses,1
practical,1
advantages,1
return,1
bering,1
direct,1
arms,1
beloved,1
farewell,1
addresses,1
occurred,1
apocryphal,1
flying,1
around,1
forget,1
shall,1
interspersed,1
our,1
sometimes,1
ought,1
chloroformed,1
told,1
yon,1
tn,1
letter,1
ideas,1
harmless,1
obsessions,1
ancient,1
usage,1
dropping,1
pursued,1
mask,1
sorrow,1
lear,1
colleague,1
aroused,1
storm,1
protest,1
bronzed,1
days,1
months,1
sexagenarians,1
temperament,1
junior,1
happier,1
walton,1
izaak,1
gardens,1
fishing,1
filled,1
fur,1
rugged,1
uttered,1
unscathed,1
framed,1
bridge,1
plot,1
hinges,1
heavily,1
scheme,1
retired,1
flight,1
slackens,1
contemplation,1
peaceful,1
arrow,1
again,1
whether,1
dubious,1
short,1
garbled,1
accounts,1
hale,1
address,1
then,1
gives,1
appearance,1
stocky,1
emerged,1
auspicious,1
ancestry,1
companion,1
devoted,1
constant,1
leaching,1
medici,1
development,1
whose,1
fortuitous,1
environment,1
fitted,1
premier,1
amply,1
testified,1
sm,1
handsome,1
piercing,1
hi,1
blanket,1
lithe,1
graceful,1
remainder,1
people,1
bern,1
ft,1
eyed,1
broad,1
headed,1
anglo,1
saxon,1
apprentice,1
royal,1
navy,1
several,1
served,1
male,1
celt,1
fifty,1
action,1
adventurous,1
scholarly,1
small,1
dark,1
pretty,1
clever,1
witty,1
lively,1
athletic,1
harmed,1
browne,1
james,1
norwich,1
success,1
means,1
toast,1
want,1
andi,1
satisfied,1
arthur,1
response,1
attended,1
acted,1
costs,1
preceptor,1
palmer,1
contemporary,1
place,1
latter,1
io,1
developed,1
interest,1
natural,1
biology,1
owed,1
fined,1
contact,1
housekeeper,1
except,1
perhaps,1
tyranny,1
hickory,1
thomas,1
exposed,1
themselves,1
chickenpox,1
statue,1
unveiling,1
caused,1
reprimanded,1
arrest,1
chums,1
locking,1
because,1
occasion,1
pail,1
slops,1
jailed,1
defended,1
brothers,1
gray,1
reserved,1
microscope,1
london,1
clear,1
po,1
tell,1
itself,1
furnishes,1
puts,1
paper,1
personality,1
character,1
author,1
give,1
recovered,1
letters,1
detachment,1
attempted,1
perspective,1
final,1
portrait,1
painted,1
shadows,1
added,1
chiefly,1
heavy,1
tory,1
el,1
vision,1
conclusion,1
preface,1
vol,1
designates,1
labor,1
love,1
knows,1
single,1
field,1
arrive,1
independent,1
sympathetic,1
memoirs,1
tone,1
inspired,1
unusual,1
devotion,1
deep,1
reverence,1
attribute,1
object,1
pretense,1
gays,1
cm,1
just,1
herein,1
pioneering,1
records,1
bond,1
ontario,1
july,1
youngest,1
sou,1
family,1
nine,1
reprint,1
lake,1
curate,1
among,1
contemporaries,1
woman,1
tradition,1
even,1
ed,1
hundred,1
judged,1
clergyman,1
native,1
cornwall,1
thee,1
statement,1
applied,1
al,1
half,1
mankind,1
thousand,1
pg,1
informed,1
amazement,1
impression,1
majority,1
gained,1
recital,1
concerning,1
ill,1
wing,1
always,1
flitting,1
ave,1
ge,1
realize,1
repose,1
literally,1
enforced,1
temporary,1
use,1
wise,1
limited,1
having,1
described,1
prodigious,1
newly,1
hos,1
autopsy,1
institution,1
laid,1
foundation,1
subsequent,1
brilliant,1
morbid,1
anatomist,1
lasted,1
thirteen,1
van,1
press,1
hint,1
clarendon,1
ten,1
lot,1
charge,1
city,1
painful,1
autopsies,1
transplanted,1
volunteered,1
fly,1
europe,1
opportunity,1
essence,1
qualities,1
labors,1
found,1
lecturer,1
institutes,1
term,1
ingrained,1
type,1
needed,1
ordinarily,1
dry,1
lectures,1
attractive,1
scenes,1
delight,1
twelve,1
microscopes,1
class,1
pathologist,1
experience,1
plague,1
finally,1
deplored,1
established,1
gone,1
fateful,1
dedicated,1
stressed,1
truth,1
disease,1
cabot,1
ailments,1
seven,1
drenching,1
present,1
drugs,1
u,1
opinion,1
nursing,1
inspiration,1
courage,1
since,1
acute,1
maladies,1
self,1
foresee,1
wherever,1
community,1
friendships,1
grown,1
steadily,1
decade,1
j,1
invited,1
pennsylvania,1
accepts,1
toss,1
coin,1
pp,1
begun,1
reaching,1
wins,1
began,1
notable,1
crusades,1
also,1
illustrated,1
scientific,1
treatise,1
promulgated,1
sweep,1
visit,1
mi,1
fostered,1
graduated,1
winning,1
attributes,1
optimist,1
pod,1
magnetism,1
drew,1
held,1
unbroken,1
animator,1
able,1
things,1
done,1
without,1
peer,1
mean,1
organizer,1
patience,1
fleeting,1
purpose,1
mottoes,1
language,1
where,1
secret,1
concentration,1
powers,1
observed,1
throughout,1
knowledge,1
sown,1
hippocratic,1
oath,1
reads,1
honor,1
teaches,1
art,1
hon,1
long,1
scribbled,1
teachers,1
margins,1
count,1
les,1
note,1
recognized,1
thus,1
p,1
talent,1
appraisal,1
mater,1
any,1
thence,1
active,1
disputes,1
sense,1
humanist,1
wonderful,1
yard,1
serene,1
triumphs,1
trait,1
cosmopolitan,1
power,1
composing,1
differences,1
garrison,1
high,1
places,1
bringing,1
unity,1
concord,1
pupils,1
together,1
met,1
young,1
recently,1
very,1
h,1
talents,1
hooks,1
combined,1
potency,1
escape,1
feeling,1
pub,1
measures,1
prefer,1
sooner,1
patients,1
dedication,1
something,1
fielding,1
may,1
conveyed,1
atmosphere,1
particularly,1
lest,1
forgotten,1
cal,1
seems,1
fitting,1
quote,1
simplicity,1
