term,count
the,51
of,32
and,22
to,16
a,15
is,14
in,11
r,7
her,6
she,6
chambers,5
t,5
l,5
at,4
one,4
on,4
with,4
that,4
after,4
s,4
its,4
as,4
story,4
dancer,3
who,3
all,3
are,3
before,3
page,3
war,3
upon,3
his,3
time,3
it,3
many,2
from,2
arc,2
about,2
fiction,2
this,2
plot,2
paris,2
op,2
into,2
ti,2
skill,2
by,2
german,2
ostrich,2
up,2
which,2
there,2
nothing,2
n,2
several,2
large,2
readers,2
ha,2
mr,2
compels,1
youth,1
go,1
dance,1
dressed,1
through,1
paces,1
command,1
assures,1
us,1
but,1
skin,1
rt,1
important,1
bridled,1
standing,1
lovely,1
fascinating,1
held,1
attention,1
europe,1
incited,1
steal,1
men,1
had,1
better,1
do,1
tall,1
love,1
bursts,1
astonished,1
gage,1
nightly,1
characters,1
y,1
when,1
dashes,1
ballroom,1
embassy,1
modified,1
audience,1
zone,1
corrupt,1
guest,1
et,1
he,1
launched,1
ad,1
w,1
lot,1
awl,1
u,1
th,1
senator,1
therein,1
cr,1
laid,1
ly,1
xi,1
surely,1
h,1
most,1
j,1
i,1
nu,1
convince,1
chase,1
toy,1
iv,1
certain,1
blue,1
eyes,1
jewels,1
hips,1
waist,1
taking,1
pity,1
dismisses,1
herself,1
dances,1
strolls,1
throws,1
kisses,1
such,1
country,1
appear,1
particularly,1
interested,1
lure,1
continued,1
moonlit,1
way,1
latest,1
works,1
preceding,1
holding,1
fascinated,1
heroine,1
consequences,1
crosses,1
lair,1
characteristic,1
flan,1
alluring,1
appetizing,1
people,1
like,1
kind,1
spit,1
ans,1
agents,1
america,1
deals,1
thoroughly,1
gets,1
well,1
finds,1
good,1
names,1
familiar,1
american,1
newspapers,1
during,1
bop,1
ed,1
impregnated,1
they,1
group,1
novel,1
new,1
fork,1
d,1
co,1
again,1
has,1
demon,1
v,1
strafed,1
mastery,1
mechanics,1
writing,1
colored,1
whipping,1
concoction,1
seems,1
delight,1
mental,1
palates,1
number,1
ingredients,1
strongly,1
flavored,1
highly,1
o,1
smaller,1
then,1
scene,1
another,1
first,1
last,1
each,1
veiled,1
hint,1
dramatic,1
thrilling,1
possibilities,1
wake,1
although,1
greater,1
come,1
part,1
states,1
breaking,1
out,1
world,1
opens,1
years,1
fateful,1
summer,1
eve,1
eruption,1
racing,1
incidents,1
fry,1
incident,1
scheme,1
dynamite,1
f,1
canal,1
irish,1
dupes,1
germans,1
also,1
mined,1
handled,1
lie,1
construction,1
for,1
climax,1
action,1
rapid,1
scenes,1
lull,1
no,1
lack,1
excitement,1
indeed,1
any,1
never,1
hair,1
