term,count
the,16
and,15
a,13
of,10
is,8
it,5
s,5
to,4
that,4
one,4
in,4
him,3
i,3
by,3
behind,3
love,3
with,3
man,3
nicely,2
he,2
explorer,2
for,2
only,2
she,2
through,2
their,2
story,2
everlasting,2
go,2
cover,2
from,2
war,2
eagerly,2
are,2
lost,2
this,2
woven,1
square,1
both,1
big,1
sympathies,1
mal,1
wage,1
ran,1
hunt,1
them,1
just,1
loria,1
belief,1
beyond,1
as,1
petty,1
spoiled,1
others,1
real,1
girl,1
white,1
ways,1
some,1
thy,1
gold,1
angle,1
secret,1
day,1
way,1
apt,1
may,1
quotation,1
mark,1
ring,1
night,1
bound,1
so,1
something,1
anal,1
took,1
tout,1
waiting,1
entertain,1
done,1
shored,1
plot,1
king,1
faction,1
yen,1
mystery,1
tc,1
woman,1
makes,1
excellently,1
keen,1
suspense,1
well,1
sustained,1
interest,1
whole,1
hate,1
has,1
kind,1
anti,1
started,1
gallops,1
ant,1
hating,1
put,1
down,1
final,1
door,1
page,1
icing,1
californian,1
crude,1
simple,1
unaffected,1
once,1
boon,1
sort,1
gobble,1
hit,1
drag,1
w,1
chapters,1
opening,1
after,1
tale,1
most,1
charles,1
t,1
me,1
rs,1
whisper,1
nut,1
falls,1
declared,1
get,1
days,1
before,1
tells,1
does,1
pot,1
married,1
out,1
gloria,1
compromising,1
corner,1
ensuing,1
developments,1
intensely,1
interesting,1
question,1
suddenly,1
very,1
her,1
marries,1
situation,1
peculiar,1
partner,1
his,1
ben,1
daughter,1
society,1
franciscan,1
sun,1
product,1
hothouse,1
gay,1
you,1
