term,count
the,15
of,12
her,11
a,9
and,7
is,6
d,5
t,4
in,4
who,4
to,4
all,3
h,3
r,3
nd,3
for,3
at,3
letter,2
aunt,2
his,2
home,2
u,2
more,2
sarah,2
these,2
he,2
i,2
that,2
war,2
writers,1
its,1
nurse,1
cross,1
will,1
led,1
cousin,1
b,1
won,1
had,1
first,1
ar,1
many,1
ho,1
special,1
mt,1
ix,1
by,1
e,1
col,1
k,1
l,1
receives,1
letters,1
reader,1
which,1
n,1
those,1
hum,1
very,1
try,1
book,1
king,1
s,1
man,1
tidal,1
heart,1
o,1
er,1
whose,1
their,1
feeling,1
te,1
an,1
glimpses,1
touching,1
there,1
incorrigible,1
infer,1
belief,1
due,1
front,1
captain,1
pa,1
ha,1
told,1
story,1
m,1
during,1
over,1
y,1
ob,1
chalice,1
spirit,1
interpret,1
age,1
hundred,1
volume,1
slender,1
ons,1
p,1
tale,1
ah,1
sap,1
relatives,1
important,1
among,1
least,1
chiefly,1
being,1
indignation,1
arm,1
enlist,1
footman,1
re,1
ad,1
when,1
attitude,1
such,1
lady,1
world,1
than,1
consequence,1
as,1
habits,1
rights,1
it,1
class,1
own,1
holds,1
f,1
