term,count
of,21
the,18
and,17
in,12
that,10
i,9
verse,7
a,7
volume,6
it,6
by,5
to,5
is,5
home,4
its,4
poetry,4
there,4
an,4
but,4
he,4
book,4
was,3
than,3
with,3
more,3
not,3
been,3
for,3
be,3
this,3
have,3
first,3
l,3
ha,3
twentieth,2
period,2
century,2
has,2
introduction,2
day,2
poetical,2
some,2
bulk,2
about,2
anthology,2
ago,2
brought,2
until,2
from,2
both,2
are,2
nature,2
who,2
much,2
need,2
what,2
war,2
poems,2
stevenson,2
hundred,2
mr,2
gloomy,1
former,1
same,1
cl,1
subject,1
satiric,1
tel,1
character,1
as,1
vere,1
largest,1
f,1
way,1
r,1
erse,1
four,1
set,1
forth,1
good,1
twelve,1
hi,1
concerning,1
tendencies,1
writers,1
poets,1
being,1
greatest,1
most,1
work,1
newspaper,1
columnists,1
ba,1
o,1
historic,1
notwithstanding,1
fact,1
history,1
written,1
taken,1
placed,1
covered,1
very,1
little,1
noteworthy,1
deals,1
glory,1
agony,1
humorous,1
fair,1
unknown,1
fr,1
wan,1
well,1
foreground,1
e,1
among,1
women,1
here,1
dearth,1
verso,1
children,1
present,1
even,1
write,1
love,1
concerned,1
tragic,1
ironic,1
n,1
phases,1
if,1
so,1
single,1
reference,1
excellent,1
offers,1
them,1
now,1
these,1
selections,1
american,1
english,1
revival,1
land,1
whose,1
magazines,1
newspapers,1
rich,1
veals,1
high,1
excellence,1
told,1
reading,1
compass,1
s,1
extended,1
modern,1
extension,1
compiled,1
arranged,1
burton,1
egbert,1
pp,1
new,1
york,1
henry,1
holt,1
co,1
those,1
many,1
thousand,1
appreciated,1
deserved,1
together,1
panoramic,1
survey,1
lon,1
made,1
prepare,1
supplementary,1
devoted,1
wholly,1
spent,1
three,1
j,1
selected,1
winnowed,1
chosen,1
repeated,1
readings,1
their,1
number,1
possible,1
great,1
recent,1
similar,1
editions,1
notable,1
attainment,1
time,1
explains,1
m,1
how,1
ive,1
revision,1
addition,1
his,1
t,1
sixteen,1
years,1
expanded,1
impossible,1
increase,1
futility,1
