term,count
the,122
of,89
and,70
a,46
to,33
is,29
in,24
with,23
i,13
that,13
book,13
as,12
his,11
which,11
it,10
from,10
one,10
at,10
land,10
by,8
be,8
has,8
on,8
its,8
s,8
not,7
for,7
all,7
this,6
are,6
passion,6
figures,6
author,6
e,6
will,5
l,5
more,5
lord,5
but,5
our,4
n,4
o,4
pilate,4
up,4
where,4
th,4
only,4
out,4
time,4
drama,3
than,3
would,3
t,3
ill,3
past,3
w,3
unusual,3
taken,3
rome,3
an,3
religious,3
there,3
through,3
crucifixion,3
take,3
miro,3
such,3
most,3
re,3
against,3
was,3
into,3
herod,2
tr,2
continuous,2
seem,2
life,2
off,2
same,2
characters,2
thus,2
v,2
him,2
defense,2
built,2
he,2
narrative,2
historical,2
jealousy,2
view,2
these,2
mir,2
judea,2
like,2
yet,2
jesus,2
infinite,2
picture,2
who,2
wild,2
nature,2
least,2
boulder,2
or,2
needed,2
sunken,2
relief,2
jordan,2
if,2
care,2
other,2
place,2
quivering,2
pa,2
until,2
dramatic,2
river,2
every,2
when,2
over,2
mountains,2
cast,2
feature,2
too,2
have,2
tragic,2
appeal,2
setting,2
then,2
once,2
been,2
fervor,2
senor,2
spanish,2
their,2
la,2
favorite,2
any,2
powerful,2
medieval,2
gabriel,2
upon,2
say,2
theme,2
swimming,1
dense,1
without,1
man,1
support,1
mad,1
down,1
so,1
oleaginous,1
about,1
lake,1
sea,1
slime,1
coated,1
silver,1
oxidized,1
mes,1
b,1
hemmed,1
unseeing,1
shores,1
harsh,1
seen,1
description,1
books,1
played,1
tragedy,1
field,1
pelican,1
monstrous,1
melancholy,1
bray,1
pool,1
whereon,1
shallow,1
shingle,1
vistas,1
penetrating,1
ever,1
eyes,1
hamlets,1
meditated,1
mortified,1
sect,1
villages,1
press,1
plantations,1
blinded,1
viscous,1
turbid,1
years,1
paver,1
first,1
sand,1
smoke,1
billows,1
storms,1
dust,1
wastes,1
itself,1
reed,1
palm,1
dwarf,1
among,1
de,1
desert,1
hard,1
figs,1
vine,1
shale,1
curdle,1
around,1
issue,1
immobility,1
broadens,1
further,1
mandibles,1
recent,1
rose,1
dived,1
bird,1
plunge,1
dart,1
sudden,1
hungry,1
islets,1
eat,1
cub,1
gazed,1
kingfishers,1
tamarind,1
poplar,1
overhanging,1
whose,1
weed,1
ooze,1
here,1
york,1
impulse,1
form,1
mere,1
ru,1
very,1
am,1
settle,1
cloud,1
sharp,1
alternately,1
cardboard,1
waist,1
breathing,1
ch,1
painful,1
agony,1
jerk,1
began,1
head,1
scene,1
err,1
fins,1
reconstruction,1
own,1
alia,1
mort,1
some,1
move,1
j,1
mo,1
al,1
faith,1
modem,1
ed,1
truly,1
moves,1
deliberateness,1
strange,1
should,1
se,1
novel,1
read,1
orange,1
fur,1
mount,1
false,1
d,1
fred,1
believe,1
quest,1
degree,1
dora,1
social,1
subject,1
brought,1
translated,1
rights,1
fanatic,1
above,1
fear,1
elate,1
hogarth,1
set,1
pp,1
people,1
becomes,1
brings,1
new,1
way,1
figure,1
supposed,1
hardly,1
gypsum,1
alfred,1
conditioned,1
order,1
correctness,1
ff,1
continued,1
bo,1
martyr,1
state,1
come,1
reader,1
doe,1
engendered,1
torture,1
mental,1
theory,1
aside,1
probably,1
explanation,1
earlier,1
unless,1
later,1
details,1
goes,1
minuteness,1
readers,1
pleasing,1
death,1
putting,1
pit,1
swarms,1
ashes,1
portraits,1
perspective,1
mary,1
older,1
simon,1
masters,1
done,1
barabbas,1
priest,1
high,1
judas,1
executed,1
members,1
conceived,1
stand,1
painting,1
series,1
tile,1
also,1
stage,1
going,1
ad,1
coming,1
disciples,1
young,1
telling,1
edmund,1
trick,1
others,1
those,1
capable,1
nazareth,1
rabbi,1
isa,1
presence,1
strong,1
absent,1
even,1
jewish,1
called,1
necessary,1
complete,1
bill,1
weak,1
br,1
christ,1
follow,1
fain,1
melt,1
continually,1
sort,1
amorphous,1
approach,1
titania,1
specific,1
selection,1
pu,1
written,1
ni,1
therefrom,1
resulting,1
fleet,1
aurally,1
method,1
can,1
ar,1
lie,1
contribution,1
uniqueness,1
h,1
painters,1
rel,1
writers,1
progress,1
phase,1
although,1
te,1
dram,1
become,1
end,1
splendor,1
coloring,1
whole,1
profound,1
significance,1
pl,1
final,1
part,1
playing,1
trash,1
light,1
something,1
drawn,1
generality,1
character,1
reconstructed,1
pass,1
essential,1
principal,1
each,1
uses,1
advantage,1
terrain,1
especially,1
delved,1
copper,1
world,1
vanished,1
houses,1
resembling,1
hot,1
red,1
broken,1
writer,1
iron,1
hills,1
difficult,1
judge,1
period,1
p,1
background,1
technical,1
palace,1
temple,1
ag,1
now,1
wrought,1
sided,1
ts,1
del,1
soil,1
calcined,1
rustled,1
scorpions,1
centuries,1
thistle,1
cactus,1
fig,1
grove,1
silences,1
beds,1
conical,1
torrent,1
dry,1
wadis,1
slashed,1
scarred,1
intractable,1
territories,1
tents,1
military,1
topped,1
prominence,1
undue,1
them,1
movement,1
counterbalance,1
her,1
were,1
tradition,1
country,1
fortunate,1
greatest,1
en,1
raise,1
hurried,1
eon,1
gives,1
unforgettable,1
tense,1
two,1
ll,1
group,1
dru,1
see,1
ground,1
hi,1
quarters,1
many,1
physical,1
horrors,1
fifteenth,1
america,1
correct,1
far,1
studies,1
archaeological,1
native,1
carried,1
perhaps,1
again,1
referred,1
matter,1
pace,1
loads,1
spain,1
design,1
page,1
title,1
used,1
woodcut,1
venetian,1
century,1
eminently,1
