term,count
the,69
of,45
and,34
a,30
is,21
to,19
it,17
in,16
her,15
she,13
that,10
as,10
which,10
with,10
s,8
at,8
has,8
for,7
are,7
we,7
from,7
great,6
more,6
story,6
who,6
an,6
i,5
but,5
can,5
than,5
or,5
its,5
pages,4
not,4
do,4
well,4
our,4
their,4
upon,4
on,4
so,4
far,4
time,4
author,3
last,3
one,3
things,3
seventeen,3
would,3
because,3
first,3
book,3
this,3
have,3
there,3
no,3
women,3
be,3
new,3
avalanche,3
us,3
mrs,2
personal,2
novelists,2
sometimes,2
period,2
like,2
tale,2
t,2
given,2
about,2
into,2
social,2
value,2
life,2
think,2
were,2
fact,2
hints,2
gone,2
world,2
such,2
other,2
intriguing,2
light,2
though,2
when,2
early,2
goes,2
patience,2
lack,2
they,2
knows,2
writer,2
beautiful,2
gertrude,2
novels,2
once,2
own,2
fiction,2
title,2
clear,2
war,2
by,2
h,2
firs,2
maxwell,2
tho,2
proof,2
earlier,1
cloud,1
adventurers,1
born,1
witnesses,1
generation,1
working,1
rough,1
theological,1
town,1
drunkards,1
gamblers,1
then,1
men,1
mothers,1
grandmothers,1
situation,1
handled,1
lairs,1
suggest,1
intrepidity,1
churchill,1
amount,1
considerable,1
takes,1
dances,1
even,1
city,1
very,1
elite,1
understand,1
crust,1
thin,1
mi,1
fathers,1
student,1
see,1
oxford,1
all,1
get,1
hardly,1
society,1
californian,1
background,1
colored,1
highly,1
cast,1
ruby,1
he,1
burns,1
revolving,1
con,1
business,1
absorbed,1
husband,1
wife,1
child,1
screen,1
drama,1
stamp,1
lamp,1
begins,1
hovering,1
edward,1
e,1
promise,1
materials,1
mystery,1
sale,1
exciting,1
merely,1
larger,1
something,1
becomes,1
develops,1
soul,1
individuality,1
inescapable,1
ha,1
possible,1
occurs,1
av,1
those,1
missing,1
refuse,1
lice,1
purposes,1
review,1
sent,1
without,1
copy,1
individual,1
publisher,1
quarreling,1
w,1
ii,1
net,1
include,1
novel,1
whom,1
half,1
insist,1
much,1
give,1
needed,1
best,1
hi,1
loss,1
roguish,1
filched,1
been,1
had,1
feel,1
action,1
character,1
inexplicable,1
p,1
remains,1
perforce,1
now,1
v,1
his,1
mfrs,1
phase,1
enough,1
century,1
foundation,1
while,1
ragged,1
theme,1
treatment,1
either,1
written,1
thompson,1
long,1
cotton,1
ti,1
al,1
explained,1
lies,1
serious,1
brilliant,1
quite,1
nineteenth,1
part,1
stones,1
called,1
what,1
silence,1
does,1
few,1
people,1
clever,1
many,1
any,1
excess,1
way,1
paints,1
mixed,1
quarrel,1
ingratitude,1
touch,1
structure,1
massive,1
only,1
absorbing,1
properties,1
hard,1
expression,1
reviewer,1
certain,1
plain,1
mountain,1
separates,1
river,1
deep,1
definitely,1
history,1
divided,1
fire,1
earthquake,1
after,1
shortly,1
loves,1
francisco,1
san,1
write,1
opinion,1
gin,1
stresses,1
use,1
strict,1
artists,1
seldom,1
form,1
frequently,1
formula,1
escapes,1
out,1
struggles,1
personality,1
cert,1
apt,1
authors,1
him,1
canons,1
according,1
whether,1
care,1
sating,1
anxieties,1
back,1
picture,1
hearing,1
good,1
latest,1
gratitude,1
debt,1
double,1
owe,1
tau,1
apologies,1
admirers,1
readers,1
stokes,1
frederick,1
la,1
others,1
parker,1
gilbert,1
belief,1
welcome,1
california,1
second,1
mind,1
turn,1
links,1
activities,1
midst,1
prompted,1
qualities,1
chief,1
sanity,1
horror,1
blood,1
another,1
through,1
spirit,1
flagging,1
whipping,1
prospect,1
involuntarily,1
struggle,1
interest,1
known,1
x,1
sense,1
word,1
invariably,1
relations,1
kaleidoscope,1
shitting,1
rapidly,1
colors,1
sad,1
bound,1
unique,1
american,1
pictures,1
gives,1
prints,1
reproducing,1
place,1
atmosphere,1
capacity,1
novelist,1
ho,1
characters,1
morals,1
fall,1
hen,1
interesting,1
careful,1
cinema,1
class,1
elements,1
contains,1
sorts,1
was,1
popular,1
lighter,1
talent,1
late,1
live,1
will,1
devil,1
perch,1
californians,1
say,1
safe,1
forgotten,1
workmanship,1
manners,1
brief,1
holds,1
profound,1
potentiality,1
always,1
them,1
scarcely,1
confessed,1
must,1
sometime,1
fragments,1
hay,1
performance,1
promised,1
control,1
some,1
able,1
looked,1
career,1
defect,1
merit,1
vitality,1
greatness,1
present,1
ors,1
public,1
approach,1
never,1
oxide,1
probability,1
brushes,1
gesture,1
fret,1
fine,1
face,1
achievement,1
tn,1
books,1
flings,1
product,1
finished,1
most,1
fascination,1
hold,1
bright,1
