term,count
the,13
it,12
is,10
to,9
and,8
of,7
in,7
a,6
who,4
o,4
him,3
that,3
for,3
was,3
which,3
all,3
broke,3
f,2
s,2
so,2
n,2
first,2
than,2
m,2
not,2
more,2
with,2
years,2
re,2
c,2
best,1
devoted,1
modern,1
brave,1
hi,1
wife,1
hard,1
those,1
fiction,1
die,1
worth,1
stern,1
himself,1
form,1
mature,1
well,1
children,1
improved,1
its,1
old,1
long,1
defied,1
agent,1
rather,1
time,1
present,1
belong,1
lost,1
love,1
will,1
be,1
may,1
perspective,1
broader,1
have,1
we,1
interesting,1
little,1
e,1
they,1
when,1
as,1
today,1
real,1
ale,1
surround,1
rest,1
admirable,1
ed,1
er,1
tale,1
one,1
writing,1
novel,1
from,1
omitted,1
ce,1
moreover,1
shortened,1
revised,1
rewritten,1
public,1
read,1
ii,1
merit,1
very,1
recognized,1
hero,1
once,1
t,1
some,1
shed,1
brake,1
pu,1
co,1
mama,1
j,1
b,1
d,1
bro,1
edition,1
why,1
bit,1
author,1
imitation,1
no,1
yet,1
invocation,1
famous,1
meredith,1
le,1
just,1
reminds,1
jew,1
or,1
point,1
upon,1
preface,1
light,1
clear,1
sheds,1
but,1
entirely,1
wholly,1
only,1
instance,1
fir,1
tile,1
book,1
printed,1
written,1
