term,count
the,18
of,13
and,12
a,8
book,7
to,6
in,6
it,5
with,5
not,4
cookery,4
who,4
that,4
s,3
dr,3
cook,3
recipes,3
are,3
is,3
art,3
his,2
you,2
dinner,2
name,2
as,2
at,2
so,2
nowhere,2
one,2
said,2
he,2
there,2
undoubtedly,2
but,2
ordinary,2
broth,2
be,2
was,2
i,2
very,2
cooking,2
its,2
when,2
dictionary,1
produce,1
excellent,1
appetizing,1
results,1
import,1
ago,1
would,1
side,1
remarks,1
memory,1
patron,1
saint,1
downtown,1
interesting,1
apply,1
them,1
practical,1
then,1
should,1
culinary,1
person,1
good,1
wherefore,1
why,1
explains,1
sense,1
terms,1
therefore,1
cayenne,1
luncheon,1
approvingly,1
quotes,1
your,1
liked,1
mils,1
re,1
yet,1
this,1
heresy,1
stable,1
worse,1
about,1
better,1
heard,1
practice,1
history,1
remarked,1
m,1
eater,1
v,1
mad,1
stomach,1
filled,1
simply,1
properly,1
eat,1
how,1
know,1
did,1
science,1
tincture,1
flavor,1
years,1
except,1
operations,1
than,1
easily,1
followed,1
new,1
york,1
more,1
no,1
frederick,1
they,1
co,1
contains,1
incidentally,1
serious,1
key,1
earnest,1
intelligibly,1
volume,1
on,1
though,1
present,1
well,1
describes,1
first,1
published,1
spirit,1
called,1
ten,1
london,1
algebra,1
flesh,1
t,1
number,1
by,1
standard,1
quarts,1
two,1
use,1
md,1
soup,1
hare,1
making,1
instance,1
for,1
able,1
page,1
which,1
earlier,1
some,1
reference,1
cloth,1
pp,1
part,1
difficult,1
most,1
stalled,1
victim,1
their,1
left,1
generally,1
problem,1
