term,count
the,135
of,103
and,66
a,38
in,35
to,34
is,30
i,27
that,26
it,24
with,17
his,16
has,13
as,12
he,12
s,12
are,11
or,11
which,11
more,10
some,10
o,9
for,9
not,9
this,9
by,9
on,9
but,8
speech,7
its,7
jackson,7
an,7
one,7
be,6
h,6
new,6
g,6
life,6
book,6
verse,6
l,5
their,5
two,5
will,5
all,5
among,5
from,5
cathedral,5
volume,5
who,5
r,5
tile,5
limerick,5
her,5
word,4
problem,4
e,4
them,4
years,4
these,4
english,4
ill,4
first,4
poem,4
books,4
each,4
about,4
t,4
mr,4
other,4
him,4
almost,4
no,4
best,3
been,3
then,3
doe,3
m,3
hall,3
family,3
made,3
included,3
pages,3
through,3
much,3
paper,3
n,3
many,3
story,3
history,3
there,3
at,3
end,3
into,3
whose,3
when,3
words,3
contains,3
writers,3
section,3
while,3
hi,3
others,3
being,3
early,3
w,3
co,3
j,3
pp,3
good,3
york,3
written,3
re,3
interest,3
thirty,3
those,3
beginning,2
final,2
american,2
whom,2
point,2
war,2
pictures,2
since,2
great,2
value,2
southern,2
work,2
boundaries,2
black,2
phonetician,2
nd,2
was,2
have,2
both,2
civil,2
lo,2
building,2
witherspoon,2
few,2
full,2
most,2
jacket,2
printed,2
suggestive,2
they,2
wide,2
taken,2
still,2
stonewall,2
art,2
army,2
form,2
io,2
down,2
published,2
d,2
so,2
ha,2
half,2
original,2
general,2
chiefly,2
notes,2
like,2
dewitt,2
tl,2
amy,2
themselves,2
alone,2
au,2
unity,2
shows,2
lowell,2
lyrics,2
rachel,2
americans,2
entertainment,2
worth,2
young,2
up,2
nor,2
children,2
following,2
necessity,2
we,2
itself,2
b,2
teach,2
volumes,2
our,2
appeal,2
now,2
last,2
authors,2
during,2
spoken,2
george,2
me,2
than,2
bound,2
likely,2
meaning,2
greater,2
make,2
childhood,2
cook,2
another,2
wild,1
turd,1
sections,1
prose,1
bars,1
lord,1
green,1
alice,1
segregating,1
brought,1
thick,1
come,1
arrow,1
humor,1
rook,1
iv,1
xi,1
ts,1
lad,1
y,1
twenty,1
permission,1
hy,1
sn,1
ago,1
without,1
british,1
anthology,1
ion,1
covers,1
sf,1
single,1
added,1
ev,1
set,1
boards,1
lilac,1
tee,1
buy,1
land,1
popularity,1
immediate,1
ardor,1
way,1
swept,1
loft,1
christian,1
indeed,1
sing,1
impulses,1
chanting,1
readily,1
lend,1
zeal,1
stronger,1
fall,1
very,1
were,1
fetid,1
decoration,1
charming,1
happened,1
inevitable,1
p,1
britain,1
poser,1
cy,1
fashion,1
quarto,1
attractive,1
pest,1
music,1
leo,1
torture,1
el,1
vespers,1
palace,1
buckingham,1
market,1
halfway,1
happiness,1
sure,1
include,1
chosen,1
fourteen,1
bear,1
sic,1
mu,1
responsible,1
got,1
composer,1
possibilities,1
musical,1
recognize,1
brief,1
moody,1
thirteen,1
unique,1
account,1
stone,1
wall,1
eighteenth,1
grandfather,1
subsequent,1
gene,1
decades,1
showed,1
strong,1
inclination,1
public,1
produced,1
artists,1
politicians,1
captains,1
dust,1
genealogical,1
rives,1
crept,1
painstaking,1
individuality,1
achievements,1
personality,1
cause,1
model,1
quite,1
result,1
investigation,1
truths,1
tree,1
shaping,1
influences,1
younger,1
information,1
corrections,1
mistakes,1
hook,1
deals,1
earlier,1
properly,1
determinedly,1
walked,1
washington,1
secure,1
appointment,1
vest,1
journey,1
clad,1
lived,1
horse,1
sta,1
train,1
also,1
chronology,1
over,1
four,1
long,1
myth,1
adolescence,1
faculty,1
manhood,1
outlines,1
tells,1
something,1
mex,1
later,1
ber,1
virginia,1
disposes,1
military,1
institute,1
quote,1
extensively,1
correspondence,1
number,1
effectually,1
forceful,1
proof,1
rose,1
appellation,1
baxter,1
poetry,1
varied,1
eighty,1
would,1
ordinarily,1
ed,1
distinctly,1
doubtless,1
because,1
le,1
joyous,1
times,1
son,1
emily,1
dickinson,1
phoebe,1
billie,1
v,1
hayden,1
though,1
represented,1
three,1
quotations,1
artemus,1
josh,1
billings,1
pro,1
nye,1
ade,1
josiah,1
allen,1
wife,1
john,1
bangs,1
henry,1
jr,1
cary,1
holmes,1
bret,1
figure,1
thorn,1
dam,1
ford,1
rhodes,1
said,1
united,1
striking,1
side,1
less,1
feet,1
sobriquet,1
practically,1
displaced,1
rightful,1
name,1
th,1
authority,1
tie,1
harte,1
vaughn,1
boyle,1
recent,1
date,1
burgess,1
wallace,1
irwin,1
martin,1
id,1
pren,1
carolyn,1
wells,1
ad,1
earl,1
loll,1
bird,1
cool,1
li,1
go,1
inland,1
writes,1
often,1
compares,1
difficulties,1
problems,1
standards,1
tales,1
canada,1
aid,1
collection,1
ff,1
ll,1
standard,1
prevail,1
wherever,1
mother,1
view,1
she,1
momentous,1
says,1
intonation,1
voice,1
world,1
isolated,1
map,1
pink,1
yellow,1
tote,1
arid,1
let,1
psychological,1
spherical,1
unit,1
mighty,1
mis,1
variations,1
bi,1
illustrated,1
ant,1
develops,1
theory,1
practice,1
course,1
appears,1
def,1
hard,1
fast,1
technique,1
rigid,1
sonnet,1
must,1
followed,1
faithfully,1
order,1
explaining,1
stand,1
explanations,1
offspring,1
rte,1
poetic,1
mir,1
hands,1
developed,1
evolve,1
eldest,1
hut,1
born,1
orange,1
thor,1
explains,1
my,1
ck,1
pl,1
matter,1
success,1
records,1
actors,1
educators,1
clergymen,1
rev,1
percy,1
grant,1
charles,1
eliot,1
walter,1
mrs,1
fiske,1
rt,1
con,1
slats,1
record,1
prominent,1
phonetic,1
sums,1
consists,1
america,1
miss,1
repute,1
skilled,1
branch,1
knowledge,1
stimulating,1
implications,1
notwithstanding,1
indications,1
title,1
second,1
filing,1
true,1
expert,1
lind,1
leer,1
xv,1
incisive,1
peoples,1
tongues,1
deserves,1
honor,1
acknowledged,1
day,1
proves,1
hat,1
effort,1
language,1
such,1
failure,1
accepted,1
requisite,1
national,1
speaking,1
fact,1
stresses,1
phases,1
thoughtful,1
excellent,1
writing,1
what,1
admits,1
paramount,1
briefly,1
pace,1
swift,1
fleeting,1
desire,1
wits,1
late,1
little,1
attain,1
instead,1
rom,1
interpret,1
explain,1
ref,1
significance,1
otherwise,1
apparent,1
bl,1
introduction,1
eloquently,1
recounts,1
important,1
facts,1
concerning,1
dignified,1
spacious,1
imaginative,1
spiritual,1
ly,1
request,1
fina,1
reprinted,1
offered,1
sale,1
benefit,1
fund,1
fifty,1
stanza,1
deal,1
site,1
reviews,1
concede,1
erect,1
multitudes,1
within,1
completed,1
lack,1
neither,1
beauty,1
melody,1
slates,1
union,1
resented,1
structure,1
spirit,1
jot,1
call,1
if,1
k,1
plated,1
railer,1
ar,1
deer,1
threaded,1
trail,1
how,1
dozen,1
stanzas,1
neat,1
interesting,1
told,1
any,1
imagination,1
here,1
clothed,1
booklet,1
results,1
contribution,1
nation,1
enterprise,1
ought,1
fruitful,1
practical,1
authorities,1
privately,1
finishing,1
group,1
fill,1
out,1
verses,1
offers,1
examples,1
invites,1
readers,1
test,1
mental,1
alertness,1
resource,1
completing,1
calls,1
gallery,1
immortals,1
people,1
furnish,1
hit,1
purpose,1
lines,1
left,1
dots,1
place,1
beneath,1
dotted,1
line,1
short,1
de,1
missing,1
ives,1
glimmer,1
social,1
cross,1
puzzle,1
score,1
famous,1
limericks,1
method,1
f,1
hand,1
finally,1
announces,1
detail,1
contest,1
prize,1
cleverest,1
wittiest,1
submitted,1
divine,1
city,1
pit,1
volt,1
edward,1
varieties,1
reader,1
inspire,1
may,1
prefaces,1
elsewhere,1
bit,1
adds,1
affords,1
ways,1
crease,1
intended,1
joy,1
asocial,1
occasion,1
several,1
rhyming,1
lids,1
articles,1
