term,count
the,138
of,125
and,68
to,53
in,46
a,43
his,36
he,34
that,30
was,26
by,26
is,23
pasteur,19
not,16
it,16
this,14
had,14
with,13
which,12
be,12
as,11
great,11
s,11
who,11
were,11
an,10
one,10
their,10
him,10
j,10
on,10
i,9
can,9
scientific,8
at,8
or,7
are,7
made,7
very,7
from,7
all,7
into,6
no,6
men,6
science,6
those,6
these,6
if,6
how,6
beer,6
work,5
have,5
so,5
for,5
well,5
its,5
some,5
life,5
william,5
sir,5
they,5
any,4
most,4
there,4
may,4
examination,4
father,4
been,4
before,4
every,4
what,4
man,4
now,4
medicine,4
said,4
when,4
nation,4
brewers,4
germs,4
time,4
diseases,4
admitted,3
france,3
literature,3
after,3
england,3
research,3
lives,3
l,3
do,3
them,3
greatly,3
faith,3
good,3
theory,3
until,3
but,3
did,3
book,3
itself,3
place,3
expressed,3
story,3
known,3
found,3
will,3
louis,3
french,3
world,3
himself,3
first,3
without,3
experiments,3
common,3
beings,3
only,3
researches,2
looked,2
between,2
asked,2
phenomena,2
carefully,2
seemed,2
us,2
upon,2
founded,2
never,2
might,2
answer,2
more,2
frenchman,2
fail,2
hydrophobia,2
matter,2
quotes,2
invariably,2
several,2
almost,2
dogs,2
admirable,2
result,2
must,2
know,2
century,2
breweries,2
heart,2
pages,2
too,2
fear,2
greatest,2
york,2
part,2
left,2
explained,2
already,2
home,2
sacrifice,2
astonishment,2
country,2
microscope,2
translated,2
guest,2
people,2
kept,2
typical,2
intensely,2
brewery,2
ale,2
days,2
ways,2
simple,2
hard,2
themselves,2
similar,2
way,2
professor,2
parents,2
gained,2
studies,2
new,2
de,2
practical,2
such,2
fermentation,2
edition,2
pas,2
centennial,2
would,2
other,2
mere,2
easily,2
even,2
taste,2
could,2
last,2
up,2
given,2
e,2
make,2
results,2
little,2
has,2
took,2
student,2
process,2
different,2
managers,2
quite,2
scientist,2
mother,2
spite,2
hut,2
hand,2
human,2
worship,2
microscopic,2
about,2
george,2
assisted,2
social,2
produce,2
we,2
used,2
her,2
volume,2
small,2
laboratory,2
discovery,2
things,2
water,2
osier,2
however,1
side,1
certain,1
devoted,1
precautions,1
analysis,1
gentlemen,1
ladies,1
enthusiasm,1
successful,1
received,1
likely,1
stage,1
brew,1
production,1
conducted,1
elves,1
diseased,1
precious,1
announced,1
pathetic,1
dusts,1
application,1
avoid,1
moving,1
incidents,1
record,1
suspended,1
contain,1
inferior,1
calmly,1
perceive,1
pity,1
either,1
attempt,1
recently,1
ma,1
say,1
organized,1
errors,1
liquid,1
preserved,1
represent,1
frankly,1
means,1
countrymen,1
prevented,1
give,1
millions,1
enumeration,1
aid,1
methods,1
immediate,1
examples,1
few,1
sheep,1
cure,1
affirmed,1
dollars,1
plague,1
read,1
idleness,1
clear,1
among,1
circumstance,1
open,1
thousands,1
processes,1
silkworm,1
disputed,1
diphtheria,1
growers,1
tuberculosis,1
saved,1
real,1
impression,1
caine,1
widely,1
ill,1
subsidized,1
dramas,1
illusions,1
kind,1
preventing,1
desires,1
valid,1
add,1
naturally,1
masterly,1
unselfish,1
due,1
times,1
succeeding,1
progress,1
unfolding,1
libraries,1
contact,1
duped,1
affirm,1
constantly,1
indefinitely,1
statement,1
humorous,1
headed,1
tinge,1
daily,1
slight,1
dismay,1
assured,1
inveterate,1
habit,1
curried,1
minute,1
care,1
imagine,1
deeply,1
strict,1
tanks,1
reading,1
discovering,1
wine,1
modern,1
arm,1
knowledge,1
noticing,1
occurred,1
negligence,1
feared,1
minutely,1
wiping,1
speck,1
dust,1
escaped,1
short,1
sighted,1
eyes,1
whether,1
strangers,1
through,1
preliminary,1
exercise,1
anxious,1
host,1
o,1
usually,1
drinks,1
hospitable,1
plate,1
problems,1
g,1
interesting,1
inspiration,1
highest,1
idealism,1
incentive,1
closer,1
study,1
relation,1
beverages,1
actual,1
escape,1
fact,1
beautiful,1
rare,1
document,1
ami,1
masterpiece,1
paragraph,1
truth,1
fascinating,1
takes,1
often,1
pressed,1
prohibition,1
censure,1
absolutely,1
immaculate,1
expect,1
efforts,1
amateur,1
finished,1
terrible,1
question,1
finding,1
bacillus,1
chicken,1
cholera,1
done,1
examining,1
drank,1
chapter,1
convinced,1
betrayed,1
bad,1
think,1
pillar,1
british,1
system,1
destroyed,1
soon,1
pay,1
moat,1
perfectly,1
pure,1
showed,1
eliminate,1
poison,1
astounded,1
discover,1
pleased,1
ferment,1
noxious,1
formula,1
paper,1
covering,1
years,1
anything,1
sacred,1
englishman,1
next,1
bitter,1
pale,1
proud,1
porter,1
flowing,1
trough,1
cask,1
out,1
once,1
drew,1
piece,1
ho,1
desirous,1
argument,1
surgical,1
yeast,1
use,1
ice,1
hops,1
larger,1
quantity,1
lacking,1
called,1
cleanliness,1
bond,1
true,1
scrupulous,1
told,1
savants,1
dipped,1
grapes,1
occasions,1
heat,1
choosing,1
improvements,1
ferments,1
contained,1
should,1
bound,1
tightly,1
possible,1
feeling,1
opinion,1
bored,1
englishmen,1
raise,1
beloved,1
estimation,1
vaunted,1
beers,1
nancy,1
vienna,1
firm,1
burton,1
seriousness,1
muzzling,1
auditors,1
young,1
shows,1
genius,1
lived,1
intimately,1
qualities,1
influence,1
works,1
democracy,1
dr,1
ignore,1
masses,1
hold,1
opinions,1
jennings,1
bryan,1
sympathetic,1
declared,1
colleague,1
lists,1
reader,1
th,1
thoroughly,1
charming,1
stimulating,1
enlightening,1
example,1
beneficial,1
language,1
kingdom,1
words,1
impartial,1
publication,1
biased,1
perfect,1
whoever,1
entered,1
distinguished,1
clearly,1
supernatural,1
being,1
termination,1
examine,1
puzzling,1
warm,1
god,1
love,1
fellow,1
credits,1
material,1
err,1
racing,1
v,1
understood,1
ian,1
dead,1
old,1
cool,1
calmness,1
al,1
luck,1
acceptance,1
ultimate,1
met,1
obstacles,1
detractions,1
misunderstand,1
gentleness,1
per,1
severance,1
knew,1
ob,1
experimentation,1
pursued,1
inexplicable,1
nothing,1
course,1
literary,1
vogue,1
edinburgh,1
national,1
education,1
disraeli,1
assertion,1
produces,1
astern,1
students,1
charms,1
cult,1
personality,1
thai,1
wits,1
willing,1
gone,1
still,1
ea,1
principle,1
english,1
advancement,1
devonshire,1
physic,1
review,1
maurice,1
francis,1
egan,1
rene,1
mrs,1
introduction,1
preface,1
bart,1
md,1
oxford,1
university,1
doubleday,1
page,1
co,1
trace,1
jealousy,1
vice,1
silas,1
school,1
sometimes,1
pa,1
see,1
struggling,1
spectator,1
bite,1
arbitrary,1
minds,1
grown,1
intellect,1
forced,1
swim,1
within,1
ken,1
talk,1
high,1
average,1
offered,1
topics,1
nature,1
helped,1
enormously,1
er,1
stepping,1
stone,1
keener,1
remarkable,1
american,1
schools,1
international,1
neglected,1
let,1
observe,1
instance,1
gods,1
christian,1
ideals,1
practicing,1
then,1
comparatively,1
account,1
seems,1
hardly,1
believable,1
today,1
industries,1
hopeless,1
go,1
gist,1
physiologist,1
chem,1
st,1
physicians,1
heard,1
condoned,1
considered,1
cf,1
precaution,1
slates,1
institutes,1
unnecessary,1
late,1
law,1
concern,1
strictly,1
against,1
victims,1
rabies,1
practice,1
smothering,1
bitten,1
mad,1
unknown,1
sufferings,1
ask,1
physiology,1
malevolence,1
having,1
find,1
insinuating,1
graceful,1
disappointed,1
organize,1
living,1
come,1
preceded,1
medical,1
slow,1
progressive,1
transformation,1
species,1
another,1
eternal,1
questions,1
expected,1
smart,1
functions,1
countesses,1
consciousness,1
spontaneous,1
generation,1
many,1
advocates,1
evening,1
lectures,1
acted,1
tout,1
princess,1
alexandre,1
dumas,1
sand,1
fashionable,1
duchesses,1
united,1
eighties,1
ambition,1
frock,1
rules,1
government,1
dignity,1
feast,1
appeared,1
military,1
looking,1
coat,1
duty,1
adorned,1
ribbon,1
legion,1
honor,1
worked,1
ennobled,1
determination,1
sword,1
went,1
afterward,1
ole,1
embracing,1
brotherhood,1
taken,1
symbols,1
bravest,1
sergeants,1
army,1
ur,1
born,1
x,1
ex,1
sergeant,1
become,1
respectable,1
tanner,1
perform,1
spoliation,1
fulfilling,1
henri,1
tin,1
serious,1
does,1
than,1
picturesque,1
stories,1
bohemia,1
idle,1
paid,1
boulevard,1
saint,1
michel,1
replied,1
counts,1
weak,1
fall,1
during,1
existence,1
description,1
paris,1
debts,1
alacrity,1
order,1
although,1
german,1
indemnity,1
bismarck,1
general,1
readers,1
misled,1
popular,1
pictures,1
fiction,1
immorality,1
licentiousness,1
interpretation,1
