term,count
the,37
and,22
of,17
a,13
to,12
is,11
it,8
with,8
in,7
that,7
his,6
for,6
good,5
than,4
old,4
was,4
not,4
one,4
s,4
there,4
has,3
characters,3
he,3
do,3
or,3
less,3
at,3
novel,3
two,3
off,3
as,3
love,3
its,3
are,2
him,2
many,2
author,2
who,2
place,2
three,2
those,2
pleasant,2
people,2
l,2
this,2
very,2
them,2
guy,2
by,2
though,2
trenches,2
end,2
little,2
well,2
story,2
but,2
too,2
so,2
be,2
feeling,2
himself,2
on,2
deaf,2
pretty,2
seth,2
ought,2
dr,2
an,2
sometimes,2
benefit,1
inventive,1
capable,1
humanity,1
garrulous,1
should,1
tire,1
xi,1
mrs,1
wholesome,1
marriage,1
es,1
sitting,1
vale,1
later,1
then,1
carried,1
loy,1
bach,1
across,1
inferno,1
ian,1
land,1
jenny,1
maintained,1
wins,1
sympathy,1
does,1
intermittent,1
barnes,1
care,1
comedy,1
book,1
among,1
inventor,1
great,1
own,1
daughter,1
comments,1
clever,1
tragedies,1
half,1
lights,1
will,1
find,1
closing,1
tinge,1
disappointment,1
fleming,1
better,1
bigger,1
worn,1
much,1
pleasantness,1
feels,1
persons,1
placed,1
situations,1
chosen,1
would,1
have,1
been,1
deal,1
various,1
finally,1
were,1
interesting,1
life,1
sketches,1
tales,1
courageous,1
often,1
pungent,1
satiric,1
tend,1
always,1
entertaining,1
restrained,1
style,1
charm,1
plot,1
intricate,1
loaf,1
murder,1
brief,1
elopement,1
no,1
stories,1
mention,1
several,1
past,1
romances,1
increase,1
corn,1
qualities,1
reader,1
remembers,1
kindly,1
pictures,1
obey,1
came,1
job,1
ind,1
way,1
all,1
began,1
order,1
see,1
tell,1
candid,1
ant,1
affair,1
p,1
ashamed,1
toward,1
scene,1
shifted,1
trance,1
most,1
action,1
takes,1
numerous,1
live,1
busied,1
h,1
undertake,1
anything,1
shirked,1
never,1
green,1
d,1
co,1
prov,1
ute,1
before,1
you,1
new,1
setting,1
castor,1
advised,1
done,1
ralph,1
z,1
stance,1
found,1
awkward,1
beans,1
mt,1
shirker,1
friend,1
n,1
ho,1
explosive,1
inventing,1
gentle,1
described,1
o,1
drawn,1
some,1
op,1
thing,1
they,1
can,1
help,1
vernon,1
g,1
nothing,1
individual,1
echo,1
escaped,1
consequences,1
far,1
basil,1
bag,1
bungling,1
strong,1
reliable,1
possessed,1
conscience,1
w,1
best,1
i,1
war,1
cherished,1
their,1
romance,1
preached,1
gospel,1
health,1
rf,1
ore,1
over,1
atmosphere,1
quiet,1
flowers,1
leading,1
peaceful,1
more,1
useful,1
lives,1
which,1
pervades,1
che,1
entire,1
sub,1
titled,1
enjoyable,1
