term,count
the,28
of,18
and,13
to,9
is,8
in,8
with,7
has,6
a,6
badger,6
not,5
dr,5
so,4
he,4
which,4
investments,4
corporations,3
market,3
s,3
an,3
bonds,3
valuation,3
it,3
that,3
by,3
securities,3
present,2
subject,2
public,2
stocks,2
are,2
dealing,2
his,2
as,2
work,2
this,2
ordinary,2
points,2
book,2
persons,2
their,2
varied,2
these,2
industrial,2
on,2
important,1
knowledge,1
intimate,1
reach,1
interested,1
methods,1
disclose,1
appraisal,1
financial,1
placed,1
status,1
provides,1
excellent,1
contents,1
insight,1
into,1
within,1
acquaintance,1
defines,1
values,1
deals,1
deal,1
most,1
effectively,1
what,1
succeeded,1
elucidating,1
actual,1
value,1
without,1
regard,1
hitherto,1
prices,1
phases,1
certain,1
risks,1
analyzes,1
investors,1
various,1
study,1
well,1
fact,1
under,1
do,1
legislative,1
control,1
gives,1
them,1
special,1
would,1
dealt,1
evaluation,1
section,1
security,1
considerations,1
service,1
gs,1
discusses,1
indicates,1
earnings,1
quotations,1
whole,1
indeed,1
future,1
lie,1
separate,1
holders,1
appreciated,1
chapter,1
problems,1
will,1
impartiality,1
clarity,1
involved,1
becomes,1
close,1
invested,1
considerable,1
benefit,1
entire,1
business,1
community,1
easy,1
task,1
undertaken,1
nor,1
one,1
frequently,1
assumed,1
literary,1
intent,1
deemed,1
intricate,1
no,1
conferred,1
really,1
taxes,1
hall,1
ralph,1
eastman,1
pr,1
d,1
new,1
york,1
prentice,1
inc,1
inheritance,1
written,1
elaborate,1
reports,1
generally,1
quoted,1
open,1
compute,1
longer,1
clear,1
explanations,1
life,1
simple,1
reader,1
interest,1
focused,1
many,1
all,1
ranks,1
hope,1
axe,1
inherit,1
something,1
there,1
much,1
money,1
throughout,1
country,1
discussed,1
terminology,1
concise,1
contrived,1
descriptions,1
estimates,1
difficult,1
kind,1
avoid,1
technicalities,1
author,1
render,1
but,1
disquisitions,1
quite,1
readable,1
layman,1
may,1
be,1
enticing,1
given,1
