term,count
the,134
of,93
and,59
to,56
in,37
a,36
it,22
with,20
was,18
for,18
they,17
at,17
that,15
their,13
is,12
this,12
were,12
which,11
have,11
had,11
his,10
war,10
be,10
by,10
no,10
france,9
forestry,9
an,9
wood,9
from,9
but,8
i,8
he,8
e,8
french,8
as,8
forest,8
not,7
would,7
one,7
american,7
men,7
on,7
most,6
army,6
t,6
them,6
work,6
there,6
these,6
h,6
f,5
all,5
who,5
supply,5
s,5
n,5
our,4
very,4
trees,4
should,4
every,4
y,4
than,4
or,4
feet,4
out,4
m,4
indeed,3
under,3
been,3
u,3
any,3
its,3
colonel,3
own,3
many,3
mill,3
cut,3
l,3
came,3
cutting,3
time,3
americans,3
such,3
day,3
alone,3
often,3
when,3
over,3
wants,3
what,3
regiments,3
yet,3
rance,3
en,3
flying,3
winning,3
book,3
so,3
es,3
military,3
idea,3
after,2
first,2
woodsmen,2
appreciate,2
man,2
value,2
must,2
realize,2
squadron,2
tl,2
limited,2
spruce,2
foresters,2
combatant,2
working,2
world,2
produced,2
far,2
seen,2
c,2
will,2
none,2
government,2
felled,2
means,2
before,2
feel,2
material,2
service,2
only,2
fuel,2
difficult,2
et,2
highest,2
forests,2
fighting,2
might,2
forces,2
without,2
x,2
owes,2
ha,2
demands,2
line,2
firing,2
done,2
debt,2
played,2
al,2
fir,2
mind,2
se,2
more,2
could,2
states,2
review,2
forester,2
may,2
established,2
rank,2
aide,2
being,2
her,2
years,2
footnote,2
jr,2
engineer,2
almost,2
least,2
associate,2
troops,2
mills,2
has,2
less,2
two,2
w,2
another,2
methods,2
are,2
twenty,2
v,2
rules,2
studies,2
days,2
say,2
do,2
few,2
reed,2
officers,2
up,2
quartermaster,2
took,1
supervision,1
wafer,1
shed,1
decay,1
prevent,1
gone,1
need,1
mad,1
away,1
face,1
hostile,1
technical,1
cannon,1
booming,1
settled,1
like,1
seemed,1
indispensable,1
fumed,1
amt,1
fretted,1
tear,1
scoff,1
trained,1
remained,1
highly,1
pray,1
even,1
ended,1
roared,1
dire,1
ignorant,1
worked,1
policy,1
novice,1
rounded,1
tells,1
feelings,1
understate,1
woefully,1
zeal,1
imposed,1
regulations,1
imp,1
end,1
sooner,1
quicker,1
viewpoint,1
down,1
get,1
thinking,1
safe,1
raged,1
tale,1
those,1
touch,1
support,1
effort,1
driven,1
both,1
imagination,1
pace,1
some,1
gives,1
hours,1
knocked,1
kl,1
fairly,1
interference,1
stumps,1
absurdity,1
hardwood,1
demand,1
general,1
enough,1
bad,1
injured,1
growth,1
younger,1
protect,1
reader,1
failing,1
big,1
limb,1
insisting,1
sentimental,1
scoffed,1
think,1
getting,1
lost,1
moment,1
marked,1
marking,1
carefully,1
waste,1
gates,1
thundering,1
presents,1
enemy,1
requirements,1
picture,1
off,1
frenchmen,1
hats,1
basses,1
found,1
stands,1
hr,1
silver,1
hoped,1
richest,1
canton,1
veils,1
altitude,1
pine,1
larch,1
finished,1
reclamation,1
ne,1
ravine,1
la,1
page,1
continued,1
never,1
writer,1
remarked,1
entirely,1
inspecting,1
white,1
ranking,1
recognize,1
tangible,1
high,1
accordance,1
strictly,1
state,1
young,1
liberally,1
overlooked,1
medal,1
received,1
co,1
conditions,1
trying,1
deserved,1
eminent,1
benefit,1
incalculable,1
alms,1
economical,1
conception,1
wholly,1
new,1
totally,1
stand,1
reason,1
rack,1
brought,1
b,1
tutelage,1
during,1
nations,1
anywhere,1
finer,1
ed,1
ungrateful,1
gets,1
rome,1
communal,1
form,1
cf,1
committed,1
common,1
moreover,1
information,1
supported,1
moat,1
making,1
genius,1
national,1
thrift,1
figures,1
expression,1
skillfully,1
sensed,1
behind,1
sense,1
realized,1
acts,1
surely,1
hut,1
capital,1
drain,1
withstood,1
arranged,1
surplus,1
close,1
america,1
england,1
future,1
historian,1
nature,1
endowed,1
vaguely,1
full,1
measure,1
strategic,1
start,1
apt,1
result,1
great,1
conservation,1
written,1
widely,1
cat,1
alt,1
visual,1
thoughtful,1
expert,1
mot,1
treasury,1
learned,1
impressions,1
authoritative,1
tasting,1
land,1
carry,1
barriers,1
built,1
nation,1
foresight,1
patience,1
allied,1
something,1
labored,1
comrades,1
third,1
spirit,1
turned,1
strife,1
effectively,1
if,1
mora,1
lines,1
fee,1
east,1
artillery,1
infantry,1
fought,1
struggles,1
deadly,1
series,1
emerging,1
just,1
colossal,1
familiar,1
naturally,1
results,1
museum,1
outside,1
eyes,1
ac,1
battle,1
kith,1
horses,1
bits,1
figured,1
penny,1
where,1
makeshifts,1
fiery,1
dart,1
largely,1
needed,1
other,1
multitude,1
cads,1
docks,1
pickets,1
camouflage,1
stakes,1
fortifications,1
trenches,1
duck,1
poses,1
telegraph,1
ties,1
barrack,1
how,1
batteries,1
te,1
acres,1
soldier,1
fates,1
half,1
ton,1
timber,1
board,1
unit,1
hands,1
hey,1
rear,1
squadrons,1
battalions,1
expedients,1
early,1
four,1
destructive,1
literature,1
thought,1
fast,1
probably,1
however,1
bea,1
entitled,1
shudder,1
possible,1
tm,1
assuming,1
conceive,1
hock,1
contents,1
lacing,1
hate,1
thins,1
ch,1
urn,1
fork,1
constructive,1
chosen,1
aptly,1
subtitle,1
use,1
desired,1
author,1
hill,1
trevor,1
frederick,1
year,1
forced,1
thick,1
lieutenant,1
last,1
chief,1
fur,1
selected,1
possibly,1
collaborator,1
col,1
lieut,1
regiment,1
bearing,1
chapters,1
event,1
once,1
legion,1
rising,1
him,1
nearly,1
overseas,1
anything,1
fact,1
st,1
certainly,1
history,1
additive,1
made,1
termed,1
volume,1
portion,1
considerable,1
devote,1
calf,1
vital,1
success,1
see,1
axes,1
flew,1
sparks,1
while,1
night,1
relays,1
constant,1
waist,1
stripped,1
fray,1
into,1
flinging,1
watch,1
action,1
grimly,1
roar,1
part,1
devise,1
lacking,1
ere,1
ll,1
approximated,1
matter,1
met,1
r,1
excessive,1
here,1
file,1
member,1
animated,1
smokestacks,1
inaction,1
offensive,1
equaled,1
fret,1
cords,1
thousands,1
speak,1
date,1
portable,1
lil,1
rind,1
light,1
large,1
heavy,1
tight,1
peace,1
either,1
rarely,1
engines,1
records,1
discipline,1
order,1
swiftness,1
moved,1
parades,1
reviews,1
organization,1
maintained,1
blue,1
tumult,1
rush,1
ground,1
shook,1
shill,1
motto,1
officer,1
q,1
doors,1
previous,1
then,1
arts,1
guides,1
builders,1
road,1
backwoodsmen,1
professors,1
college,1
mechanics,1
life,1
nine,1
fourteen,1
kn,1
rankin,1
cop,1
hundreds,1
burned,1
literally,1
purpose,1
eatery,1
unlimited,1
alma,1
accustomed,1
used,1
ly,1
acre,1
hoard,1
ni,1
knew,1
care,1
themselves,1
open,1
lowest,1
staff,1
shell,1
shot,1
spite,1
armies,1
advancing,1
forward,1
pushing,1
sawmills,1
abreast,1
frequently,1
provided,1
vi,1
rows,1
relief,1
anthe,1
hospital,1
rm,1
virtual,1
pitched,1
tents,1
shelters,1
improvised,1
woods,1
hard,1
lived,1
pioneers,1
re,1
virile,1
