term,count
the,109
of,76
to,63
and,53
a,36
in,35
i,28
is,27
that,23
s,22
lamb,20
which,17
for,17
with,16
letters,16
as,15
not,15
this,15
it,15
have,14
at,13
from,13
you,12
will,11
by,11
one,10
are,10
his,10
letter,9
my,9
has,9
so,8
more,8
all,8
but,7
we,7
was,7
new,7
he,7
am,6
volumes,6
be,6
many,6
some,6
written,5
or,5
little,5
been,5
two,5
your,5
very,5
mr,5
who,5
these,5
them,5
over,5
lucas,5
me,5
brother,4
name,4
no,4
first,4
her,4
o,4
about,4
volume,4
best,4
an,3
should,3
works,3
like,3
l,3
than,3
tell,3
also,3
whole,3
other,3
left,3
when,3
give,3
much,3
second,3
come,3
they,3
way,3
our,3
on,3
say,3
into,3
now,3
hazlitt,3
notes,3
us,3
least,3
edition,3
charles,3
any,3
g,3
set,3
wordsworth,3
t,3
made,2
othello,2
had,2
tale,2
street,2
bottom,2
twenty,2
quoted,2
course,2
series,2
f,2
enough,2
reading,2
fact,2
if,2
per,2
mary,2
where,2
end,2
already,2
number,2
rest,2
y,2
great,2
yet,2
along,2
owners,2
author,2
dorothy,2
upon,2
india,2
out,2
damn,2
frontispiece,2
entirely,2
family,2
hand,2
dear,2
forgot,2
there,2
she,2
think,2
myself,2
debt,2
would,2
books,2
painting,2
old,2
here,2
mrs,2
another,2
paper,2
partnership,2
coleridge,2
affair,2
then,2
just,2
done,2
same,2
original,2
fashion,2
d,2
book,2
luca,2
do,2
friend,2
americans,2
hamlet,2
cuts,2
day,2
complete,2
down,2
rather,2
excellent,2
law,2
nine,2
time,2
furnished,2
money,2
editor,2
english,2
plan,2
after,2
up,2
most,2
every,2
does,2
include,2
interest,2
order,2
each,2
years,2
hers,2
forty,2
manuscripts,2
almost,2
airs,1
spoken,1
portrait,1
typography,1
admirable,1
see,1
coming,1
making,1
fastidious,1
possessed,1
illustrations,1
size,1
fond,1
sensible,1
girl,1
nice,1
woman,1
tiara,1
pretty,1
reproduced,1
text,1
crest,1
iv,1
office,1
coach,1
lad,1
necks,1
swan,1
otters,1
students,1
off,1
informing,1
included,1
library,1
inserted,1
dr,1
taken,1
copy,1
follow,1
addi,1
immediately,1
av,1
serving,1
vi,1
b,1
indeed,1
sheet,1
sister,1
reproduction,1
thames,1
banks,1
views,1
himself,1
wandering,1
month,1
kind,1
forward,1
portraits,1
opposite,1
richmond,1
summer,1
solo,1
page,1
shall,1
meets,1
elia,1
drawing,1
likeness,1
quite,1
thomas,1
mountain,1
scenery,1
index,1
value,1
william,1
thereabout,1
henry,1
could,1
acquainted,1
brought,1
picture,1
desire,1
reduced,1
charming,1
read,1
age,1
foe,1
thai,1
several,1
beautiful,1
persuade,1
tried,1
unpublished,1
tales,1
alphabetically,1
forgive,1
suffice,1
good,1
did,1
putting,1
cheated,1
place,1
folly,1
taste,1
only,1
save,1
begging,1
ll,1
giantesses,1
mean,1
tear,1
giants,1
courtiers,1
reproving,1
canute,1
johnny,1
king,1
put,1
fancy,1
well,1
might,1
hope,1
repent,1
plates,1
circumstances,1
piece,1
tall,1
spelling,1
occasionally,1
pericles,1
romeo,1
timon,1
macbeth,1
lear,1
answerable,1
stories,1
mine,1
wrote,1
names,1
load,1
abstract,1
try,1
egregious,1
advertisement,1
go,1
simplicity,1
persons,1
their,1
duff,1
story,1
hinted,1
scene,1
chosen,1
justify,1
passages,1
arranged,1
above,1
authority,1
atom,1
venice,1
references,1
vulgarity,1
beastly,1
unable,1
suppose,1
digging,1
mischief,1
baby,1
company,1
bad,1
subjects,1
choice,1
discretion,1
correction,1
were,1
list,1
contributes,1
given,1
counted,1
exists,1
mentioned,1
grave,1
preserved,1
know,1
cl,1
total,1
lr,1
count,1
far,1
between,1
according,1
reach,1
sees,1
whom,1
guess,1
seventy,1
suspect,1
though,1
fanny,1
addressed,1
thought,1
reads,1
eighty,1
bile,1
meyer,1
th,1
sons,1
request,1
copies,1
cheerfully,1
country,1
private,1
words,1
h,1
acquired,1
newly,1
closeness,1
fault,1
finds,1
america,1
bought,1
exception,1
without,1
antic,1
side,1
pride,1
source,1
matter,1
connection,1
sighs,1
run,1
light,1
likely,1
continue,1
evil,1
regret,1
cooperation,1
spend,1
printed,1
collections,1
previous,1
together,1
sot,1
ungracious,1
greedy,1
spite,1
across,1
popularity,1
measure,1
attained,1
seems,1
possessor,1
absolute,1
property,1
steward,1
world,1
peculiarly,1
document,1
ry,1
te,1
view,1
response,1
met,1
papers,1
literary,1
american,1
explains,1
either,1
glance,1
possible,1
operations,1
curious,1
owing,1
before,1
preface,1
remarks,1
published,1
state,1
testimony,1
eloquent,1
nowhere,1
principle,1
complications,1
awkward,1
unexpected,1
produce,1
enacted,1
duly,1
especially,1
times,1
certain,1
men,1
arrangements,1
intended,1
ev,1
edited,1
collection,1
copyright,1
correspondence,1
must,1
contain,1
lovers,1
divided,1
pity,1
hardship,1
seem,1
sure,1
distributed,1
important,1
attention,1
drawn,1
ground,1
cover,1
thus,1
difficulty,1
meet,1
extent,1
using,1
debarred,1
among,1
amounting,1
possibly,1
purchase,1
rust,1
n,1
present,1
possess,1
adds,1
interesting,1
table,1
p,1
such,1
dispose,1
lay,1
propose,1
sum,1
town,1
draft,1
once,1
sorry,1
pounds,1
require,1
wish,1
wishing,1
contented,1
motto,1
speak,1
become,1
rewarded,1
knows,1
god,1
merit,1
cash,1
abounding,1
why,1
truth,1
tile,1
commissions,1
october,1
skill,1
own,1
attend,1
soul,1
q,1
vii,1
v,1
shops,1
found,1
fears,1
tempting,1
others,1
fletcher,1
jonson,1
ben,1
enumeration,1
proceeds,1
mb,1
lg,1
ft,1
generously,1
accommodated,1
remains,1
centuries,1
cry,1
thing,1
scurvy,1
commission,1
enable,1
liquidation,1
waiting,1
excerpt,1
material,1
contents,1
ix,1
frank,1
its,1
el,1
service,1
long,1
begun,1
lie,1
mother,1
father,1
demolished,1
since,1
queen,1
living,1
lust,1
pig,1
roast,1
dissertation,1
may,1
earliest,1
begins,1
proof,1
starred,1
convince,1
serve,1
aid,1
marks,1
star,1
admission,1
weeks,1
turn,1
finished,1
changes,1
verbal,1
shows,1
alfred,1
possession,1
collation,1
through,1
however,1
even,1
bite,1
rational,1
somewhat,1
got,1
quaint,1
added,1
remember,1
ella,1
student,1
watchman,1
experiment,1
br,1
three,1
madhouse,1
agreeably,1
spent,1
servant,1
humble,1
indispensable,1
