term,count
the,215
of,120
and,75
a,66
to,59
in,58
i,45
his,35
is,33
tibet,26
on,25
at,24
that,22
has,20
this,19
for,19
l,18
it,18
by,17
lama,17
which,16
he,16
british,16
with,15
chinese,14
from,12
s,12
as,11
author,11
an,11
been,9
still,9
not,9
yet,9
china,9
tibetans,9
india,8
t,8
be,8
or,7
have,7
tibetan,7
are,7
but,6
out,6
modern,6
what,6
into,6
time,6
than,6
history,5
its,5
was,5
so,5
darjeeling,5
years,5
lhasa,5
side,5
him,5
their,5
other,5
these,4
they,4
do,4
seclusion,4
nation,4
will,4
over,4
border,4
fact,4
such,4
most,4
though,4
peking,4
were,4
through,4
more,4
book,4
sir,4
one,4
charles,4
buddha,4
three,3
man,3
great,3
toward,3
might,3
eastern,3
since,3
no,3
re,3
people,3
country,3
enough,3
hierarchy,3
expedition,3
pages,3
spirit,3
bhutan,3
keen,3
past,3
up,3
real,3
all,3
almost,3
spite,3
bell,3
england,3
them,3
went,3
too,3
point,3
if,3
political,3
career,3
world,3
any,3
close,3
around,3
growing,3
whole,3
priest,3
story,2
enforced,2
peoples,2
quite,2
died,2
service,2
while,2
then,2
many,2
capital,2
recent,2
thirteenth,2
name,2
hi,2
work,2
road,2
line,2
few,2
today,2
life,2
later,2
page,2
held,2
see,2
early,2
respectful,2
here,2
races,2
buddhist,2
war,2
palace,2
five,2
down,2
till,2
understanding,2
set,2
etan,2
o,2
always,2
among,2
influence,2
late,2
who,2
capacity,2
like,2
had,2
sense,2
suzerainty,2
g,2
there,2
days,2
ti,2
once,2
own,2
ir,2
asia,2
alone,2
rather,2
seems,2
during,2
soldiers,2
far,2
drove,2
when,2
n,2
fifteen,2
ur,2
particularly,2
de,2
course,2
policy,2
new,2
boundary,2
drawn,2
only,2
travel,2
learn,2
freely,2
head,2
assam,2
present,2
never,2
test,2
treaty,2
under,2
used,2
keep,2
even,2
th,2
friend,2
hold,2
year,2
tea,2
king,2
after,2
called,2
outer,2
figure,2
exile,2
monastic,2
v,2
very,2
constant,2
how,2
j,2
ha,2
monasteries,2
contact,2
change,2
take,2
honest,2
between,2
across,2
mongol,2
reads,2
closely,2
part,2
two,2
casual,2
himself,2
can,2
century,2
empire,2
sixteenth,2
danger,2
contains,1
explorer,1
feb,1
essential,1
much,1
envy,1
published,1
personally,1
trained,1
intimacy,1
primacy,1
lot,1
surrendered,1
let,1
pet,1
conscious,1
nine,1
resourceful,1
leader,1
determines,1
nationalism,1
government,1
ever,1
authoritative,1
naturally,1
hands,1
st,1
gave,1
ame,1
allowed,1
splendor,1
tactful,1
modest,1
live,1
authority,1
church,1
monk,1
order,1
fight,1
tell,1
predecessor,1
frontier,1
position,1
communication,1
yards,1
curiosity,1
abundantly,1
statesman,1
patriot,1
merely,1
ruler,1
abilities,1
ell,1
student,1
chapters,1
symbolic,1
keystone,1
force,1
circumstances,1
unusual,1
paths,1
beaten,1
composite,1
find,1
blue,1
maharajah,1
allied,1
increase,1
subsidy,1
reader,1
impatiently,1
clue,1
succeeds,1
impressions,1
renowned,1
remote,1
matters,1
throne,1
strives,1
inviolate,1
dual,1
may,1
arriving,1
understood,1
stalwart,1
forceful,1
continuing,1
unabated,1
personal,1
office,1
granted,1
hundred,1
distance,1
rode,1
illuminating,1
horseback,1
miles,1
passes,1
anywhere,1
broad,1
brahmaputra,1
founded,1
lam,1
immediate,1
p,1
nineteenth,1
short,1
indeed,1
chosen,1
reincarnate,1
descent,1
free,1
regent,1
twelfth,1
y,1
age,1
di,1
ninth,1
ls,1
tenth,1
eleventh,1
greater,1
accepted,1
acquaintance,1
traders,1
ber,1
trade,1
marts,1
carrying,1
exchange,1
products,1
building,1
standards,1
living,1
rules,1
r,1
effective,1
trading,1
agreement,1
slow,1
growth,1
assured,1
reason,1
inhospitable,1
progress,1
tapped,1
ma,1
grow,1
br,1
strong,1
thrown,1
off,1
control,1
pat,1
ye,1
ann,1
opinion,1
again,1
aide,1
railroads,1
hast,1
fully,1
immense,1
mineral,1
wealth,1
agriculture,1
especially,1
wool,1
faces,1
jagged,1
made,1
outpost,1
fission,1
propagate,1
honestly,1
christianity,1
unquiet,1
borderland,1
cultural,1
non,1
found,1
avenue,1
conventionalized,1
access,1
administrators,1
speaks,1
native,1
means,1
view,1
admirable,1
wondered,1
inland,1
lone,1
mountains,1
shrewd,1
terrible,1
plateaus,1
blandishments,1
strength,1
swept,1
lust,1
storms,1
blizzards,1
lr,1
sources,1
parts,1
immediately,1
eligible,1
confirmed,1
resolution,1
foreigners,1
scattered,1
catholic,1
greatest,1
state,1
imposes,1
mutual,1
style,1
clear,1
eye,1
express,1
mouthpiece,1
altitude,1
where,1
house,1
entirely,1
english,1
ministers,1
revival,1
taste,1
surroundings,1
carnation,1
incessant,1
worker,1
rises,1
punctually,1
rat,1
daily,1
done,1
city,1
outskirts,1
smaller,1
tells,1
am,1
leaders,1
lift,1
unchanged,1
continued,1
lil,1
unapproachable,1
secular,1
round,1
witted,1
subtle,1
going,1
lives,1
prays,1
holds,1
au,1
beautiful,1
antique,1
humor,1
faithfully,1
sincerely,1
quieten,1
altogether,1
picture,1
quiet,1
awakened,1
notion,1
virile,1
revived,1
memory,1
ancient,1
glories,1
asiatics,1
scarcely,1
think,1
day,1
plains,1
persia,1
land,1
arabia,1
next,1
approach,1
thinks,1
devoted,1
cage,1
exacting,1
religious,1
necessity,1
repose,1
makes,1
pontiff,1
account,1
commanding,1
passion,1
flowers,1
animals,1
keeps,1
lovely,1
garden,1
child,1
persona,1
care,1
tiger,1
fragile,1
high,1
h,1
chapter,1
deliverer,1
tutors,1
young,1
rave,1
every,1
tried,1
stroke,1
overplayed,1
spread,1
restore,1
ca,1
buddhism,1
drive,1
lu,1
something,1
pastime,1
she,1
es,1
device,1
official,1
monkish,1
metaphysics,1
professor,1
remark,1
mine,1
extraordinary,1
success,1
ascendancy,1
truth,1
you,1
playing,1
game,1
siberian,1
buffet,1
professed,1
faith,1
adroit,1
emissary,1
czar,1
kern,1
seemed,1
believed,1
return,1
ten,1
manchu,1
dynasty,1
redoubled,1
efforts,1
encircle,1
court,1
administration,1
last,1
shown,1
long,1
came,1
increasing,1
numbers,1
encamped,1
near,1
protection,1
person,1
first,1
won,1
symbol,1
visible,1
centuries,1
afterward,1
gus,1
grand,1
dukes,1
rapidly,1
em,1
car,1
soon,1
follow,1
likewise,1
profited,1
hy,1
indignation,1
against,1
caused,1
little,1
less,1
advantage,1
make,1
said,1
producing,1
emergence,1
foreigner,1
wonder,1
adaptable,1
prosaic,1
immutably,1
type,1
civil,1
guide,1
napoleon,1
sympathy,1
certain,1
raj,1
backward,1
earth,1
u,1
mere,1
figment,1
parallels,1
harding,1
gardner,1
press,1
our,1
postal,1
crossing,1
pass,1
cm,1
representative,1
ans,1
pp,1
ninety,1
illustrations,1
maps,1
notes,1
appendices,1
index,1
york,1
oxford,1
university,1
wholly,1
cloe,1
modestly,1
having,1
counselor,1
tire,1
open,1
minded,1
visitor,1
whom,1
mystic,1
theocracy,1
disclosed,1
secrets,1
stranger,1
missionaries,1
white,1
lived,1
ionic,1
stay,1
holy,1
same,1
winter,1
supposes,1
left,1
diplomatic,1
sets,1
accomplished,1
particular,1
corner,1
marvelous,1
narration,1
steady,1
achievement,1
unfolds,1
entered,1
wake,1
avenged,1
murder,1
margery,1
englishman,1
driving,1
act,1
lie,1
successful,1
arid,1
officials,1
hegemony,1
get,1
her,1
spiritual,1
bond,1
reveals,1
events,1
aryan,1
circle,1
along,1
presents,1
relative,1
feebleness,1
plausible,1
bur,1
bhutanese,1
range,1
best,1
believe,1
er,1
overshadows,1
racially,1
akin,1
refers,1
passing,1
magistrates,1
dealt,1
justice,1
ill,1
preferred,1
local,1
arc,1
subsidized,1
doors,1
revered,1
teachers,1
go,1
cordially,1
wide,1
outposts,1
took,1
disaffect,1
ally,1
nepal,1
secured,1
friendly,1
mongolian,1
element,1
now,1
seep,1
fellow,1
repeatedly,1
worse,1
arrest,1
prosperity,1
ta,1
skein,1
patient,1
envoy,1
working,1
britain,1
territory,1
just,1
peak,1
promote,1
forays,1
rich,1
true,1
absorbed,1
sikkim,1
already,1
protects,1
idea,1
strategic,1
upper,1
sought,1
impassable,1
himalayas,1
including,1
everest,1
topmost,1
mainly,1
tradition,1
social,1
calcutta,1
protect,1
negotiators,1
meant,1
bet,1
admitted,1
sovereignty,1
largely,1
sovereign,1
followed,1
civilization,1
famous,1
tripartite,1
convention,1
eventually,1
refused,1
sign,1
signed,1
warfare,1
promised,1
draft,1
some,1
returned,1
summary,1
action,1
forbid,1
organized,1
army,1
starting,1
broke,1
months,1
following,1
outrages,1
occupational,1
troops,1
second,1
six,1
camp,1
enemies,1
way,1
end,1
bad,1
route,1
vantage,1
thai,1
often,1
dispatch,1
flattering,1
hope,1
depreciating,1
partisan,1
rival,1
moves,1
diploma,1
tie,1
chess,1
board,1
f,1
refer,1
claims,1
admits,1
authorities,1
froth,1
travelers,1
situation,1
halting,1
tang,1
la,1
above,1
rectified,1
rage,1
recognize,1
negotiations,1
peace,1
reality,1
diplomacy,1
hut,1
decidedly,1
adverse,1
favorable,1
c,1
voted,1
kept,1
