term,count
of,31
the,25
and,13
to,9
in,8
old,6
smith,5
col,5
is,4
harness,4
age,4
work,4
still,3
a,3
for,3
from,3
are,3
men,3
by,3
he,2
over,2
that,2
his,2
one,2
aging,2
usefulness,2
these,2
like,2
life,2
good,2
useful,2
upon,2
nicholas,2
longevity,2
examples,2
man,1
stage,1
him,1
opinion,1
it,1
have,1
stay,1
flood,1
world,1
nd,1
staying,1
mathematical,1
cambering,1
learn,1
women,1
centenarians,1
effect,1
not,1
when,1
if,1
ever,1
too,1
futility,1
mere,1
absurdity,1
making,1
any,1
particular,1
further,1
dead,1
line,1
between,1
book,1
body,1
discusses,1
makes,1
what,1
looks,1
very,1
ease,1
almost,1
discredited,1
veteran,1
an,1
index,1
enables,1
reader,1
fortify,1
himself,1
express,1
back,1
reference,1
cloud,1
witnesses,1
real,1
out,1
short,1
tile,1
thompson,1
obligation,1
resist,1
gravity,1
keep,1
themselves,1
importance,1
care,1
writes,1
mental,1
habit,1
o,1
optimism,1
matters,1
eminent,1
medical,1
quoted,1
especially,1
jr,1
henry,1
elderly,1
active,1
was,1
this,1
sets,1
itself,1
multiply,1
instances,1
doing,1
its,1
efficiently,1
naturally,1
there,1
all,1
historic,1
gladstone,1
russell,1
sage,1
rest,1
but,1
has,1
volume,1
question,1
their,1
dr,1
masters,1
value,1
illustrated,1
practical,1
mo,1
pp,1
milwaukee,1
young,1
churchman,1
company,1
another,1
those,1
who,1
ready,1
break,1
lance,1
with,1
gathered,1
newspapers,1
sources,1
vast,1
seventy,1
odd,1
studied,1
medicine,1
engaged,1
practice,1
profession,1
until,1
year,1
later,1
cs,1
list,1
american,1
letters,1
slows,1
bow,1
much,1
pa,1
retired,1
being,1
at,1
numbers,1
people,1
lesser,1
walks,1
hale,1
hearty,1
or,1
least,1
religion,1
spite,1
burden,1
years,1
particularly,1
cites,1
many,1
ministers,1
title,1
