term,count
the,79
of,54
a,36
and,29
in,26
is,19
he,18
to,16
it,14
i,13
by,12
for,10
are,10
new,10
an,9
art,8
as,8
which,8
york,8
who,7
one,7
his,7
t,7
life,7
port,6
has,6
have,6
with,6
must,5
on,5
that,5
at,5
our,4
or,4
s,4
arts,4
l,4
not,4
e,4
be,4
been,4
they,4
man,3
all,3
ryder,3
r,3
its,3
them,3
out,3
many,3
through,3
seven,3
paul,3
f,3
m,3
ha,3
x,3
but,3
like,3
ix,2
world,2
lee,2
words,2
so,2
common,2
b,2
clear,2
sherwood,2
national,2
ion,2
barker,2
here,2
this,2
hartley,2
dove,2
when,2
stieglitz,2
dream,2
effective,2
others,2
mat,2
young,2
randolph,2
van,2
him,2
di,2
faith,2
from,2
chanting,2
rose,2
progress,2
men,2
li,2
nor,2
essays,2
america,2
er,2
fourteen,2
page,2
up,2
himself,2
appeals,1
cause,1
range,1
volume,1
large,1
enough,1
us,1
laughter,1
bewilders,1
include,1
players,1
troupe,1
especially,1
vast,1
infectious,1
enthusiasm,1
fie,1
most,1
spreads,1
time,1
never,1
forget,1
flamboyantly,1
descriptions,1
flown,1
audience,1
before,1
able,1
evoke,1
teas,1
eagerness,1
high,1
long,1
talents,1
word,1
suited,1
change,1
shown,1
ry,1
released,1
only,1
ti,1
private,1
beginning,1
con,1
self,1
coming,1
means,1
rime,1
period,1
days,1
living,1
we,1
become,1
channel,1
flow,1
show,1
need,1
purple,1
office,1
wine,1
introducing,1
poured,1
d,1
help,1
thee,1
remains,1
gone,1
disappeared,1
heralds,1
today,1
tactic,1
tendencies,1
en,1
single,1
ex,1
yet,1
sentence,1
ed,1
moon,1
tells,1
how,1
rims,1
typify,1
wt,1
day,1
agony,1
sex,1
ultimate,1
violets,1
mechanism,1
painters,1
tie,1
reduces,1
light,1
character,1
sandburg,1
whole,1
held,1
o,1
full,1
appendix,1
arranged,1
tastefully,1
display,1
book,1
pale,1
pow,1
such,1
spite,1
critical,1
bet,1
afterglow,1
skiers,1
rectangles,1
fl,1
level,1
circles,1
following,1
ask,1
tempted,1
echoes,1
style,1
just,1
would,1
rat,1
theory,1
mood,1
define,1
higher,1
garbles,1
oven,1
develops,1
idea,1
description,1
into,1
gorgeous,1
rod,1
reaches,1
utmost,1
leathers,1
sympathetic,1
embossed,1
brown,1
sable,1
mae,1
english,1
subtly,1
edge,1
cloud,1
prefers,1
night,1
gold,1
dullest,1
trouble,1
devote,1
creed,1
work,1
med,1
though,1
ev,1
fort,1
sun,1
see,1
begin,1
shining,1
lear,1
becomes,1
city,1
outline,1
lifting,1
c,1
materialist,1
beaut,1
those,1
urns,1
albert,1
making,1
ar,1
pioneer,1
lat,1
unearth,1
might,1
land,1
hat,1
pert,1
thought,1
american,1
brook,1
critics,1
people,1
anderson,1
observer,1
eyed,1
lover,1
two,1
habitable,1
rebirth,1
utterance,1
chants,1
song,1
voice,1
lifts,1
epilogue,1
steps,1
until,1
years,1
number,1
steadily,1
extending,1
critic,1
musical,1
career,1
began,1
co,1
brace,1
harcourt,1
nearly,1
kind,1
ushered,1
lyric,1
artistic,1
am,1
thus,1
el,1
minds,1
well,1
without,1
women,1
produced,1
affairs,1
human,1
remote,1
handed,1
second,1
neither,1
pure,1
rapture,1
made,1
u,1
ht,1
lew,1
den,1
mar,1
oil,1
y,1
h,1
v,1
watercolor,1
gins,1
john,1
appeared,1
carl,1
founded,1
known,1
ne,1
similar,1
essay,1
does,1
imply,1
cl,1
crew,1
io,1
gave,1
magazine,1
issue,1
fir,1
take,1
bourne,1
pages,1
were,1
precursor,1
ale,1
peter,1
alleged,1
article,1
strand,1
photograph,1
photographer,1
alfred,1
whom,1
marin,1
exhibited,1
me,1
did,1
even,1
involved,1
jen,1
de,1
some,1
k,1
material,1
creatively,1
worked,1
own,1
hi,1
clan,1
tat,1
independent,1
starboard,1
pot,1
picture,1
vivid,1
enriched,1
opened,1
first,1
avenue,1
fifth,1
ll,1
g,1
se,1
photo,1
was,1
native,1
reality,1
asserted,1
wish,1
zion,1
other,1
member,1
originate,1
virility,1
