term,count
the,68
of,49
and,39
to,30
a,26
is,21
her,19
in,18
that,18
she,18
it,17
as,14
for,11
with,10
christine,9
at,9
s,8
so,8
t,8
are,7
which,7
be,7
not,6
german,6
i,6
on,6
letters,5
one,5
what,5
been,5
or,5
et,5
by,5
n,5
an,5
country,4
this,4
r,4
do,4
had,4
c,4
l,4
all,4
they,4
first,4
these,4
house,3
others,3
set,3
when,3
last,3
book,3
thing,3
but,3
another,3
goes,3
his,3
state,3
germany,3
great,3
indeed,3
griffin,3
fiction,3
alice,3
people,3
about,3
we,3
would,3
never,2
who,2
mind,2
fur,2
f,2
war,2
tall,2
woman,2
up,2
taught,2
has,2
truth,2
after,2
charming,2
personality,2
enlightenment,2
them,2
sweet,2
beautiful,2
before,2
own,2
teacher,2
sense,2
humor,2
anti,2
he,2
brutal,2
home,2
only,2
good,2
no,2
now,2
rejoicing,2
clearly,2
know,2
then,2
even,2
just,2
different,2
d,2
idea,2
main,2
officer,2
intelligent,2
well,2
ere,2
musician,2
him,2
tho,2
both,2
almost,2
re,2
its,2
point,2
comfortable,2
stand,2
might,2
pictured,2
gift,2
alone,2
two,2
kindly,2
may,2
english,2
yet,2
arid,2
new,2
endowed,2
whom,2
writes,2
there,2
mother,2
more,2
our,2
through,2
other,2
their,2
englishwoman,1
speech,1
kaiser,1
worst,1
listened,1
lia,1
forests,1
means,1
were,1
does,1
gardens,1
hoots,1
afternoon,1
away,1
sleeps,1
couples,1
j,1
brute,1
turns,1
put,1
prussians,1
strength,1
macmillan,1
exercised,1
learned,1
brutally,1
child,1
company,1
respect,1
old,1
grown,1
too,1
world,1
took,1
speedily,1
pray,1
room,1
tor,1
came,1
ideas,1
wants,1
soon,1
government,1
understood,1
things,1
beaut,1
freedom,1
fearlessness,1
seeming,1
independent,1
frank,1
gaffe,1
apparently,1
outspoken,1
time,1
represented,1
artistic,1
deepest,1
objects,1
kiln,1
silent,1
promptly,1
herr,1
exceptionally,1
ac,1
shrewd,1
novels,1
sec,1
simple,1
sets,1
each,1
curious,1
chokes,1
germans,1
aristocratic,1
class,1
eagle,1
red,1
order,1
very,1
long,1
find,1
written,1
beginning,1
fell,1
passages,1
cane,1
tempts,1
view,1
analysis,1
admirable,1
o,1
lies,1
style,1
literary,1
killed,1
mercifully,1
quickly,1
th,1
salve,1
hoping,1
became,1
wondering,1
can,1
from,1
every,1
wall,1
fly,1
boot,1
hearty,1
congratulations,1
deserves,1
author,1
fitter,1
mistakes,1
profiting,1
la,1
none,1
learn,1
rust,1
easy,1
tempered,1
contain,1
lesson,1
reading,1
miss,1
love,1
junker,1
afar,1
born,1
broad,1
natured,1
generous,1
herself,1
pristine,1
dear,1
wit,1
carthage,1
come,1
belgian,1
rather,1
writer,1
absolutely,1
revealing,1
revise,1
admirably,1
detail,1
understanding,1
was,1
minded,1
see,1
ail,1
face,1
portrayed,1
have,1
wonder,1
character,1
wholesome,1
thoroughly,1
those,1
endured,1
could,1
either,1
certainly,1
remarkable,1
study,1
keen,1
national,1
humbly,1
art,1
nature,1
folk,1
opinions,1
uniform,1
grovel,1
white,1
rite,1
say,1
personal,1
funny,1
prise,1
begin,1
table,1
boarders,1
vila,1
me,1
si,1
close,1
simply,1
little,1
policemen,1
tire,1
than,1
asking,1
tell,1
student,1
mixture,1
series,1
surprises,1
doubly,1
sled,1
important,1
adoration,1
arc,1
especially,1
criticism,1
girl,1
experiences,1
rare,1
talent,1
really,1
genial,1
relates,1
mushy,1
hind,1
hardness,1
lost,1
getting,1
preferred,1
sacrifice,1
whose,1
males,1
famous,1
under,1
car,1
shall,1
contrive,1
cl,1
struggle,1
dream,1
eh,1
mt,1
diet,1
hay,1
w,1
thins,1
splendid,1
predicted,1
cherished,1
thus,1
le,1
down,1
chance,1
months,1
rule,1
rude,1
disc,1
later,1
earl,1
erg,1
settling,1
clout,1
dearly,1
gradual,1
reveal,1
lot,1
ed,1
like,1
read,1
st,1
whether,1
ly,1
realization,1
strange,1
here,1
sn,1
guest,1
unwilling,1
hat,1
boarding,1
tit,1
longer,1
during,1
touch,1
happens,1
side,1
fray,1
enters,1
england,1
wounded,1
beasts,1
wild,1
members,1
indicate,1
roaring,1
show,1
ho,1
u,1
inhabitants,1
hate,1
middle,1
classes,1
subject,1
four,1
tires,1
appear,1
forester,1
staying,1
signs,1
preciously,1
populace,1
enthusiasm,1
pulled,1
being,1
multitude,1
dull,1
doubt,1
tine,1
austrian,1
assassination,1
comes,1
three,1
led,1
same,1
years,1
right,1
true,1
lessons,1
discovers,1
essentials,1
wears,1
deal,1
garb,1
hears,1
real,1
meets,1
duchess,1
vividly,1
eat,1
averted,1
gt,1
france,1
seem,1
wu,1
declarations,1
delight,1
frenzied,1
outburst,1
somehow,1
tension,1
storm,1
appears,1
fully,1
disappointment,1
imminent,1
seems,1
profited,1
object,1
interesting,1
