term,count
the,15
of,9
and,7
a,6
by,4
was,3
an,3
in,3
which,3
stock,2
be,2
need,2
tile,2
as,2
s,2
previous,2
there,2
will,2
l,2
were,2
t,2
war,2
finance,2
than,2
valuable,2
no,1
values,1
financial,1
realizing,1
institutions,1
worked,1
lr,1
to,1
closed,1
applied,1
world,1
write,1
when,1
k,1
specifically,1
crises,1
relieve,1
british,1
had,1
been,1
years,1
moro,1
present,1
for,1
book,1
his,1
rather,1
q,1
p,1
ill,1
col,1
protective,1
operator,1
it,1
government,1
included,1
among,1
traders,1
batiks,1
isis,1
this,1
act,1
bank,1
h,1
more,1
view,1
contemporaneous,1
scattered,1
from,1
de,1
pick,1
painfully,1
must,1
ere,1
wars,1
vt,1
record,1
convenient,1
greater,1
any,1
lack,1
e,1
if,1
nostrand,1
d,1
york,1
new,1
ar,1
v,1
sources,1
hereafter,1
birdseye,1
is,1
gave,1
air,1
other,1
nu,1
detail,1
tn,1
supplied,1
saw,1
lawson,1
mr,1
that,1
symmetrical,1
ever,1
greatest,1
pl,1
commercial,1
met,1
times,1
out,1
manner,1
account,1
authoritative,1
pass,1
