term,count
the,139
of,89
and,48
to,33
in,33
a,20
with,14
is,14
which,13
was,12
de,11
from,10
that,10
for,10
by,10
at,7
new,7
t,6
n,6
an,6
spain,6
caribbean,6
this,6
who,5
it,5
were,5
he,5
had,5
f,5
century,5
colonies,4
author,4
as,4
centuries,4
on,4
or,4
its,4
s,4
up,3
book,3
are,3
not,3
sir,3
la,3
hand,3
often,3
i,3
west,3
these,3
war,3
story,3
most,3
called,3
indies,3
name,2
capture,2
defeat,2
control,2
made,2
dried,2
piracy,2
america,2
sea,2
drake,2
hawkins,2
both,2
so,2
but,2
lord,2
europe,2
b,2
can,2
britain,2
land,2
one,2
captains,2
spanish,2
supremacy,2
gained,2
set,2
north,2
before,2
factor,2
waters,2
r,2
great,2
american,2
also,2
elizabeth,2
part,2
sixteenth,2
upon,2
hut,2
henry,2
morgan,2
has,2
w,2
power,2
over,2
v,2
admiral,2
fiction,2
e,2
romantic,2
only,2
rich,2
share,2
juan,2
all,2
first,2
we,2
quarrels,2
us,2
told,2
solely,2
innumerable,2
without,2
struggles,2
lost,2
between,2
try,2
today,2
cruel,2
leon,2
deeds,2
more,2
those,2
followed,2
three,2
when,2
very,2
rodney,2
word,2
undoubtedly,1
oppressor,1
designed,1
torture,1
avaricious,1
she,1
aspirations,1
h,1
exalt,1
tendency,1
chi,1
religious,1
furor,1
conqueror,1
attar,1
forth,1
arc,1
blazed,1
underrate,1
courage,1
mild,1
undaunted,1
corn,1
path,1
adventure,1
th,1
pared,1
unwilling,1
scene,1
claim,1
du,1
daughters,1
shown,1
popular,1
hanged,1
days,1
savages,1
st,1
impelled,1
wildest,1
ont,1
gave,1
city,1
same,1
motives,1
heroes,1
ht,1
tn,1
debaucheries,1
non,1
monopoly,1
account,1
frightful,1
virtue,1
either,1
vice,1
ties,1
ur,1
sane,1
honesty,1
dogs,1
living,1
alive,1
ti,1
ivy,1
j,1
textbooks,1
took,1
lug,1
acknowledge,1
western,1
fifteenth,1
six,1
nations,1
competed,1
them,1
attacking,1
indiana,1
rt,1
omitted,1
romance,1
ii,1
conjunction,1
commercial,1
saved,1
escaped,1
feet,1
tire,1
although,1
april,1
l,1
hr,1
throughout,1
continued,1
possessors,1
benefit,1
strategic,1
ended,1
incalculable,1
possession,1
since,1
struggle,1
sect,1
conflicts,1
clearly,1
keep,1
they,1
vividly,1
stories,1
buccaneers,1
jamaica,1
bourbons,1
discoverers,1
comfort,1
nineteenth,1
ind,1
many,1
fur,1
arena,1
male,1
sprain,1
wars,1
battleground,1
importance,1
touch,1
dawning,1
little,1
results,1
time,1
fact,1
prestige,1
her,1
increased,1
heft,1
states,1
rebellious,1
grout,1
readable,1
concludes,1
thus,1
admirals,1
greet,1
martyr,1
right,1
illusion,1
patriotic,1
freedom,1
second,1
close,1
li,1
volume,1
inches,1
raleigh,1
played,1
stress,1
dominion,1
contest,1
protestant,1
appeared,1
call,1
finally,1
p,1
hostility,1
lames,1
fanning,1
al,1
profound,1
created,1
herrera,1
amt,1
admission,1
under,1
aspects,1
closely,1
darker,1
sitting,1
effectiveness,1
force,1
added,1
gain,1
mr,1
legendary,1
air,1
none,1
loins,1
sincerity,1
enthusiasm,1
far,1
mixed,1
strangely,1
spirit,1
adventurous,1
sides,1
catholicism,1
swords,1
crow,1
opportunity,1
gaining,1
exploitation,1
plunder,1
recent,1
scholarship,1
hear,1
give,1
used,1
beef,1
sun,1
applied,1
term,1
derived,1
relate,1
singular,1
band,1
virile,1
birth,1
helped,1
provision,1
example,1
whose,1
established,1
commissioned,1
legalized,1
trade,1
documents,1
recreated,1
reliably,1
stirring,1
vernon,1
filibusterers,1
their,1
refreshing,1
demonstration,1
potent,1
outcome,1
issues,1
england,1
history,1
integral,1
eighteenth,1
seventeenth,1
events,1
records,1
assertion,1
devoted,1
vessels,1
face,1
happenings,1
momentous,1
water,1
true,1
histories,1
tended,1
attaching,1
interest,1
slats,1
gales,1
columbus,1
heroic,1
bloody,1
argosies,1
ad,1
privateers,1
craft,1
pirate,1
eight,1
pieces,1
filled,1
chests,1
jewels,1
gold,1
wealth,1
frame,1
wicked,1
across,1
sweeps,1
pictures,1
film,1
whole,1
join,1
magic,1
there,1
henderson,1
archibald,1
review,1
boston,1
boarding,1
parties,1
pistol,1
terrible,1
than,1
thrilling,1
fart,1
dealing,1
fancy,1
eye,1
such,1
take,1
winners,1
death,1
fight,1
lose,1
win,1
risks,1
gamblers,1
hazards,1
forlorn,1
seas,1
solitary,1
flights,1
fights,1
lone,1
making,1
peace,1
establishment,1
eliminated,1
believed,1
early,1
consequences,1
dread,1
pick,1
wifely,1
may,1
street,1
mar,1
re,1
result,1
considerately,1
consists,1
like,1
citations,1
references,1
notes,1
fool,1
usual,1
historical,1
sound,1
poll,1
written,1
excellently,1
landed,1
san,1
salvador,1
outposts,1
skyline,1
low,1
against,1
grind,1
loom,1
ho,1
age,1
supermen,1
pas,1
exploratory,1
diego,1
companion,1
vespucci,1
florentine,1
vela,1
cape,1
u,1
discovered,1
world,1
vast,1
area,1
insignificant,1
honored,1
series,1
bunk,1
europeans,1
saw,1
portugal,1
continent,1
divided,1
grant,1
height,1
fl,1
closes,1
region,1
commerce,1
natives,1
european,1
years,1
potomac,1
hundred,1
impunity,1
ignore,1
racial,1
mater,1
development,1
interested,1
no,1
main,1
est,1
footing,1
then,1
came,1
challenge,1
minds,1
instead,1
latin,1
northern,1
rio,1
british,1
final,1
says,1
truly,1
hart,1
undertakings,1
naval,1
settlements,1
colonial,1
fate,1
two,1
next,1
through,1
frobisher,1
day,1
seamen,1
mighty,1
aflame,1
men,1
ir,1
