term,count
the,39
of,23
in,20
to,13
and,12
jews,8
a,8
is,7
that,7
s,7
jewish,6
volumes,5
been,5
from,5
russia,4
are,4
years,4
their,4
at,4
it,4
this,4
its,4
tenth,4
tile,3
volume,3
as,3
articles,3
but,3
by,3
cyclopedia,3
has,3
have,3
some,2
most,2
century,2
even,2
there,2
they,2
roman,2
singer,2
were,2
other,2
e,2
who,2
valuable,2
l,2
david,2
more,2
rome,2
article,2
be,2
not,2
new,2
work,2
twelve,2
illustrations,2
literature,2
encyclopedia,2
religion,2
within,2
two,2
great,2
nearly,1
now,1
sort,1
nothing,1
very,1
remote,1
past,1
four,1
countries,1
under,1
axe,1
rule,1
armenia,1
b,1
one,1
nebuchadnezzar,1
into,1
compressed,1
sent,1
due,1
question,1
mr,1
our,1
er,1
recorded,1
reigned,1
supreme,1
country,1
he,1
recent,1
persecution,1
file,1
c,1
hay,1
attempt,1
mitigate,1
easily,1
recalled,1
late,1
plans,1
visible,1
evoked,1
twenty,1
many,1
georgia,1
also,1
public,1
rose,1
early,1
institutions,1
system,1
allowed,1
position,1
rt,1
polish,1
treated,1
thole,1
length,1
space,1
near,1
much,1
end,1
sig,1
too,1
fact,1
compression,1
charities,1
russian,1
had,1
how,1
alphabet,1
survivors,1
bring,1
destruction,1
first,1
temple,1
until,1
treatment,1
harsh,1
ha,1
perhaps,1
shows,1
six,1
example,1
clearly,1
same,1
describes,1
striking,1
actual,1
condition,1
eighth,1
dr,1
convicts,1
completion,1
published,1
hoped,1
expected,1
will,1
appear,1
time,1
mark,1
hundred,1
fiftieth,1
anniversary,1
arrival,1
amsterdam,1
netherlands,1
came,1
here,1
brazil,1
october,1
any,1
predecessors,1
range,1
though,1
remain,1
sight,1
his,1
brings,1
descriptive,1
record,1
history,1
customs,1
people,1
earliest,1
times,1
present,1
day,1
edited,1
isidore,1
portraits,1
maps,1
vol,1
x,1
pp,1
xiv,1
york,1
funk,1
company,1
publication,1
on,1
riot,1
import,1
yet,1
decree,1
all,1
citizens,1
existence,1
community,1
tied,1
shown,1
thereby,1
sabine,1
nero,1
wife,1
aid,1
nat,1
jewess,1
ire,1
believed,1
lived,1
for,1
before,1
trajan,1
settled,1
ago,1
than,1
them,1
me,1
between,1
others,1
note,1
t,1
my,1
bu,1
named,1
philistines,1
whose,1
still,1
suppress,1
preserved,1
palestine,1
poetry,1
rothschild,1
sam,1
an,1
important,1
spite,1
attempts,1
heretofore,1
