term,count
the,203
of,186
and,94
in,66
to,63
is,56
that,34
a,34
it,32
education,24
which,19
by,19
his,19
for,18
be,18
as,17
tile,17
with,16
this,15
but,15
are,14
not,14
s,14
or,13
educational,12
their,11
history,11
life,10
schools,9
from,9
dr,9
one,9
may,9
he,9
more,8
been,8
greek,8
its,8
monroe,8
upon,7
have,7
they,7
into,7
idea,7
all,7
work,7
these,6
will,6
so,6
l,6
who,6
problem,6
at,6
thought,6
on,6
i,6
even,5
discipline,5
thus,5
other,5
there,5
an,5
our,5
has,5
interest,5
than,5
rather,5
d,4
between,4
author,4
was,4
most,4
much,4
world,4
men,4
development,4
new,4
teachers,4
ever,4
books,4
t,4
such,4
individual,4
book,4
also,4
yet,4
practical,4
certain,4
o,4
students,4
well,3
if,3
through,3
merely,3
re,3
activities,3
some,3
we,3
state,3
roman,3
each,3
davidson,3
nations,3
better,3
plan,3
successive,3
give,3
material,3
periods,3
leading,3
th,3
value,3
modern,3
him,3
n,3
ideals,3
k,3
however,3
christian,3
race,3
historical,3
reformation,3
culture,3
generation,3
thinkers,3
times,3
school,3
preceding,2
her,2
philosophical,2
e,2
suggest,2
contributes,2
y,2
whom,2
although,2
clear,2
year,2
either,2
additional,2
later,2
bearing,2
great,2
does,2
v,2
exhaustive,2
classes,2
already,2
labors,2
methods,2
existing,2
anything,2
developed,2
made,2
highest,2
interpretation,2
ly,2
ce,2
often,2
study,2
old,2
notice,2
wholly,2
eclecticism,2
day,2
social,2
ill,2
referred,2
chapters,2
aria,2
c,2
conclusions,2
nor,2
effort,2
conflict,2
properly,2
attention,2
quote,2
romans,2
tendencies,2
seen,2
present,2
features,2
proposition,2
evolution,2
says,2
conscious,2
hence,2
processes,2
record,2
point,2
ts,2
himself,2
own,2
develop,2
hand,2
schoolroom,2
end,2
found,2
consequently,2
conception,2
people,2
them,2
last,2
worth,2
philosophy,2
genius,2
here,2
higher,2
normal,2
university,2
histories,2
educators,2
latter,2
unknown,2
courses,2
appeared,2
portion,2
body,2
f,2
american,2
principles,2
scope,2
origin,2
volume,2
those,2
ages,2
chief,2
indeed,2
elliott,2
fitch,2
systems,2
least,2
training,2
paul,2
now,2
preface,2
said,2
review,2
learning,2
respective,2
fullest,2
form,2
york,2
others,2
institutions,2
no,2
textbook,2
charles,2
during,2
lion,1
schemes,1
definite,1
brings,1
rousseau,1
locke,1
six,1
equation,1
revealing,1
schoolmasters,1
expansion,1
centuries,1
reproach,1
famous,1
proper,1
advancement,1
consists,1
bold,1
academic,1
significance,1
personal,1
before,1
relief,1
apprehended,1
writes,1
ms,1
ne,1
agree,1
markedly,1
minimizing,1
true,1
minister,1
herbart,1
german,1
good,1
only,1
conceded,1
analyses,1
fair,1
con,1
volunteer,1
foreign,1
language,1
freely,1
bernard,1
pap,1
done,1
disciplinary,1
become,1
household,1
words,1
lives,1
revels,1
cat,1
en,1
denotes,1
utilitarianism,1
type,1
indulge,1
injunctions,1
third,1
montaigne,1
realism,1
scheme,1
five,1
calling,1
extended,1
twenty,1
deserves,1
mention,1
namely,1
establishment,1
based,1
doe,1
completion,1
growth,1
welfare,1
depends,1
citizen,1
r,1
years,1
hostile,1
respect,1
multiplied,1
unto,1
athenians,1
symbol,1
had,1
g,1
eroding,1
educationally,1
seems,1
desire,1
devotion,1
ago,1
literary,1
preparation,1
heart,1
matter,1
earlier,1
bing,1
main,1
noting,1
monasteries,1
primitive,1
english,1
obtains,1
philosophies,1
plato,1
aristotle,1
longer,1
universities,1
om,1
classical,1
revival,1
petrarch,1
dante,1
democratic,1
inspiration,1
erasmus,1
animism,1
fl,1
comparatively,1
conscientiously,1
retarded,1
frustrated,1
va,1
z,1
healthy,1
traces,1
learnedly,1
impulses,1
tongue,1
producers,1
according,1
carlyle,1
soul,1
whole,1
stress,1
efforts,1
tactical,1
relating,1
lit,1
prof,1
after,1
group,1
falls,1
lot,1
solving,1
never,1
solved,1
ls,1
another,1
way,1
stating,1
truth,1
mils,1
empirical,1
constant,1
striving,1
lament,1
discussed,1
do,1
character,1
dim,1
shaping,1
p,1
educator,1
incorporate,1
member,1
coming,1
fit,1
enable,1
term,1
contribute,1
possessions,1
essential,1
satisfactory,1
fellows,1
happy,1
ll,1
high,1
further,1
formulating,1
enforcing,1
theologians,1
writings,1
vents,1
chapter,1
save,1
ample,1
gilt,1
associations,1
embellished,1
index,1
enlarged,1
profitably,1
tire,1
eyes,1
places,1
brains,1
albany,1
pools,1
names,1
events,1
special,1
experience,1
past,1
improving,1
broadening,1
betterment,1
roger,1
enlightened,1
arrangement,1
political,1
iv,1
opinion,1
vi,1
early,1
oh,1
expert,1
therein,1
purposes,1
liberty,1
b,1
up,1
tics,1
harmonization,1
basis,1
practice,1
optimistic,1
battle,1
possessed,1
delusion,1
should,1
recreation,1
ant,1
fear,1
division,1
records,1
john,1
stuart,1
mill,1
tendency,1
partial,1
view,1
apostle,1
lt,1
adoption,1
wrote,1
afforded,1
sat,1
conclusion,1
reformers,1
quick,1
discriminates,1
mr,1
included,1
late,1
fierce,1
still,1
waged,1
department,1
train,1
incapable,1
metric,1
doing,1
moral,1
surround,1
needed,1
interests,1
coat,1
pills,1
due,1
understanding,1
transmit,1
saturday,1
succeeding,1
institutional,1
increment,1
written,1
working,1
out,1
elf,1
power,1
u,1
nosed,1
hold,1
disagreeable,1
thank,1
intelligent,1
differentiation,1
then,1
neither,1
authority,1
child,1
process,1
mastery,1
tasks,1
uninteresting,1
themselves,1
withdrawn,1
moment,1
external,1
declared,1
sought,1
god,1
reek,1
far,1
latest,1
quotations,1
masters,1
announces,1
several,1
publish,1
series,1
source,1
embracing,1
stages,1
educ,1
biographies,1
expression,1
dominant,1
emphasizing,1
having,1
advances,1
related,1
inconsequential,1
except,1
styled,1
essayed,1
modestly,1
ir,1
disclaims,1
could,1
hardly,1
burdening,1
really,1
text,1
disquisitions,1
writer,1
reference,1
ambitious,1
omitted,1
whose,1
describing,1
outlined,1
furnish,1
set,1
pp,1
cloth,1
blew,1
yr,1
macmillan,1
company,1
original,1
relation,1
college,1
aspects,1
civilization,1
io,1
deal,1
generally,1
examine,1
show,1
columbia,1
professor,1
facts,1
interpretations,1
sufficient,1
concrete,1
devious,1
generalizations,1
characteristics,1
chiefly,1
classification,1
distinctness,1
forth,1
less,1
consist,1
compass,1
unsupported,1
degree,1
flavor,1
brief,1
theme,1
treatment,1
diction,1
appeal,1
superficial,1
works,1
conserve,1
economy,1
method,1
adapted,1
capacity,1
scholars,1
points,1
containing,1
equipped,1
cultured,1
definition,1
tested,1
addresses,1
select,1
smaller,1
supplant,1
constituency,1
cumbersome,1
designated,1
use,1
order,1
can,1
strictly,1
too,1
recondite,1
arranged,1
likely,1
needs,1
probably,1
beyond,1
comprehension,1
treatise,1
branch,1
science,1
limitation,1
pages,1
force,1
scientific,1
occasional,1
grammatical,1
lapses,1
needless,1
sometimes,1
wearisome,1
repetition,1
terms,1
hard,1
being,1
conspicuous,1
regard,1
distinguished,1
throughout,1
purity,1
precision,1
reading,1
somewhat,1
detract,1
diligent,1
merit,1
production,1
enhance,1
mentioned,1
must,1
abiding,1
misnomer,1
research,1
passages,1
copious,1
information,1
analysis,1
philosophic,1
sound,1
deduction,1
title,1
connection,1
necessary,1
actual,1
chairs,1
looked,1
am,1
borrow,1
cl,1
pedagogy,1
confederate,1
government,1
universal,1
realizing,1
empire,1
borrowed,1
creek,1
law,1
system,1
gel,1
gullies,1
established,1
machinery,1
adopted,1
accomplishes,1
attics,1
fidelity,1
olden,1
apothegm,1
teaching,1
proceeds,1
how,1
task,1
means,1
many,1
felicity,1
gen,1
defined,1
home,1
instruction,1
furnishing,1
ted,1
despised,1
till,1
sic,1
society,1
different,1
solution,1
stated,1
general,1
principle,1
ff,1
identified,1
ethics,1
pagan,1
ti,1
community,1
w,1
period,1
discovered,1
fusion,1
large,1
imposing,1
literature,1
showed,1
religion,1
civilized,1
subdued,1
savage,1
respects,1
multitude,1
ways,1
elaborating,1
effect,1
organization,1
make,1
effective,1
hebrew,1
sources,1
axe,1
thoroughly,1
fields,1
controlling,1
relations,1
involuntary,1
argument,1
substantially,1
sustained,1
detail,1
illustration,1
therefrom,1
mainly,1
patronage,1
thomas,1
deriving,1
begins,1
where,1
man,1
takes,1
utilized,1
textbooks,1
translation,1
scholar,1
secondary,1
consider,1
defects,1
extensive,1
excellences,1
admirably,1
executed,1
impossible,1
restricted,1
various,1
accomplished,1
few,1
mas,1
noted,1
fundamental,1
fainter,1
identical,1
preferred,1
among,1
speak,1
first,1
foundation,1
provided,1
therefore,1
comprehends,1
iowa,1
formulas,1
spirit,1
progress,1
nd,1
change,1
resolves,1
itself,1
permanent,1
battles,1
rise,1
fall,1
dynasties,1
tolerated,1
were,1
seeks,1
nothing,1
guide,1
toward,1
colleges,1
heterogeneity,1
what,1
mean,1
ideal,1
lies,1
enlarges,1
fact,1
say,1
fir,1
st,1
efficiency,1
ix,1
varying,1
december,1
