term,count
the,30
of,29
and,19
a,11
in,9
to,8
is,8
tile,6
have,6
his,5
that,5
t,5
on,5
by,4
before,4
but,4
two,4
them,4
they,4
irene,4
book,3
which,3
it,3
mr,3
i,3
all,3
their,3
when,3
those,3
has,3
day,3
august,3
are,3
this,2
something,2
wild,2
many,2
small,2
he,2
or,2
little,2
henri,2
jogs,2
wife,2
train,2
war,2
daughter,2
people,2
been,2
you,2
her,2
at,2
ave,2
read,2
with,2
horror,2
nation,2
would,2
experience,2
be,2
really,2
english,2
v,2
some,2
wrath,2
incredible,1
seemed,1
jan,1
course,1
lover,1
meetly,1
things,1
presently,1
adventures,1
knows,1
better,1
implore,1
l,1
belgian,1
kill,1
knife,1
me,1
am,1
captured,1
together,1
pistol,1
male,1
if,1
village,1
escape,1
there,1
riley,1
come,1
see,1
means,1
says,1
s,1
miller,1
pretty,1
waged,1
showing,1
through,1
beaded,1
country,1
because,1
had,1
ventured,1
defend,1
honor,1
cockney,1
tommie,1
exploits,1
plucky,1
humorous,1
band,1
eyed,1
beat,1
bates,1
deemed,1
dreams,1
romancer,1
years,1
ago,1
hardly,1
necessary,1
say,1
b,1
full,1
incident,1
martyred,1
like,1
not,1
effects,1
companions,1
these,1
very,1
likable,1
couple,1
brave,1
honorable,1
straightforward,1
done,1
good,1
work,1
cots,1
both,1
hunted,1
especially,1
best,1
portraits,1
once,1
peaceful,1
inhabitant,1
most,1
prosperous,1
contented,1
kingdom,1
europe,1
now,1
she,1
aid,1
off,1
embodied,1
group,1
persons,1
embodiment,1
latest,1
burned,1
villages,1
murdered,1
noncombatants,1
tortured,1
women,1
any,1
undergone,1
heroic,1
belgium,1
cruel,1
days,1
september,1
q,1
takes,1
company,1
six,1
others,1
arid,1
person,1
forceful,1
russian,1
vivid,1
ly,1
louis,1
j,1
lode,1
net,1
mind,1
o,1
constituted,1
becomes,1
deadened,1
y,1
weight,1
number,1
needing,1
personal,1
individual,1
awaken,1
its,1
sympathies,1
pity,1
may,1
brought,1
home,1
shows,1
us,1
what,1
happened,1
appeals,1
him,1
for,1
chance,1
cos,1
hies,1
get,1
place,1
crossed,1
frontier,1
ar,1
become,1
language,1
about,1
damned,1
ade,1
prisoners,1
threatened,1
as,1
spy,1
fancies,1
safe,1
hands,1
woman,1
young,1
guard,1
railway,1
during,1
awful,1
time,1
captain,1
second,1
lancers,1
hero,1
heroine,1
tor,1
opens,1
station,1
imperial,1
berlin,1
just,1
england,1
entered,1
who,1
studying,1
being,1
escorted,1
lieutenant,1
yon,1
pocked,1
