term,count
the,100
of,88
to,47
a,42
and,40
is,29
his,26
that,25
it,23
he,22
in,21
not,17
for,17
i,15
by,15
s,13
was,13
or,12
at,12
newman,11
all,10
been,10
have,10
has,10
critic,9
great,9
from,9
who,9
on,8
be,8
with,7
are,7
this,7
what,7
day,7
as,7
were,7
t,6
there,6
criticism,6
them,6
musical,6
which,6
their,6
do,5
own,5
th,5
music,5
some,5
they,5
opinions,5
much,5
even,4
when,4
l,4
critics,4
critical,4
r,4
other,4
any,4
about,4
an,4
nothing,4
only,4
o,4
lr,4
one,4
posterity,4
ill,4
today,4
hi,4
so,4
works,4
mr,4
book,4
n,4
generally,4
things,4
no,4
ernest,4
wagner,4
judgments,3
case,3
man,3
done,3
him,3
men,3
says,3
lie,3
whole,3
work,3
would,3
we,3
can,3
mozart,3
bach,3
asks,3
its,3
nd,3
hat,3
aid,3
y,3
ht,3
knowledge,3
finds,3
value,3
if,3
those,3
whose,3
provincial,3
people,3
upon,3
hardly,3
c,3
kind,3
most,3
legend,3
out,2
wrong,2
later,2
than,2
make,2
two,2
look,2
making,2
tile,2
figures,2
epoch,2
period,2
b,2
ha,2
rate,2
es,2
fallacy,2
e,2
matter,2
u,2
till,2
more,2
could,2
had,2
but,2
past,2
sense,2
welcome,2
amount,2
given,2
enough,2
made,2
hy,2
should,2
artist,2
us,2
ideal,2
remember,2
does,2
anti,2
hostility,2
first,2
find,2
contemporaries,2
being,2
over,2
among,2
genius,2
may,2
opinion,2
contemporary,2
justification,2
j,2
history,2
composers,2
almost,2
time,2
claim,2
eye,2
ed,2
hesitate,2
far,2
might,2
point,2
name,2
generation,2
how,2
part,2
new,2
many,2
considered,2
pro,1
allow,1
al,1
produced,1
fuel,1
excellent,1
omissions,1
carping,1
constant,1
somebody,1
political,1
innumerable,1
discovered,1
wondered,1
thoroughly,1
used,1
tree,1
under,1
fatuous,1
existing,1
conditions,1
alfred,1
looked,1
hey,1
know,1
quote,1
knopf,1
richard,1
sentimental,1
eked,1
ia,1
aldrich,1
press,1
pres,1
entitled,1
journalist,1
ca,1
sen,1
reading,1
quoting,1
success,1
face,1
re,1
named,1
private,1
half,1
difference,1
excuses,1
ir,1
sound,1
prelude,1
enters,1
authority,1
courage,1
x,1
vigor,1
like,1
various,1
original,1
clear,1
undoubtedly,1
popular,1
dramas,1
fully,1
quoted,1
front,1
discussion,1
seem,1
distant,1
formidable,1
taste,1
justifying,1
task,1
received,1
invited,1
ruffly,1
larker,1
york,1
die,1
competent,1
undertook,1
journalistic,1
chief,1
instance,1
course,1
surprising,1
nature,1
human,1
journalists,1
enemies,1
bout,1
long,1
town,1
live,1
detestation,1
bx,1
inspired,1
think,1
right,1
distinction,1
standard,1
court,1
upset,1
go,1
danger,1
impartially,1
try,1
warn,1
themselves,1
take,1
mediocrity,1
overpraise,1
lacking,1
depreciation,1
completely,1
continues,1
yet,1
particularly,1
overpraised,1
second,1
hundred,1
direction,1
grievously,1
mo,1
hear,1
appeal,1
future,1
schumann,1
chopin,1
milch,1
en,1
w,1
needed,1
la,1
use,1
prove,1
tn,1
quite,1
carries,1
lucidity,1
ant,1
thought,1
full,1
generously,1
geese,1
turned,1
swan,1
kindly,1
criticisms,1
collected,1
study,1
meyerbeer,1
hut,1
hit,1
former,1
line,1
within,1
doe,1
oftener,1
holiday,1
tower,1
gr,1
ion,1
con,1
print,1
merely,1
between,1
dividing,1
ring,1
moment,1
mine,1
thing,1
ly,1
public,1
pp,1
fact,1
apart,1
established,1
latter,1
tim,1
f,1
hep,1
ell,1
win,1
histories,1
harm,1
probably,1
guilty,1
error,1
fuss,1
el,1
air,1
together,1
conveniently,1
discovery,1
recognized,1
prophet,1
k,1
hailed,1
light,1
added,1
h,1
lid,1
lind,1
pl,1
lotion,1
cheap,1
extended,1
students,1
once,1
support,1
showing,1
large,1
thinks,1
present,1
necessity,1
profession,1
pea,1
byword,1
opposed,1
ignored,1
seminal,1
acclaimed,1
always,1
talent,1
glib,1
whether,1
largely,1
nor,1
writers,1
subjects,1
either,1
justice,1
possibly,1
supposed,1
commonplace,1
view,1
reproach,1
really,1
va,1
m,1
wide,1
origin,1
read,1
having,1
modern,1
also,1
proper,1
failure,1
theory,1
believes,1
laves,1
without,1
another,1
after,1
writer,1
repeated,1
gossip,1
fragments,1
anecdotes,1
collection,1
fail,1
writings,1
such,1
andi,1
viewed,1
fairly,1
middle,1
last,1
bygone,1
z,1
tea,1
entire,1
points,1
starting,1
century,1
analyses,1
except,1
ea,1
differences,1
scientific,1
benefit,1
rails,1
our,1
ase,1
complete,1
fault,1
theoretical,1
sees,1
highly,1
lobe,1
concrete,1
develop,1
give,1
ample,1
write,1
makes,1
big,1
furthermore,1
indistinguishable,1
eyes,1
amusing,1
surrounded,1
three,1
little,1
pathetic,1
abortive,1
examines,1
knows,1
stress,1
storm,1
detail,1
emerged,1
bigger,1
discovers,1
neglected,1
slighted,1
wanted,1
consequently,1
truthfully,1
stood,1
evolution,1
too,1
came,1
country,1
city,1
competently,1
alive,1
express,1
based,1
grounds,1
variety,1
explicable,1
neglect,1
general,1
joined,1
hack,1
took,1
best,1
historians,1
sentimentalizing,1
ratified,1
sundry,1
candid,1
known,1
prototype,1
devotes,1
lil,1
life,1
ba,1
show,1
space,1
needs,1
appreciation,1
failed,1
likely,1
less,1
valid,1
beethoven,1
knowing,1
opportunity,1
greatness,1
seeing,1
shall,1
blame,1
become,1
accessible,1
verdicts,1
magnified,1
sly,1
incident,1
monteverdi,1
application,1
wider,1
nest,1
disavowal,1
justified,1
well,1
quotations,1
length,1
especially,1
up,1
comes,1
quartet,1
lion,1
celebrated,1
advanced,1
reg,1
hts,1
idolized,1
possessor,1
single,1
nov,1
fails,1
rest,1
must,1
fen,1
figure,1
run,1
experience,1
honor,1
judgment,1
every,1
say,1
gamut,1
interest,1
historical,1
abstract,1
readers,1
though,1
immune,1
way,1
tacit,1
di,1
ease,1
assumption,1
living,1
permitted,1
safely,1
ado,1
now,1
finality,1
