term,count
the,146
of,96
and,57
to,40
in,40
a,34
as,23
by,20
is,18
which,17
art,17
i,16
that,14
from,14
for,13
japanese,13
with,13
japan,12
be,11
he,10
but,10
it,10
school,10
his,10
are,9
have,9
has,9
so,9
prints,8
ye,8
this,8
popular,8
at,8
an,8
was,7
not,7
its,6
europe,6
those,6
one,6
s,6
hokusai,6
methods,5
century,5
when,5
world,5
upon,5
these,5
color,5
how,5
old,5
china,4
or,4
than,4
were,4
much,4
subjects,4
drawing,4
about,4
can,4
shall,4
she,4
on,4
new,4
who,4
all,4
more,4
modern,4
l,4
us,3
things,3
york,3
just,3
life,3
pictures,3
impressionistic,3
been,3
painting,3
volume,3
little,3
paper,3
their,3
most,3
before,3
itself,3
will,3
age,3
only,3
country,3
masters,3
until,3
made,3
method,3
they,3
writing,3
traditional,3
religious,3
devoted,3
day,3
there,3
still,2
touch,2
quality,2
beginnings,2
followed,2
falling,2
into,2
gave,2
chinese,2
always,2
fanatically,2
seventeenth,2
long,2
am,2
sixteenth,2
did,2
important,2
objects,2
pressure,2
court,2
kind,2
do,2
called,2
up,2
occurs,2
led,2
same,2
time,2
printer,2
painters,2
far,2
manual,2
well,2
water,2
tone,2
good,2
terrible,2
hundred,2
print,2
nature,2
rain,2
f,2
government,2
development,2
tile,2
scarcely,2
published,2
form,2
d,2
passed,2
merely,2
w,2
seventy,2
had,2
period,2
lines,2
m,2
if,2
european,2
though,2
received,2
now,2
success,2
never,2
expressed,2
c,2
people,2
back,2
many,2
dot,2
coloring,2
great,2
deals,2
de,2
kay,2
miss,2
forms,2
represent,2
colors,2
fine,2
charles,2
where,2
market,2
america,2
known,2
namely,2
similar,2
blocks,2
stable,2
floating,2
very,2
picture,2
after,2
we,2
review,2
study,2
book,2
traced,2
even,2
dangerous,1
flower,1
see,1
popularized,1
driving,1
keep,1
result,1
my,1
landscape,1
modelers,1
robber,1
grasping,1
dyes,1
live,1
ivory,1
beg,1
poor,1
alive,1
suffered,1
ill,1
nations,1
general,1
ar,1
perhaps,1
inroads,1
word,1
direct,1
work,1
could,1
engraver,1
years,1
four,1
composed,1
lost,1
edge,1
artisans,1
fortunately,1
imported,1
drawings,1
own,1
usually,1
lina,1
crazy,1
man,1
examples,1
architects,1
once,1
sets,1
me,1
five,1
face,1
against,1
established,1
perceives,1
everything,1
ten,1
fifty,1
helped,1
mania,1
produce,1
six,1
himself,1
sketch,1
gives,1
died,1
works,1
prefaces,1
flows,1
leads,1
past,1
u,1
industrial,1
might,1
finer,1
exponent,1
anything,1
lived,1
last,1
beginning,1
blossom,1
full,1
come,1
mother,1
infinity,1
designs,1
produced,1
insects,1
hen,1
stage,1
marvelous,1
reached,1
mystery,1
shell,1
penetrate,1
ninety,1
progress,1
eighty,1
movement,1
consequence,1
fishes,1
materials,1
toward,1
birds,1
trees,1
plants,1
animals,1
structure,1
real,1
return,1
learned,1
account,1
taking,1
worth,1
tortoise,1
admirer,1
sea,1
glasgow,1
ellen,1
j,1
thor,1
au,1
characteristic,1
seems,1
th,1
impressions,1
distinguish,1
vanished,1
knows,1
imitated,1
enthusiasm,1
believe,1
reason,1
every,1
specimens,1
innumerable,1
flooded,1
downpour,1
steady,1
through,1
spurious,1
gleams,1
beloved,1
cone,1
antiques,1
white,1
veil,1
fingers,1
opinion,1
found,1
master,1
etchings,1
delicate,1
printing,1
hours,1
thinks,1
tinted,1
hand,1
mechanical,1
sterling,1
originally,1
forgotten,1
reams,1
side,1
holland,1
shops,1
snooping,1
whistler,1
recalls,1
forerunners,1
manipulated,1
connoisseur,1
considerations,1
secondary,1
depending,1
equally,1
texture,1
shade,1
magnetic,1
tim,1
half,1
deceptive,1
uninitiated,1
drenching,1
eastern,1
conventions,1
effectual,1
ms,1
cheap,1
represents,1
black,1
convention,1
pigments,1
above,1
shakes,1
topples,1
billow,1
deterioration,1
giant,1
catamaran,1
frail,1
crouching,1
essential,1
insect,1
mere,1
becomes,1
ian,1
particular,1
said,1
rugs,1
artisan,1
artist,1
asia,1
fanciful,1
storm,1
rembrandt,1
wetness,1
sheets,1
thither,1
hither,1
blow,1
gusts,1
tree,1
bows,1
matter,1
foam,1
lashes,1
gale,1
laid,1
storms,1
extracted,1
supplying,1
mysterious,1
effect,1
gets,1
constable,1
wet,1
really,1
processes,1
sources,1
unknown,1
often,1
turner,1
alas,1
rubens,1
collector,1
ere,1
lie,1
phenomenon,1
noble,1
patrons,1
singularly,1
enough,1
first,1
stirring,1
tracked,1
exceedingly,1
saw,1
impressionist,1
also,1
men,1
women,1
public,1
pleased,1
heroes,1
princes,1
saints,1
gods,1
rise,1
prior,1
notice,1
brief,1
get,1
timely,1
department,1
monograph,1
appearance,1
may,1
root,1
oriental,1
flourished,1
greek,1
course,1
military,1
imposed,1
themselves,1
exercise,1
argument,1
capable,1
appealing,1
naval,1
opened,1
ens,1
literary,1
secure,1
amusing,1
note,1
supercilious,1
designers,1
contrasts,1
res,1
etchers,1
engravers,1
wood,1
considers,1
closer,1
parallel,1
preserving,1
others,1
some,1
dutch,1
flemish,1
portraits,1
spain,1
ball,1
since,1
instructive,1
although,1
disdained,1
nippon,1
then,1
depict,1
secular,1
oftener,1
vulgar,1
native,1
regarded,1
scholars,1
classicists,1
differ,1
handed,1
down,1
literati,1
section,1
democratic,1
belong,1
best,1
lithograph,1
colored,1
fashioned,1
else,1
block,1
single,1
printed,1
woodcuts,1
almost,1
times,1
written,1
dora,1
artists,1
say,1
changing,1
whole,1
viable,1
instinct,1
thousand,1
useful,1
confined,1
any,1
rate,1
conspicuous,1
n,1
taken,1
daintily,1
prepared,1
exclusively,1
impressionism,1
run,1
like,1
thing,1
mocks,1
change,1
universe,1
meditation,1
compared,1
actual,1
ago,1
decades,1
couple,1
true,1
what,1
present,1
apply,1
hazardous,1
ways,1
lover,1
mr,1
basil,1
harmonious,1
ceremonial,1
solemnities,1
dances,1
attended,1
robes,1
state,1
folds,1
persian,1
depicted,1
consummate,1
elegance,1
delicacy,1
betrayed,1
familiarity,1
kyoto,1
mikado,1
common,1
plebeian,1
challenged,1
supremacy,1
undisputed,1
held,1
rival,1
aristocratic,1
august,1
kano,1
celebrated,1
eleventh,1
founded,1
academy,1
opposed,1
occult,1
miniature,1
hall,1
does,1
domes,1
placed,1
dos,1
shelf,1
absorbed,1
polities,1
germany,1
combated,1
instance,1
academic,1
belongs,1
imperial,1
secession,1
opposition,1
major,1
became,1
ease,1
gradually,1
everyday,1
avoidance,1
technique,1
adherence,1
principally,1
signifies,1
classicism,1
stronghold,1
continues,1
priest,1
buddhist,1
starting,1
fourteenth,1
exotic,1
aristocrats,1
going,1
yet,1
denseness,1
fails,1
understand,1
alien,1
point,1
view,1
sate,1
arose,1
offers,1
departure,1
modestly,1
says,1
sketches,1
ex,1
ordinary,1
remove,1
fat,1
certainly,1
living,1
dint,1
mind,1
prejudice,1
divest,1
possessed,1
heath,1
such,1
sensitive,1
need,1
tire,1
ha,1
chamberlain,1
endeavor,1
give,1
ions,1
recombined,1
former,1
changes,1
latter,1
her,1
both,1
used,1
brush,1
implement,1
because,1
mote,1
united,1
closely,1
should,1
natural,1
combined,1
qualified,1
figures,1
li,1
oven,1
nix,1
e,1
ares,1
bi,1
ab,1
conventional,1
being,1
stem,1
claiming,1
concrete,1
ty,1
july,1
