term,count
the,195
of,87
and,78
is,66
to,62
a,56
in,48
that,38
it,31
which,31
for,28
are,27
as,24
mind,21
by,20
be,20
we,19
this,19
author,18
not,18
he,18
with,16
his,14
you,14
more,13
all,13
have,12
or,12
but,11
from,11
says,11
your,11
they,10
may,9
air,9
than,9
doctor,9
its,9
so,9
s,9
on,8
o,8
there,8
at,8
patient,8
will,8
if,7
up,7
our,7
exercise,7
how,7
their,6
butler,6
one,6
an,6
much,6
life,6
us,6
any,6
work,6
should,6
two,6
deeply,5
them,5
when,5
can,5
too,5
must,5
do,5
sleep,5
breathing,5
book,5
been,5
disease,5
other,5
natural,4
good,4
d,4
like,4
does,4
rather,4
headache,4
cure,4
within,4
physical,4
far,4
those,4
had,4
nor,4
while,4
dr,4
manner,4
medical,4
simple,4
has,4
always,4
mental,4
only,4
y,3
used,3
start,3
these,3
into,3
last,3
being,3
eating,3
dreams,3
out,3
actions,3
who,3
i,3
through,3
cells,3
posture,3
learn,3
enough,3
body,3
health,3
physician,3
selfishness,3
under,3
best,3
permit,3
possible,3
blood,3
wisdom,3
most,3
about,3
upon,3
muscles,3
before,3
night,3
here,3
food,3
poisons,3
way,3
power,3
day,3
ha,3
could,3
pain,3
form,3
pleasant,3
first,3
hygienic,3
several,3
well,3
conversation,3
attention,3
breathe,3
legs,2
enlightening,2
rest,2
cold,2
vanishes,2
case,2
l,2
told,2
specific,2
heat,2
foods,2
back,2
wise,2
benevolent,2
thought,2
yourself,2
use,2
such,2
least,2
exercises,2
become,2
gradually,2
then,2
easily,2
system,2
works,2
control,2
consciously,2
expounds,2
man,2
over,2
wish,2
tissue,2
means,2
free,2
human,2
worth,2
without,2
prevents,2
normal,2
remain,2
treating,2
long,2
tells,2
never,2
everything,2
what,2
eat,2
psychotherapy,2
take,2
purpose,2
sensual,2
matter,2
once,2
ill,2
feet,2
circulation,2
diverts,2
reason,2
learned,2
ways,2
time,2
effort,2
active,2
bodily,2
morning,2
diet,2
standing,2
tea,2
according,2
properly,2
plain,2
greatest,2
increased,2
thus,2
play,2
m,2
lungs,2
states,2
history,2
real,2
sad,2
living,2
was,2
thing,2
sentence,2
love,2
thoughts,2
net,2
creation,2
easy,2
wide,2
t,2
among,2
tran,2
part,2
just,2
great,2
relieve,2
influence,2
bad,2
times,2
shall,2
came,2
inhale,2
see,2
expel,2
no,2
each,1
exhalation,1
residual,1
window,1
change,1
live,1
inhalation,1
commonly,1
mined,1
mere,1
chest,1
thrive,1
enjoyment,1
breath,1
astonished,1
forward,1
exhale,1
substances,1
conclusion,1
lessening,1
own,1
toward,1
foul,1
quantity,1
dead,1
portion,1
desirable,1
aspect,1
injurious,1
increasing,1
taken,1
bothersome,1
cures,1
experience,1
culmination,1
variety,1
proves,1
likely,1
value,1
act,1
lee,1
special,1
fitting,1
intake,1
near,1
enter,1
repeat,1
concerned,1
process,1
fingers,1
nose,1
toes,1
said,1
guaranteed,1
ten,1
share,1
truth,1
get,1
beading,1
feeling,1
badly,1
twenty,1
five,1
bend,1
beginning,1
points,1
fifth,1
naked,1
conducted,1
nest,1
moving,1
ankles,1
assures,1
extend,1
furnace,1
very,1
frequently,1
comes,1
warm,1
milk,1
stretching,1
every,1
though,1
keep,1
trying,1
try,1
powerful,1
single,1
contained,1
expiration,1
elements,1
rush,1
whole,1
sud,1
needs,1
element,1
furnished,1
indeed,1
nourished,1
arms,1
erroneously,1
nostrils,1
stated,1
foundation,1
she,1
breakfast,1
reality,1
seems,1
people,1
misled,1
senses,1
appearance,1
fall,1
lifelong,1
misery,1
sulking,1
deals,1
groped,1
discovered,1
voice,1
bear,1
dreaming,1
implicit,1
dream,1
world,1
sources,1
meanings,1
multitude,1
problem,1
unhealthy,1
observable,1
tonic,1
products,1
scads,1
disaster,1
addition,1
ran,1
aloud,1
create,1
nays,1
infinity,1
r,1
joy,1
humanity,1
attain,1
crying,1
nearest,1
eh,1
habits,1
line,1
naught,1
augments,1
freud,1
bed,1
common,1
ca,1
give,1
soothing,1
pages,1
instructive,1
ordinary,1
plenty,1
submit,1
useless,1
ls,1
soft,1
everybody,1
featherbed,1
rule,1
modern,1
mattress,1
glass,1
position,1
assume,1
colds,1
known,1
followers,1
promulgated,1
careless,1
formidable,1
array,1
tacks,1
made,1
decade,1
rain,1
average,1
theses,1
based,1
supposedly,1
correct,1
evolved,1
terms,1
written,1
comprehension,1
amount,1
superimposed,1
gnat,1
whether,1
course,1
ultimately,1
diseases,1
beings,1
caused,1
unintelligent,1
intelligent,1
bf,1
environment,1
condemns,1
alcohol,1
coffee,1
laziness,1
ignorance,1
state,1
lauds,1
water,1
ties,1
whatever,1
cause,1
w,1
effect,1
content,1
whop,1
immersed,1
solving,1
fatigue,1
problems,1
mankind,1
intimate,1
note,1
nourishing,1
improperly,1
probably,1
statistics,1
compiled,1
would,1
found,1
both,1
tensed,1
often,1
kind,1
voluntary,1
remembering,1
involuntary,1
accumulation,1
acids,1
resulting,1
waste,1
make,1
why,1
sore,1
after,1
prolonged,1
chapters,1
makes,1
feel,1
outlines,1
bath,1
hut,1
mark,1
difference,1
ail,1
white,1
inviting,1
little,1
harmful,1
weather,1
users,1
reservoirs,1
ge,1
beneficent,1
secrete,1
draw,1
need,1
ia,1
substance,1
nature,1
called,1
e,1
ferment,1
yon,1
burns,1
tho,1
oxygen,1
stored,1
mus,1
selves,1
required,1
brines,1
aster,1
yep,1
many,1
questions,1
him,1
tied,1
savers,1
ed,1
therefore,1
reading,1
minds,1
pied,1
opportunities,1
previously,1
tee,1
himself,1
alienist,1
treatment,1
art,1
concern,1
enlightened,1
poet,1
editor,1
b,1
fob,1
disregarded,1
tense,1
disorders,1
produced,1
contagion,1
disturbances,1
ea,1
glands,1
come,1
beyond,1
located,1
coming,1
scope,1
were,1
however,1
reputation,1
headaches,1
tin,1
seats,1
chair,1
obliged,1
nit,1
erect,1
front,1
inches,1
longer,1
ones,1
conforms,1
although,1
sitting,1
race,1
seated,1
allows,1
lying,1
future,1
avoid,1
flashed,1
care,1
ancient,1
phrase,1
heart,1
forth,1
molded,1
method,1
lice,1
loaded,1
stomach,1
goes,1
splitting,1
wants,1
relieved,1
ache,1
steel,1
bothered,1
homilies,1
peon,1
clinical,1
office,1
welfare,1
york,1
z,1
sane,1
readily,1
ale,1
teaches,1
wt,1
ir,1
different,1
ordinarily,1
books,1
intended,1
general,1
public,1
between,1
persons,1
whom,1
f,1
tat,1
seeker,1
pour,1
review,1
van,1
md,1
fittingly,1
described,1
primer,1
truths,1
might,1
better,1
embodied,1
cumbersome,1
title,1
contains,1
n,1
te,1
four,1
aide,1
ker,1
applies,1
journal,1
keynote,1
train,1
early,1
home,1
annual,1
meeting,1
held,1
boston,1
demise,1
pew,1
literary,1
ability,1
loved,1
themselves,1
ax,1
member,1
editorial,1
american,1
died,1
forms,1
relief,1
together,1
interesting,1
lo,1
visit,1
during,1
comprehensible,1
facts,1
leads,1
logical,1
sequence,1
considered,1
evolution,1
inception,1
practice,1
mesmerism,1
hypnotism,1
various,1
trained,1
down,1
constructed,1
minute,1
lessons,1
tens,1
forestall,1
prevent,1
clearly,1
brings,1
word,1
v,1
dis,1
opposite,1
ease,1
authors,1
number,1
broadcasting,1
principles,1
elastic,1
rules,1
steeping,1
taught,1
valuable,1
modifications,1
opinion,1
perfectly,1
acts,1
selfish,1
follows,1
argument,1
succeed,1
direction,1
putting,1
full,1
ourselves,1
opposed,1
instead,1
self,1
seeking,1
refers,1
suggestion,1
my,1
bathing,1
extent,1
maxes,1
board,1
windowsill,1
inch,1
deflect,1
current,1
preclude,1
possibility,1
draft,1
having,1
proper,1
mast,1
know,1
short,1
necessity,1
arise,1
deliberation,1
bothers,1
forget,1
slanting,1
side,1
diem,1
gently,1
irksome,1
tranquil,1
help,1
pa,1
tedium,1
tasks,1
turn,1
assists,1
react,1
let,1
oral,1
hegira,1
arrangements,1
example,1
room,1
ventilated,1
moves,1
mistake,1
creates,1
maximum,1
thesis,1
road,1
conscious,1
removed,1
distracting,1
machinery,1
fiesta,1
seizes,1
opportunity,1
perform,1
miracle,1
supreme,1
judge,1
reversed,1
vastly,1
even,1
connection,1
assurance,1
obstacle,1
clamors,1
continued,1
amazed,1
ventilation,1
comfortable,1
pills,1
introduces,1
furnish,1
diversion,1
information,1
concerning,1
workings,1
hitherto,1
ignorant,1
hence,1
engaged,1
departs,1
knowledge,1
directed,1
fact,1
am,1
hereafter,1
rebuilds,1
results,1
personal,1
application,1
allow,1
swallowed,1
pursuit,1
employment,1
nd,1
evident,1
tue,1
law,1
intelligence,1
distinguished,1
nothing,1
touches,1
soothes,1
heals,1
harmonizes,1
gains,1
disturbance,1
eternal,1
stream,1
capable,1
infinite,1
expression,1
outer,1
earthly,1
symbol,1
keeps,1
h,1
animating,1
ow,1
bodies,1
science,1
itself,1
channels,1
flow,1
open,1
obstacles,1
able,1
