term,count
the,29
of,23
and,15
to,15
a,9
is,7
they,6
s,5
in,5
for,4
but,4
daniel,4
his,4
that,4
not,4
by,4
them,3
her,3
tho,3
all,3
be,3
it,3
she,3
him,3
federalists,3
this,3
own,3
t,2
their,2
f,2
when,2
most,2
pat,2
amalia,2
party,2
lacked,2
i,2
because,2
have,2
man,2
general,2
cause,2
story,2
he,2
aires,2
or,2
say,2
perhaps,2
roses,2
as,2
an,2
american,2
e,2
so,2
from,2
la,2
one,2
too,2
novel,2
young,1
we,1
home,1
well,1
cousin,1
beautiful,1
wounded,1
though,1
widow,1
which,1
agrees,1
shelter,1
care,1
escorts,1
terror,1
presently,1
grounded,1
soldiers,1
only,1
thanks,1
deal,1
good,1
heroism,1
timely,1
seriously,1
north,1
site,1
can,1
taken,1
house,1
nor,1
would,1
safe,1
therefore,1
should,1
latter,1
picture,1
reign,1
y,1
law,1
are,1
done,1
among,1
these,1
pursuers,1
handling,1
acres,1
disposition,1
learned,1
partly,1
hatred,1
then,1
those,1
calls,1
filthy,1
parity,1
d,1
large,1
sister,1
plot,1
complicated,1
period,1
particular,1
escaped,1
do,1
know,1
identity,1
efforts,1
interesting,1
w,1
friends,1
type,1
fashioned,1
protect,1
fe,1
old,1
discover,1
fairly,1
number,1
sac,1
n,1
were,1
around,1
time,1
early,1
summer,1
under,1
leadership,1
ho,1
villainous,1
very,1
power,1
ed,1
cruelly,1
persecute,1
antagonists,1
unionists,1
at,1
called,1
throughout,1
tartans,1
host,1
laid,1
book,1
scene,1
part,1
works,1
fiction,1
preceding,1
page,1
much,1
pretend,1
mach,1
hundred,1
even,1
tl,1
boos,1
has,1
heard,1
name,1
o,1
bloodthirsty,1
argentine,1
who,1
important,1
cultured,1
lucked,1
am,1
small,1
unitarian,1
latest,1
action,1
begins,1
on,1
night,1
billy,1
with,1
attempt,1
unitarians,1
energy,1
dearest,1
friend,1
eduardo,1
escape,1
join,1
army,1
pose,1
enemy,1
betrayed,1
ardent,1
himself,1
federal,1
son,1
more,1
numerous,1
than,1
failed,1
overcome,1
hour,1
de,1
blow,1
camp,1
hesitated,1
permit,1
side,1
issues,1
was,1
late,1
wad,1
dearly,1
seen,1
patriot,1
novelty,1
