term,count
the,93
of,43
a,32
and,29
in,27
to,25
i,21
his,15
at,13
he,11
it,11
by,10
is,10
be,9
adventure,9
s,9
london,9
we,9
that,9
which,8
who,8
this,8
all,7
are,7
for,7
t,7
l,6
with,6
have,6
as,6
e,6
would,5
or,5
from,4
may,4
if,4
even,4
such,4
not,4
there,4
arthur,4
book,4
author,3
man,3
had,3
however,3
them,3
no,3
but,3
on,3
o,3
through,3
style,3
al,3
great,3
upon,3
egg,3
one,3
know,3
genius,3
so,3
admirably,2
our,2
him,2
suppose,2
must,2
ia,2
many,2
than,2
th,2
hi,2
r,2
army,2
another,2
n,2
thin,2
regard,2
things,2
ill,2
de,2
ex,2
indeed,2
get,2
goes,2
ends,2
other,2
write,2
ty,2
true,2
seems,2
slightly,2
white,2
into,2
thought,2
an,2
high,2
curate,2
lie,2
little,2
come,2
himself,2
whether,2
dine,2
volume,2
do,2
can,2
j,2
hear,2
re,2
very,2
notebooks,2
b,2
desire,1
line,1
corner,1
tower,1
number,1
over,1
column,1
country,1
dr,1
how,1
sea,1
us,1
hoses,1
tragedy,1
hardly,1
lind,1
poet,1
impotence,1
run,1
blind,1
forgotten,1
ha,1
mr,1
longer,1
dimly,1
mere,1
shall,1
known,1
art,1
name,1
letters,1
when,1
aid,1
whom,1
day,1
land,1
troy,1
tales,1
bishop,1
story,1
haunted,1
tars,1
alphabet,1
hebrew,1
wrong,1
lr,1
add,1
every,1
ride,1
comments,1
grail,1
vision,1
estate,1
low,1
thing,1
learn,1
ar,1
appears,1
writing,1
vein,1
replied,1
lower,1
hall,1
novels,1
smith,1
jane,1
major,1
account,1
stunning,1
cordially,1
paper,1
milton,1
rot,1
butler,1
will,1
less,1
none,1
done,1
hal,1
collected,1
posthumously,1
were,1
notes,1
va,1
samuel,1
increasing,1
somewhat,1
whole,1
works,1
relation,1
grands,1
reader,1
hag,1
time,1
wasted,1
has,1
welcomed,1
devotees,1
make,1
summer,1
mai,1
inaccuracy,1
clues,1
lea,1
well,1
suit,1
titles,1
boastful,1
distaste,1
hut,1
been,1
hook,1
beginning,1
without,1
here,1
cities,1
z,1
thus,1
frankly,1
pretend,1
hat,1
v,1
impatient,1
off,1
whoso,1
theory,1
shakespeare,1
names,1
takes,1
facts,1
examines,1
form,1
violent,1
me,1
equation,1
link,1
repudiates,1
fielding,1
properly,1
why,1
bankrupt,1
grocer,1
inclined,1
least,1
hand,1
heartily,1
laugh,1
joke,1
further,1
dickens,1
far,1
laborers,1
dreams,1
hill,1
wrote,1
still,1
reveal,1
hashes,1
dementia,1
symptoms,1
developed,1
plumbers,1
agricultural,1
keats,1
mad,1
gone,1
farmers,1
rate,1
first,1
iv,1
evident,1
what,1
tennyson,1
wordsworth,1
aluminum,1
hills,1
put,1
neglected,1
ship,1
scholar,1
lon,1
lt,1
laden,1
heavily,1
cal,1
matter,1
reveals,1
obviously,1
compulsion,1
under,1
le,1
impatience,1
indelible,1
shows,1
er,1
unkind,1
raps,1
st,1
earl,1
suited,1
exploit,1
peculiar,1
pas,1
raging,1
instantly,1
wheat,1
rain,1
any,1
adapted,1
best,1
qr,1
ages,1
some,1
field,1
bu,1
life,1
cd,1
reality,1
appearances,1
hind,1
forces,1
idea,1
supreme,1
ht,1
arts,1
ext,1
pp,1
disease,1
prompted,1
reason,1
much,1
give,1
knopf,1
alfred,1
york,1
new,1
wandering,1
living,1
essay,1
carter,1
john,1
review,1
fittingly,1
entitled,1
nearly,1
within,1
journeying,1
men,1
distemper,1
chapter,1
dear,1
hole,1
limes,1
individual,1
references,1
ni,1
nooks,1
d,1
rh,1
cockney,1
physic,1
skin,1
queer,1
demanded,1
manner,1
bland,1
usual,1
socrates,1
incident,1
following,1
describe,1
see,1
nothing,1
more,1
equally,1
home,1
once,1
near,1
lacey,1
bridge,1
old,1
office,1
their,1
misunderstand,1
coal,1
sheridan,1
dig,1
call,1
mystery,1
word,1
way,1
flower,1
secret,1
fern,1
books,1
rb,1
thames,1
brooks,1
artificial,1
while,1
redeem,1
gems,1
languid,1
desultory,1
among,1
clear,1
impediment,1
fan,1
thrives,1
illustrated,1
substance,1
occult,1
narrative,1
exposition,1
pie,1
present,1
m,1
maxwell,1
lucille,1
riley,1
signs,1
anything,1
catching,1
bells,1
gilt,1
small,1
mice,1
turning,1
mood,1
finding,1
triangles,1
ah,1
el,1
cs,1
comic,1
section,1
matters,1
ace,1
rum,1
heal,1
tea,1
afternoon,1
real,1
extracts,1
moat,1
wonderful,1
slave,1
need,1
fell,1
elm,1
nature,1
inanimate,1
gate,1
perhaps,1
uttered,1
amuse,1
made,1
anti,1
creature,1
curious,1
pronounced,1
inhabit,1
speech,1
talk,1
village,1
tuscan,1
drink,1
amount,1
