term,count
the,69
of,39
and,27
a,23
to,17
in,14
is,12
that,10
vera,9
one,8
for,7
but,6
an,6
by,6
be,6
there,5
s,5
cedric,5
tho,5
his,5
mole,4
it,4
strong,4
so,4
marion,4
ralph,4
all,4
as,4
have,4
them,4
her,3
o,3
story,3
its,3
than,3
was,3
are,3
sons,3
after,3
life,3
can,3
novel,3
two,3
has,3
she,3
rather,3
which,3
with,3
brother,3
heart,3
well,3
whose,2
toss,2
many,2
characters,2
sort,2
devotion,2
these,2
lord,2
should,2
start,2
from,2
up,2
written,2
must,2
figure,2
appealing,2
presumably,2
strength,2
where,2
brothers,2
cripple,2
though,2
makes,2
once,2
who,2
t,2
even,2
estates,2
sacrifice,2
end,2
tor,2
heir,2
only,2
boys,2
him,2
father,2
both,2
fiction,2
unusual,2
qualities,2
will,2
if,2
magazine,2
travel,2
author,2
this,2
not,2
bruin,1
patch,1
car,1
selfish,1
parent,1
go,1
off,1
together,1
leaving,1
patient,1
bought,1
young,1
women,1
garden,1
house,1
publishers,1
blood,1
some,1
happiness,1
out,1
co,1
mutual,1
understanding,1
lady,1
woman,1
knowledge,1
they,1
been,1
effect,1
unselfish,1
sake,1
greatly,1
making,1
manners,1
tn,1
intrusion,1
between,1
himself,1
p,1
g,1
chapter,1
leading,1
op,1
revelation,1
pleasing,1
hand,1
made,1
hi,1
things,1
d,1
closer,1
conventional,1
editor,1
too,1
cementing,1
gardner,1
marriage,1
love,1
maternal,1
mr,1
enlarge,1
exhilaration,1
wrong,1
depression,1
while,1
little,1
victim,1
finding,1
appear,1
popular,1
consolation,1
new,1
born,1
wan,1
drawn,1
brooding,1
pages,1
unlike,1
selfishness,1
limned,1
abide,1
devoted,1
breezy,1
open,1
hear,1
ted,1
passages,1
writing,1
briefly,1
good,1
sketched,1
scholar,1
poor,1
mere,1
commend,1
girl,1
shadow,1
certainly,1
more,1
none,1
competition,1
place,1
implied,1
second,1
works,1
same,1
awarded,1
ultimate,1
action,1
atmosphere,1
environment,1
proper,1
creating,1
serve,1
concerned,1
news,1
display,1
drowning,1
finds,1
rhetorical,1
nursing,1
purpose,1
baby,1
less,1
period,1
ct,1
people,1
produced,1
impressions,1
se,1
emotions,1
feel,1
places,1
see,1
mind,1
tests,1
best,1
observer,1
alert,1
record,1
graphic,1
other,1
apparently,1
intended,1
seen,1
felt,1
subjecting,1
test,1
admit,1
exceptionally,1
fine,1
almost,1
gets,1
impress,1
inevitable,1
tragedy,1
attitude,1
toward,1
embody,1
active,1
over,1
touch,1
aside,1
book,1
lays,1
imagination,1
powerful,1
impression,1
vigor,1
thought,1
theme,1
freshness,1
certain,1
possesses,1
romance,1
winning,1
any,1
feeling,1
dissatisfaction,1
fault,1
found,1
nature,1
handling,1
indeed,1
develops,1
character,1
situations,1
facility,1
expert,1
craftsman,1
pases,1
reflect,1
intelligent,1
dissolve,1
de,1
brings,1
schools,1
sporting,1
smokes,1
cigarettes,1
thu,1
unaffected,1
meet,1
separate,1
complication,1
puts,1
forces,1
eventually,1
invalided,1
prize,1
r,1
vocabulary,1
no,1
interesting,1
outside,1
name,1
jove,1
impossible,1
possible,1
does,1
seem,1
ghost,1
reason,1
why,1
make,1
hideous,1
marrying,1
misunderstanding,1
interrupted,1
egoism,1
dual,1
future,1
resulting,1
when,1
twin,1
mixed,1
la,1
buttercup,1
matter,1
determined,1
coin,1
thus,1
say,1
lords,1
hip,1
arranges,1
former,1
beginning,1
few,1
secret,1
legal,1
right,1
unsuspected,1
pathetic,1
mischance,1
early,1
sense,1
weakness,1
comes,1
relationship,1
bound,1
front,1
f,1
