term,count
the,60
to,35
of,33
a,29
and,26
in,18
t,17
it,17
r,17
l,15
n,14
i,14
is,12
that,12
f,11
this,9
he,9
so,8
had,8
all,7
which,7
not,7
s,7
they,7
an,6
at,6
stories,6
for,6
one,6
but,6
c,6
her,5
other,5
first,5
h,5
with,4
w,4
v,4
has,4
there,4
on,4
story,4
u,4
were,4
who,4
its,4
g,4
could,4
upon,4
last,3
tat,3
his,3
fur,3
doing,3
p,3
than,3
br,3
from,3
are,3
out,3
very,3
d,3
time,3
teas,3
by,3
nut,3
be,3
fit,3
about,3
th,3
happened,2
above,2
pass,2
re,2
do,2
reach,2
unavoidable,2
level,2
others,2
justice,2
comparison,2
england,2
then,2
many,2
find,2
aw,2
can,2
tn,2
tale,2
mere,2
hurl,2
short,2
part,2
been,2
was,2
gives,2
saw,2
en,2
handling,2
like,2
high,2
no,2
ry,2
dead,2
vision,2
among,2
m,2
boot,2
two,2
rant,2
man,2
int,2
way,2
anti,2
tire,2
war,2
worth,2
b,2
if,2
have,2
ax,2
wrong,1
throughout,1
safeguarding,1
far,1
average,1
comforting,1
four,1
help,1
wanted,1
remained,1
tales,1
gave,1
when,1
realized,1
john,1
able,1
island,1
invisible,1
colonies,1
linked,1
themselves,1
rarely,1
fiction,1
guard,1
human,1
having,1
steel,1
heavenly,1
fire,1
where,1
here,1
wonderful,1
also,1
life,1
earthly,1
beyond,1
suffice,1
passes,1
oho,1
reputation,1
recalled,1
new,1
kith,1
reading,1
late,1
notable,1
rereading,1
presently,1
would,1
him,1
sated,1
strong,1
hat,1
tells,1
plain,1
keen,1
manner,1
stand,1
alone,1
ships,1
passenger,1
softer,1
teuton,1
down,1
scent,1
feeling,1
element,1
spiritual,1
loved,1
touch,1
show,1
lutes,1
these,1
characters,1
brawn,1
cleverly,1
bits,1
excellent,1
told,1
establishing,1
sonic,1
exquisitely,1
compensating,1
balance,1
craftsman,1
totter,1
until,1
tact,1
woman,1
save,1
must,1
tried,1
lap,1
believed,1
opening,1
we,1
compare,1
inevitable,1
bring,1
unless,1
boon,1
store,1
tryst,1
sin,1
interesting,1
thing,1
found,1
lie,1
dirt,1
place,1
beat,1
brought,1
endeavoring,1
every,1
sure,1
combined,1
avoid,1
insight,1
clearness,1
constructed,1
truth,1
might,1
three,1
due,1
set,1
standard,1
she,1
near,1
anywhere,1
committed,1
viciousness,1
hopes,1
exception,1
possible,1
hut,1
good,1
apathy,1
hart,1
latest,1
rs,1
stands,1
mislaid,1
rid,1
j,1
or,1
bend,1
rial,1
learn,1
au,1
grilling,1
thai,1
actor,1
tool,1
se,1
skin,1
saved,1
ni,1
house,1
up,1
task,1
sh,1
sat,1
fine,1
raged,1
hurt,1
shits,1
hap,1
relates,1
goods,1
laded,1
sail,1
liner,1
lord,1
pr,1
er,1
how,1
lust,1
theirs,1
lead,1
free,1
left,1
table,1
their,1
enter,1
proving,1
background,1
fir,1
difficult,1
any,1
made,1
immensity,1
appalled,1
authors,1
adventure,1
as,1
attack,1
used,1
few,1
writers,1
effect,1
paralyzing,1
seemed,1
broke,1
great,1
lat,1
inc,1
gun,1
vast,1
nations,1
tea,1
fin,1
nation,1
come,1
ar,1
original,1
titan,1
greater,1
making,1
ext,1
lin,1
familiar,1
title,1
erl,1
sue,1
subj,1
flag,1
dishonor,1
thus,1
guilty,1
flume,1
ac,1
dom,1
fri,1
amiable,1
pants,1
munitions,1
plotting,1
german,1
tin,1
father,1
hi,1
faith,1
dear,1
ff,1
eying,1
trues,1
germans,1
did,1
iris,1
pursuing,1
trees,1
theme,1
alike,1
smaller,1
ah,1
rose,1
road,1
horror,1
comes,1
gags,1
beautiful,1
should,1
orchard,1
fer,1
himself,1
rf,1
quit,1
utmost,1
ir,1
luring,1
tom,1
tl,1
gin,1
rank,1
give,1
y,1
never,1
vessels,1
tag,1
nary,1
ram,1
rican,1
inn,1
barred,1
art,1
pl,1
take,1
turn,1
rt,1
lu,1
fr,1
gory,1
ratter,1
front,1
below,1
fat,1
talc,1
quality,1
sc,1
tit,1
nun,1
tutu,1
tear,1
tats,1
arc,1
fleet,1
tint,1
greet,1
ii,1
milt,1
reader,1
thinking,1
