term,count
the,85
of,60
to,40
a,40
is,33
and,33
that,29
in,27
he,24
it,18
be,16
s,15
this,13
we,12
i,12
t,12
at,12
his,11
who,11
for,11
all,11
have,11
an,11
one,10
are,10
art,10
can,10
our,10
or,9
not,9
will,9
as,9
which,9
its,8
you,8
but,7
by,7
was,7
from,6
e,6
they,6
us,5
some,5
tile,5
must,5
on,5
l,5
would,5
upon,5
no,5
there,5
into,5
spirit,4
o,4
what,4
made,4
has,4
stories,4
if,4
him,4
own,4
man,4
with,4
mr,4
up,4
because,4
order,4
world,4
so,4
air,3
toward,3
x,3
rest,3
may,3
tales,3
their,3
himself,3
day,3
over,3
too,3
like,3
says,3
most,3
h,3
r,3
do,3
mankind,3
past,3
very,3
modern,3
culture,3
tl,3
others,3
ever,3
co,3
could,3
other,3
idea,3
music,3
b,3
before,3
egyptian,3
years,3
reader,3
science,2
apex,2
every,2
lie,2
led,2
makes,2
book,2
pyramid,2
any,2
title,2
tragedy,2
good,2
well,2
ideal,2
say,2
er,2
such,2
statue,2
sheer,2
democracy,2
when,2
were,2
critic,2
had,2
race,2
people,2
philosopher,2
ill,2
sociology,2
thing,2
power,2
them,2
believe,2
found,2
king,2
christianity,2
century,2
c,2
opinion,2
attain,2
high,2
europe,2
level,2
three,2
should,2
christian,2
folk,2
new,2
bad,2
writes,2
hat,2
recover,2
first,2
how,2
children,2
two,2
w,2
child,2
m,2
nietzsche,2
men,2
rather,2
more,2
human,2
out,2
least,2
times,2
artistic,2
make,1
sociologist,1
necessarily,1
thinking,1
future,1
many,1
stored,1
error,1
laying,1
ir,1
wise,1
door,1
recorded,1
done,1
ruined,1
quarrel,1
sure,1
much,1
vast,1
erode,1
confines,1
memory,1
saturated,1
lr,1
imply,1
fact,1
repeat,1
view,1
judge,1
work,1
since,1
enter,1
days,1
forget,1
gd,1
knowledge,1
cit,1
hose,1
tablets,1
cal,1
forces,1
tombs,1
tells,1
names,1
intervening,1
ludo,1
modernity,1
learned,1
judgment,1
viol,1
cried,1
dis,1
pepe,1
annihilated,1
tibet,1
produce,1
eaten,1
poor,1
lived,1
quality,1
known,1
j,1
tree,1
mi,1
experience,1
secrecy,1
fruit,1
tell,1
set,1
egypt,1
ca,1
chronology,1
ex,1
inverted,1
sculpture,1
reason,1
borders,1
legend,1
end,1
romance,1
remind,1
nowadays,1
east,1
f,1
charles,1
indian,1
vanishing,1
lippmann,1
walter,1
endeavoring,1
borrow,1
statecraft,1
creative,1
perception,1
fresh,1
lacking,1
translate,1
trying,1
stands,1
doctrinaire,1
understanding,1
real,1
about,1
social,1
advocate,1
therefore,1
grateful,1
doctrine,1
prof,1
close,1
tittle,1
whom,1
peoples,1
interesting,1
ar,1
bolivia,1
peru,1
laid,1
scenes,1
traditions,1
sop,1
recounting,1
stilt,1
history,1
place,1
take,1
gold,1
peak,1
natives,1
true,1
son,1
frontiers,1
among,1
working,1
twenty,1
gathered,1
burro,1
toe,1
ire,1
turns,1
neglecting,1
hook,1
con,1
whether,1
wonder,1
arts,1
exposition,1
attitude,1
been,1
graphic,1
aesthetics,1
illustrate,1
performance,1
headed,1
wrong,1
seems,1
reek,1
studies,1
wagner,1
early,1
derived,1
deepest,1
poetry,1
turned,1
talents,1
personal,1
remember,1
misleading,1
literature,1
views,1
altogether,1
write,1
asks,1
imaginative,1
artist,1
hardly,1
though,1
trick,1
amiable,1
identified,1
until,1
admires,1
loves,1
re,1
mind,1
pitfall,1
old,1
fallen,1
feeling,1
virgin,1
nineteenth,1
sharp,1
incisive,1
greeks,1
youth,1
german,1
patriotic,1
religious,1
devoutly,1
show,1
ought,1
values,1
amid,1
joyfully,1
cut,1
proposal,1
tried,1
hy,1
spread,1
consequently,1
li,1
tot,1
formula,1
overweening,1
while,1
principle,1
establishment,1
firm,1
discipline,1
vigorous,1
intervened,1
na,1
church,1
catholic,1
sing,1
pa,1
universal,1
berates,1
morbid,1
left,1
heritage,1
temperaments,1
express,1
french,1
pol,1
dodder,1
ms,1
conception,1
root,1
u,1
unsympathetic,1
inadequate,1
prose,1
hearing,1
startled,1
perhaps,1
conceived,1
lean,1
anti,1
life,1
spencer,1
sacred,1
lower,1
ion,1
almighty,1
potent,1
nd,1
midst,1
suppressed,1
long,1
faith,1
cs,1
oft,1
field,1
esoteric,1
only,1
lives,1
lady,1
neurotic,1
chaos,1
loathing,1
convey,1
english,1
teutonic,1
sputters,1
shouts,1
attack,1
impression,1
accurate,1
fairly,1
she,1
civilization,1
telling,1
clotheslines,1
across,1
each,1
abusing,1
housewives,1
listened,1
luce,1
john,1
anthony,1
misunderstanding,1
symbol,1
touchiness,1
scientific,1
democratic,1
vulgarity,1
tune,1
thoroughly,1
quixote,1
don,1
soul,1
homeless,1
indeed,1
hit,1
twentieth,1
comes,1
down,1
walk,1
yd,1
come,1
whence,1
depends,1
valuing,1
thus,1
disease,1
descent,1
thousand,1
few,1
last,1
elm,1
society,1
k,1
oil,1
right,1
dr,1
manner,1
whose,1
costs,1
establish,1
religion,1
rt,1
great,1
necessary,1
regard,1
imitated,1
model,1
perfect,1
eel,1
happy,1
warns,1
romanticism,1
revival,1
celtic,1
para,1
read,1
represent,1
although,1
wielded,1
fin,1
cause,1
vere,1
exploiting,1
higher,1
look,1
tr,1
me,1
denial,1
spit,1
attempt,1
mere,1
understand,1
ed,1
shows,1
thinks,1
never,1
something,1
ts,1
tb,1
just,1
doubt,1
begin,1
humanity,1
bulk,1
than,1
threes,1
ones,1
even,1
better,1
believes,1
v,1
tented,1
tho,1
hitting,1
china,1
tier,1
ere,1
st,1
jr,1
able,1
unjust,1
criticism,1
crockery,1
lilly,1
deal,1
passing,1
shop,1
loose,1
fore,1
let,1
bull,1
ray,1
implied,1
light,1
yet,1
loony,1
gt,1
little,1
undo,1
rills,1
call,1
hates,1
nihilist,1
aristocracy,1
revolt,1
often,1
sid,1
ur,1
g,1
toll,1
tm,1
te,1
tores,1
mantle,1
suggests,1
prefer,1
commanders,1
reverence,1
sole,1
rank,1
thor,1
n,1
healthy,1
contempt,1
behind,1
rosy,1
manchus,1
ry,1
crusade,1
int,1
neighbors,1
