term,count
the,140
of,110
in,57
and,56
a,52
to,47
she,37
is,34
her,32
as,27
that,27
it,24
which,23
s,20
this,18
he,17
had,15
not,15
but,13
been,13
have,13
by,13
for,13
has,12
or,11
an,11
if,10
on,9
no,9
was,9
with,9
who,9
be,9
all,9
would,9
i,9
are,8
his,8
than,7
so,6
mrs,6
one,5
we,5
most,5
rather,5
much,5
more,5
some,5
because,5
novel,5
at,5
were,5
human,5
even,5
when,5
alexina,5
novels,5
time,4
him,4
out,4
such,4
perhaps,4
war,4
life,4
social,4
does,4
francisco,4
n,4
age,4
should,4
its,4
class,4
after,4
make,4
qualities,4
l,4
man,4
never,4
certain,4
city,3
seem,3
too,3
own,3
from,3
commonness,3
young,3
made,3
nd,3
old,3
scene,3
there,3
do,3
up,3
r,3
view,3
cave,3
might,3
nothing,3
firs,3
law,3
street,3
inherited,3
sure,3
seems,3
moment,3
common,3
them,3
you,3
goes,3
what,3
makes,3
sister,3
will,3
great,3
either,3
people,3
real,3
can,3
men,3
enough,3
mind,3
hut,2
itself,2
position,2
us,2
day,2
over,2
audacity,2
interest,2
into,2
m,2
put,2
sake,2
they,2
element,2
ts,2
aristocratic,2
born,2
seemed,2
forgotten,2
power,2
forced,2
passionate,2
art,2
years,2
taken,2
persons,2
economic,2
off,2
t,2
beginning,2
democracy,2
condition,2
background,2
first,2
greatly,2
stories,2
high,2
victorian,2
mid,2
san,2
saint,2
like,2
far,2
two,2
f,2
american,2
critics,2
yet,2
fire,2
god,2
those,2
children,2
our,2
means,2
aristocracy,2
dramatic,2
last,2
page,2
discover,2
ix,2
down,2
find,2
e,2
mistake,2
must,2
set,2
mental,2
feel,2
pass,2
soul,2
these,2
only,2
style,2
x,2
through,2
tired,2
almost,2
ago,2
characters,2
oman,2
then,2
any,2
enable,2
spiritual,2
ton,2
beings,2
may,2
personality,2
under,2
james,2
heroine,2
innocence,2
sisters,2
done,2
women,2
woman,2
company,2
long,2
consciousness,2
fur,2
kind,2
knows,2
ignorance,2
called,2
matter,2
course,2
person,2
conditions,2
op,2
quality,2
marriage,2
literature,2
ma,2
labor,2
states,2
written,2
modern,2
fear,2
fewer,1
precision,1
given,1
dr,1
insight,1
feels,1
truth,1
caw,1
al,1
hand,1
due,1
dualities,1
study,1
credit,1
opinion,1
sec,1
irons,1
ax,1
c,1
hover,1
careful,1
meant,1
sometimes,1
head,1
killed,1
pink,1
vivid,1
amazingly,1
achieved,1
write,1
began,1
stirs,1
early,1
potter,1
technical,1
greater,1
writers,1
atmosphere,1
kirkpatrick,1
live,1
recognize,1
nobody,1
socialism,1
fiery,1
act,1
level,1
feast,1
muddle,1
met,1
lames,1
buffalo,1
cords,1
remains,1
though,1
fervid,1
longer,1
part,1
accepted,1
standard,1
moderated,1
ha,1
shocked,1
accept,1
mighty,1
characteristics,1
surface,1
possessed,1
could,1
oh,1
indiscriminating,1
every,1
translated,1
probably,1
contains,1
lots,1
name,1
memory,1
toned,1
neither,1
dam,1
nor,1
many,1
carrion,1
quickly,1
readjusted,1
attributing,1
religious,1
sentiment,1
dining,1
souls,1
v,1
cowardice,1
observer,1
las,1
fixed,1
utmost,1
entirely,1
merely,1
turn,1
mots,1
angels,1
scientific,1
evoked,1
true,1
belief,1
validity,1
trial,1
consequences,1
wilt,1
tuts,1
borders,1
coarseness,1
happy,1
speaking,1
near,1
nightfall,1
nursed,1
tread,1
explain,1
read,1
strive,1
escape,1
mysticism,1
de,1
germain,1
unknown,1
ia,1
spite,1
criticism,1
questioning,1
thought,1
compelling,1
constructed,1
author,1
least,1
intensely,1
vain,1
whose,1
unusually,1
bourgeoisie,1
exceedingly,1
pity,1
however,1
clever,1
studying,1
ignorant,1
urge,1
present,1
movements,1
talent,1
book,1
obvious,1
americans,1
very,1
cares,1
whether,1
doubtful,1
h,1
obey,1
love,1
each,1
other,1
kept,1
respectability,1
iain,1
loves,1
refuses,1
thrift,1
felt,1
resolution,1
cost,1
month,1
keep,1
baby,1
arrangement,1
dropped,1
exacted,1
service,1
example,1
dull,1
hers,1
brought,1
look,1
convention,1
contract,1
demands,1
scruples,1
against,1
rid,1
husband,1
article,1
axle,1
morality,1
alive,1
cruel,1
lacks,1
finances,1
evidently,1
interests,1
tore,1
exquisite,1
disappointed,1
throws,1
himself,1
stronger,1
conventional,1
eight,1
worthy,1
violent,1
sincere,1
ors,1
wants,1
permit,1
their,1
days,1
father,1
babies,1
came,1
went,1
explanations,1
ethel,1
ne,1
devoting,1
herself,1
analysis,1
ms,1
preposterous,1
comic,1
generation,1
typical,1
appeared,1
money,1
brother,1
ono,1
student,1
circle,1
ce,1
know,1
cali,1
impossible,1
dose,1
state,1
philadelphia,1
need,1
serious,1
go,1
picture,1
breaking,1
biro,1
equally,1
noblesse,1
thickest,1
mirth,1
soaked,1
pure,1
attar,1
roses,1
definitely,1
house,1
sn,1
quieter,1
solidly,1
fixing,1
sixty,1
morn,1
conscious,1
continually,1
opening,1
effective,1
accompaniment,1
held,1
aroused,1
fine,1
point,1
pages,1
hay,1
hardly,1
normal,1
commonplace,1
conversation,1
stupid,1
group,1
vs,1
public,1
gory,1
once,1
managed,1
carefully,1
dead,1
pith,1
englishman,1
deftly,1
used,1
limb,1
ladder,1
ears,1
destruction,1
saw,1
become,1
streets,1
destroyed,1
while,1
nostrils,1
fight,1
enters,1
really,1
break,1
bondage,1
repression,1
simple,1
fifty,1
centuries,1
lakes,1
finer,1
fit,1
until,1
misting,1
assume,1
cane,1
eras,1
type,1
w,1
amazing,1
publicity,1
review,1
maurice,1
francis,1
egan,1
o,1
fork,1
agent,1
force,1
frederick,1
stokes,1
announcement,1
best,1
injustice,1
tells,1
anything,1
et,1
pasty,1
come,1
enjoying,1
u,1
eloquently,1
gripping,1
modem,1
simply,1
conclusion,1
hero,1
use,1
america,1
offending,1
gray,1
since,1
innocent,1
thoroughly,1
method,1
ester,1
hands,1
safe,1
experience,1
prejudices,1
aside,1
interpretations,1
times,1
reader,1
pleasure,1
spoil,1
imitated,1
how,1
romantic,1
turning,1
charming,1
accessory,1
gust,1
elect,1
quite,1
possible,1
longed,1
personal,1
compel,1
lion,1
birth,1
entire,1
ultimately,1
bring,1
here,1
ray,1
hope,1
suffers,1
united,1
upon,1
patience,1
where,1
snobbery,1
good,1
matured,1
friend,1
introduced,1
houses,1
dancing,1
conception,1
tilted,1
murderous,1
rage,1
wanted,1
po,1
right,1
ashen,1
kirk,1
socialist,1
get,1
same,1
chances,1
amt,1
j,1
educated,1
myself,1
ho,1
comp,1
gets,1
school,1
being,1
ugly,1
plenty,1
top,1
alike,1
burn,1
d,1
think,1
says,1
rejects,1
principles,1
mere,1
trim,1
en,1
adzes,1
whom,1
conventions,1
artificial,1
contrast,1
practiced,1
action,1
ingenuous,1
resent,1
proper,1
line,1
describes,1
fanatically,1
demo,1
difference,1
degree,1
aspiring,1
clams,1
weakness,1
divided,1
refinement,1
manner,1
habits,1
traditions,1
effort,1
democratic,1
outside,1
corrosive,1
touch,1
blood,1
ancestors,1
ambitious,1
cs,1
satisfaction,1
character,1
genius,1
lives,1
downright,1
honesty,1
courage,1
veil,1
delineated,1
fact,1
difficult,1
world,1
indifference,1
hearted,1
society,1
cal,1
lady,1
gentleman,1
younger,1
eluded,1
brilliant,1
solid,1
pleasures,1
youth,1
grew,1
older,1
natural,1
deeper,1
favored,1
create,1
community,1
prominence,1
family,1
wealth,1
stopped,1
without,1
way,1
work,1
ambition,1
chosen,1
b,1
upheld,1
civilization,1
stones,1
foundation,1
gertrude,1
