term,count
the,36
of,17
to,15
and,12
in,9
a,9
i,8
it,8
is,6
that,5
or,5
you,4
peking,4
by,4
but,3
d,3
little,3
garden,3
was,3
than,3
we,3
so,3
china,3
one,3
tree,3
o,3
they,3
forbidden,3
mrs,3
more,3
w,3
century,2
there,2
wall,2
are,2
at,2
all,2
our,2
f,2
on,2
when,2
h,2
against,2
once,2
wares,2
make,2
years,2
another,2
how,2
us,2
chinese,2
generation,2
deep,2
country,2
color,2
s,2
have,2
if,2
customs,2
for,2
upon,1
go,1
into,1
antiquity,1
r,1
erek,1
k,1
old,1
tiny,1
where,1
small,1
lamp,1
always,1
kept,1
burning,1
enough,1
c,1
dizzy,1
think,1
out,1
from,1
yet,1
after,1
not,1
inconsiderable,1
piece,1
way,1
real,1
estate,1
pleasant,1
least,1
speaking,1
worth,1
ind,1
view,1
gardens,1
palaces,1
temples,1
might,1
echo,1
sentiment,1
tie,1
matter,1
point,1
whether,1
pig,1
wrinkled,1
inter,1
japanese,1
miles,1
sacred,1
also,1
really,1
religion,1
art,1
vaunted,1
living,1
derivative,1
speak,1
much,1
many,1
ancient,1
word,1
an,1
standpoint,1
displayed,1
new,1
york,1
chinatown,1
japan,1
minds,1
history,1
el,1
er,1
tailed,1
big,1
sleeved,1
pries,1
eris,1
followed,1
fin,1
ch,1
these,1
peaks,1
keep,1
alight,1
incense,1
rising,1
tr,1
be,1
ii,1
hoary,1
trunk,1
whose,1
been,1
hundred,1
appetite,1
quaint,1
will,1
still,1
vivid,1
reminiscences,1
too,1
recent,1
boxer,1
horrors,1
what,1
tempting,1
besides,1
stupendous,1
anything,1
imaginations,1
granting,1
possess,1
such,1
rudimentary,1
faculties,1
like,1
better,1
scale,1
impassable,1
effects,1
intense,1
picturesqueness,1
sort,1
round,1
about,1
my,1
archibald,1
illustrated,1
philadelphia,1
company,1
lands,1
fruits,1
something,1
common,1
fact,1
long,1
scarcely,1
tourist,1
lends,1
distinct,1
spiciness,1
taste,1
travel,1
add,1
this,1
novel,1
heights,1
monument,1
five,1
dipped,1
tower,1
temple,1
wonderful,1
facades,1
look,1
tells,1
as,1
had,1
decorated,1
pens,1
continually,1
ink,1
great,1
gold,1
his,1
american,1
charles,1
aid,1
tho,1
few,1
rods,1
surface,1
some,1
twenty,1
tiles,1
glistening,1
city,1
purple,1
liberty,1
hoist,1
yourself,1
fancy,1
back,1
third,1
made,1
middle,1
last,1
proved,1
ineffectual,1
british,1
merchants,1
missionaries,1
may,1
cross,1
within,1
precincts,1
arc,1
dazzled,1
yellows,1
reds,1
blues,1
her,1
