term,count
a,24
and,23
the,23
of,19
is,13
to,11
in,11
s,9
it,8
who,7
little,6
with,6
story,5
there,5
men,5
girl,5
very,5
or,4
tile,4
three,4
by,4
her,4
i,3
great,3
from,3
master,3
that,3
mummer,3
has,3
not,3
are,3
two,3
you,3
some,3
these,2
arthur,2
she,2
stern,2
for,2
more,2
do,2
than,2
get,2
away,2
t,2
fine,2
motor,2
part,2
good,2
princess,2
one,2
most,1
person,1
heroics,1
greatest,1
importance,1
plots,1
always,1
being,1
hatched,1
scenes,1
housekeeping,1
nov,1
barons,1
even,1
archduchesses,1
concerned,1
plods,1
nothing,1
less,1
pretty,1
granddaughter,1
besides,1
king,1
self,1
denial,1
respectable,1
would,1
housekeeper,1
under,1
chambers,1
tell,1
london,1
remember,1
inst,1
anther,1
charming,1
grows,1
older,1
every,1
day,1
all,1
fair,1
he,1
love,1
be,1
promptly,1
cars,1
appears,1
ruffians,1
german,1
four,1
worldly,1
jealous,1
exciting,1
furl,1
indeed,1
designing,1
another,1
british,1
moreover,1
lady,1
social,1
eminence,1
also,1
diplomat,1
offer,1
bribes,1
fashion,1
off,1
carry,1
tries,1
night,1
coming,1
passages,1
yawning,1
armed,1
convent,1
created,1
horrid,1
scandal,1
running,1
actor,1
title,1
judged,1
conceal,1
faster,1
plays,1
his,1
too,1
as,1
prompter,1
providence,1
avery,1
trains,1
special,1
lay,1
sister,1
opt,1
head,1
goes,1
tragic,1
this,1
magic,1
touch,1
satisfactory,1
results,1
so,1
crude,1
formula,1
which,1
what,1
mr,1
done,1
g,1
keep,1
extraordinary,1
remarkable,1
tl,1
wise,1
el,1
literary,1
about,1
just,1
pick,1
having,1
read,1
teller,1
takes,1
but,1
recipe,1
e,1
phillips,1
author,1
anna,1
adventuress,1
prince,1
sinners,1
mo,1
pp,1
boston,1
brown,1
co,1
take,1
trilby,1
season,1
mystery,1
sauce,1
your,1
own,1
fancy,1
make,1
simple,1
enough,1
page,1
on,1
rather,1
cross,1
u,1
pointer,1
younger,1
professional,1
weary,1
pink,1
tea,1
creations,1
at,1
suggestion,1
charing,1
station,1
reading,1
search,1
real,1
plot,1
lie,1
finds,1
say,1
fourteen,1
years,1
big,1
frightened,1
eyes,1
scottish,1
allan,1
writer,1
short,1
pages,1
end,1
simply,1
because,1
like,1
people,1
anti,1
want,1
knox,1
w,1
cm,1
things,1
happen,1
introduced,1
beginning,1
young,1
dwelling,1
together,1
latin,1
hut,1
ill,1
arnold,1
popular,1
any,1
