term,count
the,149
of,71
her,59
to,52
a,45
in,37
and,36
she,35
was,35
duse,25
that,25
i,21
as,19
it,18
at,16
for,16
by,14
is,13
with,12
s,12
eleanora,12
actress,12
life,11
be,11
which,11
he,10
rose,9
had,9
one,9
but,9
this,8
on,8
who,8
not,8
find,7
performance,5
his,5
first,5
pen,5
play,5
denise,5
from,5
says,5
later,5
mr,5
knew,5
an,5
world,5
stage,5
could,4
into,4
so,4
subject,4
over,4
contract,4
me,4
ever,4
great,4
most,4
or,4
until,4
should,4
time,4
story,4
write,4
author,4
age,4
all,4
episode,3
those,3
made,3
last,3
did,3
have,3
italy,3
new,3
grand,3
when,3
true,3
after,3
interesting,3
little,3
years,3
many,3
beginning,3
born,3
there,3
only,3
venice,3
more,3
king,3
been,3
mme,3
re,3
birth,3
death,3
america,3
york,3
tour,3
company,3
dream,2
leading,2
love,2
humble,2
d,2
asks,2
eleanor,2
come,2
h,2
poverty,2
upon,2
opened,2
arrived,2
baltimore,2
presented,2
its,2
up,2
managers,2
they,2
note,2
divinity,2
requested,2
then,2
italian,2
part,2
camille,2
can,2
we,2
has,2
reader,2
during,2
again,2
father,2
wrote,2
these,2
know,2
admiration,2
cosette,2
essayed,2
played,2
familiar,2
future,2
railway,2
english,2
tragedienne,2
country,2
will,2
spiritual,2
saw,2
would,2
friends,2
small,2
through,2
written,2
unfalteringly,2
very,2
received,2
l,2
final,2
appears,2
simple,2
than,2
if,2
known,2
biography,2
dropped,2
used,2
other,2
famous,2
returned,2
related,2
real,2
rome,2
offered,2
jeanne,2
incidents,2
juliet,2
manager,2
sent,2
alexandre,2
scene,2
am,2
were,2
may,2
strong,1
man,1
fulfilled,1
curtain,1
handsome,1
seems,1
feeling,1
pathway,1
enshrined,1
friendships,1
heart,1
loves,1
within,1
romances,1
entered,1
perhaps,1
u,1
inevitable,1
place,1
illumine,1
deeper,1
merits,1
illness,1
prophecy,1
public,1
wm,1
eleonora,1
personification,1
figure,1
dumas,1
specking,1
command,1
lie,1
therefore,1
citizen,1
private,1
belonged,1
create,1
worked,1
adds,1
friend,1
once,1
immediately,1
subjects,1
your,1
audience,1
said,1
diplomatic,1
sweden,1
longed,1
without,1
tracks,1
want,1
falls,1
force,1
afraid,1
m,1
gets,1
count,1
past,1
crisis,1
live,1
wanted,1
die,1
inimitable,1
even,1
serious,1
theme,1
realization,1
found,1
reading,1
lived,1
already,1
instinctively,1
felt,1
study,1
taking,1
described,1
heights,1
actor,1
accepted,1
properly,1
unfortunately,1
hut,1
souvenir,1
certain,1
retain,1
begged,1
fountain,1
ready,1
days,1
none,1
offer,1
representing,1
accompanied,1
bookings,1
good,1
offering,1
touring,1
while,1
control,1
sought,1
morris,1
although,1
gainsay,1
signing,1
concerns,1
ca,1
le,1
rescue,1
graciously,1
differ,1
lady,1
opinion,1
beautiful,1
deception,1
memory,1
sleep,1
unable,1
nights,1
three,1
nd,1
incident,1
signed,1
hands,1
show,1
realizing,1
called,1
departed,1
two,1
signature,1
den,1
thinking,1
kissed,1
second,1
bowed,1
waters,1
floating,1
discussed,1
loved,1
chronicler,1
according,1
development,1
progress,1
fact,1
genuine,1
scale,1
existed,1
wherever,1
soul,1
awakened,1
fame,1
worldwide,1
passion,1
sincere,1
confidence,1
near,1
che,1
adviser,1
intellectual,1
constituted,1
friendship,1
influence,1
exerted,1
south,1
nearly,1
gabriel,1
often,1
met,1
plays,1
money,1
bought,1
katherine,1
miss,1
owned,1
house,1
home,1
greatness,1
sentiments,1
marvelously,1
witnessed,1
addressed,1
deeply,1
bowing,1
oh,1
exclaimed,1
poet,1
gallant,1
burst,1
brought,1
always,1
tea,1
hide,1
tried,1
rendered,1
london,1
royalist,1
close,1
comprehension,1
va,1
see,1
book,1
lyme,1
lives,1
art,1
dramatic,1
preceptor,1
dine,1
words,1
beyond,1
depths,1
unfathomable,1
changeable,1
greatest,1
eventually,1
acclaimed,1
above,1
abject,1
oct,1
hort,1
where,1
night,1
traveling,1
gained,1
child,1
class,1
tedious,1
natural,1
progressed,1
member,1
miserables,1
es,1
hugo,1
victor,1
shortened,1
tender,1
ting,1
act,1
talk,1
walk,1
soon,1
grew,1
children,1
like,1
must,1
answer,1
hat,1
p,1
need,1
does,1
repose,1
journey,1
closed,1
third,1
tragedy,1
intimates,1
preface,1
mine,1
use,1
american,1
pittsburgh,1
intervened,1
writing,1
permit,1
failing,1
undertaken,1
promised,1
beloved,1
memoirs,1
planned,1
originally,1
paris,1
appear,1
revealed,1
are,1
intensely,1
intimate,1
george,1
pp,1
arnold,1
four,1
each,1
actors,1
actually,1
e,1
introduction,1
century,1
twentieth,1
birthplace,1
become,1
town,1
ml,1
october,1
month,1
early,1
road,1
cheap,1
halt,1
tends,1
mi,1
filling,1
fill,1
humbly,1
magnificently,1
destiny,1
followed,1
merged,1
lights,1
sight,1
different,1
antique,1
tiny,1
anti,1
royal,1
anecdotes,1
piquant,1
evident,1
caprices,1
creature,1
entertainment,1
well,1
charmed,1
reserved,1
usually,1
salon,1
white,1
given,1
chosen,1
finally,1
la,1
considered,1
taste,1
british,1
question,1
red,1
w,1
give,1
city,1
hearing,1
present,1
box,1
queen,1
refused,1
voicing,1
report,1
receive,1
reused,1
similar,1
closely,1
sol,1
following,1
reply,1
costume,1
dots,1
corri,1
go,1
humiliating,1
understand,1
sure,1
invitation,1
gracious,1
honored,1
signor,1
majesty,1
ell,1
you,1
discussion,1
much,1
victoria,1
truth,1
mark,1
due,1
effect,1
delightful,1
r,1
doubt,1
rs,1
among,1
ranked,1
te,1
fling,1
lea,1
o,1
person,1
personality,1
print,1
appeared,1
name,1
visualized,1
glorious,1
stone,1
ping,1
step,1
remembered,1
remarkable,1
date,1
actual,1
obtained,1
chance,1
career,1
understanding,1
portals,1
triumphs,1
brilliant,1
hints,1
promise,1
gave,1
star,1
radiant,1
budding,1
forth,1
blossomed,1
young,1
way,1
thai,1
veritable,1
declared,1
critics,1
romeo,1
petals,1
roses,1
arms,1
told,1
clear,1
make,1
unconsciously,1
absorbingly,1
