term,count
the,31
of,29
and,16
a,16
to,14
that,12
in,9
are,9
is,9
s,8
his,7
as,6
it,5
there,5
this,5
for,5
stories,5
he,5
wells,5
at,4
one,4
not,4
out,4
which,3
with,3
would,3
mr,3
least,3
hg,3
but,3
even,3
l,3
most,3
body,3
or,3
through,2
work,2
enough,2
an,2
from,2
r,2
h,2
successful,2
ghosts,2
beyond,2
had,2
own,2
just,2
two,2
spirit,2
possession,2
mud,2
experience,2
by,2
any,2
space,2
things,2
been,2
time,2
new,2
earth,2
be,2
who,2
dream,2
such,2
if,2
twelve,2
scientific,2
g,2
being,1
character,1
ar,1
wonders,1
ghost,1
universal,1
busy,1
both,1
th,1
referred,1
tale,1
came,1
w,1
instead,1
haunt,1
forgot,1
particular,1
haunting,1
slid,1
requires,1
called,1
first,1
e,1
very,1
cleverly,1
here,1
class,1
suggested,1
people,1
latter,1
will,1
happen,1
explicable,1
ni,1
dwellers,1
on,1
little,1
where,1
matter,1
o,1
story,1
could,1
engage,1
m,1
hours,1
dubious,1
le,1
shop,1
pl,1
kind,1
miracle,1
so,1
easily,1
takes,1
place,1
children,1
minds,1
among,1
spiders,1
unpleasant,1
thing,1
whole,1
book,1
t,1
les,1
have,1
surely,1
show,1
entertainment,1
offers,1
nd,1
our,1
opinion,1
hy,1
looked,1
twenty,1
d,1
got,1
until,1
sympathetic,1
belled,1
him,1
himself,1
stolen,1
explains,1
how,1
dangerous,1
li,1
when,1
spirits,1
always,1
hovering,1
yearning,1
return,1
life,1
dialect,1
did,1
el,1
con,1
project,1
their,1
apparitions,1
bessel,1
well,1
temporary,1
absence,1
evil,1
manners,1
than,1
cockney,1
baker,1
reveal,1
entirely,1
phase,1
talent,1
remaining,1
deal,1
matters,1
only,1
mildly,1
bounds,1
all,1
written,1
mn,1
effectiveness,1
skill,1
criticism,1
last,1
quality,1
past,1
acquaintance,1
lead,1
ct,1
ill,1
ally,1
air,1
surprising,1
turn,1
dozen,1
seven,1
study,1
previous,1
volume,1
pp,1
york,1
charles,1
scribner,1
sons,1
certainly,1
pity,1
those,1
fond,1
psychic,1
prophetic,1
moods,1
should,1
fall,1
read,1
fear,1
finding,1
themselves,1
launched,1
upon,1
some,1
wildly,1
imaginings,1
characterize,1
war,1
worlds,1
genius,1
ha,1
taken,1
apparently,1
co,1
droller,1
char,1
incidents,1
enliven,1
gems,1
entitled,1
ir,1
treasure,1
u,1
i,1
hint,1
them,1
remind,1
anything,1
ever,1
before,1
sig,1
novice,1
can,1
depict,1
moment,1
notice,1
fr,1
good,1
were,1
product,1
er,1
ev,1
cobs,1
transfer,1
late,1
day,1
though,1
thee,1
intervals,1
prove,1
has,1
entire,1
change,1
heart,1
no,1
tempted,1
readers,1
while,1
fiction,1
possible,1
probable,1
achievements,1
future,1
say,1
three,1
nearly,1
old,1
vein,1
ope,1
ting,1
better,1
