term,count
the,27
of,20
j,14
and,14
is,12
i,12
writing,9
a,9
in,9
to,8
that,8
for,8
children,7
as,6
robinson,5
stories,5
miss,5
good,5
or,5
story,5
juvenile,5
s,4
more,4
are,4
with,4
it,4
an,4
these,3
needs,3
o,3
from,3
he,3
who,3
hero,3
her,3
read,3
new,3
child,3
books,3
not,3
college,3
they,2
over,2
technique,2
writer,2
must,2
be,2
himself,2
p,2
which,2
about,2
d,2
so,2
theme,2
his,2
mabel,2
by,2
there,2
english,2
h,2
novel,2
on,2
him,2
field,2
but,2
their,2
year,2
tho,2
them,2
other,2
special,2
people,2
literature,2
has,2
adults,1
best,1
even,1
very,1
transient,1
far,1
nearly,1
little,1
usually,1
art,1
reason,1
practical,1
amusing,1
wide,1
range,1
material,1
equaled,1
no,1
then,1
too,1
takes,1
seriously,1
applies,1
compares,1
remodels,1
self,1
fit,1
standards,1
identifies,1
following,1
renders,1
arc,1
well,1
worth,1
pleasing,1
according,1
third,1
serious,1
its,1
really,1
fairy,1
composition,1
chapters,1
full,1
sense,1
most,1
cases,1
obvious,1
beginner,1
likely,1
overlook,1
adventure,1
animal,1
points,1
school,1
keep,1
mind,1
forward,1
sys,1
schoolboy,1
reads,1
girl,1
deep,1
io,1
newest,1
planning,1
technical,1
such,1
old,1
women,1
heidi,1
sawyer,1
being,1
r,1
after,1
succeeding,1
groups,1
f,1
young,1
us,1
age,1
passes,1
pension,1
interesting,1
author,1
consideration,1
th,1
general,1
problems,1
layman,1
almost,1
much,1
professional,1
exciting,1
tin,1
anything,1
she,1
gap,1
tory,1
based,1
short,1
upon,1
modern,1
al,1
thesis,1
pot,1
physically,1
inking,1
way,1
childhood,1
maturity,1
certain,1
entirely,1
different,1
adult,1
reach,1
into,1
reading,1
elsewhere,1
only,1
tilled,1
tile,1
written,1
book,1
joy,1
l,1
ph,1
pp,1
york,1
co,1
experiments,1
psychology,1
becoming,1
numerous,1
every,1
day,1
wake,1
come,1
scientific,1
education,1
entertainment,1
teaching,1
at,1
columbia,1
university,1
found,1
place,1
person,1
understands,1
can,1
make,1
heard,1
when,1
requires,1
types,1
u,1
besides,1
specialized,1
method,1
meet,1
immature,1
inexperienced,1
why,1
try,1
write,1
mis,1
answer,1
prompt,1
spirited,1
fun,1
need,1
have,1
love,1
may,1
always,1
c,1
speech,1
nevertheless,1
adequate,1
response,1
one,1
first,1
things,1
admitted,1
tastes,1
do,1
care,1
this,1
greatest,1
stamps,1
importance,1
slowly,1
evolves,1
unconscious,1
standard,1
recognition,1
brings,1
same,1
kind,1
assurance,1
modem,1
