term,count
the,66
of,42
and,29
to,28
a,23
in,18
her,14
is,14
s,10
she,9
that,9
as,8
with,7
it,7
nymph,7
constant,7
kennedy,7
i,6
for,5
who,5
margaret,5
an,5
author,5
his,5
this,5
by,5
lyndon,5
agatha,5
but,5
not,4
one,4
on,4
was,4
its,4
has,4
both,4
first,4
ladies,4
novel,3
their,3
husband,3
cousin,3
most,3
sentence,3
be,3
at,3
point,3
all,3
heroine,3
e,3
book,3
from,3
seem,3
more,3
young,2
which,2
far,2
mother,2
cocks,2
miss,2
though,2
case,2
there,2
would,2
than,2
lewis,2
abnormal,2
life,2
london,2
view,2
work,2
never,2
end,2
been,2
family,2
doubts,2
fine,1
old,1
wahl,1
revolts,1
mistress,1
con,1
proprieties,1
regard,1
tardy,1
ancestral,1
enjoys,1
appears,1
what,1
o,1
really,1
loved,1
dwell,1
structure,1
activities,1
absence,1
technical,1
own,1
upon,1
ely,1
country,1
yours,1
ever,1
position,1
discovery,1
difficult,1
very,1
half,1
lover,1
woman,1
elopes,1
physician,1
death,1
re,1
already,1
r,1
unaware,1
arms,1
slough,1
higher,1
petty,1
sensuality,1
into,1
resistance,1
hereafter,1
conscience,1
condones,1
succumbs,1
through,1
prematurely,1
drives,1
renounces,1
removed,1
obstacles,1
resents,1
disapproval,1
then,1
comes,1
visit,1
widow,1
gradually,1
herself,1
however,1
icily,1
returns,1
eli,1
do,1
effect,1
parentage,1
amazing,1
reality,1
commonplace,1
explained,1
fully,1
heredity,1
circus,1
q,1
just,1
forced,1
novels,1
merely,1
while,1
inevitable,1
curtain,1
tragic,1
crash,1
final,1
resorted,1
courage,1
sanger,1
man,1
disease,1
only,1
rose,1
such,1
produce,1
years,1
two,1
nowhere,1
fiery,1
foreshadows,1
feebly,1
wife,1
whom,1
proletarian,1
phlegm,1
james,1
artist,1
rebel,1
genius,1
approbation,1
care,1
bestows,1
lost,1
heart,1
tendency,1
discouraging,1
put,1
he,1
enough,1
z,1
important,1
devoted,1
situs,1
about,1
thing,1
after,1
like,1
stage,1
off,1
occurs,1
action,1
fact,1
portray,1
rather,1
character,1
describe,1
paper,1
had,1
conveniently,1
eases,1
wherein,1
affair,1
love,1
triangular,1
fated,1
ill,1
group,1
complex,1
preoccupied,1
between,1
come,1
generic,1
faint,1
positive,1
no,1
offer,1
could,1
yet,1
emotionally,1
age,1
mating,1
felt,1
entirely,1
attention,1
persons,1
true,1
seems,1
vital,1
nothing,1
reputation,1
enhances,1
often,1
forebear,1
public,1
reading,1
acquaints,1
t,1
post,1
evening,1
saturday,1
contributor,1
blithe,1
sinclair,1
joined,1
praising,1
will,1
careful,1
plot,1
amour,1
procedure,1
wavering,1
detail,1
choice,1
fastidious,1
diction,1
same,1
buy,1
marked,1
fire,1
misses,1
frankly,1
sold,1
woefully,1
ha,1
feel,1
when,1
days,1
tile,1
fall,1
make,1
should,1
publishers,1
natural,1
heels,1
reprint,1
swift,1
even,1
publication,1
success,1
accept,1
prompt,1
firm,1
publishing,1
if,1
net,1
ltd,1
william,1
use,1
boost,1
back,1
last,1
dating,1
air,1
free,1
revive,1
harcourt,1
hat,1
strength,1
season,1
arlen,1
previous,1
michael,1
volumes,1
four,1
out,1
bring,1
inspired,1
so,1
obscure,1
characters,1
tack,1
substance,1
eighteen,1
help,1
believes,1
now,1
blair,1
affection,1
g,1
recovered,1
poses,1
seriousness,1
eligible,1
appalling,1
th,1
treating,1
ends,1
taste,1
testimony,1
perpetual,1
wardrobe,1
loves,1
baronet,1
entertainment,1
l,1
pages,1
many,1
stepmother,1
domination,1
escape,1
trying,1
brother,1
law,1
ex,1
marries,1
comp,1
problems,1
finds,1
john,1
sir,1
wedding,1
chapter,1
him,1
whose,1
places,1
wanting,1
decades,1
owed,1
bachelors,1
distinguished,1
number,1
quite,1
contained,1
century,1
twentieth,1
hope,1
mrs,1
gives,1
opening,1
effectual,1
makes,1
speed,1
insight,1
satiric,1
sustained,1
celibacy,1
jude,1
them,1
bright,1
accompanied,1
bits,1
mr,1
silent,1
beautiful,1
describing,1
starts,1
beginning,1
contrary,1
poised,1
tone,1
prevailing,1
fulfilled,1
promise,1
force,1
de,1
tour,1
sophisticated,1
lee,1
