term,count
the,33
of,28
to,20
in,16
her,14
and,13
was,11
pelham,11
his,10
a,10
darrell,9
that,8
with,7
elizabeth,6
all,6
for,6
had,6
he,6
after,5
she,5
love,4
old,4
not,4
or,4
has,4
s,4
but,3
when,3
davis,3
so,3
at,3
herself,3
two,3
by,3
mr,3
whose,2
who,2
father,2
out,2
nd,2
these,2
brandon,2
without,2
himself,2
simple,2
senator,2
men,2
poor,2
husband,2
africa,2
face,2
however,2
carried,2
friend,2
it,2
found,2
gentleman,2
anne,2
which,2
intellectual,2
lady,2
interest,2
washington,2
up,2
very,2
young,2
book,2
characters,2
actions,2
is,2
mrs,2
society,2
only,2
one,1
divorcing,1
live,1
are,1
weakness,1
be,1
strength,1
decided,1
gravel,1
marry,1
rend,1
wife,1
fighter,1
there,1
another,1
rough,1
daughter,1
besides,1
tortuous,1
courageous,1
story,1
tooth,1
wanted,1
hatred,1
last,1
faith,1
deserts,1
through,1
him,1
mankind,1
this,1
according,1
state,1
depression,1
fell,1
easily,1
into,1
what,1
net,1
wealthy,1
scorn,1
from,1
west,1
living,1
opposite,1
enlist,1
used,1
sufficiently,1
getting,1
flaunting,1
position,1
t,1
frank,1
irrepressible,1
cowed,1
happiest,1
moment,1
employed,1
taking,1
heart,1
kind,1
wind,1
sails,1
some,1
upstart,1
nouveau,1
gr,1
bullied,1
bad,1
nephew,1
law,1
right,1
white,1
nail,1
haired,1
ill,1
fighting,1
affairs,1
sara,1
sisters,1
frightened,1
stories,1
handsome,1
james,1
goes,1
saying,1
made,1
as,1
yet,1
h,1
already,1
been,1
gen,1
code,1
ar,1
mmes,1
honor,1
millions,1
weight,1
under,1
ls,1
most,1
lovable,1
man,1
came,1
suddenly,1
winding,1
wall,1
capital,1
fifteen,1
twenty,1
years,1
ago,1
mushroom,1
growth,1
wealth,1
become,1
widespread,1
dough,1
long,1
line,1
gentle,1
ancestors,1
member,1
fast,1
disappearing,1
type,1
hearted,1
virginian,1
met,1
charity,1
ball,1
flocked,1
readers,1
introduces,1
visiting,1
imagination,1
money,1
illustrated,1
mo,1
new,1
york,1
macmillan,1
company,1
manner,1
writing,1
leaves,1
little,1
does,1
officers,1
reveal,1
also,1
train,1
thoughts,1
lead,1
those,1
nevertheless,1
full,1
beginning,1
arrival,1
englishmen,1
both,1
tell,1
win,1
ms,1
died,1
versus,1
misfortune,1
meanwhile,1
gone,1
learned,1
property,1
fallen,1
heir,1
entailed,1
descended,1
next,1
relative,1
kin,1
hands,1
canny,1
scotch,1
attorney,1
thought,1
acting,1
wisely,1
client,1
pressed,1
sadly,1
soon,1
distant,1
bride,1
even,1
india,1
accompanied,1
devoted,1
companionship,1
though,1
an,1
honorable,1
gallant,1
peer,1
cousin,1
hugh,1
realized,1
inherited,1
mistake,1
marrying,1
instead,1
never,1
faltered,1
duty,1
nor,1
did,1
prove,1
false,1
trust,1
each,1
