term,count
the,151
of,100
a,59
is,51
and,46
i,38
in,34
to,34
it,29
that,20
not,17
s,15
which,14
for,14
story,14
by,14
t,13
at,12
his,11
with,11
be,11
all,10
are,10
or,10
an,10
this,9
th,9
one,8
if,8
may,8
he,7
who,6
as,6
only,5
even,5
any,5
we,5
upon,5
our,5
c,5
l,5
quality,5
young,5
e,5
they,4
other,4
these,4
yet,4
o,4
volume,4
have,4
f,4
man,4
n,4
r,4
on,4
thing,4
h,4
old,4
most,4
you,4
u,4
thai,3
more,3
content,3
much,3
far,3
contribution,3
hy,3
high,3
into,3
horse,3
modern,3
very,3
author,3
been,3
hostages,3
out,3
arlen,3
mr,3
like,3
little,3
hughes,3
fifteen,3
has,3
from,3
narrative,2
b,2
k,2
called,2
properly,2
its,2
reader,2
motive,2
q,2
tales,2
would,2
does,2
them,2
might,2
manner,2
air,2
than,2
advantage,2
own,2
cover,2
line,2
enough,2
provide,2
j,2
her,2
tragic,2
perhaps,2
behind,2
along,2
cheap,2
another,2
neither,2
y,2
there,2
kept,2
will,2
title,2
garden,2
reprobate,2
modernity,2
fortune,2
two,2
she,2
osbert,2
note,2
women,2
after,2
elderly,2
british,2
ha,2
spring,2
mountain,2
pretty,2
tellers,2
just,2
king,2
youngster,2
v,2
up,2
deal,2
us,2
love,2
arnold,2
ce,2
naomi,2
hill,2
being,2
bunked,2
georgian,2
collection,2
invention,2
stories,2
michael,2
way,2
bit,2
difference,2
hartley,2
richard,2
particularly,2
huxley,2
impulse,2
hugh,2
number,2
facile,2
against,2
years,2
read,2
furnish,2
present,2
walls,2
single,2
d,2
po,2
many,2
coloration,2
intellectual,2
time,2
pro,2
war,2
writing,2
particular,2
tale,2
bored,2
nature,2
style,2
count,2
interest,2
bunk,2
emulation,1
three,1
endeavor,1
consider,1
youths,1
survivor,1
hanged,1
go,1
band,1
transcendently,1
holding,1
m,1
tribute,1
achieved,1
magi,1
furnishes,1
feat,1
kipling,1
verisimilitude,1
manly,1
toward,1
kinsfolk,1
g,1
rival,1
slave,1
woman,1
city,1
handled,1
macgregor,1
el,1
liter,1
x,1
di,1
lies,1
merit,1
collected,1
fortuitously,1
company,1
members,1
equally,1
heads,1
goes,1
whatever,1
elixir,1
infects,1
influence,1
presumably,1
victorian,1
marriage,1
propose,1
accompanied,1
make,1
kin,1
irresistible,1
music,1
among,1
revived,1
jon,1
ill,1
beck,1
paid,1
hay,1
simplicity,1
index,1
fa,1
no,1
distributed,1
remaining,1
article,1
follow,1
true,1
never,1
inviting,1
approaches,1
find,1
book,1
believe,1
hard,1
age,1
well,1
theme,1
handling,1
mere,1
real,1
counted,1
elf,1
rio,1
sen,1
hanging,1
short,1
gully,1
taking,1
drive,1
team,1
ff,1
word,1
highway,1
al,1
handy,1
ii,1
often,1
ix,1
gt,1
hat,1
lack,1
lira,1
conviction,1
tory,1
bel,1
away,1
job,1
part,1
made,1
action,1
third,1
ilia,1
rt,1
eva,1
tinder,1
belonging,1
nd,1
hr,1
ought,1
te,1
insisted,1
consideration,1
recruit,1
what,1
clever,1
lil,1
populace,1
pity,1
pride,1
indulge,1
inextinguishable,1
penchant,1
melodrama,1
under,1
mask,1
good,1
fate,1
ia,1
looking,1
deadly,1
ear,1
sentiment,1
driven,1
outrageous,1
flings,1
fear,1
because,1
expected,1
should,1
great,1
justify,1
selection,1
miscellaneous,1
writings,1
revealed,1
so,1
unmistakably,1
wind,1
current,1
mode,1
qt,1
wounds,1
allowance,1
ion,1
yarn,1
regard,1
done,1
proxy,1
sporting,1
translated,1
vernacular,1
generation,1
doe,1
dealing,1
thwarts,1
am,1
de,1
sling,1
includes,1
racing,1
fact,1
twist,1
shall,1
climbing,1
their,1
those,1
eon,1
climb,1
alp,1
observed,1
carefully,1
provided,1
protective,1
scoffer,1
melodramatic,1
material,1
human,1
pa,1
reason,1
pleasant,1
reading,1
contrast,1
pure,1
hound,1
lover,1
business,1
dishonest,1
sort,1
ready,1
girt,1
preserved,1
fulls,1
without,1
sport,1
price,1
led,1
oppose,1
was,1
buy,1
couple,1
hunt,1
honest,1
blank,1
famous,1
died,1
anti,1
practical,1
ethic,1
makes,1
living,1
p,1
form,1
public,1
entertainment,1
pat,1
quire,1
admirable,1
satirical,1
ho,1
diary,1
lately,1
paying,1
engaged,1
penalty,1
silence,1
quite,1
freeze,1
blood,1
failure,1
suspected,1
imposed,1
frustrated,1
importance,1
utter,1
ending,1
writer,1
record,1
hut,1
dumb,1
scream,1
thud,1
dull,1
springing,1
artful,1
preparation,1
trick,1
mastery,1
surprisingly,1
murder,1
horror,1
five,1
poe,1
school,1
substance,1
come,1
point,1
aim,1
appeal,1
literary,1
stomachs,1
undeniable,1
hal,1
skill,1
applied,1
piece,1
cookery,1
integer,1
whichever,1
ida,1
lord,1
thus,1
itself,1
sets,1
calculated,1
common,1
appetizer,1
first,1
absent,1
indeed,1
surmised,1
proof,1
suppose,1
factory,1
arm,1
product,1
finished,1
bomb,1
dud,1
turns,1
explosive,1
when,1
proportional,1
largest,1
sons,1
squire,1
horace,1
portraits,1
new,1
york,1
putnam,1
hi,1
minute,1
brock,1
here,1
moment,1
george,1
england,1
unread,1
smith,1
penn,1
frank,1
palmer,1
montague,1
jesse,1
tennyson,1
aldous,1
forster,1
em,1
armstrong,1
martin,1
chiefly,1
excel,1
authors,1
afraid,1
writers,1
united,1
states,1
arbitrary,1
re,1
hunk,1
proportion,1
words,1
denied,1
hardly,1
ell,1
lest,1
co,1
outstanding,1
er,1
between,1
mentality,1
lush,1
ones,1
ultimate,1
each,1
damning,1
ar,1
amount,1
connote,1
roughly,1
higher,1
fairly,1
hold,1
capture,1
power,1
estimated,1
intrinsically,1
average,1
represented,1
ont,1
impudence,1
cheviot,1
projection,1
agency,1
providing,1
peron,1
financial,1
ls,1
superfluous,1
everybody,1
period,1
fifty,1
future,1
supposition,1
few,1
next,1
set,1
limited,1
comfort,1
continental,1
bavaria,1
rate,1
second,1
planted,1
guest,1
dozen,1
dons,1
tangled,1
expose,1
jew,1
wandering,1
stand,1
w,1
item,1
instead,1
post,1
full,1
every,1
journalist,1
maid,1
several,1
youngish,1
whom,1
kissed,1
gets,1
helium,1
caught,1
but,1
blamed,1
seems,1
gilbert,1
immortal,1
soldier,1
choleric,1
arriving,1
embittered,1
thwarted,1
include,1
actors,1
left,1
considerately,1
morals,1
manners,1
state,1
civilization,1
machinery,1
reproach,1
term,1
appears,1
solid,1
interesting,1
take,1
veneer,1
rank,1
odalisque,1
oriental,1
audacity,1
got,1
lr,1
license,1
attempt,1
east,1
better,1
wider,1
range,1
mexican,1
concludes,1
reduced,1
impossible,1
thu,1
contrivance,1
maternal,1
unblushing,1
market,1
shave,1
transformed,1
galileo,1
rose,1
nobleman,1
rich,1
look,1
snobbery,1
sense,1
latin,1
impropriety,1
jangles,1
sake,1
italy,1
long,1
too,1
extended,1
inferred,1
episode,1
imagination,1
precisely,1
plea,1
birthright,1
give,1
incidentally,1
background,1
colored,1
agreeably,1
liberty,1
father,1
enjoying,1
parent,1
respectability,1
hitched,1
lieutenant,1
dashing,1
figure,1
res,1
reversal,1
gains,1
frescoes,1
excellent,1
son,1
plump,1
special,1
