term,count
the,154
of,105
and,52
in,46
a,35
to,34
as,20
was,19
that,18
he,17
his,15
with,15
were,14
chambers,14
mr,13
for,13
they,13
which,12
is,11
by,10
early,9
new,9
from,9
it,8
i,8
time,7
first,7
on,7
american,7
whom,7
at,7
mississippi,7
their,7
when,7
not,6
who,6
be,6
valley,6
life,6
but,6
s,6
history,6
one,5
story,5
great,5
french,5
had,5
states,5
has,5
english,5
days,5
upon,5
louisiana,5
this,4
than,4
country,4
no,4
out,4
its,4
author,4
colonists,4
been,4
pollock,4
into,4
well,4
have,4
people,3
these,3
part,3
after,3
him,3
made,3
orleans,3
casket,3
young,3
true,3
governor,3
claiborne,3
virginia,3
or,3
united,3
colony,3
name,3
america,3
other,3
writes,3
general,3
some,3
wealth,3
any,3
an,3
beyond,3
pot,3
westward,3
way,3
region,3
there,3
many,3
good,3
while,3
west,3
melting,3
seaboard,2
could,2
variety,2
beginnings,2
stock,2
moved,2
greater,2
characterized,2
o,2
entered,2
account,2
proportion,2
tells,2
turned,2
sent,2
lost,2
far,2
old,2
elements,2
end,2
all,2
hold,2
corn,2
york,2
does,2
priest,2
germans,2
appointed,2
state,2
agent,2
almost,2
americans,2
spanish,2
c,2
henry,2
we,2
day,2
being,2
says,2
may,2
work,2
times,2
book,2
up,2
revolution,2
much,2
about,2
race,2
received,2
including,2
every,2
boone,2
study,2
men,2
most,2
civilization,2
original,2
gives,2
them,2
subject,2
robert,2
important,2
government,2
hopkins,2
form,2
courtesy,2
indian,2
flowing,2
because,2
little,2
establish,2
pleasure,2
adams,2
over,2
land,2
means,2
adventures,2
politics,2
same,2
place,2
women,2
too,2
should,2
historical,2
now,2
sources,2
valuable,2
such,2
various,1
bridal,1
selected,1
another,1
outfits,1
provided,1
generic,1
grants,1
necessary,1
belongings,1
pigs,1
cows,1
ample,1
horrors,1
offered,1
fare,1
pampered,1
affected,1
tastes,1
fastidious,1
prevailed,1
provisions,1
scarcity,1
heads,1
must,1
home,1
subjected,1
compared,1
girls,1
adulation,1
information,1
lockouts,1
learn,1
connection,1
trunk,1
small,1
carried,1
subordination,1
charmingly,1
class,1
spread,1
wilderness,1
slowly,1
carefully,1
finding,1
rich,1
valleys,1
passes,1
never,1
nevertheless,1
pays,1
tribute,1
clogged,1
persistence,1
whose,1
miles,1
thousands,1
penetrating,1
rivers,1
chain,1
erie,1
lake,1
journeys,1
canadians,1
colonial,1
throughout,1
britain,1
initiative,1
france,1
opinion,1
museum,1
curator,1
spirit,1
faltered,1
better,1
permanent,1
so,1
wives,1
picture,1
serious,1
attempt,1
plant,1
communities,1
built,1
striking,1
houses,1
correction,1
drawn,1
purpose,1
subsequently,1
written,1
johnston,1
mary,1
maids,1
jamestown,1
steamboats,1
recalls,1
la,1
girts,1
plied,1
opened,1
patrimony,1
splendid,1
possession,1
rivals,1
wresting,1
solidly,1
eat,1
excluded,1
pas,1
prisons,1
lawyers,1
unknown,1
fairness,1
devising,1
business,1
transactions,1
politeness,1
social,1
intercourse,1
kindly,1
each,1
neglect,1
community,1
strength,1
origins,1
courts,1
nomenclature,1
danced,1
pleasantly,1
names,1
proposal,1
patriarchs,1
fiske,1
looked,1
complacently,1
innocent,1
frolics,1
recreations,1
sanctioned,1
church,1
sabbath,1
religious,1
observances,1
familiar,1
gentle,1
influence,1
pleasant,1
ordinated,1
rove,1
less,1
personage,1
daniel,1
includes,1
tale,1
missouri,1
eminent,1
pioneer,1
becoming,1
comparable,1
magistrate,1
district,1
peace,1
passed,1
those,1
urge,1
irresistible,1
rivalries,1
scenes,1
devoid,1
turmoil,1
grant,1
exploitations,1
fierce,1
co,1
ulysses,1
conflicting,1
interests,1
holds,1
naturally,1
few,1
trekking,1
village,1
folk,1
au,1
promises,1
spouses,1
secretly,1
chuckled,1
presented,1
sombre,1
masks,1
anxiety,1
sorrow,1
put,1
close,1
based,1
evidently,1
revolt,1
vivid,1
turning,1
receiving,1
cupid,1
monotony,1
darts,1
tout,1
would,1
show,1
thing,1
two,1
thus,1
petticoat,1
insurrection,1
began,1
ail,1
locked,1
topography,1
dwellings,1
only,1
aimed,1
ms,1
remarkably,1
glance,1
northward,1
practical,1
impulse,1
mixed,1
log,1
rollings,1
quilting,1
bees,1
unfortunate,1
enjoyed,1
popular,1
festivals,1
holidays,1
frequency,1
robbed,1
saddling,1
more,1
perhaps,1
direction,1
customs,1
depicts,1
missourians,1
ideal,1
contrast,1
lit,1
rude,1
brawling,1
lithograph,1
adventurers,1
battle,1
derivative,1
traders,1
cincinnati,1
always,1
ia,1
strongly,1
steamboat,1
depict,1
bois,1
middle,1
last,1
century,1
services,1
performed,1
detail,1
voyageurs,1
whole,1
homogeneous,1
group,1
peopled,1
larger,1
despite,1
de,1
explorers,1
dutch,1
apart,1
phrase,1
implies,1
romantic,1
sweep,1
m,1
subjects,1
backwoods,1
brave,1
dances,1
stately,1
ceremonies,1
are,1
included,1
panorama,1
admixture,1
portion,1
typical,1
refugees,1
settlers,1
added,1
spaniards,1
revolutionary,1
santo,1
domingo,1
canary,1
descendants,1
islanders,1
sprinkling,1
several,1
types,1
william,1
cession,1
canadian,1
section,1
pennsylvania,1
points,1
maryland,1
strains,1
seemed,1
increase,1
distance,1
seating,1
witness,1
population,1
observation,1
remembered,1
lower,1
polyglot,1
went,1
came,1
range,1
wider,1
kept,1
atlantic,1
authors,1
shows,1
traces,1
origin,1
near,1
east,1
dedicates,1
done,1
memory,1
herbert,1
baxter,1
concluded,1
zest,1
quickened,1
investigators,1
make,1
oilman,1
can,1
e,1
pp,1
putnam,1
sons,1
course,1
takes,1
say,1
write,1
appalachians,1
yet,1
disclosed,1
noblest,1
offspring,1
opportunity,1
eminently,1
useful,1
professor,1
regard,1
scientifically,1
own,1
localities,1
treasures,1
material,1
held,1
past,1
university,1
present,1
favorite,1
saying,1
johns,1
golden,1
adam,1
delve,1
taught,1
students,1
inspiration,1
fountain,1
however,1
production,1
weighty,1
sparks,1
jared,1
writings,1
bis,1
books,1
output,1
individually,1
fellow,1
where,1
napoleon,1
credits,1
success,1
instrument,1
then,1
also,1
special,1
latter,1
capacity,1
chief,1
financing,1
commercial,1
george,1
rogers,1
dark,1
expedition,1
brilliant,1
enterprise,1
patrick,1
continental,1
world,1
regime,1
hie,1
adviser,1
governors,1
comparatively,1
brief,1
period,1
sided,1
controlling,1
possessed,1
marked,1
financial,1
skill,1
rapidly,1
acquired,1
successfully,1
executed,1
without,1
financier,1
sufferer,1
proverbial,1
ingratitude,1
republics,1
philadelphia,1
patriotic,1
vantage,1
powerful,1
point,1
share,1
opening,1
continent,1
full,1
credit,1
beside,1
find,1
war,1
annals,1
owed,1
penny,1
off,1
paid,1
release,1
debt,1
havana,1
imprisoned,1
fortune,1
late,1
sum,1
raised,1
backing,1
became,1
roved,1
dealing,1
soil,1
semblance,1
disparagement,1
humiliated,1
fact,1
having,1
sold,1
serfs,1
slights,1
duty,1
radically,1
different,1
accustomed,1
difficulties,1
brought,1
sensitive,1
watchful,1
ireland,1
territory,1
problem,1
called,1
americanization,1
friend,1
jefferson,1
receive,1
transferred,1
pride,1
authority,1
inclined,1
accept,1
us,1
high,1
tensioned,1
union,1
sentiment,1
between,1
empire,1
electing,1
figure,1
known,1
presenting,1
makers,1
free,1
performs,1
rest,1
functions,1
others,1
oliver,1
calls,1
morris,1
native,1
privilege,1
choice,1
office,1
administrative,1
duties,1
selection,1
admiration,1
esteem,1
change,1
disapproval,1
hate,1
smiles,1
die,1
animosity,1
see,1
lived,1
observes,1
down,1
