term,count
the,28
of,21
and,9
in,7
its,6
to,6
is,5
book,5
a,4
our,4
he,4
tibet,3
up,3
his,3
has,3
her,3
with,3
are,3
lhasa,3
author,3
about,3
have,2
on,2
wood,2
expedition,2
dragon,2
world,2
who,2
from,2
before,2
mystery,2
it,2
closed,2
people,2
they,2
col,2
by,2
grand,2
tibetan,2
for,2
their,2
year,2
adventurous,1
ates,1
prophecy,1
but,1
enter,1
travelers,1
now,1
yet,1
most,1
defying,1
centuries,1
roof,1
shrouded,1
stood,1
wreathed,1
d,1
romance,1
lam,1
undying,1
citadel,1
secret,1
fateful,1
another,1
fairy,1
do,1
lie,1
disenchanted,1
western,1
eyes,1
thus,1
alas,1
inevitably,1
cherished,1
secrets,1
romances,1
old,1
pagan,1
crumble,1
at,1
touch,1
modern,1
id,1
yielded,1
prince,1
opening,1
roused,1
nor,1
slumbers,1
doors,1
broken,1
down,1
dark,1
veil,1
nimbus,1
lifted,1
shrine,1
grotesque,1
cults,1
idolized,1
lama,1
sham,1
fulfillment,1
reproductions,1
says,1
mission,1
other,1
books,1
was,1
member,1
british,1
during,1
endeavored,1
give,1
this,1
writes,1
preface,1
an,1
authentic,1
account,1
s,1
himalayas,1
among,1
buddhism,1
which,1
third,1
forbidden,1
city,1
make,1
appearance,1
mysteries,1
co,1
austine,1
active,1
preparation,1
issue,1
very,1
soon,1
l,1
really,1
as,1
seen,1
homes,1
colored,1
pictures,1
taken,1
directly,1
nature,1
describes,1
customs,1
include,1
holidays,1
religion,1
monasteries,1
streets,1
tells,1
achievements,1
number,1
photographs,1
b,1
inhabitants,1
one,1
had,1
advantage,1
many,1
years,1
country,1
setting,1
lieut,1
out,1
recent,1
half,1
be,1
given,1
illustrations,1
hands,1
