term,count
the,59
of,33
in,21
and,19
a,19
to,16
it,14
is,12
death,12
at,10
j,9
not,9
they,9
i,8
that,8
as,8
s,8
which,8
war,7
with,7
by,6
have,6
their,5
its,5
but,5
be,5
one,4
before,4
undertaker,4
volume,4
from,4
or,4
wilson,4
garland,4
on,4
o,3
last,3
he,3
authors,3
are,3
had,3
his,3
when,3
was,3
bishop,3
done,3
dandy,3
would,3
like,3
pieces,3
other,3
for,3
this,3
swinburne,3
could,2
best,2
mr,2
prose,2
verse,2
mirror,2
being,2
beauty,2
pictures,2
even,2
them,2
hand,2
better,2
about,2
preface,2
sensitive,2
mind,2
college,2
seem,2
him,2
well,2
another,2
all,2
point,2
men,2
if,2
words,2
makes,2
perverted,2
france,2
there,2
powers,2
worst,2
present,2
perhaps,2
least,2
winter,2
because,2
press,2
no,2
page,2
piece,2
has,2
part,2
editor,2
jest,2
fair,2
ever,2
york,2
were,2
through,2
should,2
students,2
new,2
moment,2
yellow,1
sure,1
further,1
belongs,1
period,1
suffice,1
carries,1
sleep,1
p,1
book,1
damn,1
author,1
live,1
takes,1
baudelaire,1
manner,1
ought,1
unforgettable,1
so,1
out,1
stands,1
remember,1
only,1
either,1
roles,1
leading,1
howard,1
victorian,1
eugene,1
pagan,1
funeral,1
romantic,1
chorus,1
gordon,1
stage,1
poet,1
swayed,1
garden,1
lyric,1
passion,1
vital,1
breaks,1
half,1
fling,1
conquered,1
also,1
die,1
same,1
double,1
majority,1
dramatic,1
used,1
play,1
fashion,1
baron,1
reticent,1
parisian,1
service,1
romance,1
ex,1
much,1
two,1
soldier,1
resurrection,1
scenario,1
these,1
cowardice,1
justified,1
burst,1
invaluable,1
grenades,1
phrases,1
eat,1
against,1
into,1
arguments,1
reasons,1
canker,1
playing,1
using,1
after,1
messrs,1
nave,1
gangrene,1
passed,1
review,1
dying,1
eyes,1
do,1
moved,1
old,1
totters,1
will,1
probably,1
slowly,1
glass,1
mansfield,1
find,1
therein,1
grinning,1
phases,1
wide,1
terror,1
toothless,1
mist,1
apparition,1
can,1
certain,1
sen,1
richard,1
life,1
post,1
quarter,1
did,1
university,1
united,1
states,1
entered,1
world,1
thousands,1
joined,1
struggle,1
state,1
neither,1
great,1
danger,1
killed,1
may,1
escape,1
periodical,1
me,1
inevitable,1
impress,1
horrors,1
say,1
any,1
elevated,1
pulpit,1
barricaded,1
behind,1
an,1
editorial,1
desk,1
overpowering,1
princeton,1
vanity,1
latin,1
reader,1
dances,1
john,1
peale,1
edmund,1
jr,1
pp,1
alfred,1
knopf,1
most,1
issued,1
long,1
while,1
exactly,1
came,1
ready,1
former,1
hurt,1
window,1
rubbish,1
next,1
brought,1
up,1
short,1
power,1
sheer,1
brilliancy,1
some,1
passage,1
whirling,1
phantasmagoria,1
presence,1
stood,1
darkly,1
horror,1
indeed,1
statement,1
misunderstood,1
took,1
inspiration,1
dance,1
fifteenth,1
century,1
again,1
quote,1
people,1
devastated,1
wars,1
dramatized,1
lives,1
every,1
kind,1
comic,1
morality,1
content,1
equally,1
divided,1
between,1
centaur,1
village,1
might,1
written,1
living,1
today,1
acquainted,1
diverted,1
fruit,1
forces,1
combination,1
heart,1
seemed,1
rob,1
very,1
sun,1
splendor,1
make,1
stars,1
stab,1
knives,1
europe,1
reached,1
where,1
think,1
nothing,1
besides,1
young,1
minds,1
developed,1
facile,1
pen,1
returned,1
resumed,1
writings,1
cleverness,1
always,1
been,1
pessimism,1
result,1
likelihood,1
