term,count
the,132
of,75
and,52
in,47
a,37
to,36
s,22
models,20
mr,18
that,17
with,17
is,16
our,16
for,15
from,14
chatterton,13
i,13
by,13
are,12
this,12
we,12
their,12
american,11
was,11
which,11
but,10
on,10
were,9
as,8
her,8
these,8
not,8
model,8
sailing,8
ship,8
us,7
they,7
cloud,6
one,6
like,6
dutch,6
or,6
its,6
craft,6
pepys,6
sea,5
it,5
ships,5
many,5
he,5
colonel,5
h,5
his,5
eighteenth,4
century,4
de,4
under,4
there,4
first,4
british,4
has,4
museum,4
constitution,4
an,4
some,4
history,4
had,4
england,4
all,4
naval,4
toys,4
o,4
tea,4
while,4
about,3
nor,3
modern,3
flying,3
f,3
beautiful,3
nautical,3
eye,3
e,3
now,3
department,3
fine,3
romance,3
so,3
past,3
v,3
would,3
little,3
at,3
those,3
human,3
well,3
fighting,3
after,3
such,3
admiralty,3
period,3
ll,3
great,3
you,3
will,3
beauty,3
collection,3
famous,3
war,3
when,3
hi,2
built,2
y,2
here,2
make,2
because,2
building,2
if,2
amsterdam,2
been,2
ups,2
grown,2
celebrated,2
navy,2
ex,2
always,2
indulge,2
record,2
plates,2
constructed,2
schooner,2
veritable,2
london,2
landlubber,2
flagship,2
culver,2
william,2
north,2
carved,2
reminds,2
new,2
rogers,2
french,2
during,2
other,2
clippers,2
two,2
three,2
came,2
sail,2
wood,2
boucher,2
b,2
she,2
owe,2
does,2
tells,2
president,2
last,2
veriest,2
canvas,2
captured,2
c,2
van,2
rig,2
through,2
training,2
admiralties,2
early,2
royal,2
ways,2
age,2
salem,2
own,2
find,2
be,2
far,2
where,2
country,2
given,2
none,2
peabody,2
more,2
take,2
contemporary,2
launched,2
significant,2
america,2
t,2
edition,2
furnished,1
set,1
chief,1
child,1
thinking,1
xv,1
result,1
louis,1
resented,1
louvre,1
launching,1
careful,1
flemish,1
sort,1
dunkirk,1
year,1
touch,1
quarry,1
coveted,1
plaything,1
thirty,1
occasionally,1
distance,1
california,1
pathos,1
define,1
town,1
drake,1
documents,1
golden,1
china,1
sisters,1
vast,1
frigates,1
forty,1
hops,1
old,1
oriental,1
existence,1
sensational,1
apropos,1
event,1
since,1
arrival,1
mercury,1
packet,1
congress,1
victory,1
time,1
dockyard,1
revenge,1
commodity,1
monopoly,1
grenville,1
pelt,1
numerous,1
know,1
thence,1
sentiment,1
gems,1
size,1
racine,1
least,1
behaves,1
enjoy,1
yet,1
childhood,1
second,1
playthings,1
marine,1
beaten,1
esq,1
scarcely,1
feet,1
six,1
five,1
length,1
attaining,1
present,1
only,1
decorated,1
lovely,1
public,1
let,1
fletcher,1
typical,1
whilom,1
phillips,1
world,1
fidelity,1
rigged,1
ag,1
possession,1
united,1
bone,1
sails,1
perfect,1
hand,1
prisoner,1
ascribed,1
once,1
reviewer,1
another,1
ample,1
prisons,1
hulks,1
meal,1
u,1
proud,1
maritime,1
prisoners,1
close,1
th,1
shipwright,1
carry,1
states,1
baltic,1
concerned,1
trade,1
india,1
heyday,1
tromp,1
americans,1
supremacy,1
fl,1
glorious,1
garner,1
repeal,1
ready,1
forsook,1
small,1
navigation,1
herring,1
reasons,1
aft,1
attention,1
sturdier,1
clings,1
vain,1
look,1
n,1
en,1
even,1
nineteenth,1
navigating,1
laws,1
rainbow,1
fore,1
deane,1
heard,1
anthony,1
name,1
sir,1
holland,1
appeared,1
wend,1
stern,1
characteristically,1
clipper,1
yacht,1
decade,1
luxurious,1
utilitarianism,1
herrings,1
york,1
have,1
said,1
fishing,1
harbor,1
fourth,1
fifth,1
waterways,1
inland,1
maria,1
forgotten,1
philadelphia,1
water,1
able,1
european,1
fact,1
omission,1
chesapeake,1
await,1
still,1
shannon,1
brake,1
lent,1
enthusiast,1
english,1
southampton,1
furnish,1
opponents,1
four,1
disabling,1
hook,1
lumber,1
sandy,1
off,1
near,1
poll,1
tr,1
remarked,1
decatur,1
impetus,1
marvelous,1
californian,1
guns,1
danes,1
gold,1
consequent,1
east,1
trading,1
transition,1
ff,1
destroyed,1
rectifying,1
society,1
fellows,1
discovery,1
messrs,1
single,1
made,1
help,1
enlist,1
do,1
however,1
them,1
manning,1
gave,1
hard,1
too,1
times,1
parlous,1
national,1
books,1
duplicates,1
june,1
studio,1
fad,1
become,1
suddenly,1
limited,1
prevailed,1
tradition,1
thai,1
walls,1
wooden,1
net,1
grew,1
acorns,1
dockyards,1
says,1
builders,1
circles,1
antiquarian,1
value,1
tremendous,1
give,1
see,1
tiering,1
seventeenth,1
left,1
sheeted,1
silver,1
idea,1
spread,1
royalty,1
enthusiastic,1
collector,1
axed,1
naively,1
collect,1
casual,1
purposely,1
q,1
somewhat,1
hull,1
beauties,1
true,1
survivals,1
authentic,1
surely,1
mania,1
show,1
pages,1
charity,1
same,1
forgiven,1
purloining,1
him,1
charges,1
ethical,1
means,1
passion,1
ruling,1
position,1
official,1
text,1
used,1
hints,1
originals,1
before,1
either,1
tall,1
can,1
lanterns,1
loving,1
halftone,1
colored,1
study,1
shine,1
pleasure,1
wind,1
who,1
utilitarian,1
oldest,1
weather,1
invested,1
persistently,1
candles,1
mankind,1
round,1
shrine,1
sheer,1
joy,1
landlubbers,1
connoisseur,1
kipling,1
layman,1
unlike,1
appeal,1
sumptuous,1
most,1
poop,1
regret,1
completed,1
above,1
date,1
exquisite,1
hear,1
long,1
rive,1
ghosts,1
material,1
write,1
competent,1
drawn,1
j,1
studies,1
thunder,1
neath,1
leaping,1
education,1
board,1
figure,1
examples,1
choicest,1
head,1
young,1
service,1
greatest,1
format,1
cheaper,1
audience,1
wider,1
available,1
miniatures,1
practical,1
furtive,1
yorker,1
bestowed,1
praise,1
merit,1
pansy,1
form,1
review,1
fernandez,1
henry,1
contributions,1
hands,1
skill,1
architectural,1
fisherman,1
humble,1
merchant,1
soldier,1
offering,1
churches,1
sades,1
ame,1
forget,1
must,1
collections,1
edited,1
private,1
come,1
europe,1
schools,1
geoffrey,1
regretfully,1
owing,1
memorial,1
generosity,1
perquisites,1
regarded,1
eases,1
architect,1
glories,1
leaves,1
market,1
until,1
remained,1
preservation,1
orders,1
leaving,1
died,1
splendid,1
retired,1
georges,1
anne,1
reigns,1
serving,1
charles,1
rival,1
friend,1
collected,1
finest,1
comprises,1
los,1
metropolitan,1
exhibition,1
technical,1
fleet,1
centuries,1
air,1
over,1
gradual,1
celebrate,1
civilization,1
becoming,1
fast,1
ideas,1
represent,1
youth,1
respect,1
joint,1
compel,1
la,1
ruskin,1
professorial,1
d,1
ac,1
wittily,1
rosa,1
birdlike,1
shamelessly,1
lead,1
taste,1
mellow,1
discretion,1
years,1
uncertain,1
late,1
nursery,1
robbing,1
triumphs,1
kind,1
gusty,1
appreciate,1
build,1
varieties,1
genus,1
type,1
what,1
technicalities,1
draft,1
evolution,1
wins,1
infectious,1
fishermen,1
racing,1
gloucester,1
recovered,1
viking,1
story,1
fascinating,1
architecture,1
impermanence,1
greater,1
ardors,1
much,1
how,1
then,1
progress,1
celebrates,1
land,1
triumph,1
each,1
indifference,1
