term,count
the,25
of,25
in,9
it,7
a,7
and,6
greek,5
to,5
university,4
as,4
which,3
with,3
this,3
alexander,3
hellenism,3
was,3
that,2
has,2
ideas,2
at,2
period,2
but,2
six,2
making,2
most,2
egypt,2
s,2
who,2
chicago,2
empire,2
syria,2
includes,1
name,1
influence,1
world,1
chiefly,1
i,1
alexandria,1
along,1
hellenistic,1
ease,1
pass,1
civilization,1
ceased,1
furnished,1
meanwhile,1
exist,1
end,1
for,1
strong,1
too,1
conquest,1
lands,1
asia,1
immemorial,1
oldest,1
anti,1
minor,1
judea,1
suggests,1
contributed,1
christianity,1
we,1
know,1
he,1
does,1
not,1
suggest,1
so,1
many,1
do,1
wag,1
purely,1
human,1
cautiously,1
somewhat,1
dr,1
complete,1
th,1
t,1
various,1
people,1
widespread,1
nd,1
macedonia,1
all,1
here,1
jewish,1
doctrines,1
coming,1
from,1
india,1
served,1
death,1
start,1
beginning,1
several,1
aspects,1
life,1
devoted,1
himself,1
especially,1
great,1
books,1
diffused,1
measure,1
diluted,1
culture,1
called,1
specifically,1
on,1
number,1
reeks,1
history,1
progress,1
by,1
john,1
sometime,1
professor,1
ancient,1
dublin,1
vast,1
mo,1
pp,1
press,1
prof,1
written,1
such,1
presents,1
little,1
volume,1
influences,1
three,1
kingdoms,1
into,1
resolved,1
itself,1
conqueror,1
proper,1
sort,1
tracing,1
did,1
or,1
h,1
none,1
them,1
survey,1
rapid,1
is,1
content,1
their,1
l,1
summer,1
delivered,1
lectures,1
were,1
compose,1
chapters,1
study,1
lifetime,1
his,1
results,1
summary,1
evolutionary,1
