term,count
the,35
a,25
in,20
of,19
to,12
and,11
as,10
not,10
she,10
that,9
is,9
he,9
her,7
story,6
we,6
was,6
but,5
i,5
love,5
by,5
it,5
there,5
they,5
are,5
be,5
book,4
when,4
true,4
for,4
has,3
all,3
no,3
were,3
dreams,3
who,3
man,3
because,3
find,3
then,3
him,3
other,3
each,3
loved,3
way,2
came,2
beautiful,2
them,2
recognition,2
long,2
some,2
my,2
tastes,2
their,2
talked,2
many,2
one,2
from,2
need,2
sleep,2
room,2
met,2
upon,2
an,2
pilot,2
told,2
first,2
herself,2
with,2
so,2
good,2
only,2
dreaming,2
this,2
alma,2
itself,2
author,2
which,2
night,2
yet,2
have,2
us,2
line,2
much,1
new,1
again,1
between,1
company,1
had,1
site,1
sympathetic,1
mutual,1
interest,1
souls,1
come,1
t,1
finer,1
leads,1
material,1
minds,1
could,1
unite,1
n,1
happiness,1
time,1
seems,1
spiritual,1
somebody,1
else,1
knows,1
whether,1
gets,1
or,1
must,1
learned,1
welt,1
been,1
perfect,1
mystic,1
real,1
crowded,1
shadows,1
found,1
region,1
into,1
alike,1
both,1
india,1
did,1
lane,1
wisdom,1
title,1
plus,1
gives,1
pungency,1
own,1
startling,1
theories,1
possibilities,1
volume,1
following,1
indicated,1
though,1
art,1
may,1
altogether,1
convincing,1
reader,1
sure,1
excellent,1
deep,1
study,1
abstruse,1
subject,1
fiction,1
craftsman,1
mind,1
standing,1
about,1
awakened,1
suddenly,1
feeling,1
john,1
felt,1
presence,1
knew,1
tall,1
figure,1
bed,1
skillful,1
course,1
stranger,1
afterward,1
quite,1
explicit,1
believed,1
what,1
follows,1
newton,1
shows,1
being,1
substance,1
does,1
earnestly,1
our,1
d,1
earliest,1
thought,1
old,1
belief,1
people,1
feel,1
disregarded,1
prayer,1
before,1
going,1
lightly,1
dreamland,1
venture,1
forth,1
revelation,1
subconscious,1
unknown,1
ocean,1
f,1
great,1
astral,1
scriptures,1
lends,1
die,1
beneficent,1
appealing,1
through,1
bitterest,1
sorrow,1
secondary,1
however,1
consideration,1
abstract,1
less,1
none,1
rule,1
would,1
human,1
very,1
doubt,1
development,1
dented,1
convincingly,1
things,1
day,1
gracefully,1
says,1
sea,1
tile,1
clear,1
well,1
name,1
given,1
tact,1
names,1
used,1
anywhere,1
shown,1
fairly,1
amid,1
looking,1
meaning,1
assistance,1
individual,1
should,1
make,1
husband,1
ordinary,1
acceptation,1
phrase,1
wants,1
girl,1
reached,1
whose,1
such,1
often,1
married,1
person,1
young,1
woman,1
call,1
already,1
suffered,1
fancies,1
misplaced,1
affection,1
engaged,1
wealthy,1
needed,1
whom,1
loathes,1
errant,1
won,1
promise,1
fumble,1
once,1
aided,1
mother,1
urgently,1
universal,1
