term,count
the,88
of,62
and,38
a,26
to,24
or,20
in,18
is,17
i,12
for,11
not,11
have,9
s,9
that,9
he,8
will,7
which,7
been,7
political,7
one,7
smith,6
by,6
any,6
his,6
voter,6
it,5
may,5
congress,5
has,5
l,5
who,5
average,5
politics,5
american,4
al,4
book,4
under,4
c,4
be,4
other,4
at,4
information,4
professor,4
if,4
states,4
also,4
no,4
but,4
as,4
about,4
him,3
were,3
such,3
than,3
several,3
an,3
their,3
day,3
its,3
look,3
number,3
do,3
mr,3
time,3
governor,3
out,3
dictionary,3
united,3
place,3
acts,3
per,2
prove,2
perhaps,2
does,2
complete,2
vice,2
those,2
w,2
author,2
before,2
con,2
t,2
among,2
john,2
there,2
names,2
pet,2
with,2
first,2
explanations,2
designed,2
was,2
had,2
r,2
more,2
few,2
reading,2
e,2
however,2
case,2
on,2
like,2
after,2
himself,2
listed,2
country,2
ways,2
some,2
p,2
name,2
make,2
although,2
anti,2
way,2
league,2
various,2
mentioned,2
all,2
widely,2
phrase,2
record,1
makes,1
reference,1
study,1
curious,1
commissioner,1
german,1
union,1
spec,1
journal,1
unnecessary,1
rotter,1
liberties,1
daugherty,1
thai,1
body,1
philadelphia,1
hall,1
fight,1
print,1
old,1
only,1
reparations,1
lr,1
cr,1
rendered,1
voters,1
session,1
ons,1
ci,1
beginning,1
rule,1
dawes,1
except,1
every,1
find,1
presidency,1
superintendent,1
ten,1
feb,1
candidate,1
democratic,1
eye,1
hamilton,1
commandments,1
now,1
most,1
golden,1
advances,1
richer,1
g,1
j,1
directory,1
judge,1
accountability,1
recent,1
says,1
ch,1
hands,1
what,1
people,1
practically,1
fit,1
last,1
great,1
eater,1
marking,1
sound,1
policies,1
mellon,1
entitled,1
agree,1
debates,1
di,1
choose,1
history,1
added,1
they,1
desired,1
something,1
leave,1
occasionally,1
while,1
these,1
act,1
hundreds,1
pol,1
wall,1
ford,1
plutocrats,1
interventionists,1
insurgents,1
reds,1
muckrakers,1
boiling,1
kept,1
ought,1
five,1
blocks,1
least,1
aid,1
carpet,1
ballot,1
president,1
reservations,1
joining,1
referendum,1
better,1
popular,1
method,1
election,1
coming,1
wisely,1
mark,1
volstead,1
help,1
going,1
solve,1
whom,1
problems,1
commended,1
klan,1
need,1
viii,1
reader,1
baggers,1
lodges,1
oil,1
developed,1
involve,1
would,1
travels,1
birth,1
investigation,1
ad,1
designations,1
slang,1
many,1
so,1
land,1
appreciably,1
completely,1
cover,1
should,1
indeed,1
wide,1
field,1
notice,1
biographical,1
denied,1
scandal,1
vast,1
ties,1
add,1
factions,1
blue,1
spoils,1
banks,1
bargains,1
throats,1
another,1
reached,1
hunkers,1
labeled,1
dubbed,1
scene,1
amount,1
upon,1
appeared,1
boys,1
mountain,1
green,1
liberty,1
sons,1
colonies,1
del,1
historical,1
phrases,1
robinson,1
later,1
desiccated,1
include,1
material,1
offers,1
substitute,1
acceptable,1
expected,1
packages,1
convenient,1
education,1
expos,1
biog,1
willingly,1
whether,1
person,1
tl,1
entirely,1
serious,1
involved,1
mental,1
since,1
brief,1
presidents,1
suggests,1
parses,1
enriched,1
polluted,1
from,1
list,1
q,1
sure,1
ms,1
matters,1
legislative,1
territories,1
unsuccessful,1
connections,1
distinction,1
ordinary,1
persons,1
members,1
prominent,1
certain,1
cabinet,1
office,1
considerable,1
observation,1
appraising,1
burt,1
inform,1
effort,1
places,1
seek,1
opportunity,1
nor,1
neither,1
opinion,1
company,1
york,1
handy,1
new,1
pp,1
conrad,1
edward,1
macdonald,1
william,1
review,1
use,1
z,1
offered,1
volume,1
el,1
reasons,1
ex,1
letter,1
proper,1
found,1
value,1
practical,1
knowledge,1
co,1
them,1
truth,1
plan,1
aler,1
seekers,1
hard,1
probable,1
columns,1
over,1
might,1
up,1
student,1
ar,1
ks,1
view,1
neal,1
mis,1
party,1
labor,1
farmer,1
think,1
lome,1
de,1
lord,1
dow,1
georgia,1
court,1
crawford,1
massachusetts,1
andrew,1
fame,1
kansas,1
charles,1
wilkinson,1
general,1
commodore,1
supreme,1
dartmouth,1
lee,1
sic,1
little,1
defenses,1
adequate,1
securing,1
pose,1
war,1
world,1
prior,1
o,1
securities,1
college,1
h,1
northern,1
amendment,1
eleventh,1
pro,1
ia,1
ease,1
famous,1
trust,1
honored,1
including,1
canter,1
easiest,1
neglected,1
somewhat,1
periods,1
colonial,1
speaking,1
suffice,1
must,1
specifications,1
corn,1
course,1
es,1
orthodox,1
this,1
left,1
things,1
lists,1
damning,1
th,1
confront,1
entries,1
jan,1
otis,1
ans,1
ne,1
politic,1
men,1
military,1
missing,1
rumpus,1
hank,1
during,1
secretaries,1
jackson,1
seer,1
dickinson,1
washington,1
knox,1
incomplete,1
years,1
earlier,1
appear,1
trade,1
writs,1
omitted,1
praised,1
