term,count
the,115
of,77
to,48
and,48
a,48
in,44
that,27
his,24
is,23
he,21
s,20
as,16
by,15
it,15
was,15
who,12
from,12
with,12
at,9
an,9
t,9
l,8
were,8
some,8
i,8
most,8
their,8
all,7
on,7
one,7
tile,7
not,6
for,6
whistler,6
author,6
because,6
n,5
this,5
o,5
had,5
they,5
until,5
himself,5
or,5
among,4
character,4
be,4
spy,4
eddy,4
e,4
made,4
been,4
you,4
are,4
which,4
but,4
israel,4
henry,4
others,4
joseph,4
americans,4
fact,4
c,4
we,4
will,4
men,3
them,3
only,3
has,3
james,3
have,3
well,3
if,3
without,3
young,3
ha,3
world,3
uncommon,3
great,3
out,3
through,3
putnam,3
even,3
within,3
soldier,3
new,3
re,3
advertising,3
mr,3
do,3
into,3
palmer,3
marks,3
also,3
art,3
smith,3
two,3
unusual,3
according,3
mrs,3
other,3
no,2
old,2
artist,2
put,2
poseurs,2
man,2
such,2
good,2
cut,2
plain,2
succeed,2
pen,2
volume,2
did,2
q,2
white,2
few,2
master,2
anti,2
days,2
h,2
children,2
example,2
greatest,2
oscar,2
jackson,2
statement,2
whom,2
must,2
raised,2
does,2
south,2
wrote,2
general,2
clinton,2
while,2
point,2
edmund,2
lines,2
m,2
included,2
our,2
before,2
helper,2
get,2
might,2
less,2
said,2
remark,2
god,2
soul,2
wits,2
called,2
enough,2
when,2
lee,2
themselves,2
ir,2
time,2
came,2
beginning,2
though,2
years,2
news,2
him,2
william,2
command,2
x,2
she,2
would,2
next,2
theodore,2
american,2
three,2
own,2
g,2
native,2
u,2
b,2
don,2
train,2
success,2
whose,2
lived,2
roosevelt,2
biography,2
single,2
twenty,2
rugged,2
warrior,2
fame,2
there,2
once,2
sketches,2
george,2
common,2
fostered,1
ham,1
posing,1
stopped,1
quoted,1
er,1
ne,1
reply,1
repartee,1
acid,1
scar,1
ethan,1
allen,1
hail,1
martin,1
oft,1
wish,1
exclaimed,1
uncommonly,1
doughty,1
clever,1
misunderstood,1
spite,1
brig,1
russia,1
land,1
moment,1
analysis,1
pioneers,1
extraction,1
majority,1
amer,1
ca,1
team,1
ira,1
observe,1
peter,1
fighting,1
back,1
interesting,1
woods,1
return,1
poe,1
bears,1
managed,1
birth,1
incomprehensible,1
low,1
ell,1
fruit,1
honor,1
produce,1
just,1
apt,1
surroundings,1
sterile,1
nature,1
along,1
latin,1
tobe,1
explained,1
main,1
ion,1
theatrical,1
eccentric,1
lowell,1
quarrelsome,1
view,1
list,1
englanders,1
hand,1
nice,1
idea,1
require,1
notable,1
quite,1
ethics,1
vermont,1
timothy,1
stage,1
affect,1
day,1
stand,1
produced,1
connecticut,1
cultivated,1
practiced,1
ardently,1
boston,1
eared,1
neglected,1
qt,1
hour,1
dexter,1
whatever,1
circle,1
protest,1
assiduity,1
sett,1
public,1
sparring,1
partner,1
painters,1
west,1
gone,1
upon,1
ks,1
works,1
remains,1
phrase,1
conclude,1
evangelist,1
perpetrated,1
away,1
warned,1
verbal,1
now,1
warning,1
what,1
merits,1
so,1
clearly,1
recognized,1
longer,1
need,1
birthdays,1
received,1
playing,1
up,1
initial,1
giving,1
lectures,1
celebrated,1
president,1
temporarily,1
whipped,1
necessary,1
here,1
bumps,1
conforming,1
game,1
distressing,1
continued,1
page,1
plays,1
each,1
doctrine,1
judging,1
least,1
many,1
those,1
chosen,1
breaking,1
high,1
remained,1
merely,1
mormonism,1
heartily,1
type,1
charlatans,1
dates,1
dramatic,1
believe,1
star,1
universe,1
courtesy,1
apply,1
napoleon,1
rules,1
convinced,1
heroes,1
believes,1
outspoken,1
names,1
modern,1
mussolini,1
lincoln,1
coolidge,1
heyday,1
follow,1
every,1
week,1
random,1
innate,1
ease,1
certain,1
win,1
reserve,1
choose,1
truer,1
add,1
vital,1
deal,1
humbug,1
acting,1
andi,1
limits,1
ll,1
derange,1
true,1
average,1
admit,1
proposition,1
depressingly,1
attractive,1
mitchell,1
forerunner,1
kind,1
vt,1
being,1
negro,1
worth,1
sailor,1
both,1
r,1
parent,1
psychopathic,1
crusader,1
early,1
brilliant,1
profession,1
course,1
digging,1
mastered,1
mystery,1
guinea,1
books,1
quick,1
england,1
its,1
fenders,1
limelight,1
strong,1
political,1
arm,1
j,1
damn,1
therefore,1
face,1
theo,1
p,1
exceptions,1
rare,1
magic,1
twig,1
bespeaks,1
letters,1
cavity,1
read,1
lined,1
literature,1
concrete,1
strange,1
pair,1
leave,1
finder,1
unlettered,1
could,1
translate,1
appeals,1
meaning,1
discovered,1
golden,1
presence,1
byron,1
hero,1
lamb,1
charles,1
water,1
near,1
surface,1
prefer,1
illusion,1
soil,1
dared,1
slick,1
crowning,1
correctly,1
conjure,1
gall,1
southerner,1
millions,1
broad,1
black,1
red,1
bi,1
know,1
something,1
unconventional,1
ls,1
found,1
nathanael,1
am,1
doings,1
belief,1
perhaps,1
washington,1
historians,1
wold,1
individuals,1
devoted,1
conform,1
way,1
crank,1
marked,1
unwillingness,1
modest,1
duty,1
refused,1
play,1
lays,1
short,1
sharp,1
preface,1
adams,1
relative,1
learned,1
easiest,1
place,1
greene,1
apartment,1
riding,1
ran,1
farm,1
tamed,1
vicious,1
bull,1
donning,1
spurs,1
painting,1
robert,1
life,1
walter,1
animal,1
gained,1
repute,1
handed,1
layer,1
dozen,1
youngest,1
sense,1
hearty,1
rant,1
stonewall,1
handful,1
fat,1
ahead,1
let,1
go,1
corking,1
fighter,1
still,1
better,1
lie,1
never,1
strained,1
bluff,1
whether,1
remarks,1
haunted,1
rapid,1
lives,1
packed,1
dictionary,1
reasons,1
striking,1
book,1
first,1
objective,1
approach,1
journalese,1
treatment,1
second,1
recent,1
publications,1
excellent,1
proof,1
little,1
personalities,1
vivid,1
egotism,1
courted,1
thumbnail,1
chose,1
path,1
nonconformity,1
illustrated,1
pp,1
indianapolis,1
merrill,1
company,1
horace,1
green,1
beyond,1
endowed,1
determined,1
satisfactory,1
history,1
jacket,1
david,1
mary,1
laker,1
anthony,1
suffrage,1
alien,1
taxer,1
francis,1
died,1
given,1
texas,1
more,1
conspicuous,1
lay,1
us,1
forgotten,1
past,1
difference,1
about,1
shout,1
foreground,1
period,1
via,1
actions,1
leading,1
women,1
third,1
philosophy,1
shortest,1
road,1
differ,1
bluntly,1
humdrum,1
herd,1
keeping,1
self,1
wolf,1
neighborhood,1
th,1
down,1
united,1
states,1
mexico,1
central,1
america,1
southern,1
continent,1
arenas,1
make,1
strait,1
together,1
io,1
ability,1
vision,1
may,1
hastened,1
running,1
unite,1
should,1
railway,1
tom,1
cabin,1
havoc,1
directed,1
country,1
feelings,1
vere,1
robust,1
prevent,1
ills,1
committing,1
suicide,1
obscure,1
lodging,1
house,1
fate,1
lack,1
printed,1
ii,1
notice,1
different,1
manner,1
circles,1
wished,1
lit,1
puts,1
brush,1
evolved,1
pencil,1
etching,1
needle,1
tl,1
etty,1
handy,1
selected,1
ted,1
prince,1
tb,1
tho,1
system,1
hypnotic,1
influence,1
over,1
added,1
thereto,1
mot,1
powerful,1
forms,1
real,1
conviction,1
spread,1
abroad,1
your,1
side,1
uncle,1
editions,1
like,1
whites,1
shot,1
hunker,1
hill,1
res,1
famous,1
shoot,1
till,1
eyes,1
english,1
attributed,1
composed,1
heat,1
harry,1
humorous,1
sir,1
stony,1
reached,1
after,1
hours,1
eighteen,1
hound,1
married,1
pope,1
served,1
ye,1
war,1
distinguished,1
thirties,1
ace,1
burned,1
stare,1
temporary,1
widower,1
seven,1
miles,1
ct,1
agent,1
work,1
views,1
thick,1
skinned,1
include,1
hinton,1
rowan,1
pamphleteer,1
slavery,1
civil,1
held,1
var,1
extraordinary,1
hook,1
impending,1
crisis,1
how,1
meet,1
applied,1
can,1
accordingly,1
ordered,1
sent,1
montague,1
answer,1
gem,1
headquarters,1
august,1
enemy,1
service,1
taken,1
lurking,1
tried,1
condemned,1
shall,1
executed,1
flag,1
john,1
