term,count
the,59
of,49
and,25
a,23
to,21
is,16
his,14
in,13
he,12
i,12
with,12
that,11
they,10
for,10
who,8
from,8
him,7
had,7
will,7
as,6
all,6
it,6
not,6
an,6
have,6
their,5
has,5
other,5
this,5
or,5
by,4
been,4
what,4
heretic,4
these,4
gods,4
here,4
me,4
be,3
through,3
action,3
author,3
so,3
seen,3
at,3
men,3
matthew,3
mind,3
books,3
when,3
never,3
must,3
face,3
manifest,2
regarding,2
are,2
reader,2
you,2
sketches,2
group,2
last,2
another,2
around,2
traditions,2
now,2
let,2
any,2
which,2
one,2
did,2
final,2
studies,2
s,2
full,2
drawn,2
themselves,2
sees,2
but,2
was,2
its,2
bitter,2
method,2
nor,2
far,2
out,2
sin,2
there,2
whose,2
most,2
every,2
rather,2
too,2
know,2
if,2
sure,2
critic,2
stories,2
inner,2
exactly,2
man,2
single,2
on,2
found,2
since,2
expect,2
writer,2
can,2
own,2
example,2
analysis,2
definite,2
quality,2
finally,2
whom,2
van,2
first,2
certain,2
provinces,2
material,2
claiming,1
secret,1
take,1
should,1
she,1
end,1
mulled,1
j,1
impact,1
vacillating,1
lies,1
nd,1
grace,1
think,1
indeterminate,1
vague,1
unceasingly,1
gnawed,1
conscience,1
regard,1
gives,1
grows,1
son,1
does,1
thinks,1
about,1
carries,1
recovery,1
many,1
satisfy,1
hess,1
piece,1
irony,1
finest,1
humor,1
telling,1
complains,1
value,1
breadth,1
mot,1
her,1
convention,1
tired,1
life,1
sadly,1
psychological,1
d,1
sustained,1
carefully,1
winter,1
much,1
wait,1
indiscriminate,1
using,1
yet,1
die,1
job,1
find,1
hard,1
chance,1
forgive,1
study,1
death,1
yes,1
dilemma,1
broken,1
meticulous,1
high,1
back,1
innate,1
doctor,1
spiritual,1
lacked,1
lady,1
them,1
sharply,1
phrase,1
once,1
th,1
t,1
excellent,1
perhaps,1
courage,1
honor,1
stigmata,1
looking,1
neither,1
bring,1
proclaim,1
contradictions,1
declares,1
science,1
history,1
suspend,1
my,1
absurdities,1
judgment,1
sacred,1
do,1
god,1
having,1
changes,1
scourge,1
among,1
disagree,1
morals,1
over,1
scheduled,1
dishonored,1
mistaken,1
confess,1
eventually,1
often,1
fact,1
anything,1
learning,1
possible,1
long,1
seekers,1
tile,1
persecuted,1
truths,1
novel,1
resisted,1
regularly,1
discovered,1
formerly,1
chronicles,1
best,1
require,1
myself,1
deeds,1
devoid,1
ff,1
rebel,1
cheerful,1
fundamentalists,1
sovereign,1
learn,1
could,1
dissented,1
inquisition,1
also,1
census,1
human,1
preliminary,1
only,1
overlooked,1
persons,1
extraordinary,1
qt,1
individual,1
because,1
observed,1
unlawful,1
displeasing,1
done,1
authority,1
reasoned,1
calls,1
after,1
kind,1
little,1
kc,1
than,1
very,1
philosophy,1
even,1
sense,1
strong,1
more,1
impressive,1
those,1
beings,1
christophe,1
suddenly,1
ordinary,1
virtue,1
item,1
show,1
effort,1
states,1
our,1
connecticut,1
fields,1
andi,1
hills,1
refreshingly,1
gone,1
tahiti,1
patient,1
poor,1
withdrawn,1
hand,1
close,1
disappointed,1
light,1
sweetness,1
each,1
community,1
easily,1
unlike,1
people,1
writing,1
portraiture,1
aim,1
eyed,1
accordance,1
incidents,1
series,1
incident,1
trait,1
mood,1
converge,1
tenuous,1
somewhat,1
upon,1
based,1
volume,1
slender,1
assembled,1
living,1
creature,1
identified,1
might,1
innocuous,1
revelation,1
judging,1
readers,1
women,1
drama,1
immediate,1
clamor,1
offense,1
away,1
attention,1
turns,1
mr,1
like,1
knopf,1
alfred,1
york,1
new,1
pp,1
carl,1
criticism,1
aside,1
puts,1
turn,1
written,1
age,1
word,1
urbanity,1
coupled,1
fairness,1
whole,1
fabric,1
itself,1
weaving,1
unyielding,1
shrewd,1
joined,1
intuitions,1
generous,1
look,1
himself,1
circle,1
outside,1
wholly,1
step,1
no,1
inhere,1
qualities,1
distressing,1
habit,1
picture,1
threatened,1
stout,1
stoic,1
background,1
ironic,1
against,1
stands,1
sunsets,1
connoisseur,1
jean,1
er,1
read,1
figure,1
old,1
beaten,1
weather,1
gnarled,1
antithesis,1
provides,1
outline,1
ira,1
revise,1
forget,1
blindness,1
able,1
prayed,1
then,1
unmasking,1
moment,1
climactic,1
until,1
soul,1
resigned,1
gentle,1
saw,1
years,1
cheerfulness,1
outward,1
pact,1
kept,1
favor,1
ask,1
ll,1
blind,1
going,1
keep,1
cod,1
unwilling,1
either,1
we,1
di,1
surgeon,1
pathology,1
emotion,1
mainsprings,1
coming,1
thus,1
circles,1
concentric,1
round,1
ranged,1
universe,1
rest,1
before,1
future,1
behind,1
stretching,1
past,1
stand,1
some,1
protagonist,1
well,1
scalpel,1
room,1
statically,1
movement,1
con,1
blunders,1
giant,1
stupidity,1
original,1
diverge,1
character,1
unfoldment,1
progressive,1
according,1
corrected,1
constantly,1
impressions,1
eye,1
circumstance,1
thought,1
everything,1
plastic,1
personally,1
toward,1
artist,1
mary,1
