term,count
the,31
and,17
is,16
of,14
her,12
she,11
to,10
a,9
he,8
has,8
that,7
it,7
georgia,6
for,6
in,6
jim,5
not,4
again,4
s,4
him,4
be,3
divorce,3
all,3
mason,3
which,3
but,3
from,2
both,2
they,2
weak,2
marriage,2
when,2
time,2
child,2
so,2
very,2
lie,2
with,2
each,2
e,2
mother,2
works,2
out,2
woman,2
on,2
young,2
less,2
will,2
new,2
nothing,2
friends,2
o,2
by,2
almost,2
order,2
as,2
rebels,2
at,2
book,2
comrades,1
good,1
arguments,1
possible,1
their,1
i,1
taken,1
ill,1
or,1
hervey,1
atmosphere,1
religion,1
surrounds,1
hospital,1
prevail,1
idea,1
ties,1
permit,1
headed,1
alert,1
office,1
reason,1
this,1
ra,1
case,1
an,1
ambitious,1
hard,1
clean,1
presents,1
such,1
facts,1
minded,1
chap,1
stevens,1
care,1
simply,1
other,1
present,1
training,1
return,1
upon,1
into,1
slowly,1
called,1
way,1
up,1
poverty,1
equally,1
misery,1
sentimentalist,1
dragged,1
attractive,1
there,1
them,1
secures,1
hers,1
second,1
comes,1
against,1
doctrine,1
dies,1
recalls,1
duty,1
representatives,1
sh,1
husband,1
brags,1
believes,1
gives,1
old,1
definite,1
conga,1
born,1
character,1
permits,1
weakling,1
doomed,1
author,1
iron,1
its,1
birth,1
theme,1
fortunately,1
feels,1
purse,1
drunkard,1
penetration,1
primitive,1
yet,1
succeeds,1
n,1
dealing,1
strongly,1
ecclesiastical,1
taboo,1
talbot,1
married,1
conner,1
are,1
roman,1
catholics,1
degenerated,1
job,1
railroad,1
ward,1
heeler,1
also,1
psychological,1
charm,1
literary,1
once,1
mr,1
joseph,1
patterson,1
novel,1
rebellion,1
reilly,1
net,1
may,1
said,1
read,1
devoid,1
no,1
eagerly,1
than,1
enemies,1
t,1
simple,1
straightforward,1
colorless,1
narrative,1
become,1
tie,1
his,1
merely,1
cared,1
opening,1
tim,1
tory,1
gone,1
fact,1
lon,1
just,1
increase,1
salary,1
refuses,1
live,1
despite,1
thinks,1
best,1
make,1
cut,1
nd,1
sharp,1
put,1
abstracted,1
lime,1
ell,1
sure,1
bat,1
first,1
went,1
home,1
drunk,1
gave,1
coffee,1
made,1
did,1
reproach,1
d,1
felt,1
solemn,1
one,1
took,1
pledge,1
kept,1
nearly,1
year,1
drink,1
moderately,1
strong,1
