term,count
the,224
of,175
to,84
and,73
a,72
in,52
is,39
that,28
as,24
which,24
on,22
with,20
s,19
by,17
from,16
i,16
he,15
one,14
it,14
for,14
this,13
man,12
so,12
an,12
or,12
author,12
has,11
at,11
his,11
be,11
sir,10
can,10
race,10
we,10
their,9
who,9
more,8
were,8
into,8
but,8
been,7
there,7
not,7
book,7
when,7
animals,7
was,7
no,7
them,7
any,7
earth,7
history,7
us,6
years,6
op,6
are,6
have,6
than,6
tho,6
well,6
our,6
sea,5
all,5
hundred,5
reader,5
development,5
why,5
three,5
these,5
two,5
t,5
about,5
r,5
great,5
miles,5
other,5
may,5
upon,5
out,4
mere,4
ages,4
they,4
ute,4
known,4
far,4
whale,4
facts,4
like,4
most,4
mammoth,4
chapter,4
being,4
continuous,4
while,4
chapters,4
n,4
white,4
feet,4
ray,4
ago,4
prehistoric,4
human,4
natural,4
those,4
get,3
animal,3
such,3
over,3
another,3
world,3
knowledge,3
fascinating,3
discovered,3
made,3
earliest,3
only,3
mankind,3
less,3
use,3
would,3
science,3
g,3
states,3
bigger,3
se,3
drawing,3
long,3
men,3
me,3
volcano,3
india,3
living,3
biggest,3
kipling,3
c,3
once,3
pictures,3
f,3
common,3
la,3
up,3
old,3
today,3
monsters,3
prince,3
moro,3
l,3
tn,3
secrets,3
colored,3
monaco,2
under,2
ix,2
describes,2
things,2
will,2
continued,2
violent,2
higher,2
structure,2
lower,2
among,2
ground,2
worthy,2
page,2
attainment,2
view,2
woman,2
union,2
home,2
community,2
hostility,2
w,2
relation,2
unions,2
pride,2
am,2
way,2
complete,2
seems,2
color,2
do,2
wave,2
away,2
result,2
led,2
what,2
increased,2
islands,2
conditions,2
artist,2
either,2
back,2
form,2
through,2
poem,2
centuries,2
en,2
guide,2
almost,2
million,2
title,2
consciously,2
paper,2
told,2
vital,2
some,2
bone,2
europe,2
age,2
causes,2
tiger,2
tells,2
mixed,2
had,2
ac,2
clearly,2
days,2
glittering,2
source,2
possible,2
drew,2
twenty,2
primitive,2
favorite,2
picture,2
present,2
used,2
its,2
ho,2
art,2
engraved,2
pure,2
races,2
water,2
then,2
forms,2
tell,2
activity,2
friend,2
scribing,2
pictured,2
inter,2
maker,2
people,2
plain,2
head,2
high,2
past,2
huge,2
fifty,2
ever,2
written,2
eighty,2
beast,2
many,2
school,2
elephant,2
along,2
mythical,2
front,2
various,2
length,2
bigness,2
much,2
lizards,2
land,2
according,2
perhaps,2
erroneous,2
aquatic,2
true,2
notion,2
darwinian,2
brought,2
measured,2
eyes,2
larger,2
statement,2
lizard,2
must,2
big,2
belief,2
whose,2
visit,2
new,2
writes,2
if,2
conclusion,2
says,2
naturally,2
forty,2
scientist,2
africa,2
tons,2
h,2
ninety,2
whoa,1
patronage,1
fortunate,1
greatly,1
unpleasantly,1
crater,1
advanced,1
fork,1
suggestive,1
publication,1
oceanography,1
newspaper,1
commonly,1
although,1
ax,1
table,1
reproductions,1
circumstances,1
fountain,1
son,1
eternal,1
tables,1
carlo,1
gossips,1
overflows,1
surprised,1
learn,1
largely,1
name,1
indebted,1
record,1
ame,1
pocket,1
discovery,1
admiral,1
company,1
outlines,1
thus,1
work,1
horse,1
carved,1
reindeer,1
moos,1
antler,1
text,1
sculptor,1
traceable,1
shown,1
compare,1
horses,1
parthenon,1
fa,1
thin,1
moist,1
gays,1
neighing,1
fanciful,1
peel,1
carvings,1
ex,1
enthralling,1
exaggerations,1
fully,1
rounded,1
street,1
lafayette,1
dave,1
unearthed,1
noted,1
al,1
ready,1
burst,1
agate,1
day,1
tower,1
preface,1
mammoths,1
think,1
setting,1
super,1
boor,1
straight,1
caves,1
lost,1
bin,1
ir,1
exception,1
my,1
dissipate,1
confused,1
periods,1
designed,1
together,1
unscientific,1
inaccurate,1
profits,1
correction,1
poet,1
bore,1
love,1
alone,1
creatures,1
safety,1
matches,1
ab,1
cave,1
elephants,1
britain,1
continent,1
representatives,1
enormous,1
abhorrent,1
image,1
snow,1
mastodon,1
later,1
bent,1
tooth,1
mountainous,1
hairy,1
after,1
mr,1
accustomed,1
right,1
sting,1
illustrations,1
richly,1
supplied,1
also,1
representations,1
acted,1
pieces,1
ivory,1
saw,1
roaming,1
wild,1
walls,1
caverns,1
homes,1
artists,1
familiar,1
too,1
readers,1
mane,1
reproduced,1
loose,1
bit,1
pager,1
describing,1
antlers,1
headed,1
produce,1
crude,1
cylinder,1
skins,1
walter,1
ross,1
english,1
sportsman,1
anathema,1
opinion,1
quotes,1
produced,1
better,1
anything,1
trip,1
impressive,1
ag,1
au,1
accepting,1
accepted,1
nut,1
always,1
tern,1
thereby,1
should,1
ph,1
victims,1
impulse,1
millions,1
outcome,1
deliberate,1
based,1
ton,1
mental,1
bodily,1
charm,1
hut,1
seated,1
natives,1
rulers,1
marrying,1
ignoble,1
stuck,1
rapidly,1
dies,1
dun,1
adverse,1
extant,1
exposed,1
dominant,1
due,1
possibly,1
temporarily,1
unfortunate,1
end,1
y,1
sections,1
north,1
united,1
population,1
slave,1
handful,1
conviction,1
children,1
nurtured,1
furl,1
explanation,1
noon,1
corned,1
sealant,1
city,1
burns,1
tuna,1
executed,1
ni,1
pocked,1
roost,1
ordinarily,1
colorful,1
traveler,1
country,1
hap,1
never,1
teen,1
trots,1
doorstep,1
mention,1
casual,1
article,1
allotted,1
likely,1
make,1
hated,1
leads,1
rate,1
le,1
na,1
neighboring,1
duty,1
tradition,1
heirloom,1
family,1
shrink,1
math,1
individual,1
whom,1
real,1
tina,1
bar,1
produces,1
both,1
professor,1
red,1
lasted,1
blew,1
thirty,1
upper,1
atmosphere,1
where,1
currents,1
carried,1
causing,1
sunsets,1
mites,1
following,1
year,1
sky,1
near,1
darkened,1
midday,1
lamps,1
explosions,1
heard,1
secret,1
ry,1
treatment,1
touching,1
huxley,1
illustrated,1
witnessed,1
vividly,1
moll,1
nineteenth,1
century,1
closing,1
paragraphs,1
volcanoes,1
ashes,1
how,1
conception,1
titanic,1
forces,1
smoldering,1
furnace,1
st,1
vincent,1
erupted,1
thousand,1
set,1
going,1
whole,1
inborn,1
congenital,1
distinguished,1
taco,1
especially,1
anglo,1
saxon,1
branch,1
ur,1
attitude,1
submarine,1
nm,1
ono,1
thu,1
highest,1
grounds,1
though,1
prevalent,1
cull,1
cruel,1
surviving,1
whether,1
decide,1
scholar,1
reaching,1
java,1
inundated,1
destroyed,1
persons,1
reduced,1
size,1
vast,1
tract,1
ocean,1
observed,1
recorded,1
horn,1
seat,1
cross,1
justifies,1
sine,1
very,1
matter,1
hoe,1
queries,1
you,1
triumphs,1
whilst,1
same,1
time,1
moat,1
accept,1
without,1
ups,1
downs,1
disasters,1
inevitably,1
doubt,1
characterize,1
process,1
evolution,1
nothing,1
accelerate,1
welfare,1
spreading,1
accurate,1
know,1
continuation,1
reason,1
agencies,1
sympathy,1
favor,1
conducive,1
prosperity,1
hand,1
cati,1
arrest,1
inimical,1
weakening,1
strengthening,1
adapt,1
features,1
words,1
philosopher,1
flake,1
spite,1
numerous,1
lapses,1
outbursts,1
savagery,1
patent,1
ledge,1
hence,1
taken,1
explains,1
meekly,1
first,1
creature,1
deaf,1
fourth,1
vivid,1
description,1
eruption,1
fifth,1
annihilate,1
consider,1
conclusively,1
could,1
literally,1
blue,1
surely,1
comes,1
rte,1
referred,1
above,1
daily,1
published,1
originally,1
articles,1
toe,1
light,1
coast,1
gathered,1
found,1
volume,1
largest,1
predecessors,1
alive,1
adequately,1
described,1
easy,1
chair,1
contents,1
parenthetically,1
mainly,1
revision,1
considerable,1
additions,1
german,1
titan,1
four,1
comparing,1
might,1
clearer,1
ha,1
font,1
adventuring,1
thing,1
conscious,1
reasoning,1
beings,1
skeleton,1
aims,1
tend,1
security,1
awful,1
ascertain,1
truth,1
terrible,1
war,1
few,1
thoughtful,1
help,1
bilious,1
control,1
shaped,1
ly,1
purpose,1
tearing,1
random,1
pages,1
o,1
heftiest,1
prove,1
translating,1
egg,1
quite,1
terms,1
everyday,1
tonnage,1
explain,1
relative,1
phenomena,1
welts,1
outline,1
arrive,1
writers,1
mud,1
deny,1
simpler,1
apes,1
bulked,1
ms,1
stone,1
implements,1
fossilized,1
bones,1
body,1
belly,1
resting,1
existence,1
shore,1
complex,1
efficient,1
demonstrable,1
stretched,1
safely,1
social,1
life,1
east,1
breakwater,1
emergence,1
twelve,1
since,1
salt,1
progress,1
meaning,1
word,1
reached,1
neck,1
behind,1
moral,1
physical,1
solid,1
extended,1
serpent,1
base,1
supposition,1
moved,1
mural,1
continue,1
tail,1
exists,1
followed,1
papers,1
subway,1
relic,1
furnishes,1
contrast,1
equal,1
interest,1
news,1
walking,1
newly,1
excavated,1
something,1
tent,1
island,1
comparison,1
fair,1
pause,1
reflect,1
attention,1
poised,1
midair,1
learned,1
none,1
jersey,1
westchester,1
event,1
refers,1
ones,1
recent,1
perspective,1
oldest,1
egyptian,1
modern,1
paragraph,1
parlance,1
geologist,1
half,1
train,1
terrestrial,1
trivial,1
p,1
against,1
morning,1
before,1
sprinting,1
tuesday,1
midnight,1
thrilling,1
retort,1
prompt,1
unfolded,1
scientists,1
museum,1
hack,1
beyond,1
dawn,1
young,1
promised,1
last,1
hie,1
tails,1
lure,1
route,1
ore,1
scientific,1
scholars,1
strange,1
nine,1
every,1
names,1
ride,1
ducted,1
personally,1
tour,1
thought,1
still,1
holds,1
floor,1
lust,1
imagine,1
listening,1
discourse,1
dinosaurs,1
b,1
skeletons,1
awe,1
roasts,1
joined,1
viewed,1
hunts,1
anywhere,1
imagination,1
sluggish,1
does,1
extinct,1
existing,1
meticulously,1
springs,1
pervading,1
symbol,1
good,1
luck,1
frankly,1
confesses,1
definite,1
decision,1
emblem,1
relationship,1
swastika,1
each,1
subjects,1
discussed,1
preceding,1
contains,1
brief,1
coal,1
ii,1
weighs,1
times,1
origin,1
score,1
mysteries,1
treating,1
species,1
discussion,1
soc,1
id,1
biological,1
aspects,1
miscegenation,1
xv,1
suspended,1
speculation,1
lire,1
flourishing,1
creation,1
stilt,1
suspension,1
whales,1
impossible,1
kingdom,1
kinds,1
treats,1
boring,1
oil,1
wide,1
weight,1
gateway,1
miracles,1
lifetime,1
study,1
enables,1
him,1
hold,1
invitingly,1
steps,1
final,1
magic,1
portal,1
bulk,1
appears,1
inscription,1
instantly,1
overwhelmed,1
sense,1
insignificance,1
erudite,1
follows,1
whoever,1
rewards,1
telly,1
story,1
lime,1
juice,1
scurvy,1
pinnacle,1
impertinence,1
attempt,1
relay,1
review,1
learning,1
public,1
whalebone,1
palatable,1
merely,1
point,1
here,1
understanding,1
incidental,1
fans,1
