term,count
the,40
of,25
a,22
in,22
to,20
and,19
his,11
tile,10
is,10
that,10
by,10
s,8
at,7
on,6
with,5
for,5
he,5
human,4
or,4
north,4
jack,4
pole,4
which,4
london,4
white,4
night,3
who,3
are,3
enough,3
now,3
it,3
frozen,3
book,2
those,2
one,2
strange,2
there,2
new,2
find,2
passions,2
ha,2
tub,2
bath,2
sled,2
been,2
be,2
rival,2
ed,2
hut,2
travel,2
himself,2
very,2
toward,2
has,2
stories,2
face,2
successful,2
still,2
not,2
then,2
where,2
thermometer,2
food,2
wrong,2
call,2
heat,2
day,2
men,2
arctic,2
realizes,1
propriety,1
sense,1
keen,1
past,1
h,1
door,1
large,1
front,1
man,1
way,1
rapping,1
tint,1
camp,1
trio,1
suggests,1
great,1
once,1
triumphant,1
ten,1
miles,1
further,1
voted,1
down,1
majority,1
agrees,1
hit,1
trail,1
tempter,1
errant,1
her,1
only,1
below,1
if,1
temperature,1
such,1
would,1
fool,1
mutters,1
wife,1
anyway,1
odd,1
too,1
lt,1
low,1
naturally,1
because,1
its,1
rewarded,1
tor,1
flash,1
humor,1
coming,1
upon,1
all,1
far,1
makes,1
comfortable,1
chances,1
happen,1
rarefied,1
climates,1
condition,1
again,1
bag,1
take,1
command,1
good,1
critic,1
give,1
even,1
most,1
writer,1
fiction,1
charles,1
batten,1
author,1
passion,1
an,1
english,1
shows,1
minerva,1
published,1
barnes,1
co,1
volume,1
spent,1
summer,1
tour,1
result,1
hope,1
will,1
material,1
p,1
pp,1
lew,1
reverse,1
brutes,1
placed,1
footed,1
possession,1
gold,1
dust,1
financing,1
elopement,1
bargain,1
having,1
prepares,1
dogs,1
flight,1
going,1
water,1
hole,1
so,1
degrees,1
zero,1
stiff,1
pours,1
t,1
listed,1
treasure,1
into,1
flowing,1
stream,1
clinging,1
gee,1
cries,1
poor,1
sore,1
crave,1
we,1
sledding,1
fire,1
ice,1
bound,1
deserts,1
ingenuity,1
mn,1
uttermost,1
bare,1
necessities,1
life,1
nd,1
alone,1
opulent,1
possesses,1
always,1
long,1
time,1
both,1
novelists,1
playwrights,1
late,1
have,1
taken,1
advantage,1
contradiction,1
nature,1
land,1
inspires,1
gregarious,1
instinct,1
habit,1
vast,1
enacted,1
abandoned,1
these,1
among,1
privileges,1
vouchsafed,1
imaginative,1
sympathetic,1
reader,1
frost,1
woman,1
latest,1
cold,1
storage,1
tales,1
furs,1
peruses,1
surrounded,1
tragedies,1
comforts,1
home,1
fact,1
fierce,1
aware,1
meet,1
within,1
few,1
millions,1
more,1
less,1
kind,1
grim,1
fascination,1
suffer,1
pleasure,1
literary,1
review,1
honk,1
alan,1
friday,1
but,1
insidious,1
rascal,1
suffering,1
hunger,1
thirst,1
radiators,1
destroyed,1
heine,1
ii,1
under,1
story,1
presentations,1
lodging,1
use,1
above,1
situation,1
strikingly,1
original,1
originality,1
steam,1
possible,1
connection,1
ancient,1
dr,1
aux,1
bitten,1
e,1
automobile,1
wilderness,1
finds,1
showing,1
live,1
hopelessly,1
desolate,1
two,1
skies,1
plays,1
running,1
polar,1
hero,1
villain,1
brought,1
eventually,1
beneath,1
desert,1
places,1
externally,1
menaced,1
perils,1
kill,1
body,1
internally,1
destroy,1
soul,1
modern,1
l,1
crusoe,1
bo,1
th,1
c,1
