term,count
the,128
of,76
to,59
and,46
a,46
it,44
is,43
in,39
he,34
that,26
his,20
as,20
with,17
not,17
for,16
i,12
had,12
this,12
was,12
at,12
were,11
no,10
smith,10
there,10
they,10
from,10
s,9
which,9
young,9
be,9
by,9
when,9
brigham,8
mr,8
them,8
has,8
all,8
on,7
but,7
an,7
mormonism,7
history,7
mormons,7
great,7
new,7
up,6
t,6
are,6
one,6
or,6
its,6
if,5
any,5
first,5
state,5
hut,5
time,5
fact,5
century,5
after,5
him,5
does,5
o,5
than,4
would,4
could,4
only,4
who,4
though,4
tile,4
l,4
their,4
purpose,4
story,4
life,4
united,4
being,4
been,4
biography,4
werner,4
polygamy,4
w,4
too,3
interesting,3
why,3
riot,3
well,3
however,3
except,3
nineteenth,3
place,3
within,3
every,3
utah,3
himself,3
r,3
present,3
under,3
believed,3
f,3
yankee,3
nation,3
volume,3
half,3
day,3
hi,3
written,3
same,3
hy,3
should,3
whole,3
so,3
will,3
did,3
chapter,3
must,3
have,3
ended,2
gone,2
joseph,2
made,2
california,2
world,2
own,2
interest,2
my,2
prophet,2
most,2
alien,2
u,2
lake,2
already,2
create,2
salt,2
somewhat,2
v,2
into,2
h,2
enough,2
chapters,2
hook,2
laid,2
need,2
reflection,2
indeed,2
told,2
further,2
those,2
can,2
ty,2
used,2
years,2
question,2
men,2
took,2
ag,2
try,2
church,2
nothing,2
contemporary,2
outside,2
th,2
devoted,2
long,2
headed,2
little,2
ha,2
revolution,2
french,2
murder,2
during,2
heat,2
until,2
extremely,2
m,2
account,2
down,2
away,2
e,2
far,2
yet,2
remarkable,2
greater,2
toleration,2
trek,2
country,2
amount,2
space,2
ix,2
write,2
sincerity,2
early,2
now,2
popular,2
side,2
make,2
both,2
event,2
expect,2
other,2
never,2
get,2
banished,2
creation,2
dramatic,2
more,2
persecution,2
before,2
part,2
book,2
people,2
carlyle,2
began,2
reading,2
much,2
thirstily,2
charles,2
what,2
we,2
past,2
best,1
persuade,1
doe,1
consider,1
shriek,1
change,1
noun,1
vainly,1
tried,1
ward,1
yielded,1
testing,1
indicated,1
exactly,1
ahead,1
over,1
pigments,1
beg,1
theocracy,1
drawn,1
picture,1
dutifully,1
instead,1
states,1
some,1
spot,1
join,1
source,1
called,1
mind,1
quote,1
find,1
anywhere,1
western,1
sinai,1
name,1
given,1
white,1
where,1
flight,1
mexico,1
belonged,1
build,1
cent,1
dimly,1
lip,1
object,1
west,1
places,1
said,1
christians,1
generation,1
stopped,1
understand,1
lived,1
exodus,1
latter,1
tho,1
surmised,1
er,1
birth,1
leader,1
lynched,1
born,1
picturesquely,1
described,1
tills,1
valley,1
heading,1
egypt,1
definite,1
tilt,1
briefly,1
objective,1
et,1
wild,1
entitled,1
land,1
mere,1
service,1
morals,1
excited,1
erred,1
beginning,1
remarks,1
quotes,1
way,1
off,1
throw,1
strong,1
felt,1
beat,1
stick,1
handy,1
word,1
system,1
lies,1
current,1
rent,1
abhor,1
advertised,1
practicing,1
culminating,1
persecutions,1
worst,1
polygamists,1
persecuted,1
cause,1
antipathetic,1
attempt,1
phase,1
implacable,1
hatred,1
upon,1
itself,1
en,1
american,1
strangest,1
constitutes,1
solidarity,1
inimical,1
merely,1
found,1
soon,1
outrage,1
then,1
ho,1
changed,1
welcome,1
welcomed,1
generally,1
settled,1
wherever,1
sprang,1
multitude,1
spiritualists,1
doctrines,1
pr,1
theirs,1
creed,1
about,1
stronger,1
red,1
san,1
overlooked,1
key,1
least,1
independent,1
such,1
dispatch,1
including,1
authority,1
enforce,1
attempts,1
out,1
carry,1
prevent,1
foresee,1
hat,1
br,1
republic,1
oligarchy,1
existence,1
accurate,1
continue,1
rendered,1
end,1
ls,1
defeat,1
industrialism,1
modern,1
bu,1
la,1
border,1
geographical,1
kingdom,1
determination,1
ills,1
eminent,1
commander,1
johnston,1
proved,1
studious,1
while,1
picturesque,1
able,1
fellows,1
beyond,1
biographer,1
successful,1
miscellaneous,1
larger,1
sir,1
explained,1
ball,1
major,1
hold,1
even,1
massacres,1
incidents,1
concerning,1
number,1
writers,1
ago,1
still,1
emphasis,1
main,1
annoyances,1
petty,1
fruitful,1
period,1
progenitors,1
neither,1
ark,1
cite,1
begrudge,1
twain,1
mark,1
learned,1
conceal,1
du,1
me,1
thirteen,1
deal,1
qt,1
lit,1
appear,1
hardly,1
statement,1
empty,1
really,1
mentioned,1
tell,1
sue,1
visually,1
rime,1
boy,1
stricken,1
poverty,1
religion,1
enduring,1
vengeance,1
succeeds,1
mighty,1
ashamed,1
iris,1
saying,1
ed,1
des,1
sit,1
right,1
tate,1
elected,1
va,1
reed,1
notably,1
investigations,1
sonic,1
practiced,1
till,1
whether,1
lively,1
everywhere,1
died,1
ceased,1
date,1
pretty,1
fought,1
complete,1
claim,1
nut,1
open,1
writing,1
preface,1
unmistakably,1
consideration,1
happily,1
ting,1
laurels,1
look,1
fiction,1
signs,1
nowadays,1
form,1
becoming,1
presents,1
disproportionate,1
devotes,1
surprising,1
subjects,1
war,1
civil,1
thompson,1
willis,1
co,1
brace,1
harcourt,1
york,1
pp,1
illustrated,1
mb,1
wilderness,1
through,1
led,1
moses,1
demand,1
pro,1
hewer,1
instance,1
biographers,1
port,1
proportion,1
respect,1
due,1
sliding,1
gradually,1
blood,1
ced,1
solely,1
dealing,1
c,1
slates,1
calling,1
gaul,1
happened,1
france,1
wrote,1
direction,1
quite,1
extent,1
col,1
tendency,1
bartholomew,1
st,1
festoon,1
lie,1
fairly,1
ave,1
moot,1
injunctions,1
getting,1
flatly,1
rule,1
wanted,1
wet,1
produced,1
ions,1
n,1
nature,1
hard,1
ar,1
cal,1
head,1
true,1
acquainted,1
got,1
doubt,1
occasionally,1
troubled,1
man,1
shrewd,1
presumed,1
may,1
better,1
case,1
authenticated,1
suppose,1
revelation,1
d,1
these,1
riven,1
removed,1
considering,1
shrieking,1
stop,1
blockheads,1
brother,1
beloved,1
clamor,1
intense,1
hie,1
argued,1
incidentally,1
concerns,1
impression,1
give,1
injustice,1
doing,1
te,1
concern,1
profitless,1
stale,1
woodcut,1
feathering,1
tarring,1
competitors,1
religious,1
mob,1
apocryphal,1
gibed,1
nu,1
apparently,1
ironic,1
cool,1
granted,1
very,1
taken,1
error,1
truth,1
separate,1
pains,1
thing,1
deeply,1
abscess,1
sam,1
uncle,1
conception,1
am,1
family,1
bishop,1
many,1
oh,1
tr,1
per,1
affixed,1
says,1
study,1
chat,1
general,1
detachment,1
believer,1
y,1
re,1
knew,1
gentiles,1
conversations,1
certain,1
throughout,1
frauds,1
inventing,1
kept,1
dos,1
deceiving,1
faker,1
author,1
doubted,1
conclusive,1
fraudulent,1
god,1
revelations,1
evidence,1
follow,1
safe,1
leads,1
fair,1
de,1
effort,1
times,1
attitude,1
saints,1
good,1
