term,count
the,17
of,13
it,8
her,7
by,7
i,7
t,6
l,5
is,5
an,4
d,4
good,3
family,3
and,3
h,3
story,3
r,3
a,3
j,3
young,2
o,2
mlle,2
heroine,2
she,2
old,2
at,2
ii,2
tier,2
th,2
priest,2
ill,2
part,2
to,2
f,2
from,2
thai,1
on,1
branded,1
imprisoned,1
was,1
betrothed,1
ll,1
prime,1
preceded,1
ling,1
identity,1
painted,1
anti,1
its,1
shortly,1
pile,1
made,1
who,1
before,1
g,1
marriage,1
incident,1
count,1
pardoned,1
some,1
shad,1
that,1
dies,1
when,1
he,1
until,1
if,1
not,1
ho,1
but,1
became,1
mine,1
tale,1
bo,1
around,1
s,1
for,1
ears,1
portrait,1
till,1
la,1
first,1
albert,1
least,1
near,1
living,1
girl,1
company,1
publishing,1
neale,1
washington,1
york,1
new,1
illustrated,1
tile,1
pp,1
mo,1
foster,1
remus,1
charles,1
mme,1
french,1
version,1
english,1
this,1
greater,1
told,1
admirer,1
de,1
world,1
slit,1
heard,1
vt,1
nothing,1
wits,1
silo,1
iii,1
kl,1
belle,1
ht,1
bill,1
rho,1
io,1
jr,1
jo,1
illy,1
k,1
m,1
y,1
n,1
peasant,1
