term,count
the,95
of,77
and,28
to,26
in,24
was,19
a,18
he,15
tile,14
his,14
i,14
de,13
for,12
that,11
by,10
it,10
as,10
were,9
had,9
at,9
la,8
ill,8
an,8
with,7
me,7
m,7
their,6
l,6
is,6
from,5
not,5
on,5
great,5
made,5
s,5
which,5
c,5
french,5
my,4
d,4
some,4
our,4
him,4
been,4
who,4
have,4
one,4
war,4
all,4
e,4
eugene,4
o,4
prince,4
f,4
but,3
time,3
part,3
officer,3
h,3
being,3
so,3
man,3
ll,3
only,3
day,3
t,3
campaigns,3
capture,3
before,3
young,3
x,3
turks,2
frenchman,2
once,2
fencing,2
mathematics,2
well,2
such,2
varied,2
new,2
lad,2
among,2
paris,2
many,2
join,2
attention,2
rs,2
io,2
according,2
now,2
r,2
most,2
ii,2
lit,2
p,2
this,2
there,2
played,2
upon,2
br,2
th,2
served,2
itself,2
be,2
armies,2
rest,2
action,2
us,2
n,2
own,2
tells,2
person,2
important,2
when,2
first,2
always,2
forces,2
how,2
described,2
translation,2
other,2
wore,2
career,2
brought,2
family,2
beginning,2
followed,2
court,2
if,2
town,2
memoir,2
campaign,2
v,2
special,2
close,2
ia,2
javelin,2
times,2
nd,2
cavalry,2
memoirs,2
having,2
dignity,1
u,1
xx,1
witnessed,1
contest,1
portion,1
describing,1
ho,1
written,1
story,1
marlborough,1
others,1
where,1
hungary,1
cox,1
cu,1
conclusion,1
long,1
writes,1
vouched,1
far,1
began,1
embraced,1
respective,1
soon,1
marsh,1
distance,1
consequently,1
something,1
brigade,1
dot,1
line,1
infantry,1
fact,1
wing,1
right,1
formed,1
quarrels,1
without,1
boasting,1
ely,1
got,1
prowess,1
combat,1
higher,1
nelly,1
honors,1
note,1
ruffians,1
done,1
ado,1
continued,1
redoubled,1
grew,1
pu,1
resist,1
happened,1
remarkably,1
could,1
worst,1
arid,1
still,1
beg,1
york,1
des,1
pp,1
camps,1
waiter,1
et,1
ron,1
pages,1
bombard,1
position,1
cami,1
old,1
chronicle,1
or,1
life,1
foot,1
hope,1
attempt,1
fell,1
loner,1
under,1
bavarian,1
entered,1
patients,1
beneficial,1
results,1
passed,1
buried,1
doctors,1
medicine,1
gave,1
reduced,1
absinthe,1
syrup,1
coral,1
red,1
ground,1
sword,1
prepared,1
crayfish,1
service,1
turkey,1
hyacinth,1
qualities,1
bullets,1
accompanied,1
arrows,1
javelins,1
weapons,1
mounted,1
assortment,1
attracted,1
redcoat,1
use,1
doubtless,1
they,1
enemy,1
sally,1
acknowledges,1
estimation,1
importance,1
stature,1
hurled,1
eyes,1
bark,1
each,1
sounds,1
noticed,1
singular,1
account,1
any,1
turned,1
fl,1
like,1
tide,1
disappeared,1
around,1
went,1
victory,1
booming,1
while,1
j,1
entertain,1
flourishes,1
ordered,1
co,1
transported,1
act,1
cinchona,1
instruments,1
compounder,1
describes,1
quinine,1
dose,1
carried,1
exposure,1
seriously,1
ended,1
mention,1
beaten,1
worthy,1
present,1
came,1
discordant,1
proudest,1
quite,1
harmonies,1
experiences,1
quarter,1
army,1
instead,1
lg,1
seventeen,1
almost,1
levies,1
crowded,1
hey,1
country,1
youth,1
emulation,1
spirit,1
talk,1
manifested,1
everywhere,1
rejoicings,1
extraordinary,1
lighted,1
bonfires,1
do,1
cos,1
sense,1
mons,1
victorious,1
xiv,1
dally,1
begin,1
ht,1
fortification,1
determined,1
lay,1
seems,1
instruction,1
exercises,1
musketry,1
manual,1
paid,1
principles,1
geography,1
open,1
riding,1
dancing,1
included,1
soldier,1
education,1
pres,1
claims,1
former,1
aristocracy,1
ins,1
poor,1
pay,1
very,1
idea,1
excellent,1
gives,1
merit,1
its,1
has,1
mr,1
edition,1
several,1
ending,1
services,1
active,1
period,1
contests,1
leading,1
succession,1
spanish,1
took,1
engineering,1
acquaintance,1
good,1
di,1
methods,1
warfare,1
learned,1
parents,1
beech,1
author,1
might,1
though,1
tl,1
market,1
lite,1
read,1
ten,1
seventeenth,1
age,1
reached,1
says,1
state,1
does,1
born,1
france,1
centuries,1
eighteenth,1
master,1
together,1
respect,1
masters,1
g,1
mar,1
officers,1
engineer,1
imparted,1
rise,1
lr,1
lille,1
ted,1
bi,1
found,1
los,1
li,1
place,1
we,1
means,1
unexpected,1
bl,1
fluff,1
lot,1
treaty,1
ly,1
lie,1
adds,1
flanders,1
half,1
della,1
ry,1
peace,1
tilt,1
heavy,1
wrench,1
loss,1
taken,1
nancy,1
amur,1
amp,1
hi,1
reward,1
trenches,1
died,1
alive,1
out,1
two,1
twenty,1
permit,1
would,1
however,1
louis,1
safety,1
mine,1
ladles,1
incidents,1
may,1
left,1
operation,1
conducting,1
desirous,1
attack,1
lodged,1
king,1
actual,1
experience,1
appointment,1
victor,1
oat,1
duels,1
figured,1
recreations,1
comfort,1
dinah,1
ling,1
should,1
pleased,1
fight,1
wanted,1
arrangement,1
disadvantage,1
ere,1
thought,1
during,1
fired,1
parts,1
three,1
certain,1
belligerents,1
between,1
agreement,1
curious,1
opened,1
siege,1
seat,1
miles,1
alum,1
