term,count
the,40
of,33
and,27
a,17
his,16
to,13
with,13
is,12
that,12
he,12
in,10
colin,8
i,7
it,6
by,5
she,5
but,5
him,5
s,5
evil,5
which,5
fiction,4
benson,4
does,4
this,4
have,4
not,4
love,4
mr,3
novel,3
will,3
heart,3
m,3
be,3
human,3
how,3
her,3
also,3
made,3
thesis,3
yardley,3
compact,3
would,3
devil,3
life,3
one,3
so,3
powers,3
new,3
has,3
might,3
than,3
nature,2
man,2
finally,2
being,2
most,2
good,2
young,2
well,2
soul,2
out,2
co,2
son,2
over,2
modern,2
works,2
order,2
all,2
loves,2
more,2
even,2
ii,2
won,2
latest,2
fictional,2
parodies,2
story,2
into,2
for,2
prove,2
treatment,2
realistic,2
plausible,1
had,1
recourse,1
legend,1
very,1
foundation,1
structure,1
harmonize,1
f,1
setting,1
gay,1
fortified,1
author,1
meant,1
taken,1
case,1
second,1
figurative,1
hate,1
sense,1
make,1
volume,1
knew,1
fr,1
utterly,1
coldly,1
as,1
ward,1
woodcuts,1
lord,1
christopher,1
amusing,1
admitted,1
portrayal,1
deeds,1
graphic,1
skillful,1
performance,1
holt,1
ts,1
alliance,1
beyond,1
belief,1
nine,1
grows,1
simply,1
faith,1
luxuriantly,1
sixteen,1
boy,1
power,1
ll,1
their,1
wife,1
early,1
cate,1
devotedly,1
while,1
existence,1
rifled,1
current,1
believes,1
unfailing,1
them,1
never,1
triumph,1
seems,1
october,1
rule,1
holds,1
steadily,1
con,1
publishing,1
break,1
illuminate,1
native,1
certain,1
ramparts,1
illus,1
inhuman,1
crusoe,1
acts,1
youth,1
combined,1
robinson,1
are,1
through,1
slight,1
coldness,1
foolish,1
hypothesis,1
accord,1
way,1
on,1
there,1
worked,1
nor,1
wishes,1
henry,1
tom,1
possible,1
when,1
dubious,1
admirers,1
remember,1
last,1
told,1
small,1
timely,1
service,1
gratitude,1
queen,1
elizabeth,1
was,1
purpose,1
touring,1
ports,1
famous,1
progresses,1
comely,1
look,1
upon,1
favor,1
earl,1
gave,1
vast,1
seem,1
theme,1
grant,1
before,1
darkness,1
pp,1
york,1
george,1
h,1
company,1
much,1
greater,1
novelist,1
trembled,1
hesitated,1
task,1
fantastic,1
set,1
himself,1
plunged,1
dauntlessly,1
extent,1
near,1
hundred,1
fifty,1
thousand,1
words,1
means,1
lands,1
satan,1
signed,1
fundamental,1
narrates,1
great,1
length,1
realism,1
furious,1
hut,1
cold,1
penetrates,1
character,1
shapes,1
sensualist,1
ordinary,1
own,1
re,1
indulgence,1
senses,1
insight,1
imagination,1
go,1
deeper,1
workings,1
significance,1
conduct,1
could,1
later,1
deals,1
pact,1
who,1
blood,1
selling,1
z,1
agreeing,1
do,1
live,1
profoundest,1
lin,1
dealt,1
mostly,1
founder,1
house,1
bridged,1
centuries,1
toward,1
end,1
glanced,1
little,1
at,1
present,1
day,1
descendant,1
named,1
l,1
