term,count
of,56
the,56
a,30
i,28
and,23
to,18
her,17
in,14
that,14
my,11
was,11
he,11
s,9
is,8
for,8
it,7
as,7
on,7
book,6
l,6
she,6
at,6
him,6
an,5
has,5
with,5
me,5
miss,5
time,4
out,4
there,4
from,4
years,4
which,3
days,3
o,3
method,3
most,3
be,3
own,3
his,3
one,3
n,3
men,3
would,3
life,3
might,3
had,3
this,3
each,2
man,2
end,2
then,2
but,2
sex,2
return,2
complete,2
what,2
who,2
before,2
long,2
much,2
personal,2
war,2
bananas,2
back,2
american,2
when,2
did,2
any,2
yet,2
our,2
morning,2
than,2
little,2
into,2
t,2
received,2
author,2
representative,2
selling,2
united,2
been,2
d,2
women,2
client,2
more,2
are,2
full,2
them,2
many,2
less,2
or,2
subject,2
by,2
ha,2
however,2
new,2
all,2
al,2
fifteen,1
battle,1
minutes,1
saying,1
called,1
lie,1
disposal,1
knew,1
door,1
reviewer,1
drive,1
course,1
won,1
half,1
hour,1
urged,1
proceeded,1
purchased,1
brought,1
map,1
showed,1
listener,1
relative,1
position,1
population,1
york,1
toward,1
promptly,1
attention,1
employ,1
himself,1
pointed,1
state,1
failure,1
plays,1
french,1
revolutionizing,1
thanked,1
aid,1
wished,1
told,1
plunged,1
vi,1
object,1
have,1
reaped,1
infinitely,1
greater,1
harvest,1
follow,1
paid,1
royalties,1
instead,1
complications,1
rights,1
outright,1
such,1
allotted,1
nit,1
arose,1
minute,1
big,1
four,1
cities,1
stories,1
anecdote,1
wealth,1
contains,1
nearly,1
words,1
minimum,1
tells,1
structure,1
decisive,1
chatty,1
decidedly,1
mi,1
public,1
reading,1
great,1
mighty,1
too,1
neglected,1
early,1
notice,1
fruit,1
situation,1
now,1
records,1
father,1
large,1
bunch,1
green,1
memories,1
those,1
were,1
mature,1
sentence,1
described,1
victory,1
dozen,1
andi,1
blum,1
hal,1
elizabeth,1
so,1
aggregate,1
punctuation,1
illustrations,1
gross,1
conclusively,1
proved,1
w,1
touring,1
others,1
ball,1
interesting,1
crystal,1
reaction,1
stirring,1
owned,1
elsie,1
de,1
wolfe,1
figures,1
pleasantly,1
story,1
suffers,1
probably,1
lack,1
competent,1
demanded,1
taken,1
seated,1
some,1
forgot,1
everything,1
en,1
familiar,1
ore,1
re,1
thirty,1
ago,1
st,1
e,1
home,1
once,1
heel,1
document,1
thing,1
bourbon,1
strength,1
tell,1
thin,1
ly,1
womanhood,1
became,1
generally,1
agent,1
fact,1
g,1
presence,1
folk,1
made,1
entry,1
remembered,1
very,1
asked,1
battles,1
economic,1
ix,1
dependence,1
america,1
ii,1
h,1
herself,1
f,1
movement,1
standing,1
paradigm,1
here,1
woman,1
court,1
credited,1
et,1
r,1
no,1
ir,1
comments,1
not,1
only,1
ex,1
upon,1
ad,1
independent,1
fa,1
b,1
other,1
illusion,1
ff,1
society,1
actors,1
old,1
rue,1
du,1
di,1
how,1
get,1
interview,1
haunting,1
hopeless,1
preoccupation,1
why,1
wait,1
intermediary,1
letter,1
ace,1
us,1
closely,1
hi,1
given,1
friday,1
reply,1
if,1
call,1
clock,1
day,1
see,1
reads,1
arid,1
literally,1
v,1
ahead,1
lived,1
found,1
career,1
incidents,1
related,1
something,1
playwrights,1
dauntless,1
ates,1
poe,1
known,1
doubt,1
number,1
m,1
competitive,1
organizations,1
whether,1
will,1
able,1
field,1
thoroughly,1
lore,1
first,1
pa,1
don,1
ability,1
choice,1
meeting,1
picture,1
service,1
could,1
render,1
typical,1
rarity,1
