term,count
the,82
of,58
and,38
a,29
in,27
he,19
to,18
his,14
was,14
by,11
that,11
with,10
is,9
for,8
holm,8
an,7
chinese,7
not,7
on,7
this,7
from,7
dr,6
which,6
china,6
into,5
at,5
but,4
as,4
cross,4
grand,4
great,3
then,3
who,3
all,3
indian,3
york,3
us,3
most,3
peking,3
during,3
about,3
its,3
new,3
ever,3
cathay,3
some,3
adventure,3
order,3
have,3
far,2
travel,2
river,2
copy,2
replica,2
him,2
only,2
viking,2
does,2
first,2
intrepid,2
suspected,2
when,2
ancient,2
st,2
sic,2
danish,2
tells,2
will,2
has,2
four,2
or,2
formation,2
views,2
account,2
read,2
ho,2
opium,2
eyes,2
how,2
successful,2
course,2
way,2
met,2
such,2
it,2
towns,2
alone,2
servants,2
them,2
upper,2
own,2
corresponding,2
d,2
whose,2
i,2
medal,2
more,2
again,2
wound,2
one,2
fellow,2
suspicion,2
numerous,2
geographic,2
up,2
societies,2
dane,2
mythical,2
those,2
britain,2
notwithstanding,2
youth,2
any,2
side,2
form,2
had,2
volume,2
my,2
like,2
wilds,2
did,2
imported,1
amazing,1
interesting,1
inquisitive,1
mere,1
quite,1
spy,1
instead,1
comment,1
being,1
showed,1
likely,1
prove,1
native,1
connection,1
efforts,1
head,1
blow,1
struck,1
export,1
stop,1
behind,1
bleeding,1
simply,1
produced,1
predicts,1
deep,1
arrival,1
smoke,1
awaiting,1
capacity,1
deal,1
p,1
acquisition,1
entertained,1
nor,1
confucian,1
neither,1
reasons,1
give,1
attempt,1
unfortunately,1
monument,1
life,1
would,1
fourth,1
experienced,1
laborious,1
poison,1
working,1
were,1
directed,1
since,1
celestial,1
mohammedan,1
objection,1
houses,1
unconscious,1
poking,1
dropped,1
questions,1
asking,1
empire,1
good,1
walking,1
habit,1
original,1
off,1
difficulties,1
carting,1
picked,1
officials,1
because,1
stitched,1
belgian,1
surgeon,1
days,1
occur,1
against,1
opportunity,1
although,1
untrained,1
graced,1
do,1
commemorate,1
cast,1
heaped,1
honors,1
index,1
furnished,1
kodak,1
pictures,1
illustrated,1
printed,1
carefully,1
translation,1
given,1
are,1
texts,1
versions,1
two,1
tackled,1
formed,1
problem,1
illuminating,1
copious,1
weather,1
profile,1
fearless,1
adventurer,1
viii,1
gratitude,1
o,1
source,1
remained,1
childhood,1
author,1
interest,1
gracious,1
undertaken,1
expedition,1
reign,1
f,1
smelly,1
majesty,1
memory,1
reverently,1
dedicates,1
remembered,1
denmark,1
king,1
late,1
thus,1
homeland,1
forget,1
freaks,1
inns,1
ten,1
bad,1
sometimes,1
defiles,1
sights,1
admire,1
unparalleled,1
repeated,1
city,1
gives,1
highway,1
says,1
roads,1
ravines,1
speaking,1
english,1
personality,1
abundant,1
writers,1
many,1
doctor,1
explorer,1
poppy,1
superior,1
prefer,1
afford,1
can,1
half,1
mile,1
wide,1
undoubtedly,1
banality,1
usual,1
marked,1
zest,1
lend,1
oddities,1
these,1
flourishing,1
christianity,1
prosecute,1
ruler,1
she,1
running,1
remarks,1
wu,1
dwellings,1
cave,1
speaks,1
wondering,1
our,1
open,1
miles,1
line,1
straight,1
railway,1
occupied,1
however,1
sent,1
interpreters,1
enduring,1
mules,1
riding,1
worse,1
mosquito,1
cockroaches,1
braving,1
land,1
horrors,1
cool,1
soul,1
squeeze,1
inflamed,1
ago,1
years,1
sixteen,1
lands,1
christian,1
brought,1
duplicated,1
be,1
might,1
idea,1
adept,1
ruining,1
century,1
european,1
disposed,1
ornaments,1
see,1
if,1
goings,1
comings,1
meticulous,1
mn,1
we,1
engineers,1
missionaries,1
american,1
digestion,1
hospitality,1
overwhelming,1
happily,1
surviving,1
mandarins,1
suspicious,1
coping,1
between,1
eggs,1
diet,1
exclusive,1
nourished,1
seventh,1
chow,1
fleming,1
men,1
hardy,1
fierce,1
doubtless,1
descendant,1
academies,1
royal,1
honorary,1
excellency,1
company,1
h,1
pp,1
ireland,1
ph,1
abraham,1
professor,1
rev,1
introduction,1
ll,1
may,1
kay,1
de,1
charles,1
review,1
plundered,1
gaul,1
christians,1
papers,1
advent,1
record,1
carved,1
famous,1
view,1
western,1
penetrate,1
plan,1
should,1
ports,1
treaty,1
ruthless,1
early,1
dailies,1
reporter,1
ventures,1
boldest,1
heyday,1
natural,1
what,1
mediterranean,1
pirates,1
ages,1
middle,1
comely,1
self,1
photograph,1
visited,1
province,1
man,1
ordinary,1
enough,1
fame,1
bed,1
imperial,1
slept,1
time,1
assault,1
palace,1
there,1
robbers,1
troubles,1
boxer,1
withdrew,1
emperor,1
young,1
empress,1
old,1
whither,1
last,1
himself,1
found,1
south,1
thugs,1
galaxy,1
assure,1
notes,1
taking,1
among,1
heard,1
they,1
very,1
villains,1
above,1
none,1
readers,1
timid,1
hastens,1
desperadoes,1
country,1
el,1
alluding,1
pen,1
slip,1
slight,1
pass,1
letting,1
highwaymen,1
bandits,1
brigands,1
gulf,1
northeastward,1
eastward,1
other,1
times,1
forty,1
decorated,1
c,1
cyril,1
swords,1
merit,1
cuban,1
america,1
states,1
conferred,1
received,1
waters,1
gibbons,1
cardinal,1
you,1
mark,1
extant,1
chivalry,1
george,1
collar,1
senator,1
orders,1
stars,1
ia,1
satisfaction,1
world,1
so,1
sullen,1
roll,1
northern,1
abruptly,1
turns,1
yellow,1
where,1
west,1
financially,1
unaided,1
entirely,1
plunging,1
achievement,1
marvelous,1
europe,1
countries,1
recognition,1
continuous,1
generous,1
find,1
heroes,1
snubbing,1
prone,1
inspiration,1
