term,count
the,202
of,147
and,96
to,74
in,68
it,58
a,55
i,48
he,45
his,42
is,38
not,34
as,34
which,33
s,28
that,27
with,21
him,18
or,18
their,18
was,17
from,17
but,16
has,16
its,15
have,14
this,14
who,13
so,12
story,12
on,11
reader,11
an,11
for,11
be,11
when,10
by,10
life,10
than,10
will,10
my,9
been,9
garland,9
some,9
border,9
there,9
they,8
one,8
such,8
are,8
them,8
before,8
then,8
at,8
all,8
himself,7
could,7
our,7
were,7
no,7
always,7
son,7
most,7
can,7
where,7
what,6
never,6
like,6
nature,6
little,6
l,6
her,6
w,6
should,6
other,6
if,6
great,6
country,5
father,5
we,5
perhaps,5
among,5
boom,5
home,5
boston,5
human,5
many,5
own,5
must,5
t,5
y,5
e,5
book,5
things,5
n,5
more,5
only,5
poet,5
upon,4
man,4
us,4
o,4
through,4
too,4
certain,4
autobiographer,4
literature,4
very,4
do,4
cold,4
whom,4
mother,4
middle,4
here,4
years,4
op,4
much,4
sense,4
old,4
ft,4
now,4
those,4
ha,4
farm,4
back,3
wisconsin,3
these,3
rather,3
give,3
say,3
beauty,3
also,3
known,3
author,3
itself,3
re,3
tells,3
true,3
even,3
well,3
war,3
still,3
forgotten,3
till,3
ands,3
c,3
think,3
men,3
does,3
though,3
people,3
struggle,3
told,3
air,3
you,3
out,3
day,3
est,3
part,3
conditions,3
know,3
far,3
am,3
nothing,3
hope,3
wish,3
way,3
others,3
afternoon,2
help,2
sort,2
proud,2
trot,2
found,2
iris,2
tried,2
while,2
sunset,2
long,2
made,2
pity,2
close,2
nut,2
temple,2
toward,2
student,2
actor,2
willing,2
la,2
had,2
represented,2
yet,2
worn,2
incident,2
character,2
above,2
dwell,2
gave,2
unique,2
how,2
invention,2
sufficiently,2
loves,2
drama,2
seemed,2
longing,2
love,2
fur,2
able,2
leaves,2
th,2
without,2
arid,2
page,2
written,2
squalor,2
sake,2
time,2
main,2
up,2
doubt,2
again,2
study,2
escape,2
done,2
history,2
world,2
chapter,2
glory,2
tho,2
enough,2
academic,2
somehow,2
reparation,2
cents,2
garret,2
present,2
hated,2
worth,2
d,2
children,2
lone,2
remember,2
scale,2
vast,2
work,2
after,2
summer,2
toil,2
brother,2
seem,2
end,2
past,2
force,2
means,2
fault,2
would,2
practically,2
good,2
shown,2
course,2
already,2
doom,2
tits,2
empire,2
into,2
whole,2
strong,2
kind,2
set,2
about,2
youth,2
open,2
hex,2
behind,2
kindred,2
prairie,2
ti,2
less,2
quite,2
keep,2
westward,2
whatever,2
fidelity,2
g,2
go,2
make,2
tog,2
characteristic,2
ail,2
civil,2
third,2
es,2
else,2
beyond,2
last,2
blame,2
tie,2
details,2
left,2
forced,2
wife,2
region,2
hamlin,2
returns,2
appreciation,2
taste,1
use,1
share,1
tears,1
squawk,1
meant,1
blood,1
allege,1
destined,1
answered,1
consecrates,1
appropriates,1
sees,1
thesis,1
proof,1
foods,1
vision,1
national,1
whoop,1
control,1
mechanism,1
mighty,1
de,1
she,1
prices,1
squaw,1
tireless,1
watt,1
reversions,1
conduct,1
hens,1
nascent,1
dakota,1
parallels,1
reach,1
lived,1
commend,1
miss,1
danced,1
seasons,1
lark,1
saying,1
relentless,1
recur,1
beginning,1
wistful,1
ray,1
companions,1
slender,1
fluttered,1
die,1
involuntarily,1
sister,1
hymn,1
growing,1
continued,1
submit,1
seat,1
outgrown,1
abundantly,1
gladness,1
boy,1
regain,1
hay,1
eighty,1
bowed,1
under,1
hand,1
m,1
distinctive,1
socialism,1
state,1
free,1
amer,1
order,1
strongly,1
live,1
breathe,1
wholly,1
uncertain,1
high,1
moment,1
whoa,1
deal,1
boat,1
inca,1
habitation,1
generation,1
memorial,1
dreams,1
valor,1
lean,1
realistic,1
movement,1
socialist,1
epic,1
single,1
yon,1
taxer,1
james,1
le,1
promptly,1
review,1
honest,1
experience,1
tour,1
stags,1
rood,1
fortune,1
somewhere,1
bay,1
got,1
few,1
beings,1
place,1
shirking,1
campaign,1
plain,1
squalid,1
sordid,1
generous,1
persons,1
ardent,1
literary,1
economic,1
future,1
knows,1
realized,1
arrived,1
afraid,1
scholars,1
sad,1
each,1
ever,1
stage,1
realize,1
same,1
read,1
ed,1
passionately,1
west,1
anions,1
firmest,1
foremost,1
believers,1
cork,1
play,1
exultation,1
converts,1
name,1
care,1
thinner,1
hardly,1
recognition,1
lie,1
fake,1
track,1
constant,1
suggesting,1
failed,1
mostly,1
pathos,1
comment,1
lain,1
feet,1
due,1
praise,1
iron,1
ready,1
sacrifice,1
adversity,1
upright,1
realization,1
stand,1
figure,1
delight,1
lets,1
veteran,1
oz,1
needed,1
projection,1
spaces,1
large,1
fiction,1
recurred,1
atone,1
moments,1
relent,1
appealing,1
destiny,1
dearest,1
touched,1
dream,1
overflow,1
light,1
feeling,1
fully,1
duty,1
ly,1
unimportant,1
ought,1
calling,1
mean,1
faultless,1
ea,1
alone,1
faults,1
matters,1
mend,1
manner,1
facts,1
cared,1
leave,1
gentle,1
come,1
days,1
marched,1
compensation,1
imagining,1
ashamed,1
want,1
tenderness,1
characterization,1
obeys,1
finally,1
compels,1
obedience,1
b,1
reasons,1
lack,1
saves,1
breadth,1
happy,1
immediate,1
happened,1
roosters,1
hare,1
classics,1
named,1
least,1
derivation,1
simplest,1
until,1
taken,1
herald,1
gay,1
origins,1
superfine,1
front,1
call,1
hungry,1
clap,1
recalls,1
mar,1
constituted,1
endurance,1
spring,1
horizon,1
called,1
narrower,1
song,1
interest,1
exultant,1
goethe,1
dime,1
franklin,1
none,1
nor,1
recapitulate,1
grasp,1
symphony,1
sunrise,1
serious,1
elemental,1
endeavor,1
monist,1
paris,1
willfulness,1
glaze,1
continent,1
anti,1
golden,1
began,1
homes,1
find,1
ant,1
down,1
poising,1
heard,1
march,1
warm,1
instance,1
might,1
justify,1
pure,1
involuntary,1
laid,1
race,1
easier,1
mellow,1
cock,1
show,1
ins,1
mistaken,1
estimate,1
superlative,1
pt,1
lair,1
gar,1
every,1
point,1
contend,1
incomparable,1
novelty,1
tile,1
passed,1
since,1
forget,1
house,1
reformers,1
prophet,1
abundant,1
si,1
friends,1
theta,1
paint,1
fond,1
r,1
titan,1
wild,1
rude,1
me,1
shall,1
mate,1
choice,1
offer,1
unless,1
singing,1
sod,1
playing,1
lust,1
tr,1
halt,1
sun,1
loyally,1
subject,1
revolt,1
manhood,1
ideal,1
utmost,1
pursued,1
setting,1
bend,1
england,1
wills,1
take,1
h,1
grown,1
sweeter,1
kinder,1
likeness,1
pleasant,1
dancing,1
derives,1
owes,1
away,1
spare,1
detail,1
treat,1
tale,1
may,1
thin,1
dared,1
endured,1
rule,1
nightmare,1
art,1
tragedy,1
ruled,1
self,1
betterment,1
outside,1
seen,1
poets,1
defeat,1
cs,1
sweetest,1
lather,1
let,1
mine,1
answer,1
songs,1
gongs,1
warning,1
toiling,1
stone,1
closing,1
titanic,1
peace,1
familiar,1
pathetic,1
ere,1
greater,1
because,1
seas,1
hers,1
hate,1
zeal,1
early,1
star,1
believe,1
hail,1
any,1
peculiar,1
frankness,1
full,1
pours,1
tide,1
gathers,1
info,1
reflects,1
charm,1
shores,1
rifles,1
psychological,1
synthesis,1
personal,1
new,1
precious,1
promises,1
mai,1
spares,1
perfectly,1
william,1
dean,1
howells,1
fl,1
autobiography,1
mr,1
rank,1
ho,1
apparently,1
tl,1
frankest,1
aria,1
secret,1
within,1
tights,1
says,1
partial,1
justly,1
contribution,1
hereafter,1
wishes,1
year,1
garlands,1
typical,1
came,1
plant,1
beside,1
amt,1
vitally,1
begins,1
comes,1
slates,1
enlisted,1
soldier,1
p,1
pioneer,1
word,1
law,1
follow,1
following,1
northern,1
immigrations,1
core,1
portrays,1
fifty,1
ago,1
pace,1
unexampled,1
vii,1
ur,1
et,1
fins,1
interpret,1
successive,1
pest,1
calls,1
lies,1
between,1
nearest,1
furthest,1
first,1
camp,1
toll,1
late,1
onerous,1
desire,1
digest,1
morsels,1
pie,1
offering,1
western,1
stomachs,1
shared,1
joy,1
historian,1
definite,1
aim,1
merrier,1
folk,1
showed,1
themselves,1
capable,1
being,1
interludes,1
clear,1
helped,1
dear,1
natural,1
episode,1
almost,1
palatial,1
another,1
record,1
going,1
painful,1
better,1
joint,1
wandering,1
pride,1
lovely,1
dour,1
inter,1
u,1
loveliness,1
rut,1
proudly,1
superiority,1
intends,1
boobs,1
divines,1
hour,1
real,1
eons,1
sconce,1
vow,1
spirit,1
lost,1
satisfaction,1
highest,1
poetic,1
whit,1
aspirations,1
tarot,1
looking,1
ta,1
larger,1
import,1
hut,1
seven,1
philosophized,1
alms,1
melting,1
perceive,1
stuff,1
used,1
instinctive,1
genuineness,1
several,1
burton,1
enlightened,1
journalists,1
write,1
stir,1
valuably,1
prize,1
critic,1
favor,1
finds,1
studies,1
v,1
novelist,1
lest,1
moved,1
heat,1
indubitable,1
allowed,1
senses,1
ir,1
unsparing,1
makes,1
lice,1
diddle,1
misery,1
feel,1
exult,1
escapes,1
fever,1
dollars,1
hunger,1
east,1
ac,1
seek,1
feels,1
fate,1
terre,1
charters,1
ia,1
steam,1
filth,1
cattle,1
horses,1
insult,1
sweat,1
harvest,1
fields,1
served,1
stench,1
except,1
hapless,1
women,1
wearily,1
put,1
meat,1
drink,1
confessed,1
suggested,1
hidden,1
letters,1
wag,1
shorter,1
matte,1
mint,1
earlier,1
achievements,1
cult,1
tire,1
trawled,1
roads,1
poetry,1
books,1
times,1
best,1
veracious,1
humanity,1
everything,1
imminent,1
relieve,1
warmed,1
vi,1
tic,1
wilting,1
raised,1
suffer,1
risks,1
poverty,1
implied,1
ax,1
fifteen,1
improbably,1
appeal,1
cur,1
celebrate,1
strangers,1
simply,1
bravely,1
move,1
claim,1
talent,1
prove,1
denial,1
mood,1
