term,count
the,197
of,133
and,112
is,63
a,60
to,60
in,54
that,48
it,36
his,28
he,25
there,23
no,22
for,21
utopia,19
as,19
with,19
we,18
wells,18
have,18
by,18
mr,18
has,17
was,17
are,17
this,15
all,15
from,14
o,14
but,14
not,14
s,13
i,13
an,12
at,12
like,11
be,11
been,11
our,10
they,10
earth,10
into,10
one,10
these,10
man,10
book,9
world,9
more,9
who,8
had,8
learn,8
some,8
most,8
their,8
will,7
out,7
if,7
its,7
her,7
very,7
which,7
when,7
own,6
age,6
only,6
how,6
mankind,6
on,6
what,6
present,6
human,6
new,6
men,6
little,6
many,6
too,5
day,5
earthlings,5
course,5
last,5
nature,5
great,5
confusion,5
life,5
place,5
him,5
than,5
or,5
would,5
since,4
better,4
were,4
planet,4
nor,4
known,4
believe,4
progress,4
effort,4
old,4
large,4
could,4
road,4
say,4
can,4
impossible,4
now,4
said,4
state,4
war,4
first,4
other,3
conquer,3
matter,3
back,3
thought,3
upon,3
three,3
every,3
something,3
none,3
disappeared,3
about,3
because,3
mind,3
however,3
long,3
samurai,3
interest,3
car,3
making,3
cars,3
so,3
windsor,3
teachers,3
utopian,3
statesman,3
should,3
always,3
education,3
up,3
almost,3
made,3
utopians,3
statesmen,3
land,3
conditions,3
yet,3
taken,3
h,3
experiment,3
them,3
skids,3
may,3
contempt,3
private,3
scientific,3
gods,3
father,3
beyond,3
existence,2
against,2
after,2
cleaned,2
poor,2
hatred,2
beautiful,2
toughness,2
kind,2
hesitate,2
ratlike,2
living,2
struggle,2
observes,2
cries,2
schools,2
describes,2
point,2
manifestly,2
society,2
toward,2
page,2
sir,2
continued,2
hope,2
property,2
except,2
word,2
earlier,2
probably,2
years,2
government,2
picture,2
convey,2
earthly,2
learned,2
disease,2
politics,2
highest,2
ones,2
such,2
indeed,2
former,2
centuries,2
motor,2
speed,2
rotating,2
way,2
corner,2
sees,2
came,2
later,2
means,2
fear,2
cease,2
others,2
evil,2
master,2
both,2
love,2
unknown,2
comet,2
modern,2
wealth,2
suddenly,2
business,2
ruin,2
castle,2
less,2
powerful,2
famous,2
party,2
concludes,2
rather,2
conference,2
editor,2
usual,2
also,2
governing,2
whom,2
need,2
away,2
family,2
catskill,2
newest,2
where,2
rupert,2
members,2
yellow,2
quite,2
few,2
romances,2
preceding,2
end,2
automobile,2
young,2
hg,2
least,2
writer,2
minds,2
obvious,2
dominated,2
changed,2
country,2
much,2
well,2
through,2
impossibility,2
republic,2
plato,2
any,2
know,2
lies,2
beginning,2
share,2
j,2
common,2
affair,2
imaginary,2
visible,2
might,2
days,2
grown,2
thinking,2
hi,2
do,2
read,2
naked,2
astonished,2
even,2
interested,2
hut,2
future,2
live,2
written,2
story,2
fascinating,2
still,2
design,1
watch,1
choice,1
greatest,1
execution,1
published,1
poverty,1
childishness,1
citizens,1
r,1
children,1
useless,1
dregs,1
death,1
pettiness,1
persons,1
universe,1
combed,1
often,1
ourselves,1
standing,1
fancies,1
washed,1
hands,1
taught,1
logos,1
respect,1
placed,1
whose,1
heed,1
child,1
over,1
instructors,1
chatter,1
toady,1
gain,1
civilization,1
scheme,1
low,1
sport,1
estate,1
worst,1
views,1
pointed,1
far,1
dreary,1
german,1
similar,1
humanist,1
johann,1
duties,1
valentin,1
expressing,1
faults,1
boating,1
flagrant,1
silly,1
commerce,1
parliament,1
quarrels,1
coming,1
competition,1
police,1
prisons,1
lunatics,1
believes,1
defectives,1
cricket,1
cripples,1
schoolboy,1
tennis,1
suppressed,1
extraordinarily,1
nastier,1
conquered,1
hand,1
things,1
good,1
meanness,1
deemed,1
socially,1
nuisance,1
virtually,1
apostasy,1
says,1
force,1
losing,1
quality,1
infuriate,1
showing,1
price,1
surrender,1
intensity,1
tormented,1
energy,1
pickled,1
experienced,1
extensive,1
reality,1
text,1
central,1
reading,1
welcoming,1
unclean,1
strenuous,1
younger,1
takes,1
palm,1
revelations,1
wide,1
assured,1
seldom,1
comes,1
case,1
lesser,1
intimately,1
personal,1
meaning,1
event,1
strong,1
isaiah,1
narrative,1
mother,1
concerning,1
alike,1
gradually,1
social,1
ends,1
structure,1
petty,1
higher,1
organization,1
la,1
boundaries,1
seems,1
breeding,1
demarcations,1
successfully,1
positions,1
concentrated,1
took,1
steady,1
hag,1
sacrifice,1
bigots,1
skill,1
le,1
cat,1
collectively,1
perpetual,1
selfishness,1
individual,1
engenders,1
ignobly,1
instead,1
nobly,1
creature,1
tn,1
god,1
pray,1
qualities,1
become,1
contrived,1
sensual,1
eliminate,1
psyche,1
thus,1
access,1
american,1
sun,1
barn,1
glory,1
paradise,1
trampled,1
swung,1
dust,1
peril,1
hunkers,1
d,1
staple,1
vents,1
garden,1
latter,1
best,1
turbulent,1
run,1
rid,1
sadly,1
epidemic,1
produced,1
finally,1
those,1
weakness,1
peer,1
inter,1
faded,1
relationships,1
light,1
japanese,1
spatial,1
welt,1
shows,1
anything,1
occidental,1
west,1
malice,1
must,1
invention,1
expected,1
airplane,1
research,1
stories,1
us,1
experiments,1
folly,1
results,1
untraceable,1
entertainment,1
conquering,1
battle,1
wit,1
ago,1
observer,1
outgrown,1
afflictions,1
participating,1
non,1
dreams,1
acts,1
device,1
empire,1
dupont,1
frenchman,1
protects,1
french,1
magnate,1
interests,1
movie,1
hunker,1
bring,1
uncover,1
humor,1
plot,1
full,1
worlds,1
martians,1
substance,1
overcome,1
deal,1
again,1
used,1
youthful,1
infect,1
half,1
germs,1
same,1
sincerity,1
latent,1
baneful,1
susceptible,1
stamped,1
irony,1
period,1
japan,1
influence,1
economic,1
support,1
poland,1
adventurer,1
use,1
births,1
prince,1
controlled,1
proclamations,1
fern,1
system,1
multitudinous,1
clumsily,1
convulsively,1
reconstructed,1
plots,1
meet,1
bolshevist,1
production,1
became,1
cruel,1
prey,1
born,1
beings,1
flood,1
equally,1
hater,1
creator,1
indignant,1
self,1
elf,1
remains,1
bolshevism,1
overcrowding,1
informed,1
fundamental,1
insurance,1
rembrandt,1
egypt,1
afflicted,1
chinese,1
race,1
arose,1
cope,1
exploitation,1
congestion,1
wife,1
differs,1
scanned,1
attained,1
give,1
newspaper,1
complete,1
detail,1
picked,1
inches,1
actually,1
respects,1
predatory,1
pen,1
instance,1
taller,1
twenty,1
class,1
dedicated,1
educated,1
disciplined,1
ruling,1
rich,1
vulgarity,1
wastefulness,1
stupidity,1
acquisitive,1
forgotten,1
childish,1
hustled,1
misery,1
subjection,1
bis,1
cradle,1
cajoled,1
really,1
lied,1
bought,1
sold,1
impudent,1
minority,1
difficult,1
nowadays,1
columns,1
monstrous,1
approves,1
bringing,1
waxes,1
mi,1
morris,1
quicken,1
pulses,1
naturally,1
real,1
understandable,1
lucid,1
prophetic,1
interesting,1
disillusioned,1
profess,1
plane,1
hopeless,1
collective,1
optimist,1
continue,1
pictures,1
mold,1
nearer,1
heart,1
desire,1
t,1
william,1
abet,1
spence,1
bacon,1
boy,1
downs,1
above,1
sussex,1
events,1
my,1
yes,1
sense,1
pondered,1
successors,1
reader,1
subject,1
let,1
examine,1
ideal,1
commonwealths,1
mumford,1
utopias,1
each,1
contribution,1
thomas,1
rises,1
image,1
faith,1
looking,1
fifty,1
pf,1
change,1
face,1
england,1
simplicity,1
romance,1
minded,1
overworked,1
forward,1
assistant,1
achieved,1
liberal,1
organ,1
depressing,1
aspects,1
advanced,1
achingly,1
painfully,1
holiday,1
wanted,1
badly,1
me,1
jive,1
generation,1
stimulating,1
departure,1
intimacy,1
villain,1
piece,1
greater,1
milton,1
demon,1
everlasting,1
concerned,1
ordered,1
rational,1
decent,1
infinite,1
possibilities,1
advancement,1
evolution,1
vastly,1
creative,1
attempted,1
chief,1
theme,1
make,1
saturated,1
sins,1
constructively,1
dwelling,1
rapid,1
expansion,1
doubtless,1
chiefly,1
responsible,1
credit,1
doubt,1
horn,1
era,1
respectable,1
brand,1
certain,1
clear,1
en,1
mapping,1
exploring,1
persistence,1
admirable,1
astonishing,1
call,1
thing,1
ultimate,1
deem,1
office,1
provided,1
review,1
henry,1
james,1
york,1
macmillan,1
company,1
heretofore,1
required,1
considerable,1
imagination,1
part,1
brilliant,1
able,1
perceive,1
humanity,1
landing,1
today,1
you,1
find,1
politicians,1
then,1
enough,1
futile,1
institution,1
l,1
discern,1
dim,1
swimming,1
outline,1
given,1
favoring,1
breeze,1
arrive,1
take,1
possession,1
ike,1
futility,1
latest,1
hook,1
direct,1
line,1
starting,1
liberating,1
asserts,1
completes,1
release,1
traditionalism,1
already,1
preoccupied,1
g,1
knows,1
term,1
mild,1
lips,1
abstract,1
average,1
despite,1
fact,1
thinkers,1
france,1
without,1
times,1
caves,1
miserable,1
principle,1
pi,1
ogress,1
essay,1
ia,1
distinctly,1
filings,1
arousing,1
get,1
hot,1
summer,1
spell,1
cecil,1
accomplished,1
urbane,1
ho,1
eve,1
sham,1
novels,1
parliamentarians,1
america,1
under,1
visited,1
blunderer,1
here,1
recent,1
past,1
er,1
secretary,1
lady,1
stella,1
fashionable,1
priest,1
going,1
remote,1
parallel,1
sphere,1
hence,1
building,1
recently,1
wrecked,1
smoking,1
see,1
youth,1
girl,1
lie,1
dead,1
among,1
ruins,1
obviously,1
engaged,1
hear,1
subsequent,1
dimensions,1
fur,1
dimension,1
f,1
just,1
acquiring,1
luncheon,1
rd,1
si,1
hosts,1
pot,1
spokesman,1
presents,1
brief,1
account,1
during,1
thousand,1
scandalized,1
hotly,1
informs,1
absence,1
balfour,1
religious,1
formalism,1
framework,1
creed,1
ritual,1
v,1
stringent,1
marriage,1
ties,1
celebrated,1
boils,1
flame,1
lambent,1
reviewer,1
winston,1
churchill,1
divine,1
p,1
vaughan,1
exploiter,1
wholly,1
obscure,1
stand,1
realization,1
nearest,1
spot,1
entry,1
wholesome,1
dreamers,1
dream,1
hurleigh,1
agile,1
polished,1
orator,1
english,1
lonely,1
inquiry,1
come,1
pass,1
board,1
advertisement,1
maidenhead,1
week,1
hotel,1
distance,1
nothing,1
nil,1
ordinary,1
two,1
short,1
big,1
slough,1
turn,1
turns,1
blank,1
amazement,1
perfectly,1
level,1
stretch,1
sight,1
travel,1
hedges,1
landscape,1
flat,1
features,1
think,1
various,1
quiet,1
pride,1
affection,1
otherwise,1
disturbed,1
chromatic,1
offspring,1
thrown,1
tricky,1
runabout,1
starts,1
off,1
aimlessly,1
suburban,1
home,1
nowhere,1
particular,1
along,1
bath,1
hundred,1
miles,1
hour,1
desired,1
violently,1
experiences,1
snap,1
bowstring,1
head,1
recovers,1
seconds,1
everything,1
front,1
entirely,1
different,1
signs,1
weekend,1
hotels,1
ahead,1
lost,1
strange,1
material,1
unmistakably,1
alien,1
occupants,1
happens,1
replaced,1
absolutely,1
plateau,1
side,1
roads,1
turned,1
method,1
entering,1
tc,1
readers,1
writers,1
island,1
escape,1
vagrant,1
leaving,1
beneficent,1
gas,1
terrestrial,1
atmosphere,1
changing,1
arrival,1
pure,1
hypothesis,1
swiss,1
public,1
