term,count
the,13
of,9
and,7
a,5
to,5
is,4
in,4
his,3
citizen,3
counterfeit,3
by,2
are,2
whole,2
as,2
not,2
service,2
time,2
that,2
boo,1
abroad,1
life,1
army,1
my,1
recollections,1
arizona,1
vanished,1
purposes,1
for,1
home,1
philadelphia,1
at,1
marketed,1
believe,1
we,1
author,1
manufactured,1
publishing,1
martha,1
press,1
deception,1
j,1
cheap,1
too,1
quite,1
it,1
i,1
will,1
l,1
but,1
was,1
who,1
one,1
rom,1
described,1
politic,1
body,1
while,1
b,1
papers,1
e,1
presumably,1
violence,1
such,1
usual,1
all,1
italians,1
foreign,1
among,1
element,1
decent,1
thrifty,1
ignores,1
he,1
weight,1
carry,1
does,1
purpose,1
abuse,1
le,1
cases,1
prejudices,1
with,1
forever,1
honeycombed,1
institution,1
company,1
show,1
desires,1
mr,1
hut,1
so,1
from,1
immigration,1
th,1
frauds,1
been,1
have,1
there,1
any,1
possibility,1
obvious,1
