term,count
of,68
the,65
and,55
a,54
it,28
in,25
to,25
that,22
you,21
or,18
is,18
not,14
for,14
s,12
with,12
by,11
but,11
have,10
which,9
as,9
o,8
de,8
all,8
he,8
book,7
on,7
this,7
they,7
l,7
short,7
alice,6
these,6
e,6
about,6
r,6
one,6
are,6
do,6
them,6
very,6
your,5
story,5
little,5
no,5
down,5
suppose,5
his,5
out,5
who,4
th,4
women,4
y,4
at,4
view,4
too,4
re,4
what,4
such,4
children,4
author,4
only,4
young,4
old,4
talk,4
been,4
more,4
has,4
common,4
be,4
then,4
read,3
would,3
quite,3
parents,3
long,3
n,3
came,3
set,3
may,3
were,3
was,3
if,3
things,3
mr,3
joseph,3
artist,3
into,3
men,3
than,3
also,3
must,3
ghosts,3
we,3
some,3
so,3
might,3
though,3
people,3
t,3
upon,3
soho,2
she,2
reviewer,2
any,2
speak,2
u,2
allowed,2
house,2
novel,2
there,2
respectable,2
spoil,2
know,2
already,2
how,2
her,2
jug,2
beer,2
london,2
an,2
chits,2
its,2
nothing,2
names,2
mother,2
two,2
play,2
tho,2
never,2
course,2
our,2
without,2
mental,2
manner,2
ha,2
ml,2
observe,2
here,2
f,2
literary,2
boy,2
wife,2
like,2
world,2
sister,2
father,2
opulent,2
child,2
larger,2
proper,2
crotchets,2
somehow,2
ever,2
own,2
good,2
mystery,2
events,2
will,2
much,2
best,2
most,2
co,2
see,2
their,2
knew,2
turn,2
us,2
deal,1
liberty,1
uses,1
invite,1
gun,1
murder,1
ree,1
mothers,1
lovers,1
ht,1
work,1
abusing,1
ad,1
lang,1
consequence,1
difference,1
note,1
crowd,1
i,1
painter,1
cheerful,1
called,1
necromancer,1
utterance,1
mixed,1
companies,1
instances,1
overpowering,1
genius,1
attitude,1
knack,1
rather,1
quality,1
fine,1
method,1
books,1
convincingness,1
english,1
thee,1
perhaps,1
novelist,1
choose,1
become,1
reader,1
plot,1
attention,1
point,1
claim,1
ron,1
narrow,1
ry,1
those,1
flesh,1
lu,1
emerged,1
exact,1
yon,1
obvious,1
toward,1
luck,1
broadly,1
seem,1
reduced,1
lot,1
sot,1
missed,1
thereby,1
end,1
three,1
lighted,1
safe,1
man,1
develop,1
laid,1
woman,1
makes,1
account,1
picture,1
colloquial,1
command,1
miraculous,1
taken,1
er,1
dreamed,1
ah,1
ours,1
saying,1
intent,1
feet,1
ara,1
rider,1
me,1
concrete,1
lower,1
theirs,1
mean,1
had,1
terms,1
g,1
tots,1
genera,1
rate,1
seams,1
mawr,1
al,1
os,1
anything,1
tit,1
telling,1
enough,1
mentioned,1
previous,1
q,1
v,1
sf,1
existing,1
creatures,1
oar,1
level,1
each,1
however,1
both,1
knows,1
written,1
tn,1
degree,1
general,1
think,1
londoners,1
even,1
grandmother,1
especially,1
parent,1
appearance,1
sweetest,1
flower,1
adored,1
sees,1
ion,1
smoke,1
juicy,1
cigarette,1
lucy,1
designation,1
whose,1
mis,1
li,1
nicknamed,1
para,1
med,1
permits,1
render,1
maternal,1
lets,1
love,1
silks,1
broad,1
humor,1
able,1
philosophy,1
humanity,1
thor,1
belonging,1
many,1
next,1
count,1
thins,1
hem,1
ar,1
au,1
accompanied,1
convocation,1
done,1
latterly,1
sound,1
real,1
together,1
inimitable,1
obviously,1
carrying,1
fog,1
comes,1
six,1
tot,1
being,1
begins,1
alic,1
holt,1
henry,1
lr,1
new,1
follow,1
feel,1
idea,1
fairly,1
spinning,1
head,1
reading,1
other,1
transformed,1
surest,1
familiarly,1
generally,1
belongs,1
reason,1
happens,1
der,1
dressing,1
eminently,1
later,1
moves,1
ch,1
basements,1
doomed,1
permanently,1
ghost,1
lived,1
basement,1
extensive,1
live,1
fact,1
nor,1
sober,1
neither,1
known,1
sudden,1
yourself,1
another,1
printed,1
reconstructing,1
wizard,1
further,1
faro,1
hobbies,1
tangent,1
off,1
run,1
allowing,1
persona,1
io,1
delightful,1
history,1
reconstruct,1
dear,1
fascinating,1
perfectly,1
otherwise,1
relation,1
circumstance,1
linked,1
besides,1
having,1
everybody,1
clear,1
photographed,1
creamed,1
day,1
just,1
screen,1
reflected,1
finally,1
bits,1
got,1
felt,1
confidence,1
ls,1
past,1
conjured,1
whimsies,1
smiles,1
serious,1
mind,1
intrinsically,1
loved,1
letting,1
fall,1
breaking,1
windows,1
j,1
horrors,1
en,1
now,1
lg,1
sort,1
aid,1
mere,1
scandalous,1
way,1
over,1
muller,1
suicide,1
william,1
louse,1
mad,1
occur,1
cases,1
professionally,1
housekeepers,1
creed,1
could,1
call,1
use,1
admirable,1
na,1
renders,1
organ,1
wonderfully,1
yahoo,1
second,1
briefly,1
urn,1
unity,1
impartially,1
throw,1
glad,1
make,1
whether,1
life,1
happen,1
thin,1
nd,1
bl,1
ce,1
trade,1
ts,1
example,1
rn,1
le,1
lit,1
from,1
far,1
thackeray,1
pains,1
told,1
ma,1
mail,1
concerned,1
name,1
peggy,1
vance,1
led,1
ca,1
loveliest,1
spectacles,1
floor,1
first,1
art,1
ceramic,1
girl,1
ne,1
ly,1
artists,1
bede,1
included,1
match,1
morgan,1
profiles,1
trying,1
person,1
horrid,1
model,1
parrot,1
dearly,1
boys,1
provides,1
rest,1
family,1
seriously,1
less,1
moro,1
hovers,1
lovely,1
take,1
