term,count
the,48
of,33
a,31
and,30
is,26
she,22
to,22
it,20
that,20
her,18
in,15
he,13
with,11
for,8
you,8
life,8
s,7
its,6
t,6
was,6
as,6
this,6
not,6
there,5
be,5
after,5
one,5
but,5
by,5
his,5
n,4
book,4
more,4
at,4
story,4
son,4
from,4
l,4
something,4
felt,3
i,3
no,3
sure,3
are,3
nothing,3
what,3
only,3
art,3
or,3
must,3
has,3
written,3
on,3
ii,3
war,3
can,3
mother,2
force,2
will,2
thing,2
grows,2
sees,2
how,2
e,2
none,2
taste,2
similar,2
r,2
site,2
continues,2
young,2
idea,2
london,2
both,2
belief,2
successful,2
world,2
great,2
la,2
get,2
quality,2
than,2
hope,2
all,2
u,2
talk,2
yet,2
called,2
first,2
d,2
few,2
without,2
which,2
very,2
soon,2
people,2
money,2
if,2
least,2
do,2
plot,2
mrs,2
an,2
interesting,2
herself,2
gone,2
into,2
women,2
simply,2
wanted,2
flood,2
friend,1
tits,1
continued,1
tut,1
much,1
c,1
bore,1
content,1
own,1
rush,1
bo,1
eagerly,1
fluff,1
floes,1
hit,1
feeling,1
toiling,1
think,1
went,1
time,1
root,1
thin,1
insight,1
large,1
agony,1
grief,1
relates,1
days,1
pare,1
rest,1
tries,1
find,1
dead,1
crones,1
telegram,1
help,1
number,1
write,1
ceases,1
up,1
v,1
spiritualism,1
air,1
pager,1
reactions,1
experience,1
then,1
bad,1
related,1
such,1
wartime,1
had,1
arv,1
truth,1
sh,1
ideas,1
other,1
want,1
does,1
wants,1
again,1
anal,1
mutters,1
here,1
impelling,1
toward,1
fie,1
strut,1
beyond,1
anything,1
ha,1
over,1
living,1
feel,1
ra,1
made,1
within,1
b,1
hip,1
hi,1
troll,1
tho,1
co,1
th,1
si,1
hear,1
o,1
appears,1
arr,1
better,1
h,1
told,1
arid,1
froth,1
imparted,1
have,1
worth,1
less,1
disgusts,1
neither,1
thinking,1
church,1
broke,1
took,1
pl,1
forever,1
form,1
tone,1
rance,1
bones,1
heap,1
little,1
exist,1
proof,1
perhaps,1
hoping,1
attend,1
iv,1
et,1
them,1
ritual,1
thous,1
somewhat,1
many,1
broken,1
intellectual,1
emotional,1
course,1
further,1
any,1
readers,1
spoiled,1
hook,1
tenseness,1
ti,1
useful,1
either,1
impressed,1
rhetoric,1
commonplaces,1
nor,1
hymns,1
part,1
tears,1
who,1
singularly,1
every,1
artist,1
ended,1
rave,1
when,1
read,1
while,1
reality,1
whole,1
fact,1
unconscious,1
drat,1
fine,1
so,1
expressed,1
being,1
figure,1
person,1
alive,1
cohesive,1
descriptive,1
like,1
movement,1
gives,1
author,1
deeply,1
lien,1
passionate,1
hay,1
reading,1
writing,1
effort,1
seems,1
contact,1
actual,1
tell,1
briefest,1
passages,1
central,1
developing,1
smoothly,1
swiftly,1
characters,1
remarkable,1
mr,1
others,1
morris,1
we,1
andrews,1
mary,1
joseph,1
stories,1
short,1
novels,1
latest,1
theme,1
death,1
problem,1
maxwell,1
practically,1
fascinates,1
holds,1
f,1
moves,1
slot,1
current,1
tire,1
style,1
masterly,1
partly,1
w,1
page,1
unfinished,1
down,1
lay,1
presented,1
hardly,1
books,1
those,1
wave,1
carrying,1
pretty,1
taking,1
raising,1
valuable,1
line,1
however,1
could,1
bang,1
interest,1
ceased,1
old,1
le,1
fiction,1
off,1
him,1
though,1
begins,1
oft,1
tit,1
eh,1
charge,1
sheer,1
program,1
spurring,1
audiences,1
fife,1
out,1
wheedling,1
looking,1
each,1
hat,1
frock,1
new,1
smart,1
getting,1
consisted,1
well,1
cloud,1
charity,1
sellers,1
alt,1
through,1
come,1
ll,1
di,1
things,1
gaiety,1
having,1
frivolous,1
jolly,1
leading,1
comrades,1
best,1
boy,1
widow,1
fashion,1
woman,1
itself,1
call,1
may,1
integrity,1
serious,1
thought,1
they,1
glimpse,1
hones,1
feels,1
afraid,1
conviction,1
bye,1
bids,1
hint,1
fr,1
were,1
donald,1
comes,1
existences,1
their,1
enjoyed,1
day,1
energetically,1
gesture,1
