term,count
the,40
to,27
of,23
and,11
is,11
she,11
that,10
woman,10
a,8
by,8
for,8
or,7
not,6
as,6
in,6
it,5
women,5
day,5
s,5
her,4
when,4
be,4
with,4
they,4
organized,4
on,3
all,3
club,3
at,3
which,3
says,3
mrs,3
clubs,3
an,3
this,3
winslow,3
are,3
author,3
men,2
its,2
there,2
turned,2
gowns,2
first,2
has,2
like,2
recognized,2
life,2
should,2
rich,2
wear,2
womanhood,2
from,2
subject,2
their,2
even,2
sex,2
herself,2
who,2
must,2
course,2
poorer,2
so,2
lack,2
have,2
always,2
compliment,2
whether,2
any,2
wealthy,2
remarks,2
welfare,2
tho,2
view,2
general,2
where,1
meet,1
fashionable,1
out,1
will,1
sisters,1
put,1
elsewhere,1
equation,1
question,1
own,1
think,1
laugh,1
occurs,1
raiment,1
c,1
against,1
ludicrous,1
time,1
spontaneity,1
genuinely,1
laughter,1
anything,1
genuineness,1
vanished,1
reason,1
gravely,1
engaging,1
corridors,1
whose,1
moreover,1
necessity,1
labor,1
raining,1
informing,1
inside,1
lends,1
encouragement,1
notion,1
harbored,1
many,1
persons,1
wholly,1
frivolous,1
conviction,1
less,1
individual,1
r,1
yesterday,1
intended,1
imply,1
faintest,1
reflection,1
upon,1
won,1
work,1
past,1
enter,1
very,1
show,1
said,1
splendid,1
severely,1
logical,1
processes,1
ks,1
thai,1
tile,1
worn,1
rs,1
see,1
pretty,1
clothes,1
t,1
them,1
proud,1
bitterly,1
resent,1
thought,1
sister,1
dressed,1
down,1
level,1
enough,1
able,1
much,1
seem,1
cleveland,1
further,1
book,1
nothing,1
develops,1
better,1
broadens,1
character,1
more,1
than,1
mr,1
e,1
re,1
things,1
outside,1
pale,1
serious,1
consideration,1
american,1
stands,1
broad,1
high,1
plateau,1
told,1
we,1
does,1
concerning,1
morrow,1
helen,1
m,1
mo,1
new,1
york,1
james,1
co,1
library,1
books,1
cats,1
however,1
great,1
being,1
cordially,1
refers,1
been,1
en,1
taken,1
recognition,1
rather,1
nature,1
eager,1
faces,1
hopefully,1
seems,1
o,1
children,1
almost,1
member,1
laden,1
sense,1
responsibility,1
heavy,1
consciousness,1
way,1
account,1
future,1
light,1
humorous,1
confesses,1
such,1
deplores,1
looks,1
relations,1
intensely,1
personal,1
standpoint,1
mother,1
honors,1
race,1
obligations,1
really,1
appears,1
one,1
takes,1
heart,1
incident,1
readjustment,1
conditions,1
due,1
modern,1
machine,1
methods,1
independence,1
despises,1
quoted,1
shows,1
value,1
support,1
refuses,1
recognize,1
womanly,1
present,1
