term,count
the,10
in,9
i,8
is,8
of,7
t,6
and,6
o,6
a,6
wife,4
n,4
m,4
to,4
young,3
e,2
so,2
ill,2
f,2
members,2
even,2
silo,2
he,2
meet,2
notes,2
it,2
s,2
k,2
sort,2
tile,2
u,2
boston,2
new,2
author,2
life,2
has,2
washington,2
this,2
by,2
family,2
th,1
hat,1
acknowledge,1
tit,1
are,1
words,1
fine,1
very,1
sc,1
what,1
nearly,1
ham,1
down,1
set,1
ge,1
tot,1
then,1
er,1
she,1
edan,1
no,1
lifts,1
h,1
bf,1
tor,1
bu,1
y,1
thus,1
v,1
come,1
lille,1
nov,1
bout,1
cousin,1
b,1
q,1
toes,1
with,1
her,1
gr,1
trellis,1
ti,1
stock,1
madam,1
tier,1
charms,1
where,1
laid,1
story,1
part,1
chief,1
case,1
particular,1
much,1
written,1
whom,1
about,1
those,1
history,1
contribution,1
co,1
mead,1
york,1
pp,1
mo,1
daughters,1
seven,1
trust,1
douglas,1
lawyer,1
his,1
mingle,1
fraudulent,1
sin,1
gross,1
lobbies,1
le,1
ly,1
lands,1
mining,1
colt,1
c,1
claim,1
tho,1
society,1
but,1
or,1
wry,1
el,1
comes,1
trouble,1
too,1
cabinet,1
senators,1
congressmen,1
l,1
