term,count
the,47
of,38
a,24
and,22
is,22
his,17
he,13
to,12
with,11
in,11
i,9
or,7
all,6
by,5
are,5
that,5
it,5
on,5
music,4
life,4
has,4
who,4
this,4
tile,4
for,4
have,3
writing,3
romance,3
human,3
tales,3
man,3
monte,3
roach,3
an,3
one,3
story,3
russian,3
also,3
will,3
so,3
was,2
port,2
known,2
plays,2
collection,2
while,2
beauty,2
psychology,2
as,2
study,2
been,2
stories,2
from,2
at,2
pattern,2
violin,2
among,2
yet,2
these,2
old,2
ways,2
low,2
title,2
world,2
carlo,2
clever,1
editor,1
might,1
train,1
barren,1
state,1
lock,1
minister,1
evil,1
regretted,1
thief,1
bare,1
sneak,1
luck,1
bent,1
never,1
betraying,1
whose,1
be,1
blackmailer,1
tale,1
upon,1
talented,1
penny,1
heart,1
close,1
ls,1
fellowmen,1
entertain,1
play,1
longer,1
no,1
ma,1
injured,1
purposely,1
when,1
harshly,1
deal,1
whistle,1
et,1
endure,1
founder,1
enterprising,1
erected,1
dive,1
but,1
nothing,1
after,1
function,1
thinks,1
its,1
newspaper,1
satirically,1
stark,1
fashioned,1
thing,1
gigantic,1
myth,1
keeper,1
urge,1
much,1
sharply,1
o,1
gamblers,1
two,1
psychological,1
disciple,1
utilitarian,1
t,1
motivated,1
temperament,1
developing,1
interest,1
day,1
order,1
protest,1
ct,1
ia,1
ill,1
pro,1
most,1
d,1
transcription,1
original,1
mood,1
atmosphere,1
serves,1
english,1
given,1
racy,1
vigorous,1
subtleties,1
turned,1
hoe,1
mr,1
translation,1
voicing,1
always,1
fellows,1
proceeds,1
keep,1
people,1
lian,1
erie,1
tory,1
lie,1
per,1
rom,1
became,1
l,1
greed,1
folly,1
exploit,1
decided,1
once,1
fame,1
alive,1
whims,1
chance,1
e,1
student,1
character,1
hole,1
chicanery,1
truman,1
cuttingly,1
piece,1
effective,1
potent,1
ingenuity,1
player,1
against,1
loaded,1
odds,1
re,1
civilization,1
beer,1
points,1
made,1
met,1
s,1
convince,1
few,1
read,1
po,1
foibles,1
scoring,1
pungently,1
time,1
same,1
places,1
unsuspected,1
gross,1
finds,1
powerful,1
literary,1
force,1
done,1
katherine,1
both,1
narration,1
elliptical,1
which,1
round,1
being,1
obviously,1
they,1
nor,1
well,1
shore,1
not,1
five,1
humanist,1
record,1
results,1
new,1
like,1
beautiful,1
passionate,1
remembered,1
company,1
york,1
guilbert,1
whom,1
bernard,1
alexandre,1
russians,1
frown,1
translated,1
other,1
bunin,1
ranks,1
spirit,1
observed,1
blended,1
deftly,1
insight,1
observation,1
realistic,1
detail,1
shrewdly,1
younger,1
seaports,1
impregnated,1
seeker,1
poet,1
essentially,1
writers,1
mansfield,1
us,1
verities,1
older,1
telling,1
dramatic,1
many,1
cellar,1
frequenter,1
idol,1
classical,1
topical,1
folk,1
outpouring,1
nightly,1
spirituality,1
out,1
melody,1
mastery,1
influence,1
history,1
likewise,1
thai,1
eternal,1
represents,1
symbol,1
men,1
fellow,1
delights,1
make,1
chronicled,1
travail,1
through,1
persisting,1
suffering,1
period,1
mei,1
jew,1
ugly,1
sascha,1
episodes,1
method,1
pie,1
scenes,1
important,1
adventures,1
relating,1
string,1
freshness,1
together,1
hung,1
loosely,1
picaresque,1
design,1
uses,1
takes,1
gusto,1
lore,1
small,1
parts,1
far,1
sailors,1
visited,1
baltic,1
seaport,1
gives,1
fm,1
tim,1
novelette,1
length,1
runs,1
beat,1
pulsing,1
successful,1
