term,count
the,116
of,75
in,37
to,37
a,30
and,27
her,23
that,19
his,19
is,19
which,16
as,14
from,13
was,13
he,12
for,11
i,10
she,10
it,10
this,9
caroline,9
s,8
not,8
him,7
with,7
on,7
who,7
no,7
n,6
princess,6
author,6
an,6
before,6
trial,6
we,6
but,6
prof,6
eloquence,5
more,5
one,5
us,5
our,5
by,5
even,4
character,4
at,4
opinion,4
day,4
brougham,4
be,4
has,4
first,4
relations,4
letters,4
because,4
there,4
man,4
italy,3
royal,3
reading,3
acts,3
under,3
through,3
what,3
all,3
when,3
many,3
so,3
f,3
witnesses,3
parliament,3
book,3
house,3
could,3
terrible,3
iv,3
such,3
have,3
had,3
george,3
are,3
they,3
great,3
these,3
will,3
re,2
fact,2
went,2
follow,2
made,2
element,2
o,2
city,2
used,2
able,2
step,2
ad,2
during,2
public,2
private,2
u,2
e,2
between,2
where,2
or,2
its,2
their,2
force,2
been,2
evident,2
lady,2
saw,2
r,2
forward,2
nothing,2
hussar,2
here,2
master,2
x,2
always,2
slovenly,2
two,2
question,2
then,2
th,2
them,2
were,2
can,2
see,2
irresistible,2
mo,2
later,2
however,2
brunswick,2
lie,2
years,2
produced,2
new,2
picture,2
if,2
popular,2
lords,2
only,2
you,2
attempt,2
l,2
time,2
some,2
nor,2
italian,2
university,2
work,2
life,2
wales,2
against,2
light,2
evidence,2
canning,2
opposition,2
seemed,2
while,2
celebrated,2
impossible,2
examination,2
form,2
scandal,2
wife,2
drama,2
correct,1
comes,1
pt,1
persuasiveness,1
described,1
polished,1
persuasive,1
specific,1
simile,1
speaker,1
holds,1
touch,1
came,1
contemporaries,1
incomparable,1
moved,1
wherein,1
makes,1
excited,1
up,1
surpasses,1
simply,1
thrusting,1
tot,1
never,1
neither,1
though,1
unevenness,1
phrases,1
fine,1
unfolds,1
tremendous,1
thrusts,1
certainly,1
bravo,1
menial,1
jump,1
almost,1
cards,1
played,1
feet,1
employer,1
grasped,1
shout,1
courier,1
real,1
lame,1
soldier,1
alan,1
both,1
synthesis,1
admirable,1
columbia,1
honor,1
elf,1
sublime,1
position,1
out,1
grand,1
brought,1
fearsome,1
splendor,1
guilty,1
benefit,1
special,1
founded,1
jerusalem,1
order,1
images,1
arose,1
forced,1
lind,1
nobility,1
restored,1
whom,1
until,1
household,1
rank,1
bursts,1
purpose,1
veil,1
does,1
striking,1
freedom,1
secret,1
meant,1
grave,1
carried,1
woman,1
gives,1
incongruity,1
lion,1
extract,1
letter,1
oratory,1
most,1
thought,1
incoherent,1
saline,1
constant,1
talent,1
antonio,1
mobile,1
director,1
reason,1
means,1
political,1
upheaval,1
score,1
appendix,1
spelling,1
interesting,1
show,1
mystery,1
remain,1
bettor,1
throw,1
georges,1
ingenious,1
seen,1
novel,1
need,1
party,1
married,1
prince,1
continental,1
conjugal,1
break,1
eyes,1
attempts,1
friend,1
contrast,1
again,1
given,1
thinks,1
history,1
acids,1
deal,1
than,1
know,1
speaking,1
conclusion,1
occasions,1
protagonists,1
sin,1
diverse,1
fingers,1
point,1
absence,1
seeing,1
enter,1
speak,1
fae,1
aside,1
draw,1
seek,1
do,1
violence,1
fools,1
just,1
aspects,1
moral,1
le,1
morbid,1
divides,1
g,1
idea,1
razor,1
edge,1
lies,1
explanation,1
supports,1
defining,1
judging,1
either,1
succeed,1
ministry,1
ode,1
says,1
pulverize,1
poor,1
la,1
furniture,1
co,1
constructing,1
cf,1
england,1
leaves,1
follows,1
documents,1
unpublished,1
largely,1
material,1
drawing,1
sojourn,1
entourage,1
service,1
p,1
useful,1
done,1
therefore,1
undoubtedly,1
judges,1
measure,1
shared,1
blood,1
foreign,1
case,1
fury,1
return,1
thither,1
pie,1
wisely,1
received,1
readable,1
exact,1
merely,1
make,1
wishes,1
observer,1
discretion,1
wise,1
learned,1
intention,1
stated,1
should,1
asia,1
africa,1
europe,1
fly,1
nest,1
without,1
swallow,1
after,1
reader,1
warns,1
rose,1
accused,1
odium,1
nigh,1
studying,1
protagonist,1
true,1
give,1
sources,1
draws,1
recent,1
kingdom,1
united,1
stability,1
threaten,1
century,1
nineteenth,1
bring,1
endeavors,1
cl,1
review,1
times,1
york,1
written,1
residence,1
about,1
paolo,1
well,1
reach,1
adduced,1
unprejudiced,1
testimony,1
information,1
source,1
testified,1
tile,1
con,1
must,1
trustworthy,1
less,1
facts,1
influences,1
advocate,1
wonderful,1
power,1
subtle,1
ease,1
record,1
type,1
cold,1
lord,1
pervading,1
owing,1
fair,1
warm,1
welcome,1
lian,1
sit,1
genii,1
per,1
z,1
picturesque,1
doff,1
lon,1
ix,1
romance,1
grace,1
knelt,1
gallant,1
upon,1
pleasure,1
reply,1
ere,1
tl,1
asking,1
politely,1
distress,1
move,1
dexterous,1
bent,1
quickly,1
key,1
ci,1
gown,1
ar,1
those,1
agree,1
himself,1
mae,1
titan,1
arm,1
other,1
afterward,1
polo,1
coo,1
ca,1
b,1
ti,1
exterior,1
yet,1
br,1
go,1
t,1
dal,1
pei,1
bi,1
li,1
holly,1
ill,1
disengaging,1
people,1
meeting,1
translate,1
worth,1
infidelity,1
queen,1
figure,1
central,1
bartolomeo,1
notorious,1
following,1
added,1
ping,1
gem,1
stay,1
independence,1
plans,1
cherished,1
anne,1
english,1
possibility,1
presence,1
read,1
might,1
imagined,1
description,1
embryo,1
troubled,1
mixture,1
stepping,1
turn,1
m,1
anteroom,1
present,1
stopping,1
hotel,1
hussars,1
uniform,1
dressed,1
handsome,1
tall,1
next,1
strong,1
far,1
heart,1
round,1
spell,1
weave,1
gallantry,1
calculating,1
vulgarity,1
romantic,1
june,1
