term,count
the,226
of,124
in,69
a,63
and,55
to,54
it,50
is,42
i,41
that,38
was,28
as,25
with,24
s,23
not,23
he,22
had,21
be,19
which,17
t,16
for,15
on,15
his,15
by,14
period,13
an,13
but,13
this,12
than,11
its,11
have,11
they,11
at,10
one,10
there,10
or,10
l,9
mr,9
book,9
beardsley,9
end,8
if,8
their,8
were,8
other,8
from,8
did,7
art,7
e,7
h,7
fact,7
been,7
would,7
n,7
any,7
so,7
de,7
years,6
yellow,6
century,6
who,6
more,6
no,6
those,5
now,5
artists,5
him,5
your,5
also,5
you,5
th,5
such,5
seems,5
tile,5
world,5
j,5
o,5
too,5
ill,4
aubrey,4
nineties,4
true,4
these,4
has,4
age,4
many,4
what,4
beyond,4
q,4
found,4
truth,4
out,4
when,4
much,4
rather,4
writes,4
decade,4
play,4
here,4
perhaps,4
poets,4
made,4
poetry,4
se,3
time,3
about,3
paganism,3
housman,3
man,3
part,3
lit,3
victorian,3
hi,3
life,3
stevenson,3
way,3
only,3
however,3
anything,3
d,3
question,3
two,3
ma,3
may,3
ibsen,3
wilde,3
both,3
itself,3
should,3
say,3
written,3
turn,3
salome,3
hand,3
really,3
can,3
drawing,3
v,3
indeed,3
single,3
w,3
words,3
because,3
second,3
difference,3
every,3
essay,3
m,3
new,3
poet,3
english,3
all,3
io,3
fin,3
nineteenth,3
are,3
evil,3
having,2
year,2
decorative,2
little,2
handling,2
point,2
considered,2
home,2
first,2
fro,2
grave,2
en,2
house,2
artist,2
holiday,2
profession,2
last,2
tag,2
periodical,2
ended,2
tennyson,2
drawings,2
hundred,2
looked,2
except,2
comforting,2
between,2
today,2
beauty,2
sense,2
osbert,2
given,2
us,2
ask,2
far,2
page,2
greatly,2
perspective,2
pathetic,2
aware,2
r,2
ly,2
over,2
surrounded,2
accidents,2
then,2
into,2
date,2
lad,2
serpent,2
change,2
individual,2
never,2
day,2
spirit,2
gay,2
live,2
connection,2
before,2
something,2
pl,2
study,2
design,2
dis,2
hut,2
themselves,2
thesis,2
ls,2
get,2
vision,2
periods,2
doubt,2
them,2
storm,2
principal,2
k,2
thai,2
still,2
oscar,2
ear,2
ha,2
work,2
whom,2
author,2
nothing,2
free,2
clings,2
very,2
around,2
magazine,2
charles,2
exclusively,2
social,2
romantic,2
nature,2
distinction,2
wonders,2
fathers,2
immediately,2
men,2
against,2
do,2
largely,2
despite,2
giving,2
subject,2
series,1
ate,1
iv,1
g,1
creature,1
discovered,1
theft,1
preceding,1
strictly,1
act,1
honest,1
drive,1
each,1
puritanical,1
brilliantly,1
skillful,1
di,1
women,1
hy,1
ideal,1
elf,1
tabooed,1
love,1
el,1
lysistrata,1
sadly,1
suddenly,1
prejudice,1
demands,1
naked,1
pattern,1
chooses,1
herod,1
declares,1
victim,1
monstrous,1
treats,1
manifestations,1
same,1
catholic,1
dissented,1
unlike,1
ed,1
hound,1
imagination,1
pause,1
jo,1
eden,1
fat,1
inclined,1
fellow,1
registered,1
ultimate,1
let,1
sheer,1
distance,1
find,1
latter,1
important,1
former,1
created,1
ame,1
ring,1
ages,1
form,1
intellectual,1
tel,1
academe,1
denied,1
real,1
cadence,1
lies,1
treated,1
striking,1
hitherto,1
hui,1
reader,1
happens,1
tolerably,1
familiar,1
paradoxically,1
hock,1
knowledge,1
seemed,1
material,1
contemporaries,1
stigmatized,1
critics,1
decadence,1
tr,1
admit,1
fillip,1
precocity,1
early,1
believed,1
children,1
cause,1
desire,1
appetite,1
grahame,1
gross,1
style,1
innocent,1
ceased,1
caught,1
er,1
genuinely,1
enjoyable,1
throughout,1
felicity,1
often,1
sacrificed,1
keenly,1
phrased,1
playful,1
humoring,1
foible,1
write,1
meant,1
said,1
entirely,1
killed,1
teen,1
occur,1
signs,1
failure,1
artistic,1
likely,1
trial,1
took,1
pee,1
demise,1
indictment,1
thus,1
mind,1
least,1
matter,1
how,1
unfairly,1
group,1
sufficient,1
unto,1
possessed,1
humor,1
abounding,1
gesticulating,1
widely,1
go,1
afield,1
great,1
deal,1
minor,1
prose,1
writers,1
merely,1
witticisms,1
frequently,1
mistakes,1
deserves,1
scattering,1
interest,1
power,1
error,1
unfair,1
attempting,1
effectiveness,1
weakens,1
considerably,1
happy,1
ability,1
set,1
off,1
whole,1
centuries,1
passage,1
eighteenth,1
escaped,1
churchyard,1
confined,1
her,1
wander,1
mountains,1
companion,1
mast,1
admitted,1
career,1
after,1
desires,1
amiss,1
lind,1
remind,1
height,1
la,1
falls,1
whenever,1
remorseless,1
vast,1
blake,1
ends,1
name,1
closely,1
ass,1
lever,1
copy,1
tills,1
ext,1
na,1
confine,1
our,1
shocking,1
animal,1
achieved,1
limits,1
beasts,1
plunging,1
below,1
ave,1
stalls,1
souls,1
physical,1
see,1
tong,1
enough,1
flattering,1
image,1
previous,1
me,1
mirror,1
sod,1
prized,1
priced,1
probably,1
until,1
hint,1
quarterly,1
devoted,1
letters,1
characteristic,1
three,1
announcement,1
founders,1
number,1
labor,1
appeared,1
aim,1
wu,1
editor,1
among,1
drew,1
writer,1
specialty,1
henry,1
lane,1
john,1
founded,1
impression,1
derived,1
color,1
adopted,1
thing,1
expression,1
contrary,1
contributors,1
continued,1
kenneth,1
walter,1
wilson,1
steer,1
edmund,1
sir,1
william,1
watson,1
hanging,1
efficacy,1
well,1
hunter,1
crossing,1
ber,1
faith,1
stops,1
edge,1
sailor,1
sea,1
hill,1
pretty,1
sure,1
posturing,1
whistling,1
bit,1
keep,1
courage,1
up,1
complete,1
become,1
contaminated,1
religion,1
genera,1
sort,1
met,1
paradox,1
steele,1
disillusionment,1
morals,1
darwin,1
bad,1
grenades,1
hurled,1
descent,1
started,1
overthrow,1
complacency,1
destruction,1
short,1
hope,1
otis,1
country,1
vanished,1
bight,1
piece,1
reek,1
sculpture,1
ila,1
sortie,1
rebuke,1
fall,1
eek,1
st,1
nil,1
simple,1
restrained,1
strong,1
reverence,1
antique,1
lines,1
immortality,1
noble,1
volume,1
absorption,1
philosophy,1
sleep,1
accepted,1
austerity,1
z,1
lice,1
stanza,1
rind,1
beside,1
bridegroom,1
oil,1
through,1
bride,1
flus,1
rank,1
entitle,1
distinctive,1
wits,1
titus,1
felt,1
ending,1
riot,1
therefore,1
ta,1
li,1
ts,1
insisted,1
ten,1
picture,1
hat,1
tie,1
leg,1
mutton,1
sleeve,1
le,1
alger,1
sufficiently,1
final,1
sad,1
fellows,1
puts,1
pp,1
york,1
since,1
view,1
gratuitous,1
convenient,1
january,1
especial,1
label,1
closing,1
specific,1
left,1
yr,1
ge,1
calls,1
coventry,1
read,1
lt,1
glare,1
light,1
xi,1
god,1
decorations,1
makes,1
even,1
make,1
whose,1
preoccupations,1
chiefly,1
succeeded,1
away,1
tyranny,1
dates,1
places,1
rise,1
ely,1
nd,1
intensive,1
eal,1
takes,1
central,1
figure,1
stud,1
title,1
gives,1
mid,1
outset,1
some,1
pages,1
produced,1
interesting,1
place,1
rot,1
perished,1
does,1
gifts,1
completely,1
satisfied,1
why,1
offered,1
abundance,1
exercise,1
undeniable,1
although,1
importance,1
destructive,1
lime,1
hot,1
nearly,1
lie,1
lived,1
past,1
being,1
fun,1
divine,1
names,1
universe,1
beliefs,1
destroyed,1
weakened,1
whither,1
posed,1
answered,1
ever,1
lady,1
linked,1
together,1
preach,1
philosopher,1
buffoon,1
society,1
comedies,1
thought,1
could,1
himself,1
verse,1
unknown,1
tho,1
ea,1
actor,1
f,1
wrote,1
pro,1
primarily,1
finer,1
u,1
din,1
epitomized,1
most,1
insistent,1
lu,1
smog,1
tides,1
slowly,1
pen,1
lock,1
les,1
hypocritically,1
governed,1
existence,1
mi,1
give,1
heed,1
transition,1
saw,1
beginning,1
x,1
ebb,1
tide,1
bill,1
rape,1
right,1
belief,1
asked,1
will,1
con,1
temporary,1
quote,1
ex,1
substance,1
present,1
reviewer,1
yield,1
tween,1
admiration,1
swinburne,1
fore,1
word,1
anthology,1
temerity,1
xv,1
chief,1
disillusioned,1
doubts,1
intimacy,1
came,1
earlier,1
answer,1
yes,1
due,1
long,1
deeply,1
classics,1
mall,1
temperament,1
naturally,1
austere,1
ia,1
spite,1
we,1
hour,1
ll,1
come,1
take,1
ni,1
tn,1
daring,1
b,1
clear,1
profound,1
under,1
retrospect,1
apparent,1
ran,1
doctrine,1
discarded,1
till,1
clutched,1
drowning,1
preserver,1
inward,1
living,1
temper,1
testify,1
cited,1
greatest,1
half,1
admits,1
rarely,1
seem,1
character,1
hook,1
unduly,1
lone,1
kept,1
waiting,1
anteroom,1
excuse,1
stage,1
prepared,1
chastisement,1
