term,count
the,138
of,105
and,58
to,56
i,56
in,54
a,48
it,39
that,36
he,32
his,27
is,26
s,26
as,24
mr,17
not,17
tile,17
be,16
for,15
from,15
was,14
you,14
with,13
its,12
thirty,12
one,12
which,12
there,11
l,11
would,11
edward,11
on,11
all,11
than,10
an,10
more,10
are,9
had,9
me,9
by,9
him,9
twice,9
they,8
t,8
at,8
this,8
then,8
been,7
so,7
but,7
no,7
if,7
have,7
can,7
two,7
what,7
n,6
do,6
when,6
my,6
asked,6
people,6
out,6
upon,6
were,6
will,6
author,6
know,6
life,6
netherlands,6
has,6
some,6
j,6
h,5
did,5
their,5
method,5
states,5
answered,5
constitution,5
public,5
ill,5
or,5
dutch,4
matter,4
letters,4
man,4
term,4
make,4
e,4
who,4
united,4
interesting,4
most,4
since,4
editor,3
ho,3
recollections,3
we,3
short,3
w,3
those,3
war,3
note,3
among,3
much,3
hate,3
act,3
wallet,3
p,3
get,3
president,3
through,3
journal,3
see,3
book,3
apples,3
home,3
good,3
lincoln,3
must,3
story,3
am,3
after,3
conscious,3
american,3
many,3
anti,3
c,3
lie,3
way,3
g,2
new,2
feel,2
may,2
area,2
think,2
although,2
autograph,2
y,2
too,2
ally,2
least,2
your,2
these,2
how,2
chiefly,2
fully,2
york,2
thai,2
chapter,2
go,2
west,2
resident,2
afraid,2
another,2
own,2
does,2
college,2
even,2
our,2
men,2
very,2
justifiably,2
stud,2
experiences,2
fellow,2
certain,2
into,2
boy,2
amazing,2
mind,2
unusual,2
find,2
less,2
other,2
o,2
band,2
wilson,2
should,2
repeated,2
purpose,2
far,2
course,2
europe,2
served,2
simple,2
hut,2
where,2
country,2
pride,2
days,2
reason,2
nothing,2
records,2
hook,2
cent,2
ever,2
said,2
aid,2
earlier,2
just,2
yet,2
building,2
unwind,2
real,2
influence,2
look,2
lengths,2
first,2
interest,2
leather,2
us,2
around,2
pocketbook,2
penny,2
told,2
d,2
expected,2
bring,2
fr,2
volume,2
useful,2
political,2
gave,2
carefully,2
only,2
affection,2
follows,2
lack,2
better,2
inevitable,2
time,2
also,2
though,2
self,2
v,2
record,2
ladies,2
americanization,2
intended,2
set,2
again,2
might,2
th,2
moth,1
spirit,1
curb,1
about,1
elicit,1
right,1
valuable,1
come,1
love,1
once,1
mentioned,1
human,1
always,1
meal,1
tern,1
palimony,1
old,1
stand,1
yoked,1
fool,1
buy,1
russell,1
outside,1
large,1
send,1
hated,1
addles,1
argued,1
consist,1
ourself,1
culled,1
dislike,1
precepts,1
flows,1
crowd,1
familiarity,1
minutes,1
delivered,1
lecture,1
wisdom,1
lo,1
arresting,1
interpret,1
literally,1
greet,1
vociferous,1
waving,1
sage,1
obeying,1
roosevelt,1
theodore,1
ride,1
moral,1
orders,1
given,1
cents,1
peaking,1
already,1
touch,1
five,1
sometimes,1
aide,1
capable,1
scotchman,1
extract,1
nickel,1
reader,1
fro,1
seemed,1
hating,1
moreover,1
proportionately,1
them,1
deposit,1
fresh,1
extravagance,1
loving,1
change,1
clay,1
et,1
over,1
kind,1
jove,1
bought,1
opinion,1
explained,1
philosophy,1
expenditure,1
watchful,1
lira,1
fact,1
fortunes,1
ground,1
distance,1
realize,1
impossible,1
things,1
tumble,1
ll,1
tumbling,1
deity,1
wheeled,1
looked,1
oat,1
xx,1
eye,1
fell,1
turned,1
future,1
snapped,1
fairly,1
present,1
lip,1
neutral,1
position,1
tried,1
tut,1
like,1
waiting,1
job,1
question,1
report,1
paris,1
risky,1
commented,1
wheal,1
personal,1
prestige,1
gone,1
last,1
muon,1
fools,1
choke,1
tears,1
eyes,1
close,1
recited,1
tl,1
trap,1
tilt,1
sent,1
broken,1
stood,1
build,1
tool,1
apparent,1
excellent,1
journalist,1
lines,1
kipling,1
took,1
convincing,1
day,1
lying,1
bed,1
street,1
house,1
read,1
side,1
detail,1
long,1
nd,1
quick,1
retort,1
nor,1
hilled,1
beg,1
won,1
could,1
exist,1
distant,1
nonsense,1
enemy,1
perforce,1
pretty,1
well,1
alone,1
every,1
knows,1
lr,1
li,1
tim,1
newspapers,1
io,1
calling,1
expressed,1
forcefully,1
reasons,1
policy,1
students,1
looks,1
faculty,1
academic,1
lone,1
hand,1
pool,1
mixer,1
forth,1
oh,1
erl,1
hardboiled,1
froth,1
school,1
spent,1
papers,1
rather,1
perhaps,1
smell,1
apart,1
addition,1
folks,1
town,1
patriotism,1
appropriations,1
talked,1
constituents,1
fashion,1
underneath,1
stubborn,1
defiant,1
slime,1
support,1
similar,1
article,1
pod,1
demonstrated,1
comes,1
test,1
talk,1
hills,1
chance,1
others,1
owner,1
forget,1
eastern,1
half,1
whole,1
knox,1
until,1
ease,1
whom,1
nod,1
hoe,1
bout,1
lusitania,1
ed,1
ail,1
fl,1
tr,1
irritations,1
fifth,1
spain,1
giving,1
wanted,1
ar,1
ear,1
tuned,1
promptings,1
conviction,1
construed,1
single,1
moment,1
write,1
either,1
directly,1
belittle,1
wonderfully,1
constructive,1
x,1
household,1
readers,1
mentor,1
ir,1
drew,1
distinction,1
alan,1
edited,1
tell,1
dual,1
personality,1
apparently,1
often,1
editorial,1
gradually,1
aware,1
ere,1
worthy,1
piece,1
work,1
carried,1
during,1
field,1
cite,1
rending,1
writ,1
lug,1
point,1
followed,1
distinct,1
educate,1
myself,1
intelligent,1
nov,1
pursued,1
manner,1
crude,1
emulate,1
impelled,1
addresses,1
somewhat,1
editorship,1
ladles,1
speaks,1
loudly,1
potentiality,1
describes,1
famous,1
box,1
collection,1
began,1
appeared,1
notable,1
hit,1
counsel,1
recall,1
tale,1
receive,1
felt,1
homes,1
retirement,1
direction,1
devoted,1
himself,1
zealously,1
service,1
citizen,1
altogether,1
unaware,1
autobiographical,1
narratives,1
con,1
scions,1
recalls,1
thousands,1
educational,1
adorn,1
circulation,1
reveals,1
annals,1
road,1
pp,1
charles,1
scribner,1
sons,1
donald,1
adams,1
distinguished,1
honorable,1
career,1
magazine,1
achieved,1
huge,1
critic,1
naiveness,1
almost,1
childlike,1
rio,1
essentially,1
ends,1
promise,1
same,1
thrice,1
chief,1
fencer,1
significant,1
moll,1
surpasses,1
rambling,1
greater,1
extent,1
pointing,1
te,1
infancy,1
performances,1
simplicity,1
says,1
intentional,1
experience,1
cm,1
use,1
naive,1
lid,1
enjoyment,1
adds,1
assured,1
before,1
betrays,1
throughout,1
mime,1
unintelligent,1
arc,1
france,1
state,1
independence,1
largely,1
antecedents,1
ought,1
embodies,1
down,1
john,1
part,1
elegy,1
second,1
treatise,1
gov,1
eminent,1
tells,1
salient,1
owe,1
scope,1
because,1
sweeping,1
pathetic,1
knowledge,1
ga,1
eat,1
debt,1
institutions,1
here,1
natural,1
lead,1
astray,1
minimize,1
value,1
contributions,1
up,1
net,1
points,1
hosed,1
lit,1
copied,1
anticipated,1
historic,1
held,1
financial,1
revolution,1
na,1
extend,1
credit,1
wish,1
ungracious,1
reminded,1
bulk,1
foreign,1
secured,1
came,1
results,1
uses,1
english,1
compromise,1
whatever,1
resemblance,1
exists,1
accidental,1
document,1
product,1
model,1
adapting,1
features,1
derived,1
charters,1
colonies,1
framers,1
thought,1
little,1
annoyed,1
ow,1
scrutiny,1
bismarck,1
iron,1
chancellor,1
wm,1
guest,1
hom,1
relates,1
ills,1
child,1
moving,1
decision,1
called,1
attendance,1
father,1
choose,1
great,1
instance,1
tire,1
recorded,1
imitation,1
ix,1
each,1
re,1
goal,1
besides,1
busy,1
women,1
compelled,1
refuse,1
answer,1
sui,1
wonders,1
why,1
incidents,1
between,1
death,1
operation,1
ii,1
german,1
colonizers,1
cites,1
amazement,1
gent,1
business,1
inquired,1
conference,1
sitting,1
learned,1
east,1
vet,1
indies,1
equal,1
en,1
descendants,1
group,1
reference,1
misconception,1
elder,1
left,1
bereft,1
remainder,1
dedicated,1
birth,1
americans,1
pennsylvania,1
concerning,1
notes,1
es,1
germans,1
persists,1
erroneous,1
stuff,1
