term,count
the,101
of,96
and,42
in,30
a,26
to,18
is,16
their,14
it,12
are,12
story,11
its,10
with,10
who,10
as,10
or,9
at,8
for,8
people,8
her,8
this,8
all,8
out,7
one,7
letters,6
part,6
group,6
from,6
characters,6
ii,6
by,6
has,6
brief,6
his,6
literary,6
first,6
s,6
years,6
that,6
r,4
various,4
he,4
background,4
page,4
on,4
into,4
most,4
so,4
half,4
death,4
hat,4
but,4
x,4
an,4
n,4
et,4
creek,4
through,4
greater,4
being,4
then,4
little,4
them,4
irish,4
about,4
several,3
continued,3
have,2
landlords,2
food,2
two,2
continues,2
deal,2
trouble,2
having,2
suffragists,2
therefore,2
absentee,2
nobility,2
war,2
extent,2
only,2
families,2
great,2
struggle,2
servants,2
enters,2
relatives,2
june,2
elder,2
latter,2
striking,2
profoundly,2
doyen,2
ago,2
snore,2
moderate,2
believers,2
representatives,2
contention,2
women,2
among,2
ultra,2
conservatives,2
brother,2
opens,2
diverse,2
includes,2
estates,2
preparations,2
cricket,2
over,2
match,2
ducal,2
estate,2
militant,2
really,2
quaint,2
life,2
certain,2
she,2
destiny,2
fate,2
belief,2
conviction,2
fatalism,2
hints,2
enemy,2
pans,2
other,2
tragedy,2
sussex,2
torpedoed,2
apparently,2
calls,2
ruler,2
cry,2
literature,2
oxford,2
reek,2
member,2
was,2
fattier,2
under,2
studies,2
days,2
reminiscence,2
toward,2
attitude,2
possibly,2
beings,2
deaths,2
channel,2
english,2
sudden,2
still,2
gifted,2
ore,2
personal,2
own,2
concerned,2
mainly,2
between,2
meets,2
passing,2
constantly,2
noses,2
front,2
meet,2
hum,2
lovable,2
frequently,2
represented,2
correspondence,2
missives,2
artless,2
charming,2
no,2
wonder,2
wide,2
varied,2
circle,2
correspondents,2
always,2
clamoring,2
him,2
end,2
friends,2
tales,2
they,2
coda,2
without,2
key,2
pictures,2
op,2
al,2
closely,2
d,2
means,2
ra,2
notes,2
tho,2
informal,2
sort,2
si,2
h,2
blind,2
referents,2
events,2
e,2
sign,2
reader,2
y,2
bewilderment,2
tire,2
resoling,2
book,2
fa,2
something,2
like,2
message,2
meaning,2
problem,2
work,2
read,2
new,2
ethel,2
twice,2
what,2
again,2
order,2
get,2
flavor,2
fine,2
quality,2
originality,2
method,2
piquant,2
character,2
drawing,2
perusal,2
sensation,2
lost,2
maze,2
sm,2
co,2
fit,2
together,2
jumbled,2
parts,2
picture,2
puzzle,2
trying,2
personality,2
algebraic,2
titled,2
recent,2
summer,2
men,2
woolen,2
gave,2
fat,2
upon,2
nd,2
stirs,2
side,2
previous,2
needs,2
reappear,2
notably,2
bess,2
ha,2
last,2
hatchways,2
parents,2
lad,2
le,2
interesting,2
made,2
reveal,2
themselves,2
distinctive,2
some,2
almost,2
sensational,2
endowments,2
unknown,2
fiction,2
daily,2
central,2
nevertheless,2
after,2
situation,2
lined,2
up,2
chara,2
f,2
proper,2
relation,2
learned,2
put,2
finger,2
en,2
destinies,2
re,2
o,2
human,2
disports,2
spirit,2
comic,2
delicate,2
very,2
nature,2
keen,2
art,2
j,2
will,2
lac,2
wisp,2
find,1
v,1
reading,1
affairs,1
