term,count
the,53
of,35
in,28
and,28
a,27
his,26
to,26
is,16
i,15
that,14
he,12
it,10
was,10
with,9
not,9
s,8
for,8
as,8
but,6
by,6
this,5
man,5
who,5
t,5
work,5
an,5
o,4
at,4
one,4
have,4
him,4
her,4
than,4
l,4
chicago,4
their,4
first,4
all,4
would,3
j,3
we,3
know,3
editor,3
how,3
himself,3
america,3
if,3
girl,3
after,3
these,3
they,3
ill,3
took,3
will,3
young,3
no,3
had,3
tales,3
out,2
vein,2
life,2
novelist,2
unfortunate,2
marriage,2
egoist,2
led,2
some,2
subsequently,2
father,2
always,2
came,2
ira,2
writer,2
biographers,2
write,2
new,2
finds,2
even,2
did,2
there,2
trouble,2
into,2
american,2
anger,2
or,2
rather,2
what,2
lind,2
student,2
more,2
so,2
george,2
r,2
do,2
on,2
stories,2
tutor,2
n,2
other,2
nearly,2
appeal,2
those,2
are,2
sins,2
were,2
however,2
published,2
reason,2
tribune,2
four,2
earn,1
complete,1
wife,1
any,1
goes,1
consider,1
hort,1
support,1
learn,1
becomes,1
unearthed,1
use,1
pupils,1
prettiest,1
marrying,1
end,1
consoles,1
inconsolable,1
teacher,1
promise,1
died,1
from,1
lo,1
demonstrate,1
only,1
fitness,1
rich,1
tory,1
reel,1
dec,1
fine,1
read,1
forgotten,1
acquainted,1
m,1
archway,1
illustrated,1
gloom,1
diagram,1
masterpieces,1
weeping,1
be,1
sees,1
u,1
ides,1
exclusively,1
demurs,1
live,1
son,1
submit,1
leonard,1
truth,1
consent,1
promises,1
early,1
w,1
oral,1
spirit,1
house,1
understand,1
takes,1
turns,1
finally,1
application,1
up,1
you,1
england,1
back,1
york,1
raveling,1
experience,1
judgment,1
place,1
serve,1
q,1
theatrical,1
allowed,1
must,1
columns,1
them,1
ne,1
oven,1
become,1
novel,1
general,1
reader,1
primarily,1
enthusiast,1
shows,1
eve,1
street,1
grub,1
tan,1
able,1
accomplish,1
wrote,1
ably,1
fact,1
lies,1
episode,1
value,1
living,1
chief,1
reading,1
said,1
bad,1
quite,1
say,1
included,1
works,1
worked,1
mind,1
overhung,1
show,1
merit,1
does,1
io,1
constancy,1
knowledge,1
our,1
light,1
story,1
merits,1
analyzing,1
need,1
tragedy,1
shadow,1
been,1
frankly,1
solution,1
us,1
let,1
later,1
readers,1
perhaps,1
last,1
might,1
advised,1
too,1
three,1
great,1
married,1
went,1
anything,1
matter,1
troubles,1
vincent,1
flight,1
streets,1
rio,1
seeing,1
find,1
eighteenth,1
rubi,1
century,1
nineteenth,1
revived,1
wile,1
therefore,1
while,1
office,1
worth,1
exist,1
importance,1
far,1
wholly,1
nigh,1
well,1
interest,1
outward,1
symbol,1
inner,1
feeling,1
love,1
unable,1
usually,1
misanthropic,1
ar,1
protective,1
makes,1
step,1
inferior,1
feels,1
true,1
same,1
rude,1
never,1
d,1
has,1
inferiority,1
nothing,1
almost,1
everything,1
intellectual,1
propensities,1
amorous,1
dead,1
referring,1
without,1
subject,1
concerning,1
paragraphs,1
few,1
can,1
james,1
henry,1
copies,1
numbered,1
limited,1
pascal,1
fathers,1
unsociability,1
arrogance,1
author,1
unkindness,1
tile,1
sort,1
relics,1
lee,1
made,1
places,1
written,1
lovers,1
exhumed,1
newly,1
hand,1
contents,1
directly,1
traits,1
likewise,1
reviewer,1
prompts,1
nd,1
says,1
affairs,1
off,1
liberation,1
prisoned,1
describe,1
care,1
seemingly,1
which,1
law,1
against,1
offense,1
endless,1
upon,1
brought,1
thai,1
woman,1
loneliness,1
down,1
broke,1
sent,1
friends,1
scholarships,1
twentieth,1
tho,1
applied,1
h,1
midwinter,1
arrived,1
west,1
ticket,1
emigrant,1
lice,1
could,1
boston,1
al,1
gave,1
very,1
funds,1
supply,1
year,1
health,1
exhibitions,1
common,1
boy,1
teens,1
school,1
assuredly,1
youth,1
get,1
certain,1
like,1
social,1
philosophic,1
instinctive,1
familiars,1
simply,1
conditions,1
revolutionary,1
preoccupied,1
birth,1
lit,1
aloof,1
addiction,1
prizes,1
games,1
c,1
manchester,1
college,1
owens,1
talent,1
normal,1
remain,1
go,1
song,1
mediocrity,1
p,1
often,1
par,1
wonder,1
ix,1
contempt,1
viewed,1
fanciers,1
