term,count
the,155
of,115
in,69
and,57
his,42
to,42
a,39
that,33
he,28
is,27
as,26
was,20
which,19
washington,18
by,18
s,16
diaries,16
for,16
from,15
it,13
has,13
i,12
on,11
at,11
are,11
when,11
with,11
been,9
one,9
be,9
not,8
this,8
were,8
have,8
than,8
some,8
made,8
all,8
much,7
more,7
them,7
him,6
now,5
only,5
men,5
far,5
our,5
mount,5
vernon,5
they,5
life,5
or,5
fitzpatrick,5
almost,5
who,5
most,5
will,5
there,5
its,5
what,5
publication,4
even,4
no,4
private,4
late,4
material,4
last,4
work,4
mr,4
well,4
printed,4
original,4
published,4
every,4
man,4
sense,4
had,4
wrote,4
papers,4
an,4
though,4
such,4
impression,4
into,4
but,4
committee,3
how,3
went,3
after,3
having,3
large,3
complete,3
recorded,3
later,3
chief,3
first,3
old,3
we,3
cause,3
biography,3
out,3
same,3
great,3
many,3
would,3
present,3
during,3
their,3
ball,3
character,3
whose,3
c,3
ford,3
george,3
over,3
these,3
day,3
known,3
library,3
four,3
purpose,3
real,3
biographies,3
different,2
again,2
years,2
general,2
departed,2
rather,2
seems,2
read,2
hands,2
manner,2
year,2
congressional,2
public,2
penned,2
lodge,2
journal,2
new,2
available,2
generally,2
researchers,2
until,2
believed,2
bread,2
time,2
butter,2
yet,2
diary,2
knows,2
self,2
if,2
being,2
continuous,2
put,2
close,2
dr,2
whole,2
collection,2
so,2
company,2
writing,2
any,2
gives,2
feb,2
nature,2
happens,2
attention,2
important,2
criticism,2
without,2
way,2
together,2
found,2
characteristic,2
union,2
editor,2
edition,2
others,2
then,2
full,2
served,2
useful,2
own,2
never,2
exist,2
use,2
able,2
industry,2
early,2
force,2
schoolboy,2
toner,2
m,2
toward,2
words,2
events,2
john,2
sparks,2
source,2
written,2
interpret,2
may,2
war,2
significant,2
write,2
often,2
letters,2
thing,2
clear,2
thus,2
data,2
entries,2
distinguish,2
held,2
plan,2
water,2
association,2
ladies,2
d,2
york,2
revolution,2
operations,2
courage,2
tile,2
while,2
edited,2
notes,2
bearing,2
fact,2
r,2
t,2
ton,2
merely,2
america,2
resistance,1
successful,1
virtually,1
chance,1
b,1
period,1
farming,1
project,1
grand,1
embryo,1
maryland,1
cooperation,1
west,1
route,1
opening,1
knew,1
u,1
speculate,1
reader,1
potomac,1
progress,1
horse,1
faithfully,1
record,1
foresight,1
intuitive,1
racing,1
masterly,1
fishing,1
convention,1
constitutional,1
sitting,1
between,1
interval,1
practice,1
play,1
cornwallis,1
descend,1
disappointment,1
continental,1
avoidance,1
commander,1
references,1
political,1
elected,1
june,1
spent,1
federal,1
framed,1
alludes,1
importation,1
non,1
formed,1
tavern,1
raleigh,1
governor,1
dissolved,1
clock,1
o,1
hay,1
upon,1
treasurer,1
dined,1
himself,1
stages,1
confined,1
acute,1
armies,1
began,1
called,1
see,1
prepared,1
shooting,1
card,1
feint,1
movements,1
veil,1
playing,1
going,1
plans,1
execution,1
gradual,1
summer,1
e,1
given,1
concise,1
commanders,1
british,1
designs,1
deeper,1
modesty,1
outlines,1
balls,1
bring,1
williamsburg,1
openhanded,1
stately,1
hospitality,1
regretting,1
bind,1
footnotes,1
establish,1
living,1
les,1
duty,1
fellowmen,1
driven,1
home,1
perhaps,1
do,1
brant,1
forth,1
exhibited,1
pages,1
rock,1
like,1
firmness,1
difficulties,1
possessed,1
overshadowing,1
feels,1
scholarship,1
branches,1
virginia,1
indefatigable,1
difficulty,1
obtaining,1
ml,1
evidently,1
nothing,1
deterred,1
quest,1
presents,1
compactness,1
historical,1
research,1
advanced,1
those,1
shining,1
modest,1
inquiry,1
lion,1
omit,1
current,1
eh,1
true,1
history,1
individual,1
stories,1
serves,1
lines,1
distinctly,1
light,1
tn,1
generality,1
era,1
venture,1
ts,1
diarists,1
interpretation,1
seldom,1
can,1
secret,1
larger,1
example,1
posterity,1
vogue,1
dairy,1
coming,1
here,1
feeling,1
unconsciously,1
themselves,1
better,1
matter,1
endowed,1
insight,1
social,1
series,1
uniform,1
sept,1
existence,1
unlikely,1
suggests,1
hidden,1
another,1
regrettable,1
di,1
jared,1
forty,1
quoted,1
presumed,1
selection,1
journey,1
assume,1
months,1
term,1
kept,1
merged,1
definitely,1
acts,1
government,1
allay,1
irritating,1
jealousies,1
among,1
volume,1
interesting,1
intimate,1
covering,1
service,1
president,1
eu,1
ob,1
because,1
felt,1
number,1
thirty,1
account,1
ly,1
value,1
impaired,1
credit,1
gone,1
beyond,1
elucidating,1
virtual,1
name,1
six,1
relation,1
requires,1
treatment,1
each,1
journals,1
prefaced,1
satisfactory,1
fox,1
commentary,1
ample,1
editing,1
come,1
possession,1
gov,1
eminent,1
purchased,1
family,1
under,1
auspices,1
binding,1
seeing,1
best,1
services,1
experienced,1
con,1
faithful,1
hunting,1
rose,1
vivid,1
through,1
message,1
french,1
ohio,1
country,1
rid,1
baldly,1
uncharted,1
militia,1
wilderness,1
dead,1
winter,1
respects,1
dominating,1
senator,1
bore,1
f,1
although,1
print,1
gifts,1
whom,1
left,1
remains,1
about,1
sixth,1
hitherto,1
major,1
case,1
gained,1
represented,1
evolution,1
intrepid,1
young,1
pointed,1
excellent,1
up,1
balanced,1
both,1
positive,1
negative,1
hence,1
derived,1
ought,1
revealing,1
tottering,1
show,1
shelves,1
inclinations,1
intended,1
cord,1
part,1
singularly,1
also,1
agriculture,1
occupation,1
favorite,1
peace,1
pursue,1
could,1
retirement,1
shown,1
turn,1
independence,1
ted,1
aspect,1
main,1
indomitable,1
solely,1
distributed,1
arc,1
photographically,1
covers,1
fat,1
considered,1
extracted,1
admirable,1
recent,1
worthington,1
ground,1
countless,1
free,1
recasting,1
polishing,1
documents,1
tared,1
field,1
scrap,1
generations,1
before,1
sinclair,1
stands,1
revealed,1
tell,1
volumes,1
boston,1
allen,1
literary,1
raked,1
surmised,1
congress,1
largest,1
survived,1
figure,1
world,1
unfortunately,1
guilty,1
joseph,1
substance,1
book,1
form,1
aside,1
abundant,1
output,1
histories,1
obtained,1
assembled,1
small,1
circle,1
saver,1
trouble,1
within,1
reach,1
appeared,1
agriculturists,1
scientific,1
heart,1
dear,1
always,1
voluminous,1
ac,1
expense,1
books,1
collections,1
indispensable,1
permanently,1
remain,1
fm,1
mass,1
tireless,1
military,1
portrayed,1
liven,1
tea,1
convenient,1
room,1
detached,1
abounded,1
plenty,1
biscuits,1
coffee,1
entertainment,1
hot,1
sweetened,1
remembered,1
purposes,1
table,1
cloths,1
however,1
dancing,1
pitched,1
ourselves,1
very,1
fire,1
pull,1
knapsack,1
order,1
recruit,1
cook,1
where,1
spits,1
sticks,1
plates,1
chip,1
dishes,1
grammar,1
napkins,1
either,1
shall,1
revolutionary,1
beef,1
stake,1
open,1
convey,1
picture,1
pie,1
serious,1
therefore,1
captain,1
punctuated,1
diversions,1
station,1
pated,1
v,1
entry,1
near,1
flaw,1
correctly,1
spelled,1
usually,1
difficult,1
convinces,1
observation,1
simple,1
orthography,1
q,1
overcome,1
fully,1
improved,1
spelling,1
title,1
tent,1
night,1
attitude,1
other,1
exact,1
proportions,1
gifted,1
archivist,1
productive,1
evidence,1
fields,1
contemplating,1
opinion,1
go,1
altering,1
view,1
lacked,1
humor,1
problem,1
zest,1
incidents,1
probability,1
soldier,1
statesman,1
should,1
borne,1
personality,1
wash,1
z,1
elusive,1
interest,1
curiosity,1
professor,1
channing,1
harvard,1
observed,1
nellie,1
howard,1
pyle,1
straw,1
bed,1
pioneer,1
cabin,1
finding,1
couch,1
matted,1
threadbare,1
charles,1
blanket,1
clean,1
stealth,1
companions,1
asleep,1
clothes,1
undressed,1
particularly,1
mind,1
sprightliness,1
youthful,1
evidences,1
distinct,1
writings,1
fairfax,1
lord,1
survey,1
contention,1
sustain,1
ones,1
earlier,1
harper,1
abbott,1
worth,1
