term,count
the,26
of,23
a,13
in,11
and,11
to,9
is,7
it,7
are,7
i,7
that,6
for,6
one,5
who,5
more,4
which,4
with,4
as,4
vance,4
colonel,4
his,3
half,3
second,3
empire,3
adventures,3
he,3
than,3
irish,3
book,3
first,3
an,3
terence,3
by,3
short,3
this,2
enter,2
two,2
all,2
write,2
was,2
r,2
however,2
sense,2
not,2
money,2
heavy,2
chairs,2
they,2
brogue,2
m,2
sahara,2
bit,2
come,2
ago,2
have,2
has,2
here,2
remarkable,2
into,2
reading,2
at,2
or,2
adventurer,2
stories,2
mr,2
wrote,2
novels,2
series,2
those,2
through,1
positively,1
extraordinary,1
mythical,1
shocking,1
passes,1
wild,1
triumphs,1
le,1
twentieth,1
princesses,1
kingdoms,1
looking,1
recognized,1
pistol,1
property,1
anthony,1
rapier,1
sword,1
mad,1
plentiful,1
love,1
century,1
commoners,1
hope,1
generally,1
correct,1
age,1
spite,1
o,1
vague,1
memories,1
story,1
written,1
tracy,1
years,1
tired,1
light,1
problem,1
agonies,1
will,1
simple,1
romance,1
old,1
doe,1
long,1
prisoner,1
y,1
very,1
trap,1
should,1
never,1
house,1
did,1
underground,1
novel,1
arid,1
doors,1
reminds,1
under,1
we,1
mention,1
morris,1
knew,1
what,1
wanted,1
passage,1
getting,1
making,1
pp,1
published,1
probably,1
had,1
no,1
desire,1
company,1
entertaining,1
lively,1
york,1
new,1
too,1
sum,1
mer,1
weather,1
even,1
if,1
recorded,1
were,1
where,1
magazine,1
filed,1
be,1
fact,1
might,1
number,1
connected,1
ends,1
made,1
coarse,1
popular,1
rasp,1
make,1
them,1
string,1
along,1
nevertheless,1
when,1
strenuous,1
been,1
go,1
welded,1
like,1
good,1
heroes,1
gets,1
trouble,1
order,1
entertain,1
reader,1
say,1
out,1
fine,1
vehicle,1
talents,1
t,1
h,1
e,1
gentleman,1
louis,1
identified,1
easily,1
young,1
together,1
called,1
em,1
illusion,1
axial,1
apparently,1
doings,1
frenchman,1
later,1
mo,1
time,1
tried,1
found,1
frontispiece,1
desert,1
joseph,1
sometimes,1
