term,count
the,28
and,19
of,18
in,16
his,7
to,7
s,6
is,5
wolsey,5
by,4
it,4
a,4
death,3
he,3
was,3
on,3
from,3
with,2
edition,2
work,2
as,2
cardinal,2
singer,2
be,2
i,2
manuscript,2
henry,2
viii,2
others,2
later,2
life,2
made,2
for,2
george,2
cavendish,2
large,2
character,1
friends,1
numerous,1
reflections,1
flattering,1
story,1
dignities,1
could,1
trust,1
not,1
very,1
well,1
tickle,1
fact,1
that,1
service,1
worldly,1
princes,1
consoled,1
himself,1
owing,1
ma,1
long,1
remained,1
poverty,1
one,1
writing,1
simple,1
published,1
out,1
during,1
reign,1
also,1
includes,1
some,1
corrections,1
f,1
ellis,1
editions,1
certainly,1
great,1
interest,1
historical,1
student,1
now,1
presented,1
most,1
beautiful,1
appropriate,1
present,1
author,1
established,1
abundance,1
immediate,1
descendants,1
first,1
but,1
an,1
form,1
brought,1
various,1
been,1
other,1
forms,1
until,1
w,1
reprinted,1
what,1
has,1
uncertainty,1
into,1
brittle,1
boards,1
back,1
arms,1
being,1
stamped,1
gold,1
cover,1
believed,1
mot,1
authoritative,1
text,1
contains,1
full,1
page,1
reproduced,1
sepia,1
buckram,1
green,1
king,1
bound,1
appearing,1
riverside,1
press,1
series,1
boston,1
co,1
net,1
handsome,1
quarto,1
printed,1
light,1
english,1
paper,1
clear,1
type,1
red,1
thomas,1
honor,1
rise,1
tragic,1
fall,1
returned,1
country,1
spent,1
rest,1
solitude,1
seems,1
have,1
taken,1
heart,1
lesson,1
wondrous,1
mutability,1
vain,1
eminence,1
through,1
cromwell,1
him,1
anne,1
tudor,1
brandon,1
mentioned,1
book,1
paintings,1
holbein,1
original,1
biography,1
left,1
upon,1
va,1
gentleman,1
usher,1
groat,1
setting,1
