term,count
the,61
and,39
of,29
to,25
a,23
in,13
that,10
on,10
his,9
we,8
is,8
for,8
be,8
it,8
with,8
mr,8
scholar,8
you,7
hogarth,7
are,6
one,6
at,6
wandering,6
archaeologist,6
even,5
but,4
up,4
s,4
has,4
old,4
him,3
have,3
had,3
from,3
must,3
as,3
can,3
who,3
do,3
brigands,3
their,3
would,3
your,3
he,3
mind,3
an,3
imagination,3
after,3
writing,2
intellectual,2
ancient,2
world,2
there,2
last,2
without,2
all,2
greek,2
oxford,2
pipe,2
tier,2
think,2
scotch,2
was,2
scholarship,2
life,2
recalls,2
first,2
get,2
many,2
according,2
only,2
if,2
i,2
habit,2
bohemian,2
certain,2
never,2
best,2
come,2
or,2
eye,2
full,2
took,2
fever,2
too,2
out,2
off,1
romances,1
cargo,1
spent,1
ave,1
rival,1
crusades,1
slimy,1
running,1
little,1
native,1
trip,1
ports,1
cattle,1
head,1
nothing,1
like,1
known,1
haggled,1
agents,1
names,1
legend,1
day,1
eight,1
ague,1
dissuade,1
tries,1
so,1
suppose,1
glow,1
lights,1
victory,1
great,1
barbarossa,1
frederick,1
m,1
paul,1
saint,1
received,1
book,1
greeks,1
city,1
pass,1
cyrus,1
tie,1
saw,1
deluge,1
fleas,1
noises,1
manifold,1
natives,1
example,1
lot,1
remember,1
joyous,1
trials,1
comical,1
once,1
art,1
fine,1
antiquities,1
emerge,1
delightful,1
angora,1
reform,1
triumph,1
before,1
years,1
thirty,1
nearly,1
anatolia,1
f,1
paper,1
bargaining,1
quietly,1
dirtier,1
cook,1
mate,1
between,1
fight,1
homeric,1
comes,1
then,1
inquire,1
dared,1
dinner,1
greasy,1
our,1
cooked,1
event,1
irons,1
put,1
chin,1
sliced,1
galley,1
near,1
singing,1
jew,1
oldest,1
fattest,1
duenna,1
stirring,1
made,1
impaired,1
thirties,1
suspecting,1
help,1
t,1
background,1
antiquity,1
modern,1
chronicle,1
harem,1
this,1
setting,1
enjoyed,1
workmen,1
press,1
university,1
how,1
quarterdeck,1
pasha,1
objecting,1
voyage,1
more,1
rest,1
decently,1
loss,1
night,1
calm,1
aground,1
reader,1
went,1
she,1
where,1
coast,1
now,1
whitening,1
they,1
ribs,1
her,1
peace,1
coaster,1
than,1
upon,1
sailed,1
craft,1
insured,1
officers,1
were,1
wholly,1
did,1
until,1
wine,1
looked,1
friend,1
meeting,1
captain,1
profanity,1
by,1
worked,1
crew,1
ship,1
said,1
might,1
expletives,1
vitriolic,1
measure,1
former,1
understood,1
latter,1
find,1
lo,1
justly,1
perhaps,1
easy,1
sedate,1
summons,1
gypsy,1
arnold,1
inns,1
village,1
songs,1
trolling,1
way,1
specifically,1
begging,1
bologna,1
paris,1
roaming,1
students,1
medieval,1
phrase,1
scholars,1
been,1
voyages,1
discoursing,1
tends,1
refinement,1
stick,1
science,1
man,1
profession,1
nature,1
state,1
call,1
obeys,1
curiosity,1
gratifies,1
calling,1
hour,1
same,1
incongruous,1
most,1
really,1
says,1
wander,1
love,1
should,1
into,1
glimpses,1
bright,1
accomplishments,1
under,1
combined,1
form,1
lapidary,1
summarize,1
adequately,1
eliot,1
hard,1
achievements,1
whose,1
swift,1
historian,1
digger,1
explorer,1
traveler,1
museum,1
ashmolean,1
keeper,1
g,1
david,1
title,1
parts,1
two,1
books,1
things,1
people,1
observation,1
keenest,1
tolerance,1
adventure,1
humor,1
chapters,1
scanty,1
these,1
admirers,1
readers,1
new,1
invite,1
anywhere,1
found,1
good,1
published,1
them,1
work,1
make,1
feared,1
long,1
sun,1
conscious,1
not,1
no,1
emphatically,1
response,1
quick,1
audience,1
robed,1
rustle,1
scents,1
catch,1
stage,1
boat,1
dionysus,1
coaching,1
charon,1
grotesque,1
gay,1
orchestra,1
commingling,1
nose,1
dilettante,1
downright,1
haw,1
again,1
will,1
yes,1
away,1
go,1
calls,1
failure,1
dismal,1
condemned,1
faint,1
above,1
acropolis,1
voice,1
teutonic,1
echo,1
raucous,1
cries,1
street,1
far,1
athenians,1
happy,1
scene,1
wanderers,1
feign,1
merely,1
discouraged,1
need,1
monuments,1
pleasure,1
any,1
tourists,1
mob,1
r,1
eyes,1
ourselves,1
stern,1
us,1
let,1
afford,1
frame,1
conduces,1
sightseer,1
mere,1
feel,1
quickened,1
aesthetic,1
sense,1
inward,1
open,1
external,1
shutting,1
bench,1
marble,1
down,1
sit,1
moment,1
what,1
sea,1
blue,1
balustrade,1
storied,1
over,1
looking,1
opportunity,1
unequal,1
may,1
movement,1
