term,count
the,37
her,24
of,23
and,23
is,19
a,18
to,14
in,11
linda,11
with,10
s,8
very,8
that,8
this,7
she,7
are,6
mother,6
as,5
we,5
which,5
two,5
from,5
so,4
love,4
for,4
but,4
he,4
o,4
his,4
by,4
page,3
an,3
on,3
early,3
child,3
old,3
not,3
about,3
good,3
woman,3
life,3
first,3
novel,3
him,3
do,3
herself,3
own,3
power,2
than,2
beautiful,2
one,2
more,2
after,2
well,2
what,2
almost,2
or,2
study,2
never,2
nor,2
them,2
ideal,2
moment,2
all,2
force,2
though,2
their,2
shape,2
does,2
account,2
being,2
complete,2
only,2
because,2
it,2
beauty,2
devotion,2
attraction,2
interest,2
going,2
men,2
i,2
deal,2
marriage,2
into,2
comes,2
continued,2
arc,2
be,2
can,2
cordon,2
us,2
when,2
who,2
little,2
great,2
es,1
while,1
rich,1
tor,1
new,1
daughters,1
enters,1
upon,1
fir,1
phase,1
home,1
chiffons,1
ladies,1
said,1
instill,1
philosophy,1
different,1
things,1
if,1
you,1
successful,1
they,1
mast,1
kept,1
separate,1
hotel,1
retires,1
existence,1
done,1
indeed,1
makes,1
up,1
most,1
part,1
hook,1
then,1
realizing,1
looks,1
still,1
d,1
young,1
sentimental,1
fine,1
ode,1
neither,1
f,1
jew,1
generous,1
kindly,1
ways,1
too,1
drawn,1
ands,1
l,1
days,1
earlier,1
several,1
loved,1
did,1
seems,1
clef,1
subtlety,1
handled,1
written,1
doing,1
verge,1
former,1
ever,1
there,1
ah,1
human,1
live,1
printed,1
emerges,1
those,1
realize,1
encounter,1
break,1
lags,1
book,1
midway,1
climax,1
spooking,1
dramatically,1
brought,1
author,1
sense,1
hidden,1
analysis,1
psychological,1
delicate,1
careful,1
partly,1
best,1
develop,1
happening,1
watch,1
thus,1
children,1
husband,1
relations,1
informed,1
act,1
thenceforward,1
show,1
happens,1
tells,1
descriptive,1
analytical,1
purely,1
method,1
source,1
away,1
twisted,1
stances,1
utterly,1
beyond,1
alter,1
even,1
evade,1
later,1
retains,1
eliminating,1
nearly,1
self,1
worships,1
body,1
least,1
pleased,1
character,1
discontented,1
regarding,1
deficient,1
culpably,1
regrettably,1
incapable,1
sympathies,1
emotions,1
n,1
believes,1
ought,1
out,1
possibilities,1
gesture,1
lovely,1
joseph,1
alfred,1
draw,1
picture,1
op,1
whose,1
rail,1
unswerving,1
such,1
way,1
same,1
wins,1
holds,1
reader,1
sympathy,1
no,1
small,1
accomplishment,1
success,1
far,1
easy,1
task,1
measure,1
due,1
believe,1
fact,1
shows,1
feel,1
towards,1
emotional,1
produce,1
meeting,1
v,1
side,1
stile,1
equally,1
interesting,1
impressions,1
environment,1
these,1
plastic,1
ten,1
years,1
introduced,1
grave,1
girl,1
tho,1
belt,1
care,1
gay,1
irresponsible,1
nothing,1
world,1
appearance,1
depends,1
consequent,1
times,1
shallow,1
statues,1
second,1
stars,1
been,1
reaching,1
perfection,1
following,1
latest,1
fiction,1
preceding,1
denied,1
other,1
satisfaction,1
yet,1
lover,1
spiritually,1
possess,1
lady,1
near,1
able,1
at,1
last,1
cheat,1
death,1
fineness,1
dodge,1
motive,1
enables,1
sculptor,1
had,1
formerly,1
tress,1
