term,count
the,163
to,88
of,77
and,74
a,44
in,44
that,39
is,35
her,32
i,29
it,24
you,24
one,20
not,20
for,19
he,19
be,18
was,18
they,17
she,17
are,16
o,15
but,15
czar,15
there,14
so,14
him,13
his,13
letters,12
as,12
at,12
s,11
all,11
when,11
with,11
them,10
an,10
we,9
do,9
me,9
by,9
have,9
more,9
from,8
czarina,8
can,8
our,8
rasputin,8
these,8
only,8
know,7
empress,7
no,7
too,7
must,7
on,7
better,6
its,6
been,6
over,6
english,6
first,6
their,6
russian,6
god,6
war,6
than,5
were,5
same,5
own,5
through,5
any,5
or,5
will,5
wrote,5
most,5
well,5
now,5
make,5
soul,4
j,4
let,4
heart,4
great,4
my,4
la,4
other,4
would,4
then,4
read,4
very,4
nothing,4
things,4
did,4
friend,4
against,4
officer,4
does,4
end,4
every,4
has,4
wounded,4
man,4
this,4
had,4
time,4
yet,4
references,4
always,4
peace,4
course,3
also,3
again,3
say,3
once,3
love,3
day,3
right,3
during,3
though,3
words,3
help,3
much,3
forgive,3
army,3
want,3
some,3
seems,3
prisoners,3
indeed,3
out,3
away,3
etc,3
letter,3
true,3
prisoner,3
paper,3
those,3
affection,3
old,3
what,3
few,3
after,3
your,3
go,3
rest,3
remain,3
who,3
sees,3
said,3
how,3
such,3
others,3
allow,3
world,3
gregory,3
written,3
prayers,3
t,3
went,3
importance,3
nicholas,3
life,3
advice,3
heard,3
woman,3
correspondence,3
called,3
perfectly,2
spoke,2
good,2
party,2
adviser,2
because,2
speak,2
red,2
german,2
officers,2
clear,2
following,2
kitchener,2
extract,2
continued,2
attitude,2
told,2
send,2
chief,2
sometimes,2
underwood,2
minister,2
concern,2
certain,2
opinion,2
humble,2
being,2
simple,2
point,2
act,2
sure,2
leader,2
separate,2
should,2
operations,2
dangerous,2
shocked,2
hut,2
suffering,2
worse,2
received,2
far,2
give,2
take,2
tho,2
priest,2
fr,2
thing,2
holy,2
began,2
yon,2
long,2
took,2
call,2
real,2
forget,2
think,2
people,2
could,2
another,2
troops,2
may,2
waiting,2
order,2
last,2
room,2
change,2
church,2
place,2
orders,2
cruel,2
k,2
n,2
needs,2
devoted,2
instead,2
devil,2
poor,2
anointed,2
religious,2
find,2
believe,2
everywhere,2
alone,2
armies,2
grand,2
strong,2
himself,2
changed,2
if,2
curious,2
never,2
voice,2
direct,2
greatest,2
many,2
present,2
treated,2
evidence,2
warm,2
children,2
translation,2
ii,2
period,2
e,2
notes,2
into,2
beginning,2
report,2
asks,2
volume,2
printed,2
usually,2
two,2
intimate,2
turn,2
writer,2
family,2
upon,2
personal,2
latter,1
yourself,1
ct,1
willy,1
brine,1
wonders,1
agree,1
head,1
ex,1
severe,1
look,1
decided,1
collection,1
known,1
mend,1
hot,1
which,1
page,1
kaiser,1
synod,1
procurator,1
second,1
military,1
ir,1
between,1
history,1
studies,1
oriental,1
deeply,1
packets,1
high,1
found,1
counterbalance,1
use,1
longs,1
among,1
remembered,1
nonsense,1
whether,1
judge,1
ore,1
loyal,1
kind,1
previous,1
gentle,1
july,1
former,1
scanty,1
loud,1
occasion,1
saw,1
belongings,1
contained,1
feather,1
calls,1
beyond,1
studied,1
scholars,1
modern,1
sooner,1
around,1
felt,1
feel,1
thoughts,1
ones,1
express,1
difficult,1
father,1
heavenly,1
mortals,1
small,1
unfortunately,1
departure,1
human,1
birth,1
wait,1
care,1
mystery,1
greats,1
reader,1
acted,1
enlightenment,1
inexplicable,1
camphor,1
gave,1
failed,1
enjoyed,1
health,1
plain,1
com,1
child,1
giving,1
wanting,1
ministers,1
lord,1
done,1
dear,1
originally,1
initiative,1
qualified,1
d,1
besides,1
tools,1
translated,1
maligned,1
cruelly,1
guidance,1
win,1
explaining,1
instrument,1
happy,1
feeling,1
seeking,1
something,1
shows,1
politics,1
yonder,1
fathomed,1
bo,1
secret,1
explain,1
overtakes,1
moment,1
boil,1
awe,1
massacre,1
hold,1
front,1
weigh,1
mess,1
succeed,1
quickly,1
remains,1
mischief,1
mar,1
stupidity,1
therefore,1
awfully,1
forced,1
name,1
headquarters,1
misery,1
knowing,1
proposed,1
trials,1
tie,1
crazy,1
rotten,1
punishment,1
deserved,1
fool,1
gained,1
blotching,1
parts,1
wont,1
governor,1
work,1
ignorant,1
rising,1
self,1
hurt,1
horrified,1
ray,1
enemy,1
yours,1
console,1
here,1
difference,1
fighting,1
territory,1
doing,1
seemed,1
contented,1
sore,1
repeated,1
conversation,1
x,1
torment,1
georgie,1
visit,1
answered,1
encouragement,1
ia,1
considerably,1
prized,1
imperial,1
pair,1
person,1
personages,1
appearances,1
example,1
criticism,1
reference,1
king,1
george,1
charm,1
about,1
lust,1
suffer,1
accident,1
railway,1
sweetheart,1
text,1
original,1
bore,1
emperor,1
feels,1
dearer,1
humility,1
style,1
gift,1
sovereign,1
show,1
often,1
master,1
wished,1
ought,1
governors,1
hesitation,1
experience,1
remember,1
tour,1
charms,1
single,1
bless,1
brain,1
duke,1
answers,1
commander,1
london,1
highly,1
placed,1
above,1
berlin,1
impression,1
attacking,1
deputation,1
m,1
discontent,1
kept,1
assure,1
arise,1
speaking,1
september,1
review,1
concerning,1
conservative,1
reform,1
afterward,1
delegates,1
abdicated,1
intend,1
bring,1
discuss,1
opponents,1
horrid,1
fiercely,1
writing,1
instance,1
june,1
deary,1
alexandra,1
president,1
business,1
prime,1
ce,1
beg,1
together,1
oh,1
please,1
incorrect,1
begged,1
sleep,1
toward,1
mentioned,1
covered,1
disciplined,1
punished,1
ca,1
write,1
comes,1
hy,1
conclusion,1
interest,1
doubly,1
badly,1
historical,1
keep,1
return,1
appears,1
best,1
fat,1
gives,1
idea,1
general,1
requests,1
disregard,1
v,1
wound,1
considered,1
ed,1
official,1
almost,1
hard,1
daily,1
unjust,1
behind,1
hide,1
untouched,1
russians,1
march,1
relation,1
situation,1
little,1
showed,1
hoped,1
restrain,1
matters,1
themselves,1
deals,1
explicitly,1
month,1
humiliating,1
ashamed,1
hearts,1
public,1
setting,1
bitterness,1
excuse,1
printing,1
rove,1
while,1
bothering,1
taken,1
supreme,1
command,1
field,1
becomes,1
fun,1
important,1
unfair,1
orthography,1
bun,1
peacefully,1
broached,1
proof,1
unmistakable,1
neither,1
nor,1
devotee,1
ever,1
subject,1
court,1
patriotism,1
emerges,1
pages,1
proven,1
dependence,1
devotion,1
whatever,1
hypnotic,1
detects,1
pay,1
challenged,1
hypotheses,1
supposed,1
either,1
cherished,1
tile,1
directly,1
conclude,1
emphasized,1
photographed,1
indirectly,1
reasons,1
mountebank,1
urging,1
humanity,1
before,1
inspiration,1
quoted,1
suggestions,1
nurse,1
messages,1
choosing,1
opinions,1
horrible,1
ready,1
divine,1
word,1
recommendations,1
tape,1
inconsiderateness,1
attaches,1
superior,1
herself,1
referred,1
abound,1
ascribe,1
sought,1
writers,1
capital,1
implications,1
scandalous,1
remote,1
relations,1
h,1
superhuman,1
longer,1
figure,1
labor,1
need,1
off,1
husband,1
epaulets,1
otherwise,1
trial,1
lies,1
like,1
w,1
doll,1
afforded,1
unlike,1
future,1
sonia,1
full,1
bright,1
rosy,1
knew,1
surprise,1
might,1
glad,1
created,1
really,1
favorite,1
imagining,1
used,1
reveals,1
russia,1
clearly,1
affectionate,1
am,1
mystical,1
country,1
adopted,1
gone,1
unknown,1
land,1
mercifully,1
without,1
documents,1
historian,1
thinks,1
helps,1
parting,1
rapidly,1
dealt,1
aunt,1
subjects,1
less,1
night,1
lay,1
isa,1
tea,1
dying,1
quite,1
brings,1
unction,1
probably,1
readers,1
trouble,1
u,1
mistake,1
asked,1
swallow,1
heeded,1
dismiss,1
ax,1
open,1
communion,1
anything,1
taking,1
weak,1
death,1
dec,1
nov,1
horror,1
hideous,1
hat,1
abated,1
anniversaries,1
toe,1
noble,1
betas,1
remembrances,1
already,1
enough,1
humiliations,1
cruelties,1
especially,1
carry,1
tat,1
tit,1
us,1
repay,1
wedding,1
lie,1
try,1
birthdays,1
expresses,1
gratitude,1
wrong,1
humiliate,1
why,1
understand,1
germany,1
fury,1
awful,1
home,1
christianity,1
domination,1
advance,1
cases,1
outside,1
revenge,1
firmly,1
bit,1
begin,1
both,1
nobody,1
become,1
greater,1
obvious,1
fear,1
men,1
fare,1
horrors,1
cossacks,1
thine,1
inti,1
mad,1
battle,1
mate,1
expressions,1
thai,1
fill,1
atrocities,1
throughout,1
cannot,1
germans,1
reading,1
cried,1
sept,1
france,1
