term,count
the,98
of,85
a,50
that,47
and,46
is,42
to,35
in,31
his,29
it,26
he,25
with,22
but,20
s,17
as,15
are,12
not,12
was,11
an,11
be,11
by,11
i,11
men,10
at,10
more,10
who,9
book,9
there,9
this,9
has,9
for,8
than,8
seven,8
max,7
one,7
have,7
so,6
la,6
those,6
our,6
we,6
all,6
its,6
had,6
years,6
new,5
t,5
part,5
on,5
never,5
him,5
times,5
they,5
n,5
no,5
will,5
shall,5
caricatures,4
man,4
ho,4
while,4
may,4
first,4
could,4
only,4
still,4
beerbohm,4
sentences,4
essay,4
poet,4
would,4
their,4
from,4
humor,4
some,4
essays,4
nothing,4
or,4
again,3
life,3
enoch,3
sympathy,3
today,3
later,3
been,3
during,3
books,3
them,3
into,3
gone,3
among,3
any,3
yellow,3
when,3
knew,3
such,3
through,3
grows,3
memory,3
ma,3
few,3
about,3
l,3
ability,3
like,3
best,3
love,3
were,2
writer,2
red,2
e,2
defense,2
ii,2
nineties,2
spirit,2
where,2
might,2
seriously,2
these,2
ironic,2
yet,2
upon,2
title,2
fame,2
because,2
back,2
settled,2
taken,2
write,2
creature,2
declared,2
himself,2
delicate,2
lie,2
unguents,2
out,2
letters,2
makes,2
rather,2
name,2
born,2
b,2
laughter,2
us,2
things,2
p,2
victim,2
certain,2
imagined,2
mention,2
influences,2
brown,2
does,2
tragedy,2
seventh,2
now,2
period,2
cheek,2
laughable,2
carefully,2
powder,2
irony,2
ghost,2
many,2
little,2
suggest,2
over,2
words,2
tongue,2
which,2
anything,2
something,2
if,2
viciously,2
pierce,2
manifest,2
flashes,2
almost,2
ever,2
you,2
prose,2
fin,2
must,2
ninety,2
style,2
eighteen,2
de,2
shaw,2
verse,2
worth,2
london,2
y,2
instance,2
difficult,2
types,2
amusing,2
george,2
face,2
difference,2
very,2
degree,2
course,2
wears,2
softened,1
hut,1
gentleman,1
mature,1
sunlight,1
tho,1
wait,1
rapier,1
wit,1
skillfully,1
aura,1
view,1
used,1
weapons,1
bright,1
tied,1
edges,1
vision,1
particular,1
mood,1
toward,1
perfect,1
immediately,1
x,1
discovered,1
important,1
art,1
rounded,1
sphere,1
aspect,1
twinkle,1
literary,1
satiric,1
most,1
maliciously,1
eye,1
dullest,1
beaming,1
views,1
least,1
persiflage,1
meant,1
itself,1
traders,1
finish,1
indeed,1
glitters,1
noted,1
spiritual,1
kindliness,1
sketches,1
awakened,1
persona,1
ms,1
arouses,1
laughed,1
year,1
moods,1
youths,1
growth,1
green,1
typify,1
figures,1
became,1
lamentable,1
tolerance,1
apparent,1
made,1
las,1
prove,1
recapture,1
atmosphere,1
ah,1
get,1
go,1
youth,1
how,1
serious,1
exclaim,1
delight,1
brought,1
mod,1
arid,1
comes,1
equanimity,1
finished,1
cultivation,1
passage,1
entrance,1
tender,1
sentiment,1
age,1
reached,1
smiling,1
gently,1
lo,1
laughing,1
mighty,1
bas,1
occasions,1
value,1
author,1
momentary,1
bad,1
kith,1
stayed,1
approach,1
tediousness,1
mon,1
know,1
labor,1
au,1
hedge,1
high,1
illusions,1
suspected,1
sketch,1
sop,1
undoubtedly,1
world,1
polished,1
witty,1
pad,1
dreary,1
lu,1
own,1
level,1
without,1
urbane,1
duo,1
away,1
fell,1
intrinsic,1
written,1
charm,1
being,1
handling,1
feet,1
per,1
watching,1
taste,1
goad,1
illusion,1
slowly,1
surely,1
making,1
skirt,1
daughter,1
her,1
talented,1
sedate,1
evoke,1
yesteryear,1
song,1
review,1
aubrey,1
neat,1
melodious,1
rage,1
ry,1
th,1
whet,1
real,1
morn,1
good,1
days,1
ire,1
found,1
even,1
spell,1
tall,1
sooner,1
os,1
hopping,1
obtained,1
nimbly,1
spoons,1
everybody,1
measured,1
tact,1
bewailed,1
treat,1
eliot,1
purlieus,1
select,1
attempt,1
pieces,1
suggests,1
each,1
country,1
writes,1
individual,1
thought,1
hotter,1
city,1
belongs,1
ail,1
distinction,1
stick,1
carrying,1
park,1
serve,1
sees,1
instinctively,1
coffee,1
herbert,1
cries,1
procedure,1
way,1
delightfully,1
bound,1
down,1
gazing,1
edition,1
pencil,1
centuries,1
lines,1
forty,1
emperor,1
french,1
sol,1
before,1
caricatured,1
flourish,1
halls,1
assurance,1
cake,1
practically,1
teacups,1
tinkles,1
horde,1
satisfaction,1
ion,1
self,1
carry,1
hyde,1
what,1
nonsense,1
sudden,1
exist,1
says,1
ea,1
dozen,1
halt,1
collected,1
gravely,1
take,1
ponders,1
memorable,1
chuckle,1
sometimes,1
smile,1
dart,1
provokes,1
periodicals,1
outright,1
laughs,1
remains,1
workmanship,1
method,1
wrought,1
nuances,1
decade,1
exquisite,1
humorist,1
except,1
volumes,1
molding,1
nimble,1
various,1
including,1
wielded,1
portion,1
naming,1
long,1
though,1
since,1
publish,1
continued,1
ix,1
another,1
came,1
entitled,1
second,1
should,1
within,1
expected,1
claimed,1
covered,1
complacently,1
bask,1
gesture,1
comical,1
outrageously,1
ceased,1
school,1
beardsley,1
read,1
w,1
preface,1
se,1
ks,1
volume,1
under,1
lifelike,1
figure,1
latest,1
assuredly,1
called,1
bernard,1
phrase,1
incomparable,1
once,1
atmospheres,1
human,1
individuals,1
classify,1
indubitably,1
portrayed,1
associate,1
wilds,1
mien,1
result,1
pages,1
witnessed,1
trifler,1
remark,1
courts,1
true,1
haw,1
beauty,1
rue,1
say,1
seriousness,1
grimaces,1
dainty,1
maker,1
blunder,1
attempted,1
describe,1
typical,1
impress,1
enlarge,1
minx,1
truth,1
delightful,1
paris,1
boulevards,1
spectacle,1
familiar,1
plays,1
lugubrious,1
intimately,1
footsteps,1
ago,1
number,1
five,1
twenty,1
redolent,1
term,1
implied,1
stands,1
d,1
forth,1
pictures,1
scattered,1
hand,1
other,1
completeness,1
example,1
day,1
comfortable,1
provoking,1
liking,1
done,1
imperturbable,1
see,1
hence,1
reborn,1
roach,1
permeated,1
desired,1
sh,1
much,1
poor,1
laugh,1
english,1
oven,1
cordial,1
claim,1
arouse,1
up,1
make,1
bring,1
sweetness,1
hts,1
proves,1
lien,1
roost,1
mat,1
arises,1
sensation,1
redeemed,1
perception,1
discovers,1
article,1
tit,1
chances,1
mirth,1
riot,1
endless,1
bulging,1
above,1
relatives,1
friends,1
ids,1
palmy,1
future,1
trod,1
tragic,1
lives,1
v,1
taking,1
mar,1
ethel,1
james,1
stephen,1
sellers,1
list,1
writers,1
two,1
able,1
sod,1
clings,1
existing,1
fragment,1
sole,1
writing,1
slyness,1
between,1
invigorated,1
remembers,1
herbs,1
o,1
arcade,1
popularly,1
known,1
nod,1
street,1
dyes,1
sold,1
whole,1
facet,1
illustrate,1
perfectly,1
here,1
credo,1
hag,1
j,1
fat,1
cosmetics,1
famed,1
harland,1
henry,1
issue,1
contributed,1
same,1
somewhat,1
mellowed,1
merrily,1
era,1
history,1
minerals,1
live,1
creatures,1
give,1
artificiality,1
reader,1
surfeited,1
prettiness,1
behind,1
pirouettes,1
lyly,1
john,1
fax,1
work,1
ideas,1
playing,1
deliberate,1
lovely,1
passes,1
putt,1
feathers,1
pond,1
around,1
swimming,1
ducks,1
elder,1
fluffy,1
violet,1
perfumed,1
ground,1
albion,1
white,1
substance,1
savonarola,1
