term,count
the,58
to,23
of,21
and,20
that,20
his,15
a,14
he,14
in,13
it,13
is,10
has,9
for,9
as,8
at,8
storm,6
than,6
stevenson,5
an,5
but,5
s,5
center,5
this,4
more,4
with,4
story,4
plot,4
us,4
had,4
by,4
all,4
him,3
once,3
old,3
express,3
what,3
if,3
be,3
train,3
mr,3
one,3
reader,3
let,3
american,3
on,3
only,3
its,3
archaeologist,2
boat,2
africa,2
roman,2
after,2
home,2
age,2
party,2
into,2
part,2
warning,2
indicate,2
add,2
hardly,2
author,2
message,2
page,2
continued,2
or,2
gives,2
interest,2
have,2
beauty,2
far,2
leave,2
too,2
way,2
himself,2
prosaic,2
first,2
out,2
not,2
does,2
which,2
away,2
from,2
new,2
been,2
chief,2
novel,2
e,2
burton,2
romance,2
aim,2
reach,1
informative,1
their,1
buildings,1
certain,1
planned,1
itself,1
city,1
woven,1
famous,1
even,1
oasis,1
where,1
treasury,1
suave,1
announce,1
racy,1
buried,1
treasure,1
caesars,1
imperial,1
those,1
rivaled,1
cities,1
assistant,1
attractive,1
explore,1
tunis,1
algeria,1
great,1
opulent,1
run,1
general,1
above,1
lifts,1
occupation,1
following,1
overthrow,1
carthage,1
woe,1
about,1
scientist,1
intention,1
air,1
lay,1
bare,1
academic,1
study,1
remained,1
conversation,1
rich,1
mainspring,1
morel,1
mystery,1
some,1
was,1
highly,1
i,1
rings,1
et,1
among,1
actors,1
swiftly,1
moving,1
drama,1
stands,1
algerian,1
mab,1
unique,1
threads,1
lays,1
feet,1
fair,1
p,1
prospect,1
promising,1
wealth,1
power,1
alluring,1
unusual,1
romantic,1
appeal,1
grandeur,1
lust,1
course,1
marseilles,1
characters,1
need,1
done,1
flags,1
reviewer,1
were,1
give,1
would,1
unsportsmanlike,1
never,1
so,1
workmanlike,1
concerned,1
detract,1
rather,1
pleasure,1
prospective,1
combined,1
merely,1
are,1
pattern,1
loot,1
death,1
threatening,1
warnings,1
veiled,1
colored,1
joining,1
no,1
african,1
history,1
introduces,1
automatically,1
fired,1
change,1
government,1
holiday,1
thus,1
forced,1
upon,1
decides,1
spend,1
sailing,1
across,1
mediterranean,1
lies,1
ignores,1
usual,1
preliminary,1
processes,1
whereby,1
thickens,1
makes,1
thick,1
start,1
succeeding,1
emphasis,1
moves,1
quickly,1
comparative,1
moment,1
past,1
objective,1
france,1
pp,1
york,1
mead,1
co,1
end,1
true,1
take,1
completely,1
every,1
day,1
existence,1
transport,1
environment,1
bizarre,1
accomplished,1
very,1
literally,1
readers,1
character,1
well,1
could,1
unromantic,1
meets,1
hero,1
attached,1
foreign,1
consular,1
service,1
being,1
thicker,1
then,1
onward,1
compelling,1
enjoyment,1
breathless,1
responds,1
fascination,1
fellow,1
traveler,1
uncommonly,1
beautiful,1
woman,1
necessity,1
watching,1
step,1
off,1
iv,1
latest,1
fiction,1
reward,1
mysterious,1
charmer,1
intends,1
hi,1
second,1
comes,1
ends,1
same,1
fatal,1
also,1
secures,1
definite,1
our,1
should,1
we,1
young,1
sweep,1
superlative,1
boarded,1
overcrowded,1
when,1
finds,1
literal,1
stranger,1
leaving,1
up,1
scat,1
now,1
vacant,1
realizes,1
heeded,1
almost,1
whatever,1
obliging,1
stronger,1
desired,1
escape,1
scarcely,1
started,1
tells,1
stop,1
concludes,1
persist,1
die,1
thrillers,1
