term,count
the,39
of,31
is,22
it,19
in,18
and,18
a,17
t,16
to,16
s,16
ill,15
i,13
o,9
be,9
not,8
letters,7
if,7
e,7
miss,6
that,6
book,5
only,5
tile,5
would,5
this,5
are,5
with,5
d,5
but,4
on,4
than,4
for,4
f,4
from,4
letter,4
re,4
there,4
all,4
or,4
at,4
interesting,3
as,3
which,3
rule,3
rs,3
most,3
r,3
tl,3
no,3
proper,3
by,3
british,3
correspondence,3
etiquette,3
smith,3
l,3
social,3
writing,2
word,2
mr,2
first,2
will,2
padding,2
place,2
when,2
their,2
list,2
b,2
form,2
its,2
have,2
never,2
had,2
used,2
arms,2
may,2
subject,2
long,2
use,2
helen,2
wt,2
club,2
much,2
an,2
chapter,2
xv,2
says,2
thai,2
institution,2
even,2
yet,2
good,2
so,2
has,2
her,2
she,2
ll,2
did,2
school,2
arid,2
them,2
very,2
lilt,2
el,2
truth,1
pedigree,1
title,1
concoct,1
bo,1
dough,1
ago,1
was,1
coat,1
between,1
such,1
arm,1
anybody,1
u,1
authority,1
suggested,1
need,1
oilier,1
otter,1
city,1
before,1
name,1
lad,1
hid,1
foil,1
abbreviation,1
were,1
said,1
yell,1
tb,1
oh,1
same,1
third,1
gain,1
scots,1
some,1
absurd,1
luther,1
elf,1
mention,1
discipline,1
angry,1
low,1
volunteer,1
retain,1
ii,1
set,1
ms,1
er,1
find,1
tilt,1
pl,1
tit,1
lind,1
address,1
hi,1
tc,1
dot,1
j,1
slip,1
git,1
mayors,1
while,1
g,1
bl,1
fix,1
ff,1
fault,1
ltd,1
bliss,1
hits,1
fill,1
more,1
permits,1
ha,1
man,1
keep,1
turned,1
down,1
proposer,1
described,1
him,1
hen,1
john,1
jones,1
curious,1
statement,1
effect,1
non,1
commissioned,1
officers,1
ionizer,1
lap,1
under,1
military,1
correctness,1
remark,1
appreciated,1
recalled,1
noll,1
titles,1
really,1
being,1
diplomatic,1
information,1
ono,1
cloth,1
second,1
lib,1
needs,1
accepts,1
hat,1
should,1
dedicates,1
dedication,1
evidence,1
vet,1
bode,1
ex,1
then,1
accept,1
chief,1
benefactor,1
ox,1
our,1
handbook,1
pleasure,1
glad,1
io,1
ones,1
day,1
you,1
sit,1
tad,1
lie,1
fixed,1
paul,1
q,1
get,1
behavior,1
ry,1
lax,1
love,1
we,1
felt,1
force,1
objection,1
complete,1
writer,1
cousin,1
former,1
existed,1
world,1
without,1
dainty,1
story,1
know,1
n,1
loss,1
tale,1
fl,1
lid,1
th,1
far,1
per,1
again,1
ix,1
best,1
tied,1
different,1
rd,1
back,1
parts,1
h,1
clubs,1
leaving,1
out,1
evident,1
sense,1
seldom,1
any,1
chapters,1
leveled,1
addresses,1
formal,1
slid,1
informal,1
orris,1
notes,1
dictionary,1
ceremony,1
card,1
po,1
request,1
punctuation,1
ts,1
treated,1
xi,1
te,1
v,1
however,1
devices,1
oats,1
synonyms,1
abridged,1
till,1
type,1
those,1
deal,1
dentally,1
matter,1
example,1
giving,1
dating,1
inc,1
samples,1
lamb,1
gives,1
postal,1
larger,1
lift,1
anti,1
abbreviations,1
fie,1
col,1
seem,1
he,1
another,1
foreign,1
words,1
phrases,1
due,1
mis,1
often,1
noe,1
perl,1
