term,count
the,38
of,28
and,21
to,15
in,14
her,13
a,8
she,8
it,6
with,6
that,6
singing,5
on,5
is,5
years,4
for,4
s,4
as,4
singers,4
first,3
who,3
success,3
him,3
but,3
armstrong,3
them,3
students,3
mr,3
over,3
life,3
during,3
volume,3
singer,3
book,3
well,3
at,3
world,2
half,2
most,2
its,2
brief,2
account,2
later,2
some,2
be,2
manuscript,2
career,2
was,2
study,2
written,2
letters,2
counsel,2
family,2
all,2
his,2
will,2
work,2
training,2
advice,2
this,2
great,2
time,2
record,2
personal,2
by,2
value,2
early,2
hints,2
has,2
successes,2
constant,1
prepare,1
person,1
inspiration,1
speaks,1
those,1
wish,1
end,1
struggle,1
directly,1
themselves,1
find,1
aid,1
not,1
least,1
technical,1
sets,1
simply,1
talks,1
professional,1
greatest,1
become,1
would,1
labor,1
their,1
required,1
from,1
chief,1
discipline,1
says,1
reward,1
appreciation,1
forth,1
wherein,1
famous,1
artist,1
temperament,1
mind,1
paragraphs,1
deportment,1
meet,1
calls,1
inevitable,1
obstacles,1
intelligence,1
apprenticeship,1
use,1
stage,1
relation,1
how,1
between,1
voice,1
audience,1
making,1
frequently,1
stresses,1
need,1
student,1
attention,1
where,1
simple,1
learned,1
sentences,1
character,1
train,1
summary,1
things,1
mme,1
had,1
q,1
through,1
teacher,1
experience,1
observation,1
essential,1
winning,1
discusses,1
such,1
matters,1
choice,1
opera,1
followed,1
fill,1
interesting,1
never,1
before,1
been,1
published,1
done,1
assembling,1
very,1
indeed,1
worth,1
exists,1
while,1
both,1
artistic,1
sides,1
halt,1
filled,1
explains,1
conceived,1
days,1
only,1
writing,1
double,1
lillian,1
transcribed,1
william,1
illustrated,1
pp,1
new,1
york,1
co,1
resides,1
reserves,1
since,1
offers,1
benefit,1
evolved,1
out,1
hard,1
one,1
also,1
idea,1
help,1
america,1
finally,1
wanted,1
delays,1
uncertainties,1
dutch,1
east,1
indies,1
tour,1
around,1
two,1
until,1
sisters,1
turned,1
europe,1
there,1
incorporate,1
these,1
mother,1
immediate,1
just,1
sentence,1
twenty,1
long,1
or,1
mort,1
ago,1
after,1
ward,1
dictated,1
material,1
tr,1
walks,1
every,1
black,1
forest,1
country,1
house,1
hudson,1
went,1
carefully,1
scanning,1
loveliest,1
