term,count
the,35
and,26
in,24
to,21
a,20
of,19
that,14
it,13
louis,12
her,10
is,10
had,10
s,10
was,10
she,9
for,8
with,8
but,8
not,7
lady,6
his,6
jeanne,5
their,5
little,5
there,5
one,5
from,5
at,4
story,4
first,4
world,4
lonely,4
so,4
l,4
de,4
brother,4
all,4
grosvenor,3
when,3
would,3
who,3
which,3
n,3
until,3
whom,3
out,3
by,3
square,3
as,3
off,3
no,3
o,3
roberts,2
nothing,2
tragic,2
well,2
or,2
came,2
uncle,2
been,2
though,2
loyalty,2
always,2
deal,2
left,2
way,2
fashion,2
found,2
art,2
man,2
come,2
f,2
he,2
this,2
mrs,2
now,2
la,2
pasture,2
has,2
are,2
gentle,2
t,2
wonderful,2
read,2
whose,2
old,2
its,2
life,2
marney,2
never,1
brilliant,1
held,1
soldier,1
devotion,1
pro,1
top,1
crossed,1
ow,1
ever,1
bond,1
mind,1
them,1
making,1
take,1
beloved,1
interest,1
altogether,1
noble,1
brave,1
nobody,1
satisfaction,1
proved,1
miss,1
friends,1
made,1
sooner,1
girl,1
country,1
unsophisticated,1
thus,1
summons,1
cued,1
than,1
died,1
could,1
just,1
about,1
thing,1
claim,1
leave,1
get,1
house,1
leaving,1
care,1
do,1
whore,1
loved,1
like,1
fortune,1
together,1
irresistible,1
put,1
ls,1
example,1
follow,1
wicked,1
anything,1
believe,1
before,1
some,1
duke,1
any,1
young,1
kind,1
certain,1
dream,1
happy,1
living,1
hera,1
wise,1
enough,1
burden,1
dainty,1
stage,1
walks,1
end,1
sympathy,1
most,1
heart,1
sure,1
be,1
remember,1
anne,1
figure,1
tragedy,1
much,1
too,1
tale,1
re,1
lie,1
shill,1
saw,1
did,1
if,1
less,1
sister,1
hurt,1
marriage,1
hat,1
woman,1
workings,1
obtuseness,1
decided,1
h,1
knew,1
wife,1
other,1
hear,1
tl,1
tit,1
e,1
ali,1
rind,1
r,1
sh,1
i,1
th,1
buoyantly,1
j,1
wit,1
lot,1
store,1
knows,1
somehow,1
herself,1
simplicity,1
realized,1
family,1
prospect,1
sedulously,1
matters,1
frequently,1
feel,1
obliged,1
innocence,1
selfish,1
affection,1
doubts,1
suspicious,1
dark,1
nd,1
bitter,1
pattens,1
writers,1
nowadays,1
contrast,1
such,1
qualifies,1
takes,1
long,1
mush,1
vaunted,1
generally,1
repulsive,1
characteristic,1
strength,1
compelling,1
charm,1
lr,1
seem,1
morbid,1
forms,1
real,1
hearts,1
everybody,1
liked,1
peter,1
mother,1
disappointed,1
america,1
will,1
find,1
once,1
henry,1
means,1
lost,1
carried,1
straight,1
obscured,1
pathos,1
second,1
unwise,1
attempt,1
make,1
use,1
unfamiliar,1
elements,1
conventional,1
devoted,1
experiences,1
related,1
mutual,1
form,1
theme,1
indicate,1
interests,1
enthusiastic,1
aunt,1
farmer,1
daughter,1
were,1
alone,1
wales,1
fine,1
lu,1
home,1
become,1
ne,1
fight,1
boers,1
south,1
africa,1
across,1
himself,1
boyish,1
letter,1
set,1
bet,1
thinking,1
what,1
thought,1
him,1
led,1
sending,1
mad,1
pay,1
visit,1
win,1
marrying,1
cut,1
strong,1
childlike,1
affairs,1
pleasant,1
then,1
hare,1
breath,1
sweet,1
beautiful,1
ted,1
least,1
chance,1
ha,1
getting,1
acquainted,1
very,1
through,1
father,1
author,1
word,1
courser,1
along,1
twenties,1
forlorn,1
state,1
big,1
london,1
mansion,1
prided,1
themselves,1
on,1
birth,1
happiness,1
