term,count
the,42
of,34
and,19
in,18
are,11
to,11
a,10
bees,9
tile,9
which,9
with,8
s,7
into,6
his,6
their,6
has,6
i,6
is,6
it,5
they,5
that,4
book,4
world,4
this,4
he,4
do,3
because,3
my,3
as,3
us,3
time,3
garden,3
them,3
if,3
what,3
ill,3
for,3
new,3
t,3
cells,2
fully,2
am,2
eggs,2
those,2
little,2
course,2
being,2
there,2
no,2
born,2
know,2
about,2
galleries,2
facts,2
readers,2
brief,2
books,2
goes,2
then,2
young,2
full,2
bramble,2
like,2
by,2
simple,2
been,2
having,2
will,2
volume,2
bee,2
than,2
done,2
others,2
naturalist,2
on,2
not,2
insect,2
contains,2
delightful,1
gravel,1
modest,1
cloy,1
played,1
walks,1
essays,1
beginning,1
things,1
experimented,1
april,1
drill,1
down,1
lived,1
insects,1
fl,1
eight,1
recitals,1
ale,1
own,1
eye,1
relating,1
interesting,1
most,1
honey,1
live,1
makers,1
how,1
generally,1
made,1
bow,1
longer,1
hives,1
experimentation,1
ingenious,1
observation,1
patient,1
some,1
make,1
years,1
gives,1
ch,1
twelve,1
pupae,1
inches,1
st,1
tills,1
population,1
gnat,1
increase,1
largo,1
inmates,1
proper,1
starvation,1
each,1
result,1
get,1
gnats,1
vain,1
all,1
often,1
only,1
tory,1
but,1
tolls,1
leaf,1
cotton,1
arc,1
entertaining,1
notably,1
chapters,1
other,1
wonder,1
reader,1
fill,1
interest,1
absorbing,1
details,1
story,1
parasites,1
works,1
blossoms,1
construct,1
when,1
rather,1
transformed,1
re,1
grubs,1
period,1
during,1
supplied,1
good,1
fore,1
e,1
shall,1
balls,1
small,1
deposit,1
lay,1
comes,1
tire,1
among,1
mother,1
go,1
out,1
way,1
dig,1
welt,1
away,1
files,1
door,1
stopper,1
clay,1
cell,1
closes,1
her,1
she,1
conscious,1
knows,1
led,1
nature,1
popular,1
great,1
lives,1
studies,1
everything,1
else,1
come,1
its,1
author,1
gifted,1
pen,1
work,1
upholds,1
al,1
rating,1
writer,1
france,1
be,1
comparable,1
authors,1
who,1
equals,1
scientific,1
unscientific,1
autobiographical,1
paragraph,1
f,1
suggests,1
explanation,1
success,1
iris,1
where,1
part,1
understand,1
m,1
j,1
henri,1
translated,1
alexander,1
de,1
fellow,1
zoological,1
society,1
london,1
york,1
mead,1
co,1
second,1
wild,1
given,1
quiet,1
public,1
first,1
entitled,1
macon,1
published,1
fall,1
curious,1
information,1
concerning,1
half,1
dozen,1
sorts,1
dwell,1
normally,1
attempt,1
power,1
student,1
more,1
wish,1
usually,1
happens,1
life,1
therefore,1
direction,1
study,1
sexes,1
stating,1
propositions,1
really,1
or,1
at,1
least,1
comprehensive,1
wanted,1
known,1
lily,1
perhaps,1
sound,1
heretical,1
o,1
matter,1
translator,1
fact,1
hesitate,1
persuaded,1
turn,1
heresy,1
orthodoxy,1
ceasing,1
have,1
entertain,1
obscurely,1
ilia,1
narratives,1
natural,1
discussing,1
permutations,1
sex,1
remarks,1
leading,1
retired,1
solitude,1
village,1
quite,1
enough,1
patiently,1
plowing,1
almost,1
humble,1
fro,1
row,1
model,1
n,1
views,1
days,1
had,1
passionate,1
found,1
difficult,1
procure,1
today,1
could,1
cut,1
