term,count
the,209
of,134
and,92
in,56
to,54
a,46
by,34
is,32
s,25
for,22
as,20
which,20
it,19
that,19
its,19
has,18
be,16
with,15
he,14
are,14
from,13
l,13
venice,12
have,12
no,12
or,11
at,11
not,11
this,10
tile,10
an,9
they,8
these,8
who,8
on,8
so,8
but,8
italy,8
where,8
all,7
into,7
history,7
may,7
about,7
we,7
o,6
well,6
find,6
point,6
author,6
italian,6
been,6
r,6
will,6
new,6
read,6
other,6
if,5
before,5
york,5
pp,5
c,5
i,5
book,5
there,5
yet,5
venetian,4
tourist,4
san,4
those,4
modern,4
artistic,4
backgrounds,4
his,4
had,4
historical,4
development,4
student,4
many,4
lies,4
me,4
t,4
b,4
such,4
one,4
el,4
city,4
de,4
expression,4
more,4
most,4
them,4
do,4
their,4
among,4
thayer,3
only,3
material,3
much,3
better,3
upon,3
e,3
time,3
same,3
then,3
what,3
whether,3
certain,3
things,3
must,3
prejudiced,3
while,3
life,3
short,3
old,3
written,3
borgia,3
impressions,3
said,3
least,3
ancient,3
does,3
see,3
pages,3
th,3
some,3
century,3
than,3
state,3
elusive,3
original,3
always,3
cult,3
reader,3
guidebook,3
both,3
view,3
respect,2
own,2
excellent,2
anecdotes,2
hot,2
diligence,2
economy,2
should,2
land,2
church,2
little,2
stock,2
say,2
mr,2
place,2
final,2
style,2
ill,2
quite,2
observing,2
re,2
very,2
text,2
pen,2
words,2
prodigality,2
oligarchy,2
curious,2
friar,2
even,2
language,2
culture,2
method,2
picturesque,2
historians,2
would,2
called,2
traveler,2
probably,2
towns,2
attention,2
soon,2
chronicles,2
tilling,2
morgan,2
narrative,2
pictures,2
admirable,2
any,2
rational,2
others,2
our,2
country,2
revealed,2
worthy,2
presented,2
reconstructed,2
prove,2
kind,2
prejudice,2
was,2
ever,2
noyes,2
seen,2
taken,2
once,2
characteristics,2
look,2
thomas,2
her,2
episodes,2
cloth,2
top,2
fascinating,2
net,2
were,2
william,2
giovanni,2
story,2
however,2
ella,2
hal,2
emphasis,2
data,2
rex,2
chapter,2
character,2
careful,2
baroque,2
volumes,2
la,2
volume,2
fitting,2
romania,2
hitherto,2
work,2
evidently,2
like,2
found,2
objects,2
d,2
tho,2
co,2
shrunken,2
decline,2
perused,2
convert,2
approach,2
although,2
intelligent,2
next,2
serious,2
wharton,2
political,2
form,2
painter,2
edward,2
elation,2
handbook,1
hazlitt,1
names,1
brown,1
isolated,1
unadorned,1
horatio,1
key,1
two,1
followed,1
numerous,1
also,1
doubtlessly,1
sheen,1
partisanship,1
ha,1
surprising,1
interesting,1
vatican,1
between,1
already,1
unequaled,1
direct,1
significant,1
briefs,1
benefit,1
bibliography,1
attached,1
acquire,1
essentials,1
pseudo,1
figure,1
adequate,1
authors,1
sufficient,1
moreover,1
acquainted,1
writing,1
english,1
genuine,1
whose,1
cunningly,1
extremely,1
w,1
worthily,1
unbiased,1
familiar,1
candid,1
actual,1
includes,1
characterize,1
indispensable,1
marked,1
cautious,1
pro,1
portion,1
monumental,1
coherence,1
relations,1
under,1
essays,1
roundly,1
pronounced,1
devote,1
combines,1
savonarola,1
when,1
curia,1
belongs,1
diplomatically,1
prolonged,1
ad,1
violent,1
category,1
removing,1
z,1
subterfuges,1
resorted,1
elements,1
pertain,1
file,1
describes,1
independent,1
good,1
moral,1
attitude,1
claim,1
broad,1
puritanical,1
touch,1
school,1
intimately,1
given,1
spice,1
fireside,1
fact,1
black,1
american,1
monograph,1
distorts,1
being,1
efforts,1
contemporaneous,1
deserve,1
companion,1
discernment,1
correctly,1
color,1
incontrovertible,1
ix,1
facts,1
institutions,1
side,1
stands,1
differs,1
society,1
yearning,1
use,1
wall,1
writer,1
make,1
ca,1
court,1
dying,1
keep,1
dagger,1
blacken,1
hag,1
stabbed,1
research,1
done,1
wrote,1
days,1
grimly,1
proportioned,1
roman,1
introduction,1
indebtedness,1
study,1
illustrated,1
write,1
river,1
plain,1
maligned,1
rehabilitation,1
distinct,1
inspiring,1
note,1
cf,1
himself,1
summer,1
francis,1
den,1
maintained,1
st,1
sod,1
reproved,1
scribe,1
love,1
tease,1
h,1
legendary,1
proud,1
designated,1
reason,1
constant,1
exerts,1
ode,1
showing,1
itself,1
natural,1
against,1
fate,1
seemed,1
eternal,1
unimportant,1
specious,1
writers,1
context,1
either,1
attempted,1
liking,1
blast,1
fifteenth,1
eleanora,1
manner,1
personal,1
best,1
somewhat,1
spiritless,1
allowed,1
smother,1
m,1
merited,1
extracts,1
purely,1
rebuke,1
guido,1
shows,1
tim,1
native,1
eyes,1
writings,1
cities,1
fr,1
om,1
immemorial,1
betrayed,1
patience,1
care,1
ire,1
woman,1
atmospheric,1
contempt,1
contemporary,1
partisans,1
julia,1
cartwright,1
beatrice,1
isabella,1
house,1
inoffensively,1
aron,1
carefully,1
detailed,1
accounts,1
remain,1
buildings,1
streets,1
inspired,1
fields,1
humiliated,1
siena,1
entertaining,1
throwing,1
exerted,1
disproportionate,1
influence,1
united,1
pictorial,1
combined,1
contrast,1
sublime,1
treasures,1
past,1
similar,1
industrial,1
interest,1
enterprise,1
conversation,1
ignored,1
relating,1
casual,1
strongest,1
post,1
power,1
paradox,1
gallery,1
extracted,1
subject,1
incongruity,1
contradictions,1
hyper,1
bigoted,1
ons,1
bole,1
commentators,1
thereon,1
sketch,1
day,1
result,1
consists,1
easy,1
remember,1
tee,1
part,1
middle,1
ages,1
last,1
frontier,1
papal,1
states,1
stop,1
describing,1
rail,1
university,1
bologna,1
twice,1
distance,1
few,1
travelers,1
people,1
relies,1
seat,1
poets,1
patronized,1
scene,1
byron,1
paintings,1
maria,1
domenico,1
preserved,1
picture,1
miles,1
demand,1
nine,1
delineation,1
ll,1
abiding,1
physic,1
ariosto,1
marital,1
home,1
golden,1
period,1
sixteenth,1
magnificence,1
consistently,1
subsided,1
isolation,1
unheeded,1
contingent,1
inhabitants,1
io,1
bare,1
lagoons,1
sure,1
vain,1
empire,1
take,1
amount,1
aesthetic,1
glee,1
reading,1
able,1
appreciate,1
extent,1
therein,1
proclaim,1
example,1
can,1
opening,1
passage,1
try,1
equivalent,1
suggestion,1
mind,1
surely,1
chief,1
pleasures,1
assured,1
tiffs,1
penetration,1
farther,1
smashed,1
revelation,1
enjoyed,1
thereto,1
present,1
varied,1
obstacles,1
toe,1
uninitiated,1
ruskin,1
accepted,1
untrustworthy,1
mystic,1
gothic,1
myth,1
limited,1
immortality,1
movement,1
abash,1
travel,1
preparation,1
flue,1
takes,1
experiences,1
follows,1
idle,1
dusty,1
endured,1
cause,1
motor,1
goes,1
south,1
steeples,1
descent,1
turn,1
vine,1
breaking,1
bondage,1
flings,1
libel,1
embrace,1
mulberries,1
sentence,1
range,1
diminishing,1
transitions,1
suggestive,1
sojourn,1
upper,1
swiss,1
valleys,1
pass,1
region,1
obviously,1
contrived,1
seem,1
facile,1
sophisticated,1
landscape,1
face,1
nature,1
seems,1
molded,1
passions,1
man,1
ia,1
traditions,1
images,1
pl,1
mention,1
unfrequented,1
remote,1
places,1
eluded,1
toils,1
academic,1
investigator,1
arthur,1
hewlett,1
conspicuous,1
mysterious,1
common,1
belief,1
erudition,1
give,1
thoughts,1
activities,1
dignity,1
vie,1
each,1
talents,1
heir,1
apply,1
persons,1
views,1
ms,1
epics,1
improvement,1
reputation,1
nowadays,1
subjected,1
process,1
mental,1
refinement,1
critical,1
observation,1
pertains,1
letters,1
plastic,1
arts,1
according,1
strange,1
terminology,1
bringing,1
bits,1
unsuspected,1
less,1
threshold,1
mrs,1
literary,1
gifts,1
strong,1
personality,1
manipulates,1
warned,1
outlook,1
lat,1
foreground,1
property,1
product,1
mechanical,1
sightseer,1
dawdler,1
dreamer,1
byways,1
trodden,1
signs,1
none,1
intimate,1
inevitable,1
information,1
discerning,1
secret,1
hidden,1
monuments,1
promoting,1
reaching,1
superfluities,1
verbal,1
condensation,1
sneer,1
far,1
sadly,1
needed,1
priestess,1
formulate,1
gained,1
through,1
latest,1
dropped,1
dramatic,1
miniature,1
press,1
professions,1
entirely,1
absorb,1
how,1
humbugged,1
filippo,1
dear,1
accompany,1
delicate,1
near,1
sun,1
vanishing,1
titles,1
determining,1
spaces,1
free,1
lines,1
intended,1
snow,1
swept,1
sciences,1
industry,1
socialism,1
learn,1
agree,1
possible,1
instructed,1
implies,1
surfeit,1
procurable,1
renaissance,1
languid,1
beauty,1
diction,1
rhetorical,1
trivialities,1
stealthy,1
snaring,1
illuminated,1
iconoclasm,1
translated,1
peninsula,1
natives,1
roads,1
baked,1
forethought,1
students,1
clearly,1
intelligently,1
outlined,1
proper,1
laid,1
points,1
circumstances,1
regarded,1
important,1
international,1
surfaces,1
polities,1
ten,1
di,1
examined,1
respectful,1
fellows,1
et,1
concerning,1
internal,1
austria,1
france,1
commodity,1
fall,1
shadows,1
devoured,1
absorbing,1
rays,1
truth,1
ne,1
expect,1
anything,1
brief,1
roscoe,1
beginnings,1
amphibious,1
community,1
owed,1
incipient,1
origin,1
attila,1
anti,1
climax,1
cordially,1
lombardy,1
applied,1
allow,1
mark,1
penetrated,1
vague,1
allusion,1
impertinent,1
mountains,1
marks,1
preach,1
dilettante,1
heightening,1
ase,1
emotion,1
attends,1
unexpected,1
subjective,1
aside,1
via,1
remains,1
my,1
memory,1
saint,1
wok,1
thoma,1
illustrations,1
seats,1
question,1
cool,1
waterfall,1
edith,1
decor,1
uteri,1
charles,1
sons,1
rosen,1
ara,1
ly,1
hy,1
mo,1
thin,1
yr,1
lew,1
p,1
katherine,1
x,1
staples,1
excepting,1
display,1
sight,1
lacks,1
engaging,1
mailer,1
forgotten,1
sculptures,1
assumption,1
evangelists,1
tower,1
finally,1
hard,1
phrase,1
milan,1
redounds,1
derision,1
speaker,1
glory,1
never,1
heard,1
first,1
undulating,1
terr,1
gentle,1
vi,1
ado,1
al,1
n,1
footnote,1
almost,1
every,1
page,1
gone,1
pales,1
intrinsic,1
value,1
prof,1
photographs,1
carelessly,1
attributed,1
earlier,1
date,1
come,1
walter,1
