term,count
the,118
of,77
and,65
to,62
in,50
her,30
a,29
it,24
i,20
as,20
that,20
she,19
s,19
for,18
he,15
n,13
r,13
not,13
at,13
t,12
f,12
l,11
w,10
its,10
c,10
was,9
e,9
is,9
red,8
an,8
or,8
has,7
o,7
which,7
country,6
x,6
barton,6
h,6
years,6
did,5
but,5
upon,5
so,5
after,5
have,5
had,5
y,5
life,5
work,5
first,5
d,5
great,5
cross,4
one,4
international,4
from,4
hut,4
this,4
any,4
enter,4
be,4
by,4
with,4
were,4
two,4
our,4
they,4
who,4
world,4
story,3
ir,3
effort,3
g,3
interest,3
than,3
until,3
wide,3
peace,3
into,3
some,3
american,3
miss,3
put,3
tn,3
v,3
matter,3
whole,3
ha,3
such,3
last,3
organization,3
ac,3
participation,3
european,3
can,3
clara,3
these,3
are,3
end,3
importance,3
them,3
during,3
time,3
how,3
public,2
biography,2
volumes,2
things,2
died,2
eight,2
people,2
will,2
preparation,2
papers,2
ye,2
much,2
done,2
lt,2
pod,2
soon,2
character,2
aid,2
even,2
hal,2
we,2
ed,2
write,2
sanitary,2
his,2
m,2
far,2
alas,2
history,2
merely,2
members,2
net,2
means,2
cr,2
over,2
war,2
must,2
ail,2
affairs,2
purpose,2
ts,2
fit,2
ii,2
state,2
chat,2
int,2
op,2
treaty,2
ti,2
due,2
there,2
would,2
letter,2
favorably,2
ar,2
adds,2
if,2
up,2
less,2
against,2
more,2
ever,2
most,2
tell,2
all,2
amendment,2
face,2
fir,2
united,2
then,2
ton,2
single,2
open,2
lion,2
non,2
three,2
step,2
xi,2
those,2
made,2
succor,2
herself,2
before,2
needs,2
tells,2
tee,2
cared,2
knew,2
de,2
roe,1
same,1
honors,1
current,1
highest,1
persuaded,1
recipient,1
absorbed,1
times,1
halt,1
si,1
authorizing,1
go,1
sponsored,1
tray,1
juniors,1
century,1
months,1
geneva,1
ex,1
hie,1
enlarge,1
senate,1
swings,1
no,1
indicted,1
death,1
popular,1
cress,1
rid,1
refusal,1
support,1
also,1
insistence,1
created,1
estimate,1
led,1
whose,1
adopted,1
government,1
arthur,1
favor,1
page,1
continued,1
followed,1
fade,1
on,1
cara,1
every,1
birthday,1
bet,1
partnership,1
pleader,1
long,1
thin,1
err,1
al,1
invoked,1
ben,1
now,1
messenger,1
illness,1
head,1
loudly,1
physical,1
benefit,1
ovary,1
wt,1
mental,1
forts,1
lo,1
purposes,1
become,1
eon,1
glad,1
scene,1
beta,1
rd,1
comfort,1
activity,1
law,1
program,1
close,1
enjoy,1
use,1
retained,1
built,1
vi,1
finer,1
signed,1
saves,1
vigor,1
bad,1
fut,1
stud,1
brought,1
spared,1
finally,1
used,1
lives,1
opened,1
selfish,1
serving,1
greatly,1
publication,1
narratives,1
slender,1
too,1
treasures,1
mr,1
portent,1
particular,1
quickly,1
better,1
services,1
accurate,1
judicial,1
sincere,1
graphic,1
career,1
consequence,1
presents,1
although,1
been,1
many,1
relative,1
human,1
large,1
packed,1
gentle,1
demand,1
judgment,1
always,1
private,1
touch,1
insight,1
clear,1
evidently,1
analyzed,1
tried,1
succeeded,1
account,1
undiscriminating,1
biographers,1
temptation,1
fielded,1
nation,1
meet,1
biographer,1
tuns,1
amounting,1
left,1
documents,1
meat,1
active,1
song,1
find,1
taro,1
devotes,1
attention,1
na,1
early,1
creed,1
school,1
prepared,1
espouses,1
cover,1
intro,1
bill,1
permit,1
teething,1
accept,1
faults,1
home,1
spent,1
appeared,1
sen,1
ire,1
kind,1
sprung,1
diaries,1
because,1
authority,1
letters,1
sta,1
mass,1
immense,1
studied,1
detail,1
k,1
alertness,1
authoritative,1
complete,1
prow,1
literary,1
committee,1
clam,1
chosen,1
pages,1
cousin,1
students,1
heredity,1
pen,1
vans,1
greet,1
very,1
agent,1
ge,1
do,1
hare,1
ta,1
itself,1
arc,1
set,1
year,1
conferences,1
sheet,1
fen,1
fa,1
sound,1
existence,1
civil,1
demands,1
doe,1
breakdown,1
rest,1
queer,1
nevi,1
when,1
ax,1
heard,1
position,1
taite,1
rates,1
acre,1
attend,1
sets,1
son,1
tl,1
uh,1
ice,1
taco,1
tat,1
idea,1
indifference,1
met,1
lint,1
society,1
cm,1
america,1
ten,1
acme,1
hp,1
th,1
fl,1
return,1
alt,1
tears,1
conference,1
se,1
meeting,1
rite,1
familiar,1
lasted,1
americans,1
etch,1
twice,1
practices,1
nor,1
lacy,1
hoes,1
forget,1
ace,1
sake,1
te,1
takes,1
try,1
ranks,1
ma,1
high,1
stands,1
achieved,1
value,1
achieve,1
ability,1
sheer,1
both,1
po,1
car,1
ry,1
er,1
treat,1
succors,1
tuck,1
ill,1
eyes,1
fact,1
makes,1
reading,1
states,1
dote,1
et,1
con,1
tun,1
bar,1
hose,1
achievement,1
second,1
vs,1
realize,1
ft,1
resents,1
here,1
hot,1
eh,1
nice,1
little,1
ms,1
tin,1
lisa,1
p,1
four,1
arid,1
plea,1
splendid,1
having,1
driving,1
kept,1
seats,1
intervention,1
national,1
bald,1
entangling,1
beware,1
places,1
main,1
quoted,1
sick,1
ne,1
otis,1
reminiscent,1
wish,1
thundered,1
encounter,1
artillery,1
confer,1
part,1
taking,1
bering,1
like,1
under,1
leadership,1
calamity,1
began,1
associated,1
seven,1
rime,1
thai,1
necessary,1
him,1
told,1
tits,1
shout,1
teas,1
nd,1
probably,1
something,1
hope,1
en,1
eave,1
tames,1
gas,1
align,1
usefulness,1
poe,1
greater,1
men,1
es,1
el,1
wounded,1
care,1
sn,1
talked,1
child,1
woman,1
man,1
clipping,1
say,1
presidents,1
vice,1
cabinet,1
senators,1
tittle,1
endeavored,1
wrote,1
dire,1
provide,1
move,1
got,1
fin,1
inmate,1
frying,1
vents,1
task,1
came,1
dal,1
shy,1
ors,1
affect,1
responded,1
pamphlet,1
ditty,1
stale,1
europa,1
ant,1
own,1
should,1
wars,1
nit,1
cray,1
nothing,1
hostile,1
positively,1
apathetic,1
either,1
vere,1
struggle,1
lr,1
sate,1
congress,1
article,1
treasured,1
certain,1
practically,1
lien,1
hale,1
burton,1
commented,1
well,1
