term,count
the,22
i,16
to,11
of,9
and,8
tile,8
catholic,7
will,7
in,6
church,6
am,5
a,5
l,4
my,4
by,4
as,4
parochial,4
is,4
not,4
that,4
with,4
school,4
this,4
it,3
attack,3
its,3
ill,3
me,3
book,2
upon,2
now,2
father,2
fighting,2
official,2
priests,2
author,2
s,2
ecclesiastics,2
shows,2
chicago,2
but,2
so,2
opponents,1
be,1
ii,1
wile,1
boor,1
assail,1
mlle,1
controls,1
press,1
attacks,1
making,1
vituperation,1
charging,1
controversy,1
columns,1
raised,1
answer,1
issue,1
shops,1
filled,1
seer,1
befog,1
never,1
anticipated,1
malignant,1
latter,1
under,1
prevalent,1
conditions,1
devilish,1
became,1
naturalized,1
citizen,1
united,1
states,1
priest,1
archdiocese,1
intend,1
was,1
born,1
have,1
ed,1
for,1
prattle,1
present,1
goo,1
say,1
do,1
solely,1
corrupt,1
corruption,1
fight,1
long,1
permits,1
education,1
live,1
dealing,1
america,1
make,1
war,1
theory,1
christian,1
bitterly,1
who,1
deceived,1
being,1
immorality,1
sacrilege,1
details,1
numerous,1
schemes,1
which,1
are,1
used,1
prelates,1
extract,1
money,1
from,1
people,1
further,1
hierarchy,1
drunkenness,1
graft,1
priestly,1
mo,1
jeremiah,1
j,1
crowley,1
curse,1
menace,1
nation,1
pp,1
account,1
cloth,1
published,1
teaching,1
irreligious,1
gives,1
an,1
des,1
troy,1
n,1
american,1
well,1
aware,1
q,1
wrath,1
lisle,1
tilt,1
lie,1
or,1
connection,1
laymen,1
permit,1
warn,1
you,1
against,1
work,1
y,1
hostile,1
go,1
fundamental,1
government,1
lid,1
establish,1
r,1
la,1
t,1
corrupted,1
h,1
hot,1
al,1
laud,1
ha,1
b,1
die,1
