term,count
the,99
of,71
and,42
i,31
a,30
in,27
to,17
that,16
l,15
was,12
at,11
is,11
t,11
with,11
it,10
he,9
as,9
his,9
s,8
which,8
for,8
its,8
first,7
world,7
but,6
great,6
love,5
by,5
book,5
civilization,5
only,5
e,5
or,5
so,5
volume,5
pushkin,5
had,5
has,4
change,4
second,4
be,4
on,4
this,4
who,4
underwood,4
all,4
more,4
o,4
whose,3
ed,3
never,3
not,3
about,3
there,3
than,3
x,3
gray,3
yet,3
trilogy,3
have,3
de,3
are,3
nicholas,3
them,3
edna,3
no,3
two,3
genius,3
him,3
new,3
tile,3
ly,3
social,2
men,2
ball,2
armies,2
r,2
can,2
changes,2
given,2
u,2
coming,2
man,2
from,2
those,2
life,2
played,2
sense,2
many,2
rich,2
little,2
ire,2
their,2
actually,2
thus,2
side,2
did,2
mind,2
material,2
d,2
glowing,2
anything,2
ill,2
through,2
spun,2
sky,2
among,2
field,2
well,2
thought,2
russia,2
these,2
what,2
could,2
one,2
distrusted,2
real,2
feared,2
above,2
himself,2
mistake,2
home,2
save,2
penitent,2
figures,2
then,2
re,2
poet,2
n,2
old,2
h,2
passion,2
disliked,2
flower,2
over,2
nil,2
lit,2
her,2
were,2
interests,1
worth,1
fooled,1
russian,1
awakening,1
court,1
judgments,1
efficiency,1
including,1
itself,1
prevailed,1
ace,1
young,1
prince,1
gone,1
boyhood,1
consumptive,1
victor,1
after,1
metternich,1
pal,1
now,1
luke,1
other,1
pages,1
laughing,1
stock,1
until,1
showed,1
way,1
tricked,1
assembly,1
w,1
minded,1
pa,1
me,1
ci,1
fore,1
dim,1
see,1
too,1
sensitive,1
we,1
intelligent,1
begun,1
eyes,1
small,1
appearing,1
vision,1
isl,1
an,1
modern,1
citizens,1
acceptance,1
heralded,1
ere,1
broadest,1
spiritual,1
themselves,1
nobility,1
march,1
fine,1
sent,1
baffled,1
hopes,1
nor,1
protagonist,1
none,1
form,1
resp,1
neither,1
collapse,1
superior,1
place,1
perceived,1
last,1
deal,1
fate,1
able,1
board,1
pushed,1
puppets,1
natalie,1
child,1
silly,1
down,1
feeling,1
while,1
tried,1
woman,1
persian,1
clear,1
tl,1
spy,1
impressive,1
less,1
scarcely,1
living,1
toward,1
leaned,1
death,1
bending,1
face,1
possibly,1
commented,1
upon,1
pathetic,1
chosen,1
most,1
seems,1
glance,1
selection,1
justifies,1
author,1
say,1
simply,1
enough,1
ia,1
perhaps,1
gorgeous,1
space,1
once,1
tells,1
ely,1
dying,1
move,1
live,1
people,1
quality,1
poetic,1
genuine,1
descriptions,1
review,1
glorious,1
found,1
disappearance,1
emotion,1
power,1
emotions,1
losing,1
confused,1
midst,1
own,1
towered,1
mediocrity,1
level,1
dead,1
bringing,1
crush,1
ensnare,1
glory,1
sat,1
oil,1
every,1
art,1
changing,1
religious,1
eco,1
feel,1
permitted,1
will,1
physically,1
mentally,1
individual,1
happy,1
ls,1
beauty,1
onward,1
eat,1
g,1
foe,1
search,1
body,1
out,1
wearing,1
sacrificing,1
waster,1
glittering,1
movement,1
remorseless,1
epic,1
alone,1
flung,1
far,1
describing,1
novel,1
airs,1
sweep,1
heroic,1
something,1
splendid,1
czar,1
interest,1
disputed,1
wily,1
serious,1
moro,1
se,1
firth,1
nations,1
exotic,1
full,1
doe,1
deep,1
picture,1
coronation,1
rate,1
bail,1
vivid,1
opens,1
hook,1
asia,1
into,1
thence,1
slav,1
across,1
methods,1
ways,1
carried,1
passing,1
mist,1
wore,1
represents,1
princes,1
sumptuous,1
twisted,1
rope,1
room,1
bar,1
wines,1
hire,1
eel,1
perfumes,1
spouted,1
setting,1
blazing,1
england,1
costume,1
tonal,1
oat,1
birth,1
noble,1
curiously,1
noses,1
hoops,1
jeweled,1
kurd,1
background,1
er,1
dignitaries,1
flo,1
tows,1
subject,1
herself,1
rt,1
thor,1
nun,1
such,1
downfall,1
intended,1
whole,1
series,1
regarding,1
general,1
very,1
been,1
declares,1
she,1
corrects,1
foreword,1
brief,1
company,1
boston,1
novels,1
incident,1
hit,1
eries,1
teen,1
colorful,1
wasting,1
superb,1
alexis,1
around,1
does,1
title,1
character,1
le,1
revolved,1
ha,1
scene,1
ru,1
copy,1
rooted,1
alight,1
they,1
apprehended,1
easily,1
ir,1
americas,1
laid,1
throng,1
f,1
any,1
neath,1
idea,1
even,1
admitted,1
dread,1
heart,1
within,1
concealing,1
without,1
utterly,1
cunning,1
trickery,1
conceived,1
rights,1
set,1
called,1
clod,1
faith,1
th,1
incidental,1
pet,1
duty,1
tar,1
towers,1
et,1
hal,1
ix,1
led,1
written,1
thai,1
hot,1
hale,1
thee,1
rush,1
count,1
xv,1
fold,1
advice,1
oils,1
lt,1
held,1
killed,1
kill,1
dill,1
nod,1
high,1
la,1
pulse,1
keen,1
quick,1
unlike,1
brought,1
nobles,1
marriage,1
tor,1
opening,1
political,1
waltz,1
hut,1
kings,1
minuet,1
music,1
dance,1
play,1
lo,1
c,1
when,1
wives,1
shopkeeping,1
evidently,1
number,1
moved,1
aristocratic,1
hy,1
despised,1
part,1
already,1
thin,1
ame,1
just,1
always,1
runs,1
affair,1
ardent,1
hat,1
suspected,1
trick,1
position,1
moment,1
bull,1
nothing,1
ho,1
turned,1
consider,1
low,1
magnificent,1
powerful,1
whom,1
beautiful,1
j,1
met,1
again,1
exile,1
theme,1
