term,count
the,33
of,28
and,16
in,14
a,13
s,10
his,10
with,8
for,7
is,7
this,4
at,4
mr,4
as,4
quiet,4
it,4
from,4
quite,3
n,3
novels,3
simple,3
he,3
to,3
world,3
i,3
l,3
horses,3
could,3
not,3
that,3
trenches,2
on,2
gould,2
all,2
read,2
there,2
millions,2
men,2
you,2
one,2
instance,2
or,2
us,2
are,2
agony,2
even,2
home,2
novel,2
trim,2
t,2
than,2
when,2
o,2
sit,2
out,2
by,2
mind,2
london,2
y,2
reading,1
clings,1
easily,1
heroic,1
ideal,1
find,1
struggle,1
delight,1
escape,1
outrageous,1
hy,1
bloodhound,1
prospectuses,1
devour,1
fortune,1
tommy,1
futuristic,1
grudge,1
fast,1
these,1
dweller,1
bellamy,1
things,1
lost,1
evenings,1
perfection,1
savoy,1
nil,1
splendor,1
bacon,1
here,1
virtues,1
dine,1
adjust,1
sunny,1
themselves,1
which,1
yachts,1
but,1
decks,1
finally,1
relieved,1
allowed,1
repose,1
should,1
wells,1
why,1
breathlessness,1
times,1
can,1
inure,1
lighten,1
eternal,1
vista,1
destruction,1
given,1
nothing,1
glimpses,1
houses,1
hotels,1
city,1
rivers,1
dy,1
means,1
w,1
wins,1
ho,1
shall,1
say,1
him,1
nay,1
dangerous,1
ridden,1
trench,1
motive,1
allow,1
reality,1
presses,1
course,1
insistence,1
full,1
hovering,1
beauty,1
feels,1
petal,1
take,1
air,1
subway,1
after,1
its,1
ride,1
people,1
evening,1
no,1
more,1
remote,1
f,1
lit,1
simplicity,1
oleo,1
polished,1
silverware,1
fine,1
linen,1
large,1
rooms,1
thick,1
soft,1
shining,1
shirtfronts,1
ordered,1
time,1
above,1
being,1
had,1
been,1
notion,1
paradise,1
hovered,1
eternally,1
before,1
eyes,1
like,1
mirage,1
meals,1
complicated,1
lovingly,1
reached,1
nat,1
es,1
company,1
g,1
arctic,1
explorer,1
once,1
said,1
was,1
polar,1
regions,1
night,1
fancies,1
day,1
were,1
concerned,1
almost,1
exclusively,1
dinner,1
be,1
u,1
order,1
club,1
confession,1
we,1
clue,1
homes,1
h,1
yacht,1
c,1
mans,1
la,1
inn,1
tl,1
ly,1
lou,1
look,1
far,1
line,1
white,1
th,1
rn,1
arc,1
race,1
mg,1
an,1
innocent,1
man,1
front,1
unbelievable,1
land,1
descriptions,1
hold,1
lits,1
lift,1
hat,1
has,1
mm,1
hot,1
their,1
favorite,1
they,1
mace,1
iris,1
impressive,1
fact,1
reason,1
ir,1
overwhelming,1
popularity,1
begins,1
reach,1
certain,1
wan,1
will,1
notice,1
ind,1
england,1
