term,count
the,186
of,120
and,87
to,80
is,71
a,68
in,51
that,48
his,41
was,36
it,32
he,31
as,23
s,22
but,20
for,19
i,19
on,19
be,18
not,17
with,17
her,16
which,16
one,15
by,14
diaries,14
an,14
has,14
diary,14
so,14
only,13
would,13
have,13
most,13
english,12
this,12
more,12
from,11
pepys,11
are,10
who,10
or,10
she,9
very,9
at,9
other,9
no,9
if,8
journal,8
book,8
man,8
they,8
kept,8
also,8
been,8
made,8
much,7
than,7
life,7
them,7
two,7
him,7
fanny,7
when,6
such,6
evelyn,6
me,6
before,6
there,6
queen,6
george,6
had,6
victoria,6
manuscript,5
about,5
were,5
editor,5
read,5
edward,5
too,5
years,5
will,5
what,5
up,5
their,5
all,5
entries,5
century,5
being,5
review,5
last,5
little,5
reader,4
john,4
must,4
every,4
almost,4
arthur,4
writing,4
intimate,4
ever,4
each,4
introduction,4
under,4
even,4
diarists,4
king,4
hand,4
many,4
vi,4
author,4
great,4
never,4
making,4
record,4
make,4
into,3
wished,3
upon,3
novelist,3
year,3
may,3
mention,3
complete,3
wordsworth,3
list,3
take,3
called,3
over,3
work,3
follow,3
time,3
draper,3
my,3
eliot,3
through,3
brief,3
publication,3
henry,3
lord,3
byron,3
quite,3
otherwise,3
some,3
like,3
we,3
manner,3
after,3
men,3
extracts,3
known,3
entry,3
however,3
mary,3
british,3
own,3
whom,3
johnson,3
again,3
attention,3
less,3
women,3
boy,3
letters,3
samuel,3
continued,3
new,3
person,3
day,3
during,3
vast,3
london,2
written,2
death,2
royalty,2
came,2
bishop,2
can,2
young,2
youthful,2
counter,2
ran,2
handwriting,2
dorothy,2
better,2
omission,2
joan,2
hewlett,2
girl,2
albert,2
few,2
sick,2
although,2
th,2
said,2
kind,2
none,2
evelina,2
happy,2
end,2
moment,2
dairy,2
volume,2
document,2
sort,2
greatly,2
case,2
house,2
did,2
court,2
constantly,2
portraits,2
gold,2
egoism,2
quiet,2
method,2
its,2
figure,2
road,2
loath,2
especially,2
large,2
meant,2
why,2
same,2
should,2
different,2
indeed,2
course,2
self,2
gardens,2
fair,2
brilliant,2
first,2
art,2
pleasure,2
well,2
where,2
dr,2
novel,2
went,2
field,2
diarist,2
yet,2
whole,2
interesting,2
o,2
living,2
literary,2
part,2
noble,2
states,2
now,2
records,2
gentle,2
custom,2
pages,2
besides,2
company,2
nothing,2
preachers,2
haydon,2
monarchs,2
covers,2
alive,2
clear,2
fundamentally,2
p,2
modest,2
evidence,2
give,2
any,2
general,2
among,2
print,2
gordon,2
ground,2
notable,2
historian,2
egoist,2
could,2
hope,2
else,2
linen,2
sir,2
mr,2
period,2
wesley,2
ruled,2
twentieth,2
museum,2
vanity,2
apart,2
fielding,2
h,2
public,2
announced,1
requires,1
ethical,1
ill,1
lack,1
qualification,1
judgment,1
performance,1
omitted,1
considers,1
right,1
given,1
question,1
kindness,1
space,1
egotistical,1
preacher,1
preached,1
draw,1
aside,1
curtains,1
lives,1
expected,1
scrap,1
claim,1
favored,1
baby,1
dream,1
wrote,1
paraded,1
writes,1
quotation,1
miss,1
shot,1
midst,1
wife,1
shelley,1
forgotten,1
adoration,1
volumes,1
published,1
lexicographer,1
authoress,1
paintings,1
repaid,1
affection,1
reciprocal,1
feeling,1
blinded,1
observant,1
eyes,1
seven,1
amounted,1
high,1
regarded,1
impression,1
precocious,1
honor,1
denied,1
raises,1
took,1
reference,1
dragged,1
fortunately,1
pathos,1
obliterated,1
full,1
reviled,1
surely,1
filled,1
likewise,1
tragedy,1
withstood,1
thought,1
essay,1
close,1
alone,1
bernard,1
war,1
killed,1
minutes,1
officers,1
aware,1
reads,1
come,1
here,1
consent,1
marry,1
embraced,1
affectionate,1
told,1
unworthy,1
sent,1
recorded,1
maid,1
proposal,1
provides,1
contribution,1
ti,1
valuable,1
highly,1
regnant,1
obliged,1
marriage,1
offer,1
cousin,1
texts,1
dare,1
phase,1
page,1
simple,1
account,1
forty,1
mil,1
dir,1
seemed,1
history,1
manning,1
cardinal,1
dated,1
windham,1
kent,1
burned,1
stout,1
christ,1
incarnate,1
virgin,1
william,1
condemned,1
conversion,1
april,1
gladstone,1
ely,1
persuade,1
screen,1
projects,1
really,1
way,1
journals,1
felt,1
chosen,1
prior,1
happiest,1
prominent,1
macaulay,1
let,1
contrast,1
these,1
get,1
fairly,1
accurate,1
idea,1
scope,1
startling,1
admiral,1
tall,1
strange,1
stoops,1
rider,1
largely,1
appear,1
regarding,1
mounted,1
references,1
lewis,1
newport,1
oversight,1
proofreader,1
dour,1
chance,1
dispute,1
la,1
warm,1
amusing,1
enters,1
militant,1
religion,1
restricted,1
sense,1
keeps,1
town,1
associated,1
convert,1
speaks,1
heart,1
viewing,1
wickedness,1
consideration,1
jocularity,1
entertaining,1
reading,1
flavor,1
stranger,1
show,1
endeavoring,1
illustrious,1
successor,1
northampton,1
incarnation,1
makes,1
terribly,1
back,1
remarkable,1
reviewer,1
courage,1
whose,1
wit,1
teeth,1
spite,1
suffering,1
fetch,1
entitled,1
dives,1
sailor,1
appreciate,1
saved,1
humor,1
near,1
overboard,1
falls,1
stop,1
shows,1
log,1
somewhere,1
david,1
forbidding,1
linger,1
daniel,1
appears,1
then,1
months,1
impossibility,1
tom,1
jones,1
manifest,1
dying,1
dropsy,1
undertook,1
voyage,1
library,1
lisbon,1
uniqueness,1
fill,1
terms,1
artist,1
down,1
feet,1
lamb,1
keats,1
friend,1
arc,1
short,1
perpetual,1
motion,1
attendance,1
dress,1
consider,1
times,1
found,1
mirror,1
holding,1
put,1
best,1
sawing,1
see,1
agitation,1
body,1
pistol,1
bent,1
firing,1
double,1
mouth,1
just,1
opening,1
shutting,1
suicide,1
chewing,1
cat,1
twirling,1
committed,1
fingers,1
finally,1
twisting,1
hands,1
comes,1
engaged,1
dine,1
stockings,1
second,1
keeper,1
robes,1
charlotte,1
five,1
sovereign,1
minutely,1
always,1
pictures,1
sprightly,1
doings,1
since,1
touching,1
word,1
painter,1
int,1
call,1
became,1
charles,1
relentless,1
loyal,1
out,1
pathetic,1
common,1
reached,1
block,1
wig,1
snuff,1
colored,1
coat,1
buttons,1
until,1
ruffles,1
shirt,1
doughty,1
fists,1
black,1
worsted,1
touch,1
furnished,1
particular,1
strangely,1
observations,1
value,1
temperance,1
liquor,1
drank,1
got,1
head,1
metamorphosed,1
dull,1
stupid,1
m,1
guilty,1
three,1
unfortunate,1
omissions,1
late,1
maurice,1
mercury,1
perhaps,1
eminent,1
shrewd,1
penned,1
tradesman,1
begun,1
credit,1
initial,1
assemblage,1
unknown,1
soldiers,1
spinsters,1
occupy,1
becomes,1
others,1
far,1
assistant,1
lost,1
fame,1
name,1
survives,1
institution,1
housed,1
precious,1
chronicle,1
critic,1
ann,1
clifford,1
dead,1
offending,1
refrains,1
printing,1
passages,1
scholarly,1
abound,1
consequence,1
loses,1
piquancy,1
possessed,1
left,1
enough,1
inward,1
provide,1
mine,1
material,1
psychologist,1
gallery,1
diversified,1
fear,1
spare,1
swift,1
desire,1
sister,1
reasons,1
charge,1
anthologist,1
task,1
sin,1
commission,1
appallingly,1
bow,1
undertaken,1
knows,1
broken,1
editors,1
collections,1
nearly,1
ci,1
do,1
authoritative,1
either,1
go,1
diligent,1
propose,1
hardly,1
persistently,1
blinked,1
fact,1
tried,1
divert,1
primroses,1
sunsets,1
fool,1
woman,1
culpable,1
names,1
objects,1
indictment,1
collected,1
baa,1
supplied,1
leisure,1
moments,1
member,1
parliament,1
poets,1
playwrights,1
accordingly,1
themselves,1
survey,1
expanse,1
percy,1
hutchison,1
sixteenth,1
mp,1
york,1
popular,1
illusion,1
generation,1
pains,1
keep,1
animal,1
novelists,1
along,1
modesty,1
skin,1
deep,1
governed,1
collector,1
anthology,1
amazing,1
shorthand,1
cipher,1
elucidated,1
destroyed,1
indicate,1
everything,1
within,1
compilation,1
obviously,1
long,1
interest,1
scholars,1
useful,1
sources,1
biographer,1
appeared,1
casual,1
familiar,1
subject,1
offhand,1
ardent,1
revelations,1
exhibition,1
leniency,1
assembled,1
placed,1
title,1
prints,1
copious,1
between,1
kins,1
present,1
used,1
ink,1
paper,1
innermost,1
thoughts,1
doing,1
world,1
know,1
rankest,1
offender,1
receive,1
pageant,1
ermine,1
silks,1
likely,1
home,1
decided,1
stand,1
religious,1
matters,1
vitally,1
affecting,1
realm,1
granting,1
wat,1
braid,1
eye,1
councilors,1
rather,1
personal,1
ir,1
wise,1
comparable,1
four,1
centuries,1
rebellion,1
suppress,1
wars,1
foreign,1
beyond,1
doubt,1
difficult,1
believe,1
tone,1
soma,1
criticism,1
outweigh,1
american,1
pretend,1
able,1
grasp,1
imaginatively,1
mental,1
reactions,1
suddenly,1
rule,1
country,1
carry,1
later,1
toe,1
extensive,1
mind,1
tin,1
sh,1
punctilious,1
seeing,1
neglect,1
past,1
board,1
dear,1
emerald,1
towed,1
plymouth,1
mama,1
hour,1
hot,1
mutton,1
chop,1
deck,1
considered,1
nice,1
meticulous,1
indicative,1
ass,1
wistful,1
ant,1
lived,1
daily,1
runs,1
vol,1
seems,1
stilted,1
precise,1
tutor,1
roger,1
brought,1
tutelage,1
though,1
naive,1
point,1
boredom,1
natural,1
often,1
rap,1
authentic,1
authorities,1
agrees,1
doubtless,1
inherent,1
reason,1
find,1
enjoyment,1
enhanced,1
abandoning,1
example,1
furnish,1
maximum,1
sequence,1
moreover,1
suffers,1
comparison,1
sharper,1
eyed,1
rival,1
true,1
moved,1
social,1
wisely,1
choice,1
view,1
system,1
mufti,1
sermon,1
satire,1
reminder,1
does,1
utterly,1
destroy,1
capacity,1
nobleness,1
adopted,1
chronological,1
ho,1
dozen,1
methods,1
virtues,1
appeal,1
evident,1
reject,1
group,1
spheres,1
talk,1
ago,1
conceits,1
fine,1
excellent,1
allowed,1
gusto,1
poems,1
pretty,1
epigrams,1
ana,1
say,1
visit,1
wonderfully,1
italian,1
chinese,1
curiosities,1
offices,1
accommodated,1
retirement,1
collection,1
died,1
think,1
good,1
event,1
play,1
sees,1
angle,1
covered,1
longer,1
comments,1
typical,1
fully,1
revelation,1
sketches,1
caustically,1
critical,1
plays,1
poetry,1
eulogizes,1
says,1
discourse,1
hath,1
pleasant,1
piece,1
date,1
