term,count
the,17
she,12
and,12
her,12
to,12
a,9
of,7
in,7
is,7
may,5
has,4
for,4
that,3
one,3
most,3
n,3
own,3
when,3
on,2
living,2
bring,2
his,2
haven,2
city,2
still,2
young,2
this,2
about,2
but,2
who,2
son,2
all,2
went,2
care,2
which,2
daughter,2
not,2
does,2
so,2
s,2
w,2
married,2
house,2
little,2
by,2
whom,2
listening,1
alter,1
servants,1
mrs,1
there,1
are,1
couple,1
many,1
sermons,1
takes,1
part,1
law,1
certain,1
encounter,1
chance,1
until,1
unhappy,1
altogether,1
children,1
conduct,1
up,1
bringing,1
way,1
nor,1
lady,1
from,1
somebody,1
tells,1
everything,1
efficacy,1
highly,1
successful,1
old,1
lover,1
now,1
reappears,1
leave,1
could,1
admirable,1
possibly,1
desire,1
including,1
motor,1
wonderful,1
engagement,1
king,1
egypt,1
swiftness,1
removed,1
rejoice,1
belief,1
always,1
evil,1
seems,1
appear,1
world,1
come,1
devoted,1
wrong,1
something,1
obnoxious,1
alters,1
beliefs,1
then,1
good,1
fortune,1
fairly,1
pours,1
upon,1
irish,1
cramped,1
working,1
unpromising,1
did,1
clever,1
loved,1
right,1
eon,1
i,1
however,1
white,1
extremely,1
gladys,1
happens,1
before,1
book,1
begins,1
story,1
man,1
dull,1
hard,1
reason,1
clare,1
illustrated,1
company,1
ca,1
line,1
laird,1
was,1
widow,1
with,1
adored,1
had,1
village,1
beauty,1
some,1
obscure,1
opens,1
desperately,1
poor,1
mortgage,1
him,1
do,1
fe,1
go,1
proceeding,1
strenuously,1
ho,1
fie,1
plainly,1
la,1
unwelcome,1
nora,1
those,1
warm,1
hearted,1
thing,1
only,1
decides,1
finds,1
beloved,1
homo,1
foreclosed,1
deeply,1
debt,1
grocer,1
herself,1
once,1
write,1
appealing,1
std,1
years,1
he,1
at,1
hearts,1
