term,count
the,119
of,69
in,41
to,35
and,26
a,25
it,19
that,19
is,15
which,12
france,12
s,12
for,11
has,11
he,10
french,10
dr,10
his,9
have,9
but,9
from,8
finley,8
with,7
i,7
this,7
her,7
she,7
america,7
first,7
heart,6
as,6
was,6
by,5
than,5
out,5
more,5
tribute,5
where,5
la,5
not,5
who,4
had,4
be,4
made,4
title,4
salle,4
old,4
on,4
seen,4
them,4
they,4
all,4
life,4
so,3
down,3
democracy,3
love,3
been,3
o,3
were,3
very,3
up,3
we,3
our,3
national,3
these,3
reader,3
at,3
well,3
those,3
most,3
versailles,3
no,3
valley,3
today,3
children,3
l,3
war,2
set,2
idealism,2
mother,2
same,2
earnest,2
adventurers,2
along,2
wide,2
merely,2
f,2
regions,2
pioneers,2
republic,2
ms,2
year,2
abundance,2
men,2
son,2
find,2
trees,2
could,2
know,2
de,2
letters,2
there,2
way,2
what,2
st,2
book,2
apollo,2
e,2
gone,2
one,2
can,2
must,2
week,2
always,2
you,2
states,2
united,2
ground,2
time,2
ha,2
its,2
ill,2
half,2
yet,2
best,2
academic,2
ear,2
supposed,2
lectures,2
every,1
grateful,1
speak,1
millions,1
township,1
ravine,1
are,1
instead,1
child,1
let,1
tried,1
since,1
human,1
simply,1
tomorrow,1
raining,1
never,1
say,1
permitted,1
came,1
answer,1
louisiana,1
settle,1
bitter,1
huguenots,1
allow,1
refusal,1
absurd,1
indignation,1
ne,1
setting,1
neither,1
q,1
white,1
acres,1
emotion,1
sincere,1
bit,1
delicate,1
utter,1
finally,1
wish,1
g,1
left,1
sense,1
vast,1
noblest,1
virtue,1
example,1
perpetual,1
agog,1
pioneer,1
d,1
sycophancy,1
even,1
combated,1
other,1
drunkenness,1
rent,1
seek,1
interest,1
luxury,1
softening,1
defined,1
nominal,1
wrote,1
true,1
cane,1
grave,1
me,1
searched,1
resources,1
good,1
land,1
feel,1
gr,1
disheartening,1
opinion,1
pleasure,1
hence,1
prepared,1
although,1
embrace,1
hope,1
lost,1
x,1
greatest,1
brakes,1
lily,1
ix,1
sonar,1
include,1
thu,1
po,1
two,1
effeminacy,1
support,1
greater,1
plans,1
future,1
continent,1
force,1
dominant,1
became,1
powerful,1
vital,1
frontier,1
fraternities,1
promise,1
problems,1
freedoms,1
gives,1
cloud,1
titanium,1
increase,1
tensile,1
strength,1
material,1
mere,1
something,1
background,1
part,1
developed,1
country,1
urban,1
production,1
day,1
steel,1
present,1
processes,1
practical,1
share,1
equalities,1
like,1
tar,1
exile,1
group,1
little,1
starved,1
chicago,1
away,1
nd,1
lr,1
venus,1
river,1
spirit,1
lived,1
halls,1
after,1
bed,1
through,1
gathered,1
statesmen,1
princes,1
gulf,1
mars,1
founded,1
arts,1
nourished,1
est,1
argument,1
nor,1
an,1
history,1
survey,1
sympathetic,1
city,1
risen,1
order,1
heretics,1
expelled,1
sea,1
moan,1
onion,1
field,1
wind,1
save,1
submission,1
seeking,1
foil,1
organ,1
owes,1
champlain,1
cartier,1
gallic,1
early,1
veins,1
rune,1
blood,1
english,1
seat,1
pulsing,1
bitterness,1
actual,1
puts,1
passionate,1
justified,1
counsel,1
hatred,1
any,1
carry,1
if,1
further,1
clung,1
stern,1
rock,1
bound,1
unconsciously,1
however,1
colonies,1
independence,1
certain,1
make,1
means,1
sympathy,1
directly,1
course,1
whom,1
george,1
borders,1
disciplines,1
leader,1
union,1
lessons,1
atlantic,1
tile,1
valorous,1
coast,1
go,1
days,1
possible,1
sons,1
consciousness,1
deepen,1
purpose,1
tuned,1
expressly,1
sorbonne,1
audiences,1
delivered,1
volume,1
comprise,1
scribner,1
tho,1
charles,1
york,1
new,1
john,1
concerned,1
vitally,1
points,1
people,1
eloquent,1
pays,1
bond,1
unwise,1
forgetting,1
or,1
advise,1
adds,1
connotation,1
geographical,1
purely,1
may,1
neutrality,1
enjoined,1
sake,1
reminds,1
meaning,1
deeper,1
informed,1
significance,1
heightened,1
thereby,1
gains,1
their,1
between,1
intervened,1
realizing,1
va,1
him,1
figure,1
scraping,1
records,1
diaries,1
emptied,1
fairly,1
forts,1
ruins,1
axes,1
mark,1
roots,1
dirt,1
gowns,1
water,1
black,1
traces,1
bois,1
trails,1
streams,1
thousand,1
hundred,1
foot,1
mississippi,1
mouth,1
content,1
result,1
brings,1
heroic,1
fearless,1
ruled,1
nothing,1
done,1
ell,1
v,1
deserved,1
such,1
prompts,1
admiration,1
h,1
r,1
lodged,1
adventurer,1
great,1
miserable,1
hoping,1
rue,1
wander,1
pure,1
near,1
paths,1
followed,1
grapple,1
west,1
considerably,1
historical,1
thesis,1
interesting,1
novel,1
off,1
constitution,1
owe,1
convention,1
grew,1
joining,1
lo,1
discussion,1
called,1
assembly,1
maryland,1
tuition,1
washington,1
laurel,1
do,1
backwoodsmen,1
virginia,1
altered,1
process,1
maintaining,1
face,1
lower,1
scotia,1
nova,1
settlements,1
rom,1
century,1
seventeenth,1
covered,1
over,1
painstakingly,1
indeed,1
labor,1
reproach,1
lasting,1
stand,1
nation,1
builders,1
ideals,1
ambitions,1
sensitiveness,1
enthusiasm,1
augment,1
