term,count
the,40
of,20
a,12
in,11
his,9
to,9
he,9
is,7
and,6
that,5
who,4
are,4
time,4
its,4
s,4
stephen,4
old,3
murderer,3
not,3
for,3
face,3
i,3
night,3
father,3
with,3
man,3
by,3
has,3
at,3
blood,2
never,2
as,2
only,2
which,2
left,2
love,2
south,2
was,2
or,2
hie,2
meets,2
one,2
tl,2
hand,2
fear,2
room,2
whom,2
ha,2
him,2
best,2
southern,2
reconstruction,2
story,2
n,2
their,2
m,2
general,1
character,1
depth,1
almost,1
g,1
ariel,1
dearth,1
ensues,1
pathos,1
visions,1
mellowed,1
hut,1
duel,1
young,1
unharmed,1
slain,1
nd,1
sees,1
aroused,1
frightful,1
all,1
been,1
subject,1
years,1
certain,1
hours,1
ad,1
happiness,1
sorrows,1
lie,1
deny,1
haunted,1
book,1
confronts,1
hill,1
on,1
flags,1
fatal,1
from,1
doe,1
avenge,1
h,1
gentleman,1
bye,1
dares,1
friends,1
reason,1
hardly,1
give,1
vary,1
et,1
but,1
her,1
person,1
quieting,1
effect,1
an,1
upon,1
delightful,1
lo,1
now,1
ilia,1
overwhelms,1
able,1
acquitted,1
visitor,1
death,1
even,1
feels,1
takes,1
place,1
vicksburg,1
horrible,1
witness,1
short,1
hen,1
crime,1
horror,1
del,1
shedding,1
human,1
own,1
before,1
hideous,1
up,1
reveals,1
life,1
cases,1
varnished,1
through,1
inability,1
owners,1
adapt,1
themselves,1
new,1
conditions,1
delightfully,1
o,1
drawn,1
stilt,1
good,1
natured,1
ever,1
faithful,1
mater,1
b,1
tragic,1
many,1
glory,1
ancient,1
plantations,1
novel,1
harris,1
dickson,1
seymour,1
stone,1
mo,1
pp,1
philadelphia,1
company,1
memories,1
days,1
following,1
period,1
vividly,1
recalled,1
this,1
splendidly,1
told,1
picture,1
incidents,1
valry,1
both,1
meet,1
later,1
son,1
rises,1
after,1
impulse,1
bat,1
make,1
victim,1
neither,1
take,1
perfect,1
innocence,1
very,1
hotel,1
sought,1
calmly,1
awaited,1
circling,1
events,1
more,1
would,1
hero,1
day,1
awful,1
impression,1
little,1
child,1
sight,1
cold,1
white,1
fa,1
troubles,1
th,1
lea,1
prosecuted,1
it,1
seemed,1
t,1
me,1
let,1
heart,1
eve,1
cheer,1
