term,count
the,152
of,131
a,70
to,69
is,55
and,52
in,46
his,34
it,31
that,30
as,25
be,24
s,24
or,23
not,19
for,19
i,18
we,17
he,16
at,16
who,15
one,14
has,14
are,13
by,13
its,11
with,11
there,11
do,10
but,10
which,10
on,10
l,9
have,9
him,9
may,9
all,9
than,9
an,9
dr,9
holmes,9
t,8
this,8
letters,8
so,8
more,7
been,7
even,7
work,6
can,6
long,6
verse,6
autocrat,6
our,6
only,6
man,6
some,6
writer,5
think,5
no,5
from,5
own,5
me,5
well,5
much,5
little,5
if,5
matter,5
yet,5
was,5
quite,5
ere,4
such,4
over,4
any,4
you,4
few,4
b,4
about,4
duke,4
written,4
them,4
seems,4
e,4
certain,4
though,4
o,4
nd,4
before,4
humor,4
these,4
would,4
her,4
poetry,3
known,3
r,3
into,3
v,3
death,3
made,3
worth,3
should,3
bibliographer,3
every,3
write,3
ires,3
letter,3
she,3
things,3
found,3
always,3
hardly,3
later,3
far,3
prose,3
once,3
thousands,3
art,3
better,3
will,3
re,3
under,3
had,3
present,3
very,3
years,3
pope,3
while,3
first,3
likely,3
what,3
fact,3
after,3
out,3
doctor,3
really,3
tile,3
great,3
certainly,3
rather,3
world,3
new,3
respect,3
among,3
goldsmith,3
lived,2
printed,2
they,2
bibliography,2
n,2
wish,2
times,2
sort,2
fielding,2
poems,2
eminent,2
list,2
pages,2
scientific,2
audience,2
holding,2
till,2
story,2
get,2
reader,2
were,2
achieved,2
already,2
indeed,2
field,2
forgotten,2
kind,2
real,2
forms,2
counted,2
less,2
then,2
mr,2
george,2
w,2
names,2
without,2
dead,2
writing,2
college,2
needs,2
several,2
ts,2
too,2
come,2
my,2
boyhood,2
laboriously,2
time,2
between,2
breath,2
might,2
earliest,2
find,2
sorts,2
pepys,2
delightful,2
literary,2
day,2
published,2
book,2
account,2
lady,2
f,2
stolen,2
lists,2
tree,2
men,2
must,2
sometimes,2
ho,2
ll,2
co,2
ne,2
love,2
other,2
order,2
injustice,2
small,2
character,2
tom,2
thought,2
easily,2
poet,2
alone,2
touches,2
many,2
th,2
thinks,2
quaint,2
vein,2
nurse,2
memory,2
business,2
y,2
upon,2
grand,2
perspective,2
humorist,2
humorists,2
able,2
u,2
modern,2
public,2
table,2
half,2
seem,2
strangers,2
himself,2
ahmed,2
hero,2
perhaps,2
concerned,2
enough,2
personality,2
thing,2
occasion,2
weakness,1
stole,1
apropos,1
cast,1
rosy,1
whose,1
theft,1
thief,1
brought,1
c,1
contain,1
darling,1
fingers,1
decent,1
high,1
gruesome,1
erie,1
continued,1
door,1
came,1
woes,1
les,1
sin,1
woman,1
itself,1
widely,1
al,1
ewe,1
spa,1
grounds,1
brief,1
glove,1
dinner,1
assuming,1
impressive,1
gives,1
lie,1
ir,1
emphasize,1
dy,1
birthday,1
noted,1
drags,1
suggestions,1
aspires,1
ar,1
reluctant,1
hitherto,1
short,1
wastes,1
eal,1
house,1
ways,1
console,1
fruit,1
finding,1
gait,1
fascinated,1
parts,1
makes,1
attire,1
dream,1
obviously,1
eve,1
adam,1
wherein,1
z,1
grew,1
net,1
best,1
lay,1
plausible,1
sense,1
here,1
indistinguishable,1
glance,1
occasional,1
foot,1
elements,1
two,1
broad,1
pure,1
wing,1
tinsel,1
inspired,1
minor,1
succeeding,1
skillful,1
admiring,1
domestic,1
crow,1
assure,1
ought,1
knack,1
turning,1
imagination,1
circumstance,1
incident,1
printing,1
mn,1
acre,1
golden,1
fabric,1
ce,1
sent,1
example,1
quotable,1
clever,1
brevity,1
tribute,1
album,1
ills,1
sentimentalism,1
apple,1
strong,1
easy,1
sentimental,1
rose,1
off,1
j,1
ba,1
moment,1
glittering,1
el,1
preserved,1
masterpiece,1
chambered,1
ow,1
end,1
speciousness,1
admired,1
influence,1
instances,1
happiness,1
said,1
dash,1
verses,1
select,1
ls,1
trial,1
ber,1
past,1
quarter,1
suck,1
finish,1
lade,1
confidence,1
utmost,1
changeling,1
recovery,1
german,1
hie,1
ru,1
prince,1
combination,1
ton,1
because,1
enables,1
loss,1
author,1
mind,1
walls,1
remarks,1
gerald,1
fiction,1
m,1
powers,1
ratio,1
holds,1
john,1
luce,1
es,1
rand,1
average,1
strains,1
killer,1
bedside,1
refinements,1
teller,1
condensation,1
third,1
mere,1
thriller,1
countess,1
slid,1
exotic,1
horror,1
thus,1
fortress,1
interested,1
bes,1
russian,1
composure,1
dancer,1
st,1
likewise,1
almost,1
wipe,1
prison,1
evil,1
like,1
frightfully,1
marvelously,1
burned,1
employed,1
charity,1
actress,1
vienna,1
theo,1
scientifically,1
sight,1
else,1
girl,1
good,1
unspeakably,1
treacherous,1
clea,1
oven,1
retain,1
hurts,1
readers,1
physical,1
country,1
q,1
pupil,1
ian,1
surgeon,1
la,1
city,1
fie,1
nice,1
red,1
entitled,1
life,1
addressed,1
vague,1
done,1
ly,1
put,1
method,1
dies,1
puts,1
dot,1
stiff,1
souls,1
learn,1
never,1
called,1
unties,1
doubt,1
could,1
lin,1
record,1
existence,1
clear,1
lid,1
bare,1
alms,1
madly,1
facts,1
subjects,1
asked,1
liter,1
criticism,1
did,1
details,1
freely,1
minutely,1
pretty,1
dwells,1
verisimilitude,1
frittered,1
away,1
answering,1
idle,1
inconsiderate,1
lost,1
friends,1
loathe,1
look,1
appeal,1
talked,1
comply,1
pride,1
whenever,1
oar,1
cyrus,1
murderess,1
pardon,1
most,1
wife,1
k,1
allow,1
plaything,1
fa,1
h,1
mas,1
april,1
east,1
west,1
articles,1
novelty,1
ty,1
plot,1
merely,1
tobacco,1
conscience,1
twinges,1
vet,1
suppose,1
bud,1
old,1
ole,1
fee,1
tb,1
mi,1
cease,1
lr,1
how,1
contemporary,1
lug,1
knot,1
favorite,1
dishes,1
favor,1
opinion,1
ella,1
tired,1
volume,1
fifty,1
tight,1
achievement,1
finest,1
america,1
produced,1
american,1
possible,1
exception,1
foremost,1
rank,1
eminence,1
commonly,1
others,1
rare,1
ms,1
uncommon,1
family,1
sydney,1
smiths,1
count,1
race,1
ten,1
us,1
blind,1
recalling,1
laureate,1
snugly,1
ensconced,1
sunny,1
street,1
held,1
sifted,1
tempted,1
forth,1
your,1
beets,1
way,1
gay,1
friendly,1
approachable,1
why,1
cherish,1
affectionately,1
ourselves,1
suggest,1
fond,1
belongs,1
centuries,1
outnumber,1
omitted,1
careful,1
piece,1
absolute,1
completeness,1
claimed,1
data,1
confident,1
nothing,1
importance,1
numerous,1
glad,1
fugitive,1
bits,1
doubtless,1
remain,1
captured,1
future,1
since,1
inevitable,1
trivialities,1
writings,1
collector,1
score,1
bf,1
above,1
group,1
stand,1
rabelais,1
shakespeare,1
thrones,1
folly,1
claim,1
principalities,1
humorous,1
circle,1
mean,1
funny,1
nigh,1
supreme,1
apparently,1
hawthorne,1
doubted,1
persons,1
esoteric,1
boston,1
right,1
brace,1
companionable,1
habit,1
reason,1
theorist,1
laughed,1
asserted,1
stands,1
lowest,1
categories,1
greatness,1
attitude,1
toward,1
class,1
writers,1
based,1
feeling,1
ready,1
yield,1
gibbon,1
johnson,1
altogether,1
elicit,1
according,1
hoarded,1
classify,1
books,1
study,1
sided,1
revealed,1
various,1
literature,1
ives,1
york,1
saturday,1
review,1
ironies,1
posterity,1
fame,1
quality,1
often,1
unaffected,1
magnitude,1
ludicrously,1
simple,1
minded,1
matters,1
rise,1
fall,1
greater,1
kindly,1
moralist,1
endure,1
go,1
dully,1
reward,1
pains,1
skill,1
condescending,1
back,1
patronage,1
deserves,1
poor,1
dear,1
charles,1
lamb,1
genial,1
naughty,1
harry,1
pleasant,1
whimsical,1
name,1
poets,1
hook,1
higher,1
jones,1
prefers,1
vicar,1
wakefield,1
esteem,1
face,1
hypocritically,1
disposed,1
give,1
place,1
useful,1
bored,1
generations,1
thoroughly,1
excuse,1
utility,1
plead,1
believe,1
historians,1
moralists,1
ex,1
en,1
sins,1
lit,1
obvious,1
generation,1
confess,1
formal,1
mediocre,1
stuff,1
campbell,1
companions,1
models,1
aye,1
harnessing,1
heroic,1
couplet,1
metrical,1
essay,1
read,1
fifteen,1
graduation,1
phi,1
beta,1
society,1
appealing,1
jess,1
poetic,1
single,1
poem,1
relative,1
items,1
course,1
essentially,1
guide,1
ninety,1
odd,1
alphabetical,1
titles,1
preservation,1
possesses,1
interest,1
another,1
eye,1
glancing,1
caught,1
fragments,1
collected,1
worthy,1
papal,1
rigidity,1
measure,1
warmed,1
threw,1
leaf,1
lib,1
celestial,1
hue,1
fable,1
dress,1
genius,1
poured,1
shapes,1
iris,1
adored,1
admire,1
please,1
being,1
repress,1
smile,1
spectacle,1
ste,1
abroad,1
muses,1
know,1
invariable,1
chisel,1
balance,1
phrase,1
trimness,1
bred,1
round,1
muse,1
robe,1
thrown,1
lives,1
sculptor,1
beauty,1
lifeless,1
stone,1
mock,1
living,1
painter,1
bade,1
canvas,1
glow,1
line,1
circumstances,1
information,1
edited,1
rescuing,1
paper,1
flotillas,1
misshapen,1
derelicts,1
maturity,1
dreariest,1
part,1
task,1
duty,1
assorting,1
burn,1
authentic,1
fragment,1
residuary,1
tastier,1
however,1
flat,1
dull,1
decayed,1
conscientious,1
flame,1
bricks,1
saying,1
salvage,1
compiled,1
scones,1
ed,1
rt,1
added,1
io,1
personnel,1
longshoreman,1
busy,1
letting,1
sink,1
scrap,1
flotsam,1
escape,1
traced,1
famous,1
source,1
official,1
trusted,1
hopeless,1
workman,1
unfortunately,1
wendell,1
series,1
effusions,1
riot,1
performed,1
spirit,1
critically,1
undiscriminating,1
diligence,1
guilty,1
means,1
bulk,1
contained,1
detail,1
accessible,1
points,1
six,1
four,1
relating,1
given,1
title,1
oliver,1
those,1
understood,1
purposes,1
talent,1
least,1
possibility,1
identifying,1
original,1
works,1
next,1
quotes,1
assertion,1
vestige,1
take,1
silk,1
apart,1
bi,1
does,1
regret,1
succeeded,1
unearthing,1
annual,1
bound,1
green,1
horrible,1
