term,count
the,19
of,16
and,8
a,7
fan,5
as,4
that,4
is,4
his,4
fergus,3
mandarin,3
she,3
to,3
all,2
in,2
it,2
record,2
lo,2
cause,2
her,2
plot,2
hero,2
story,2
from,2
an,2
hume,2
tale,2
can,2
s,2
such,2
jade,2
by,2
enamel,2
than,2
miss,1
noble,1
proud,1
vulgar,1
estate,1
rupert,1
up,1
give,1
nor,1
villain,1
likes,1
clarence,1
niece,1
not,1
will,1
year,1
ha,1
bribe,1
paltry,1
this,1
disdains,1
leave,1
wharf,1
olivia,1
marry,1
eat,1
sneaking,1
bearing,1
or,1
no,1
takes,1
efforts,1
host,1
io,1
personal,1
god,1
ho,1
horde,1
coolies,1
t,1
r,1
ward,1
punish,1
tangle,1
rogue,1
secure,1
more,1
companion,1
ls,1
commonly,1
stigmatized,1
pussy,1
lady,1
ready,1
only,1
crawl,1
death,1
any,1
every,1
one,1
if,1
very,1
thrilling,1
old,1
hidden,1
feature,1
point,1
view,1
enemy,1
hop,1
sing,1
under,1
aggressive,1
was,1
secret,1
place,1
where,1
poor,1
had,1
valuable,1
most,1
depending,1
gold,1
with,1
hooped,1
amber,1
beads,1
sticks,1
beautiful,1
co,1
york,1
new,1
illustrated,1
xi,1
pp,1
mo,1
concealed,1
assorted,1
lot,1
overlook,1
victim,1
mis,1
drawing,1
character,1
better,1
us,1
has,1
custom,1
usual,1
contrary,1
really,1
engrossed,1
while,1
these,1
sure,1
documents,1
pretty,1
reader,1
though,1
links,1
weak,1
woefully,1
several,1
are,1
there,1
clever,1
leader,1
boxer,1
ex,1
showed,1
villains,1
