term,count
the,124
of,91
and,71
in,65
to,56
a,50
his,29
that,28
he,27
s,26
i,26
him,20
is,20
it,20
hay,17
with,17
was,16
lincoln,15
letters,14
are,14
on,13
this,13
but,13
be,12
as,12
at,11
for,11
have,10
we,10
from,9
one,8
life,8
all,8
not,8
so,8
ha,7
john,7
they,7
would,7
about,7
man,6
after,6
do,6
like,6
o,6
by,6
no,6
had,6
more,6
an,6
president,5
am,5
many,5
most,5
will,5
upon,5
both,5
part,5
or,5
us,5
house,5
secretary,5
get,4
tile,4
if,4
truth,4
may,4
white,4
law,4
too,4
you,4
d,4
my,4
been,4
volumes,4
now,4
later,4
has,4
once,4
through,4
two,4
r,4
who,4
thayer,4
mr,4
come,4
think,4
t,4
me,4
its,4
than,4
till,3
state,3
before,3
present,3
intimate,3
were,3
though,3
himself,3
only,3
sent,3
fun,3
m,3
did,3
diary,3
brother,3
such,3
army,3
still,3
days,3
porter,3
find,3
said,3
say,3
everything,3
great,3
tycoon,3
private,3
last,3
rather,3
over,3
their,3
little,3
without,3
into,3
good,3
alone,3
l,3
history,3
there,3
vivid,3
shirt,3
y,3
own,3
work,3
under,2
tone,2
simple,2
ho,2
correspondence,2
years,2
first,2
go,2
g,2
when,2
lived,2
roosevelt,2
saying,2
lon,2
colonel,2
tell,2
seems,2
those,2
left,2
chapters,2
story,2
night,2
came,2
wealth,2
receiving,2
ray,2
biographer,2
chapter,2
whose,2
write,2
war,2
relations,2
single,2
lie,2
hanging,2
never,2
biographies,2
occupied,2
day,2
even,2
moment,2
what,2
familiar,2
labored,2
literary,2
includes,2
journal,2
hut,2
volume,2
greatest,2
should,2
e,2
where,2
out,2
writing,2
important,2
up,2
during,2
troops,2
held,2
interest,2
w,2
jim,2
ought,2
used,2
short,2
among,2
well,2
collection,2
send,2
friends,2
also,2
times,2
nature,2
note,2
here,2
gilder,2
your,2
other,2
her,2
light,2
larger,2
reading,2
getting,2
written,2
these,2
every,2
year,2
high,2
made,2
few,2
went,2
journals,2
young,2
thus,2
injurious,2
drowned,1
sleepily,1
marvelous,1
journalism,1
strokes,1
oration,1
thousand,1
tribune,1
capture,1
soul,1
eli,1
cats,1
very,1
napoleon,1
portrait,1
pest,1
sentences,1
joined,1
ghosts,1
music,1
dropped,1
lying,1
return,1
home,1
running,1
new,1
j,1
york,1
old,1
dirty,1
sang,1
servants,1
anybody,1
ignoble,1
nights,1
stealthy,1
box,1
carried,1
furtive,1
hefty,1
flirtation,1
girls,1
watchful,1
files,1
ford,1
kin,1
assassination,1
south,1
malting,1
memorable,1
thence,1
contemporaries,1
vienna,1
devoted,1
transferred,1
epoch,1
richest,1
spite,1
niagara,1
paris,1
help,1
horace,1
greeley,1
wild,1
goose,1
chase,1
peace,1
filled,1
commissioners,1
again,1
florida,1
unionist,1
signatures,1
career,1
political,1
arid,1
weeks,1
legation,1
hospital,1
smallpox,1
bore,1
jocular,1
windows,1
piano,1
playing,1
shall,1
whether,1
appointment,1
off,1
ague,1
enrich,1
biographical,1
owe,1
back,1
wholly,1
haunted,1
fruit,1
dear,1
sudden,1
non,1
spasm,1
early,1
any,1
people,1
requesting,1
favors,1
stanton,1
make,1
tour,1
wherever,1
buttons,1
deal,1
staff,1
shot,1
careful,1
dozen,1
reports,1
stonewall,1
jackson,1
howling,1
crank,1
folly,1
afraid,1
near,1
fall,1
sentiment,1
writ,1
everlasting,1
angels,1
know,1
judge,1
care,1
twang,1
equity,1
lee,1
side,1
horrified,1
fair,1
while,1
destroying,1
business,1
magnificent,1
soldier,1
potomac,1
ruined,1
consider,1
condemning,1
believe,1
guilty,1
need,1
further,1
dispassionately,1
word,1
invective,1
glider,1
evidently,1
harps,1
exception,1
begun,1
administration,1
kind,1
found,1
papers,1
german,1
menace,1
spanish,1
gave,1
justice,1
secretarial,1
period,1
space,1
available,1
means,1
lacking,1
seldom,1
does,1
ons,1
largo,1
readable,1
hint,1
action,1
men,1
th,1
adam,1
closest,1
friend,1
valuable,1
several,1
charming,1
lively,1
shows,1
cordial,1
between,1
took,1
dynamic,1
solution,1
panama,1
fro,1
scouts,1
rumor,1
felt,1
au,1
seem,1
utmost,1
landing,1
worry,1
fell,1
love,1
clara,1
stone,1
cleveland,1
wrote,1
advising,1
same,1
predicament,1
remarking,1
died,1
hal,1
concert,1
coin,1
marriage,1
happy,1
br,1
children,1
soon,1
age,1
view,1
harrison,1
point,1
breezy,1
scattered,1
generously,1
remainder,1
suffering,1
job,1
editor,1
explaining,1
could,1
walk,1
stand,1
sit,1
special,1
grace,1
able,1
stomach,1
adding,1
subject,1
treated,1
retired,1
newspaper,1
devote,1
purely,1
throws,1
methods,1
indeed,1
frank,1
wisdom,1
publication,1
questioned,1
reads,1
follows,1
toward,1
matter,1
toiled,1
ten,1
mutinous,1
imbecility,1
done,1
perfectly,1
courteous,1
manner,1
interesting,1
themselves,1
addressed,1
tears,1
pursuits,1
gives,1
phase,1
omitting,1
fib,1
bored,1
author,1
humorous,1
bread,1
rights,1
winners,1
authorship,1
confessed,1
patiently,1
fifteen,1
monumental,1
century,1
serial,1
profane,1
energy,1
sacred,1
b,1
william,1
ambassador,1
britain,1
iris,1
brimming,1
youth,1
spent,1
charge,1
heavy,1
official,1
warn,1
general,1
utility,1
doing,1
informal,1
callers,1
escorting,1
nation,1
roscoe,1
terms,1
office,1
favor,1
however,1
earliest,1
layers,1
chance,1
study,1
milton,1
next,1
four,1
door,1
se,1
rare,1
experience,1
going,1
live,1
heme,1
amusing,1
boys,1
rainy,1
authority,1
bu,1
di,1
foreign,1
planning,1
reconstruction,1
union,1
knew,1
rules,1
seen,1
cabinet,1
portent,1
thing,1
decides,1
statesman,1
growing,1
convinced,1
serene,1
rarely,1
busy,1
future,1
keep,1
gideon,1
treasure,1
trove,1
bit,1
companionship,1
p,1
authors,1
started,1
slow,1
gr,1
loved,1
dabbed,1
battle,1
fine,1
whack,1
erl,1
modest,1
intellect,1
compensation,1
slender,1
thread,1
bused,1
memorial,1
published,1
privately,1
shortly,1
trials,1
jottings,1
much,1
store,1
f,1
amid,1
handled,1
them,1
throughout,1
together,1
edited,1
judgment,1
anew,1
sparkling,1
turn,1
delightful,1
wit,1
spirits,1
admirable,1
cavour,1
take,1
formal,1
place,1
challenge,1
foremost,1
books,1
class,1
impresses,1
remark,1
taste,1
order,1
flashing,1
american,1
field,1
politics,1
diplomacy,1
europe,1
company,1
nothing,1
boston,1
hear,1
learned,1
close,1
hie,1
blessed,1
illustrated,1
succeeds,1
cornea,1
contact,1
spring,1
island,1
desire,1
intimacy,1
led,1
salt,1
public,1
watson,1
some,1
scenes,1
surprising,1
playfully,1
educated,1
called,1
richard,1
te,1
born,1
indiana,1
brought,1
illinois,1
country,1
kept,1
circumstances,1
tills,1
cool,1
unselfish,1
banks,1
ability,1
largely,1
yes,1
says,1
scoundrel,1
ever,1
infinite,1
mercy,1
providence,1
fool,1
bubbles,1
forth,1
spontaneously,1
often,1
sound,1
grant,1
vacillating,1
following,1
share,1
pour,1
queer,1
april,1
another,1
typical,1
glimpse,1
entry,1
timid,1
today,1
thought,1
buffer,1
khan,1
power,1
sketches,1
dangerous,1
hits,1
foibles,1
best,1
articles,1
yourself,1
town,1
dismal,1
defaced,1
tombstone,1
gone,1
apathetic,1
chronicle,1
away,1
which,1
extracts,1
dirt,1
publishes,1
dreary,1
remains,1
similar,1
hurry,1
half,1
reid,1
playful,1
theodore,1
bright,1
darts,1
always,1
malice,1
freely,1
turned,1
notes,1
hours,1
frequently,1
gems,1
badinage,1
instance,1
along,1
pretty,1
twenty,1
americans,1
bonhomie,1
yet,1
unawares,1
significance,1
gettysburg,1
bad,1
mid,1
agony,1
voice,1
ne,1
down,1
ed,1
bring,1
tho,1
heard,1
exclaim,1
why,1
unconventional,1
ways,1
deep,1
ml,1
tl,1
startling,1
re,1
count,1
wis,1
gentle,1
firm,1
talk,1
recorded,1
laud,1
occasions,1
gets,1
homely,1
pithy,1
furnishes,1
recent,1
flashlight,1
historical,1
told,1
enemy,1
hour,1
book,1
tall,1
feathers,1
enormous,1
ostrich,1
infinitely,1
funnier,1
anything,1
vast,1
long,1
deeply,1
anxious,1
fate,1
world,1
plans,1
events,1
passing,1
legs,1
sidelights,1
our,1
midnight,1
pursuit,1
complimented,1
amount,1
underpinning,1
weighed,1
pounds,1
true,1
hod,1
conscious,1
works,1
hand,1
show,1
caricature,1
unfortunate,1
seemingly,1
utterly,1
h,1
