term,count
the,25
to,15
and,10
of,9
a,8
in,7
is,7
it,6
s,5
for,5
jean,4
on,4
story,4
that,4
forest,4
with,4
south,3
geese,3
fly,3
author,3
almost,2
but,2
godson,2
who,2
redwood,2
fair,2
down,2
miles,2
continued,2
her,2
uncle,2
as,2
or,2
reader,2
page,2
title,2
up,2
by,2
everybody,1
pleasure,1
goose,1
any,1
faith,1
raise,1
lt,1
stunt,1
obvious,1
too,1
becomes,1
soon,1
method,1
characters,1
grotesque,1
w,1
traffic,1
reality,1
may,1
introduction,1
continual,1
from,1
inspire,1
beacon,1
suspense,1
entirely,1
depends,1
o,1
would,1
flesh,1
i,1
sweet,1
periods,1
avenue,1
dash,1
policemen,1
perhaps,1
auto,1
attempted,1
an,1
like,1
only,1
l,1
obtained,1
add,1
although,1
finally,1
frequently,1
point,1
view,1
effect,1
unfortunately,1
bur,1
paragraphs,1
sentences,1
swift,1
short,1
device,1
led,1
has,1
speeding,1
need,1
triumphs,1
win,1
influence,1
jeana,1
try,1
pun,1
one,1
words,1
when,1
opens,1
had,1
which,1
left,1
lands,1
will,1
carried,1
codicil,1
so,1
tempted,1
malicious,1
degree,1
such,1
sentimentality,1
rests,1
however,1
happens,1
book,1
finer,1
backed,1
be,1
good,1
sufficiently,1
co,1
city,1
mary,1
dear,1
uncles,1
aunts,1
loves,1
distance,1
this,1
at,1
even,1
tho,1
difficult,1
not,1
mills,1
feed,1
cut,1
foul,1
means,1
wishes,1
trees,1
said,1
fiction,1
balder,1
peter,1
contact,1
comes,1
there,1
goes,1
lodge,1
months,1
three,1
live,1
favorite,1
marry,1
find,1
asking,1
reading,1
