term,count
the,117
of,94
and,80
to,62
a,46
in,37
that,35
be,33
it,30
poetry,29
or,29
as,28
he,28
is,27
for,27
not,21
his,19
more,17
have,17
been,16
i,16
an,15
by,15
will,14
but,14
their,13
from,13
new,12
at,11
its,11
has,11
all,11
with,11
mr,10
on,10
some,10
are,10
they,10
would,10
no,10
such,9
great,9
which,9
so,8
than,8
art,8
was,8
poets,8
may,8
poet,7
into,7
might,7
verse,7
l,7
forms,7
this,7
though,6
well,6
our,6
other,6
what,6
much,6
s,6
life,6
technique,6
there,6
most,6
old,6
who,6
one,6
any,5
even,5
inspired,5
how,5
thai,5
if,5
t,5
we,5
too,5
can,5
still,5
fact,5
trevelyan,5
matter,5
english,5
need,5
often,5
only,5
poetical,4
traditional,4
metrical,4
manner,4
poetic,4
contemporary,4
present,4
apollo,4
never,4
yet,4
however,4
little,4
were,4
first,4
material,4
did,4
work,4
says,4
them,4
e,3
future,3
him,3
both,3
being,3
always,3
when,3
past,3
find,3
generation,3
wordsworth,3
music,3
obscurity,3
indeed,3
ever,3
virgil,3
popular,3
modern,3
himself,3
nor,3
study,3
borders,3
case,3
must,3
had,3
why,3
out,3
whom,3
neither,3
greek,3
thrace,3
instrument,3
best,3
having,3
events,2
many,2
later,2
lyrical,2
could,2
attention,2
inspiration,2
say,2
form,2
horse,2
fat,2
continued,2
imaginative,2
originality,2
become,2
exquisite,2
according,2
becoming,2
every,2
rhyme,2
homer,2
ago,2
mankind,2
large,2
big,2
necessary,2
idea,2
born,2
likely,2
stanza,2
those,2
theme,2
restricted,2
remains,2
seem,2
knowledge,2
should,2
religion,2
just,2
seems,2
mold,2
longer,2
complicated,2
j,2
these,2
sonnet,2
time,2
method,2
certain,2
far,2
possible,2
take,2
v,2
trouble,2
itself,2
hi,2
world,2
intellectual,2
effective,2
shelley,2
prosody,2
important,2
artistic,2
range,2
whatever,2
led,2
us,2
richard,2
alive,2
recalled,2
true,2
r,2
le,2
vices,2
few,2
impulse,2
discovered,2
come,2
story,2
rhetoric,2
discarded,2
remain,2
children,2
do,2
io,2
then,2
fear,2
here,2
think,2
against,2
flute,2
down,2
themselves,2
argument,2
subtlety,1
conscious,1
quantity,1
dislike,1
paid,1
blank,1
gain,1
men,1
sure,1
suspicion,1
shy,1
public,1
oxen,1
ls,1
european,1
development,1
instance,1
although,1
doubt,1
purely,1
quantitative,1
force,1
exotic,1
curiosity,1
feel,1
somewhat,1
prevalent,1
sorts,1
structures,1
doctrine,1
grown,1
build,1
up,1
elaborate,1
varied,1
until,1
remarkable,1
possibilities,1
very,1
anything,1
achieve,1
attempted,1
result,1
genuinely,1
free,1
prejudice,1
make,1
widely,1
syllables,1
structure,1
now,1
leas,1
explored,1
necessarily,1
dispensed,1
together,1
stress,1
indicate,1
govern,1
internal,1
rhythm,1
careful,1
length,1
shortness,1
begin,1
charm,1
aeschylus,1
extending,1
swinburne,1
shows,1
startling,1
impaired,1
whether,1
reader,1
spired,1
employment,1
view,1
above,1
stated,1
holding,1
experiments,1
innovations,1
leave,1
isms,1
slipshod,1
willful,1
fragment,1
write,1
poems,1
your,1
ar,1
perfect,1
de,1
friend,1
gained,1
browning,1
meredith,1
astray,1
plain,1
lost,1
mountain,1
means,1
expression,1
drive,1
bobbed,1
admiring,1
illustrate,1
contrary,1
learned,1
experimentation,1
resulted,1
discoveries,1
prose,1
grasp,1
produced,1
living,1
racine,1
enough,1
things,1
milton,1
none,1
yields,1
refinement,1
admirable,1
precisely,1
called,1
put,1
comment,1
cart,1
before,1
robert,1
reviewer,1
chinese,1
bridges,1
rightly,1
instances,1
master,1
vitality,1
degenerate,1
patterns,1
based,1
alfred,1
human,1
intercourse,1
manners,1
robbed,1
generally,1
sense,1
fancy,1
ambitious,1
upon,1
thanks,1
special,1
attempt,1
deserves,1
attractive,1
condo,1
satire,1
expressiveness,1
playful,1
frequent,1
serious,1
didactic,1
alexandrian,1
historic,1
either,1
exposition,1
due,1
loveliness,1
texture,1
m,1
hat,1
opportunities,1
description,1
reflection,1
fault,1
entrancing,1
remarks,1
ff,1
outstanding,1
giving,1
wings,1
transform,1
poor,1
fuel,1
ephemeral,1
stage,1
pegasus,1
least,1
monsters,1
ready,1
chimeras,1
torment,1
slay,1
shafts,1
ah,1
kindle,1
revue,1
two,1
fashions,1
page,1
d,1
aristophanes,1
religious,1
hope,1
noble,1
cruelties,1
stupidities,1
greater,1
comic,1
virtues,1
genius,1
fortunately,1
farce,1
theatrical,1
wedding,1
problem,1
love,1
deny,1
hone,1
suggestion,1
revival,1
quite,1
kinds,1
h,1
titus,1
neglected,1
exploited,1
lu,1
narrative,1
writers,1
admirers,1
needles,1
philosophic,1
counsel,1
unduly,1
fundamentally,1
advances,1
irregular,1
easily,1
part,1
comprehensible,1
done,1
dominate,1
language,1
effectively,1
ought,1
older,1
order,1
rigid,1
hard,1
forget,1
excellent,1
inartistic,1
scientific,1
recondite,1
garden,1
contempt,1
boldness,1
machinery,1
medicine,1
economies,1
dispute,1
transitions,1
supremacy,1
field,1
once,1
neglect,1
studied,1
allusions,1
hesiod,1
fascinating,1
evolution,1
clarity,1
examples,1
almost,1
truth,1
nothing,1
em,1
ingenious,1
erudite,1
evil,1
inevitable,1
occasionally,1
snell,1
vice,1
piquant,1
subject,1
architecture,1
rather,1
virtue,1
delight,1
land,1
lute,1
blood,1
handed,1
posterity,1
blind,1
mutinous,1
turn,1
per,1
divine,1
flame,1
cease,1
burn,1
after,1
youth,1
renewed,1
danger,1
dying,1
lea,1
esoteric,1
rebel,1
heart,1
fire,1
perennial,1
veins,1
mu,1
represent,1
conservative,1
tradition,1
mm,1
embodied,1
revolt,1
sacred,1
creative,1
younger,1
penalty,1
rebellion,1
blindness,1
egoism,1
eccentricity,1
dilettante,1
appealing,1
cultured,1
byron,1
majority,1
indirectly,1
intermediate,1
channels,1
probably,1
relatively,1
recent,1
tennyson,1
ha,1
b,1
prove,1
wide,1
reach,1
spiritual,1
embody,1
highest,1
democratic,1
held,1
zan,1
o,1
lon,1
else,1
hold,1
became,1
ed,1
intoned,1
plays,1
long,1
questioned,1
surely,1
hal,1
chaucer,1
humanity,1
al,1
degree,1
ill,1
running,1
drops,1
lust,1
each,1
features,1
cal,1
cont,1
muses,1
umpires,1
judgment,1
went,1
thereupon,1
flayed,1
presumption,1
th,1
doom,1
less,1
drastic,1
bard,1
challenged,1
ne,1
beautiful,1
her,1
distorted,1
paralleled,1
odds,1
emphasis,1
masks,1
dearth,1
york,1
co,1
recalling,1
revolutionist,1
play,1
reminds,1
traditionalism,1
insurgents,1
beginning,1
satyr,1
minerva,1
because,1
mil,1
center,1
umpire,1
asks,1
debt,1
culture,1
able,1
see,1
fore,1
shadowed,1
drift,1
hints,1
regarded,1
answer,1
rebellious,1
presumptuous,1
barbarian,1
lever,1
q,1
know,1
barbarous,1
countries,1
inferior,1
rebels,1
condemned,1
lose,1
fight,1
gift,1
song,1
broken,1
lyre,1
significant,1
orpheus,1
note,1
tame,1
wild,1
outlying,1
lands,1
said,1
singer,1
achievement,1
thus,1
search,1
various,1
hence,1
insistence,1
necessity,1
neophyte,1
own,1
tortured,1
unnatural,1
courts,1
bear,1
stamp,1
individual,1
original,1
illustrations,1
john,1
burton,1
garment,1
wears,1
variations,1
eccentric,1
novel,1
skill,1
drama,1
passionate,1
ion,1
made,1
mysterious,1
spontaneity,1
subconscious,1
creation,1
eye,1
meant,1
curiously,1
missed,1
talk,1
about,1
get,1
riot,1
borrowed,1
suffice,1
air,1
experience,1
ephemerally,1
fashionable,1
formula,1
blindly,1
adopted,1
understood,1
drew,1
invent,1
academic,1
ballad,1
hand,1
walt,1
whitman,1
pent,1
years,1
floundering,1
works,1
truly,1
minds,1
ashamed,1
point,1
superannuated,1
vehicle,1
doer,1
afraid,1
using,1
shakespearean,1
posing,1
tried,1
fugue,1
provided,1
genuine,1
genuineness,1
obscured,1
destroyed,1
ca,1
destiny,1
strangely,1
higher,1
beauty,1
directed,1
innovators,1
declare,1
wine,1
modernity,1
poured,1
bottles,1
suited,1
demands,1
therefore,1
abandoned,1
media,1
invented,1
doubtless,1
reason,1
figures,1
largely,1
re,1
descendants,1
efforts,1
performs,1
spirit,1
f,1
taking,1
philosophy,1
quick,1
deemed,1
breaking,1
services,1
enlarging,1
grapple,1
worlds,1
conquer,1
incapable,1
annexing,1
instead,1
within,1
criticism,1
en,1
es,1
around,1
intense,1
aspects,1
burned,1
express,1
w,1
felt,1
look,1
something,1
appealed,1
con,1
temporary,1
orate,1
tee,1
vision,1
mystery,1
joy,1
universal,1
smote,1
exaggerated,1
lies,1
exclusion,1
thought,1
vital,1
considerations,1
themes,1
inspire,1
today,1
coarse,1
absorption,1
artists,1
begun,1
nature,1
makes,1
sing,1
power,1
pa,1
ii,1
