term,count
the,56
of,37
and,24
to,23
a,21
in,17
that,15
is,14
he,12
it,11
by,11
his,10
with,10
who,9
mr,9
an,8
i,7
be,7
finger,7
for,6
on,5
not,5
tale,5
had,4
from,4
jolly,4
make,4
him,4
have,4
into,4
but,4
this,4
first,4
story,4
entertainment,3
has,3
there,3
upon,3
their,3
after,3
was,3
than,3
up,3
are,3
as,3
something,3
author,3
any,3
at,3
life,2
le,2
criminal,2
mind,2
london,2
tales,2
tried,2
hut,2
s,2
curious,2
strange,2
were,2
go,2
too,2
reading,2
stories,2
g,2
draws,2
succeeded,2
lang,2
making,2
which,2
material,2
so,2
one,2
very,2
thrust,2
like,2
rather,2
certain,2
reservations,2
male,2
escape,2
both,2
these,2
co,2
m,2
instead,2
australia,2
wood,2
mental,2
illustrations,2
reader,2
such,2
them,2
merrily,2
vivid,2
hope,2
would,2
own,2
men,2
avoids,1
nature,1
disastrous,1
insight,1
deftly,1
where,1
wealth,1
impersonal,1
results,1
pathetic,1
career,1
excusable,1
enough,1
touches,1
driven,1
writer,1
telling,1
gone,1
sentimentality,1
fortune,1
faced,1
grown,1
when,1
carry,1
voice,1
whomever,1
beforehand,1
intention,1
announced,1
stealth,1
scorned,1
valor,1
principle,1
man,1
become,1
try,1
preferred,1
air,1
injured,1
proudly,1
pardon,1
refused,1
stubbornness,1
childlike,1
then,1
made,1
off,1
delightful,1
later,1
neighborhood,1
gentry,1
errands,1
ra,1
portion,1
inelegant,1
inhabited,1
urchin,1
dirty,1
haughtily,1
imaginative,1
oversensitive,1
timidly,1
tarted,1
itself,1
concerns,1
third,1
rights,1
knows,1
gentle,1
form,1
comes,1
ties,1
matters,1
afford,1
can,1
bore,1
evidently,1
endings,1
surprise,1
plots,1
conventional,1
sophisticated,1
craft,1
sure,1
always,1
eyes,1
joseph,1
rowed,1
without,1
could,1
whether,1
power,1
lies,1
refreshing,1
ferocity,1
altogether,1
note,1
striking,1
vigorous,1
paul,1
unforgettable,1
makes,1
attack,1
controlled,1
see,1
action,1
fragment,1
some,1
choosing,1
oftener,1
struck,1
conventions,1
avoid,1
doubted,1
quail,1
ned,1
unbearable,1
readers,1
astonishing,1
result,1
occasion,1
rises,1
ab,1
flat,1
fallen,1
easily,1
might,1
stand,1
final,1
dramatic,1
grand,1
hold,1
bank,1
uproarious,1
quietly,1
kelley,1
four,1
keeping,1
opinion,1
andrew,1
etched,1
coldly,1
aid,1
ly,1
person,1
told,1
y,1
much,1
last,1
course,1
shaken,1
ably,1
disagree,1
find,1
will,1
outlaws,1
all,1
sympathy,1
io,1
souvenir,1
wrong,1
may,1
far,1
else,1
also,1
must,1
l,1
admirably,1
once,1
said,1
u,1
social,1
incidents,1
odd,1
here,1
out,1
pick,1
chosen,1
settlement,1
convict,1
powerful,1
dismissed,1
casual,1
word,1
normal,1
more,1
often,1
circle,1
outer,1
gloom,1
sanity,1
known,1
vaguely,1
what,1
fringe,1
shadowy,1
lie,1
workings,1
stuff,1
ingot,1
ts,1
generated,1
anti,1
customary,1
robert,1
cross,1
southern,1
under,1
living,1
those,1
used,1
begins,1
term,1
york,1
sorrow,1
new,1
pp,1
blocks,1
color,1
eight,1
j,1
charles,1
company,1
signify,1
necessarily,1
outlaw,1
siberia,1
follow,1
pages,1
freedom,1
slight,1
dangers,1
unknown,1
facing,1
proclamations,1
emancipation,1
publish,1
dared,1
authority,1
indignities,1
gross,1
tamely,1
submit,1
prisoners,1
found,1
attitude,1
anything,1
king,1
t,1
boast,1
went,1
still,1
took,1
thing,1
just,1
party,1
earl,1
home,1
neck,1
about,1
chain,1
gold,1
decided,1
through,1
door,1
back,1
affair,1
whose,1
duty,1
seize,1
done,1
ever,1
put,1
felt,1
counter,1
pistol,1
laid,1
victim,1
dubiously,1
looked,1
horse,1
stolen,1
rounds,1
sentenced,1
did,1
promptly,1
they,1
way,1
c,1
beliefs,1
down,1
pop,1
petrel,1
stormy,1
fascinating,1
bewildering,1
resulting,1
actions,1
loom,1
break,1
uneasy,1
appear,1
gaps,1
case,1
ire,1
broken,1
startlingly,1
affairs,1
state,1
joy,1
instance,1
whom,1
dreamed,1
iv,1
george,1
coronation,1
lead,1
idea,1
hie,1
simply,1
reputation,1
bubble,1
or,1
praise,1
understood,1
danger,1
excitement,1
sought,1
hour,1
epic,1
march,1
