term,count
the,83
of,56
and,32
he,30
his,25
in,25
a,22
to,20
roosevelt,17
was,16
that,16
as,15
at,12
for,11
is,11
with,11
from,8
it,8
tile,8
by,8
president,7
on,7
him,6
s,6
not,6
e,6
mr,6
morgan,6
how,6
history,5
new,5
all,5
had,5
be,5
york,5
col,4
an,4
born,4
about,4
then,4
first,4
work,4
i,4
which,4
own,4
we,3
could,3
even,3
upon,3
himself,3
city,3
rider,3
t,3
but,3
james,3
has,3
next,3
back,3
g,3
ills,3
man,3
theodore,3
yet,2
till,2
got,2
later,2
natural,2
did,2
oyster,2
harvard,2
ideal,2
skipping,2
l,2
governor,2
eye,2
admiring,2
hat,2
orders,2
rough,2
air,2
down,2
blaine,2
convention,2
tells,2
rich,2
words,2
biography,2
age,2
or,2
noted,2
day,2
rope,2
took,2
vere,2
ill,2
school,2
they,2
one,2
says,2
boy,2
example,2
long,2
since,2
so,2
are,2
out,2
no,2
board,1
thai,1
callers,1
mm,1
receiving,1
resident,1
overshadowed,1
commission,1
entire,1
responsible,1
held,1
public,1
states,1
such,1
going,1
hut,1
police,1
members,1
four,1
united,1
things,1
seeing,1
done,1
macmillan,1
less,1
secretary,1
does,1
conveys,1
deal,1
square,1
enforcement,1
law,1
impressive,1
craft,1
abolishing,1
tight,1
sundays,1
saloons,1
closing,1
al,1
haroun,1
call,1
wit,1
seine,1
caused,1
night,1
saw,1
our,1
felt,1
works,1
little,1
ranch,1
life,1
read,1
est,1
ranching,1
latter,1
hug,1
send,1
politics,1
lr,1
retiring,1
information,1
gratifying,1
appearance,1
state,1
capt,1
nature,1
organ,1
rarely,1
vocabulary,1
lodgment,1
found,1
abstracted,1
future,1
hunter,1
winner,1
job,1
years,1
six,1
after,1
commissioner,1
service,1
hear,1
presently,1
bucking,1
fires,1
prairie,1
conquered,1
french,1
duel,1
impetuosity,1
aside,1
brushed,1
bar,1
bad,1
much,1
knocked,1
prize,1
nobel,1
naturally,1
picturesque,1
lie,1
shorter,1
more,1
something,1
again,1
became,1
folk,1
sc,1
kilo,1
rest,1
scene,1
lion,1
black,1
soft,1
party,1
presidential,1
nev,1
volume,1
chair,1
seated,1
approval,1
x,1
ration,1
skillful,1
reckoned,1
gall,1
sets,1
forth,1
giver,1
merits,1
illustrating,1
sake,1
here,1
recapitulation,1
familiar,1
too,1
this,1
hand,1
glad,1
pedestrian,1
already,1
tennis,1
pine,1
anti,1
ty,1
family,1
nations,1
strife,1
industrial,1
composer,1
politician,1
must,1
bosses,1
safety,1
ching,1
v,1
charged,1
joy,1
wild,1
camp,1
delight,1
their,1
lieut,1
good,1
written,1
mar,1
re,1
receipt,1
note,1
you,1
men,1
fighting,1
body,1
famous,1
lon,1
enlistment,1
account,1
deemed,1
enable,1
ignored,1
riders,1
r,1
reformer,1
hero,1
return,1
triumphal,1
victory,1
glorious,1
tell,1
need,1
o,1
sun,1
matter,1
neck,1
hung,1
spots,1
white,1
handkerchief,1
blue,1
should,1
forward,1
moved,1
hands,1
uglier,1
thieves,1
railways,1
elevated,1
hard,1
were,1
begin,1
because,1
big,1
lineage,1
believe,1
washington,1
enough,1
old,1
professorship,1
train,1
planned,1
assured,1
pie,1
mounting,1
people,1
creatures,1
stuffed,1
adorned,1
proud,1
circumstance,1
passion,1
while,1
admission,1
never,1
than,1
develop,1
trap,1
fancy,1
high,1
sported,1
father,1
child,1
thus,1
skill,1
uncommon,1
composition,1
wanted,1
strong,1
teacher,1
spelling,1
quote,1
rhetoric,1
made,1
show,1
records,1
text,1
go,1
early,1
unlike,1
coon,1
street,1
chose,1
vigor,1
bodily,1
among,1
parents,1
gentle,1
slum,1
youths,1
np,1
fitted,1
twentieth,1
recollections,1
porch,1
wealth,1
aide,1
alone,1
reared,1
ever,1
important,1
presidency,1
reach,1
place,1
fond,1
although,1
haunt,1
log,1
favorite,1
earliest,1
bloomed,1
violets,1
where,1
spot,1
find,1
relied,1
abraham,1
bay,1
time,1
if,1
top,1
cabin,1
ease,1
trying,1
kept,1
door,1
climbing,1
pole,1
ilia,1
start,1
muscles,1
legs,1
better,1
unemployed,1
matterhorn,1
d,1
b,1
m,1
honeymoon,1
europe,1
visited,1
autumn,1
married,1
appreciation,1
ranks,1
brought,1
swelling,1
thought,1
subject,1
point,1
vest,1
rank,1
grant,1
same,1
hearty,1
biographer,1
dare,1
laval,1
selection,1
elected,1
managers,1
democracy,1
infernal,1
denounced,1
n,1
career,1
living,1
launching,1
district,1
diamond,1
getting,1
celebrated,1
tradition,1
knickerbocker,1
defiance,1
club,1
political,1
joining,1
seen,1
adequately,1
two,1
war,1
thoughtful,1
way,1
support,1
fashion,1
taught,1
form,1
any,1
football,1
calculated,1
baseball,1
adopt,1
however,1
purpose,1
reviewer,1
into,1
admirably,1
passed,1
can,1
habit,1
caught,1
others,1
do,1
ping,1
skip,1
maturity,1
full,1
sunday,1
available,1
class,1
vacations,1
second,1
twenty,1
graduated,1
material,1
bewail,1
bill,1
woods,1
th,1
them,1
spent,1
enormous,1
occasion,1
mass,1
fight,1
ha,1
came,1
who,1
pupils,1
dollar,1
silver,1
bright,1
rewarded,1
almost,1
