term,count
the,71
of,61
to,49
i,49
and,32
a,31
he,26
in,24
t,23
his,21
it,16
l,15
s,15
n,12
for,12
is,11
that,11
on,10
o,10
an,9
r,8
at,8
with,8
as,8
ii,7
by,7
had,7
skin,7
h,7
be,7
d,7
my,6
m,6
him,6
ill,6
this,6
not,5
re,5
mr,5
one,5
from,5
into,5
there,5
would,5
no,5
j,5
x,4
will,4
u,4
or,4
io,4
hi,4
was,4
me,4
how,4
which,4
himself,3
nd,3
resolve,3
commonplace,3
sink,3
ho,3
among,3
whether,3
little,3
life,3
book,3
visits,3
never,3
who,3
e,3
those,3
when,3
made,3
w,3
than,3
over,3
ta,3
only,2
perhaps,2
completely,2
eat,2
has,2
save,2
like,2
myself,2
le,2
such,2
confessions,2
morbidity,2
permitted,2
are,2
again,2
ea,2
f,2
so,2
c,2
years,2
us,2
v,2
more,2
ll,2
lime,2
hours,2
revelations,2
if,2
though,2
er,2
thai,2
hal,2
said,2
all,2
through,2
round,2
what,2
each,2
live,2
should,2
ix,2
g,2
found,2
die,2
al,2
felt,2
have,2
mother,2
can,2
moon,2
q,2
did,2
om,2
lo,2
th,2
during,2
realism,2
but,2
john,2
return,1
hope,1
quietly,1
peacefully,1
dinging,1
ch,1
however,1
various,1
instead,1
episodes,1
going,1
pages,1
small,1
under,1
any,1
tic,1
dart,1
mm,1
dealing,1
write,1
love,1
knew,1
page,1
she,1
resented,1
sill,1
brought,1
lie,1
sure,1
boot,1
retailing,1
toward,1
axed,1
contra,1
desire,1
uncommon,1
assumption,1
grace,1
ts,1
proprietor,1
middlesex,1
county,1
messenger,1
conferring,1
green,1
golder,1
order,1
gainsaid,1
points,1
exception,1
hit,1
pleasure,1
churchyard,1
take,1
seems,1
cough,1
intermingling,1
free,1
dr,1
imposed,1
char,1
frankness,1
insistence,1
patients,1
respect,1
stonecutter,1
days,1
fear,1
room,1
tone,1
load,1
child,1
sensitive,1
am,1
seaweed,1
en,1
man,1
ed,1
hay,1
wounded,1
furred,1
long,1
oft,1
down,1
think,1
sharl,1
kind,1
filling,1
file,1
low,1
lips,1
light,1
fat,1
where,1
we,1
hoar,1
ha,1
waves,1
her,1
middle,1
do,1
curl,1
ax,1
breaking,1
wen,1
up,1
excited,1
lovely,1
far,1
lox,1
hy,1
town,1
forehead,1
our,1
creed,1
cf,1
oil,1
lifter,1
si,1
ode,1
orgies,1
tine,1
harold,1
tl,1
roll,1
herded,1
oaf,1
el,1
oh,1
retry,1
alone,1
mom,1
dun,1
fief,1
ono,1
fir,1
tn,1
smooth,1
dot,1
thin,1
jugular,1
enemy,1
rolling,1
overtaken,1
z,1
isl,1
dirt,1
smell,1
stout,1
ire,1
ry,1
ne,1
ion,1
lt,1
legs,1
eyes,1
pair,1
outside,1
hot,1
opium,1
companion,1
must,1
attained,1
mouths,1
months,1
acute,1
world,1
thoughts,1
shoulders,1
actions,1
read,1
endure,1
writ,1
jolt,1
title,1
int,1
terrible,1
very,1
minds,1
judge,1
either,1
de,1
quote,1
adopted,1
method,1
distinguished,1
splendor,1
terrifying,1
remarkable,1
pas,1
kin,1
achievement,1
genuine,1
deal,1
egotism,1
solely,1
dictated,1
could,1
merely,1
excuse,1
whatever,1
now,1
journeyed,1
whither,1
impelled,1
consuming,1
nature,1
fundamental,1
tuberculosis,1
grinning,1
death,1
engendered,1
born,1
morbid,1
spared,1
were,1
co,1
brace,1
harcourt,1
york,1
new,1
pp,1
intimate,1
some,1
disease,1
surface,1
about,1
until,1
hook,1
searing,1
two,1
other,1
lived,1
po,1
blood,1
full,1
mouth,1
choking,1
find,1
nigh,1
awoke,1
five,1
twenty,1
age,1
depicting,1
obsession,1
became,1
here,1
leave,1
go,1
townsfolk,1
brothers,1
tells,1
night,1
starlit,1
beauty,1
treacherous,1
phases,1
sky,1
day,1
mark,1
eagerly,1
year,1
mo,1
suffer,1
sheep,1
lay,1
makes,1
fallen,1
having,1
theodore,1
spares,1
dix,1
neither,1
pack,1
np,1
tr,1
lousy,1
money,1
give,1
why,1
know,1
lands,1
den,1
mud,1
few,1
ring,1
act,1
window,1
observes,1
neighbors,1
nor,1
family,1
scales,1
veritable,1
orig,1
health,1
plans,1
removed,1
windows,1
bed,1
put,1
own,1
youth,1
confirmed,1
hemorrhage,1
known,1
making,1
upon,1
tanned,1
rd,1
soon,1
view,1
limited,1
interstices,1
fill,1
sending,1
resort,1
pass,1
able,1
opportunity,1
priceless,1
allowing,1
guilty,1
been,1
nothing,1
done,1
first,1
seemed,1
dying,1
wot,1
reconciled,1
enough,1
writes,1
rid,1
alluded,1
already,1
then,1
travel,1
rise,1
