term,count
the,60
of,60
in,39
a,38
to,28
that,26
is,26
it,22
and,21
i,19
mr,17
his,16
this,14
with,13
he,12
you,11
s,11
be,9
for,9
an,9
allen,8
on,8
l,8
which,8
are,8
as,7
at,6
about,6
has,6
not,6
short,5
but,5
by,5
man,5
who,5
own,5
have,5
oxford,5
so,5
been,5
do,4
out,4
after,4
subject,4
humor,4
re,4
we,4
books,4
or,4
if,4
stephen,4
let,4
only,4
him,4
attitude,4
warned,4
also,3
one,3
fact,3
just,3
other,3
ll,3
well,3
difficult,3
time,3
from,3
written,3
got,3
something,3
my,3
ck,3
reader,3
definition,3
prohibition,3
no,3
had,3
professor,3
morning,2
side,2
very,2
economy,2
oh,2
humorist,2
their,2
there,2
lecture,2
see,2
because,2
should,2
too,2
book,2
millionaires,2
boys,2
may,2
turned,2
lived,2
judgment,2
m,2
same,2
ends,2
laughing,2
friend,2
alien,2
good,2
f,2
little,2
criticism,2
old,2
don,2
g,2
men,2
anti,2
smoked,2
estimate,2
works,2
social,2
history,2
upon,2
n,2
tell,2
le,2
canada,2
play,2
final,2
nobody,2
various,2
even,2
what,2
further,2
all,2
such,2
story,2
art,2
illustrations,2
like,2
ill,2
up,2
society,2
words,2
dedication,2
merrily,2
will,2
write,2
two,2
stories,2
collection,2
attempt,2
they,2
lardner,2
ring,2
could,2
serious,2
others,2
q,2
again,2
might,2
literary,2
study,2
reading,2
public,2
o,2
significant,2
beautiful,2
shows,2
suspected,1
proper,1
into,1
believer,1
ir,1
changed,1
continuing,1
percolation,1
these,1
fortnight,1
day,1
hear,1
bright,1
ground,1
ahead,1
exception,1
cited,1
intense,1
thing,1
question,1
george,1
then,1
informal,1
vexing,1
wine,1
me,1
notes,1
right,1
great,1
done,1
thorough,1
reverence,1
talk,1
mention,1
joe,1
z,1
quotations,1
theories,1
copious,1
true,1
feel,1
ideas,1
gone,1
personal,1
deeply,1
passage,1
major,1
life,1
toward,1
go,1
tn,1
movies,1
trivial,1
becoming,1
criticisms,1
turn,1
considerable,1
else,1
clothing,1
modern,1
overthrow,1
striving,1
everywhere,1
represents,1
sum,1
rf,1
required,1
until,1
some,1
reference,1
cynical,1
make,1
untruth,1
otes,1
exaggerate,1
incident,1
cake,1
follows,1
going,1
am,1
forms,1
giving,1
sheep,1
away,1
unscrupulous,1
foundation,1
playboys,1
corals,1
times,1
jest,1
spoken,1
truth,1
milch,1
adage,1
ike,1
irresistible,1
broad,1
wit,1
manner,1
reviewed,1
than,1
pier,1
seems,1
nothing,1
state,1
ship,1
ready,1
grass,1
lurking,1
fond,1
facts,1
approached,1
acquired,1
grace,1
english,1
writes,1
speaks,1
says,1
tutors,1
simply,1
complaint,1
seem,1
would,1
least,1
university,1
libeled,1
discovery,1
corrected,1
stands,1
most,1
opinions,1
important,1
liquor,1
wines,1
knowledge,1
intimate,1
ella,1
observed,1
distorts,1
cured,1
willfully,1
way,1
examples,1
few,1
thees,1
thai,1
remarking,1
fillip,1
summary,1
adds,1
h,1
technique,1
lists,1
writing,1
analyzes,1
discrimination,1
c,1
tin,1
usual,1
sketch,1
slapstick,1
extravagant,1
burlesques,1
read,1
de,1
reckon,1
spite,1
perhaps,1
fanny,1
misrepresentation,1
later,1
ray,1
broadest,1
realms,1
adventure,1
skylarking,1
critique,1
subtle,1
page,1
mind,1
position,1
distinction,1
preaching,1
merit,1
possibility,1
moment,1
know,1
ever,1
letters,1
care,1
add,1
first,1
town,1
show,1
rimer,1
since,1
year,1
tiffs,1
published,1
novel,1
light,1
merriest,1
probably,1
thor,1
au,1
interest,1
evidently,1
rights,1
take,1
consider,1
matrons,1
campus,1
annoyed,1
were,1
how,1
entitled,1
provocative,1
taken,1
was,1
its,1
known,1
ago,1
happen,1
never,1
clark,1
edwin,1
co,1
mead,1
york,1
new,1
accuses,1
burlesque,1
distinctly,1
when,1
eminent,1
found,1
move,1
robert,1
charm,1
persuasive,1
erased,1
tale,1
literature,1
mindedness,1
high,1
matter,1
presence,1
original,1
entertaining,1
idea,1
followed,1
merely,1
snickered,1
rather,1
preface,1
carefree,1
laughter,1
hearty,1
e,1
bother,1
need,1
myself,1
people,1
much,1
why,1
call,1
quality,1
polities,1
think,1
d,1
name,1
political,1
nell,1
x,1
full,1
reported,1
lectures,1
called,1
al,1
still,1
adequate,1
pr,1
ball,1
yourselves,1
over,1
van,1
future,1
idle,1
deal,1
completely,1
better,1
ways,1
number,1
define,1
fair,1
fun,1
hike,1
please,1
row,1
back,1
boob,1
readily,1
boots,1
legs,1
undone,1
leaves,1
throughout,1
temper,1
paris,1
comedy,1
trude,1
mood,1
blank,1
young,1
pitiable,1
falls,1
shadow,1
whimsy,1
tender,1
getting,1
nor,1
genre,1
happy,1
contribution,1
smiling,1
quite,1
spirit,1
seemed,1
remembered,1
however,1
inquiry,1
securing,1
down,1
sent,1
several,1
borrowing,1
curiosity,1
background,1
piqued,1
r,1
told,1
more,1
scholar,1
those,1
scholarship,1
solid,1
each,1
