term,count
the,67
of,38
and,37
a,18
in,15
to,14
i,13
is,13
with,8
this,8
that,8
has,7
s,7
from,7
mann,7
by,6
as,6
for,5
dog,5
his,5
he,5
thomas,5
it,5
no,4
one,4
story,4
you,4
on,4
come,4
their,4
words,4
who,4
an,4
having,3
what,3
indeed,3
at,3
how,3
even,3
master,3
been,3
not,3
all,3
so,3
friend,2
being,2
but,2
companion,2
lies,2
book,2
does,2
them,2
says,2
its,2
here,2
see,2
delight,2
knows,2
last,2
or,2
tram,2
are,2
himself,2
me,2
have,2
after,2
author,2
paws,2
mice,2
which,2
priceless,2
o,2
big,2
do,2
few,2
flight,2
mind,2
study,2
greatest,2
man,2
small,2
manner,2
like,2
uncle,2
inside,2
very,2
work,2
there,2
returned,1
tempered,1
distrait,1
wandering,1
forewords,1
town,1
will,1
refreshment,1
long,1
foot,1
along,1
jogging,1
stop,1
wine,1
brute,1
penultimate,1
passed,1
bourne,1
natural,1
rather,1
fatigue,1
wrapped,1
sense,1
exceedingly,1
false,1
security,1
relation,1
things,1
mundane,1
smoking,1
put,1
again,1
far,1
devotion,1
final,1
form,1
precipitation,1
pitch,1
little,1
literary,1
art,1
idyll,1
paragraph,1
indicates,1
then,1
late,1
hour,1
inhumanity,1
laden,1
midnight,1
hate,1
war,1
heavy,1
latest,1
nature,1
bring,1
realities,1
seek,1
deposits,1
hideous,1
exquisite,1
switched,1
dark,1
another,1
sheets,1
several,1
muddied,1
imprint,1
left,1
sent,1
just,1
picture,1
unfeigned,1
takes,1
yawn,1
grunt,1
over,1
something,1
neglect,1
selfish,1
blessing,1
faithlessness,1
manuscript,1
now,1
sees,1
through,1
jack,1
time,1
stories,1
amid,1
place,1
conspicuous,1
destined,1
classic,1
enchanting,1
house,1
front,1
grass,1
children,1
clumsy,1
disporting,1
door,1
glass,1
cruel,1
resentment,1
river,1
am,1
darkness,1
ask,1
happening,1
idea,1
clear,1
tall,1
perhaps,1
be,1
more,1
true,1
steps,1
avenue,1
poplar,1
into,1
turn,1
sound,1
rushing,1
goes,1
beast,1
hospital,1
register,1
enrolled,1
adorations,1
ecstatic,1
lavished,1
against,1
rubbed,1
encircled,1
mm,1
can,1
homecoming,1
snows,1
wet,1
icy,1
waiting,1
setter,1
bastard,1
title,1
under,1
amuse,1
expressing,1
divert,1
virtues,1
rich,1
pp,1
weeping,1
witness,1
laughter,1
hear,1
smile,1
new,1
human,1
only,1
lets,1
gifts,1
recording,1
observing,1
unusual,1
sprang,1
works,1
george,1
canine,1
merely,1
kingdom,1
mountains,1
hills,1
rocks,1
creation,1
wonders,1
husband,1
passionate,1
message,1
pull,1
great,1
telling,1
simplicity,1
lovable,1
extremely,1
example,1
beautiful,1
we,1
love,1
these,1
imagine,1
york,1
organization,1
mental,1
processes,1
revealing,1
gift,1
rare,1
termed,1
reason,1
finest,1
down,1
deep,1
portrayals,1
doubt,1
ever,1
written,1
assert,1
boldly,1
suppose,1
davis,1
got,1
battle,1
knew,1
never,1
lines,1
henry,1
byron,1
did,1
holt,1
son,1
inspiration,1
bob,1
boy,1
laddie,1
sinister,1
bar,1
write,1
co,1
rivers,1
herman,1
sandy,1
describe,1
end,1
toward,1
reading,1
gagging,1
emotional,1
near,1
dangerously,1
power,1
dramatic,1
ultimate,1
intensified,1
language,1
available,1
symbols,1
simplest,1
employed,1
throughout,1
mr,1
much,1
well,1
meaning,1
intended,1
tale,1
make,1
attempt,1
any,1
beyond,1
tar,1
acme,1
worn,1
forcing,1
intensifying,1
achieve,1
best,1
may,1
extraordinary,1
suitable,1
happily,1
supposed,1
banks,1
they,1
field,1
forays,1
victims,1
pathetic,1
bunnies,1
spume,1
ocean,1
salt,1
german,1
fresh,1
tanged,1
seascapes,1
wild,1
inland,1
transformed,1
magically,1
shoals,1
loves,1
those,1
tiny,1
event,1
forget,1
bother,1
translated,1
extravagant,1
elaborate,1
maze,1
usual,1
calamitous,1
tears,1
most,1
description,1
deaths,1
agonizing,1
tragedy,1
heart,1
your,1
hines,1
