term,count
the,48
and,47
of,31
to,23
is,23
in,17
a,17
his,16
her,16
s,14
that,12
edward,11
with,9
for,9
this,8
him,7
he,7
she,7
but,6
be,6
an,6
one,6
very,5
not,5
mother,5
who,5
lilian,4
has,4
at,4
churchill,4
out,4
all,4
which,4
when,3
from,3
well,3
where,3
had,3
are,3
themselves,3
so,3
mirror,3
they,3
op,3
goes,3
time,3
soul,3
indeed,2
there,2
no,2
church,2
numerous,2
almost,2
rich,2
intensely,2
quite,2
especially,2
book,2
two,2
as,2
order,2
devout,2
obvious,2
course,2
love,2
become,2
by,2
while,2
st,2
belief,2
or,2
on,2
once,2
must,2
any,2
however,2
place,2
after,2
most,2
husband,2
end,2
i,2
part,2
wife,2
murder,2
middle,2
was,2
taking,2
leaving,2
great,2
length,2
more,2
faith,2
self,2
art,2
mr,2
even,2
altruist,1
being,1
ground,1
type,1
between,1
orthodoxy,1
sacrificing,1
same,1
apparently,1
remains,1
atheism,1
hutch,1
next,1
simple,1
event,1
put,1
disbelief,1
l,1
ad,1
inevitable,1
wows,1
into,1
w,1
say,1
lie,1
descriptions,1
ewer,1
boa,1
begun,1
barely,1
woman,1
other,1
interest,1
author,1
slightest,1
kept,1
e,1
lip,1
embraces,1
nauseating,1
blows,1
cruel,1
disco,1
budded,1
sand,1
elapses,1
god,1
religion,1
generous,1
orthodox,1
dust,1
clear,1
tumbled,1
legend,1
whole,1
hook,1
de,1
written,1
moment,1
saint,1
ends,1
before,1
many,1
hired,1
something,1
gang,1
am,1
n,1
early,1
beside,1
stand,1
if,1
character,1
promise,1
vicar,1
scarcely,1
though,1
less,1
interesting,1
characters,1
minor,1
among,1
done,1
friend,1
daughter,1
those,1
air,1
gallery,1
charm,1
sense,1
never,1
fundamental,1
yet,1
subtly,1
skillfully,1
lose,1
eda,1
sympathize,1
understand,1
produced,1
able,1
brought,1
these,1
exquisiteness,1
idealism,1
seeming,1
please,1
far,1
thugs,1
lacking,1
income,1
private,1
entire,1
giving,1
extent,1
going,1
presently,1
aid,1
stint,1
relinquished,1
trey,1
help,1
them,1
bustling,1
falls,1
probably,1
devoted,1
beat,1
thereby,1
poor,1
suffer,1
actual,1
regained,1
because,1
enters,1
re,1
again,1
dons,1
finally,1
sacrifices,1
virtue,1
odor,1
converted,1
vickers,1
unspeakable,1
their,1
stave,1
hare,1
hunger,1
beneath,1
opened,1
submissive,1
eldest,1
future,1
accept,1
seemed,1
clergymen,1
make,1
hoped,1
whom,1
both,1
manner,1
o,1
pious,1
narrow,1
up,1
firings,1
sons,1
three,1
kind,1
high,1
mere,1
continued,1
following,1
page,1
devotion,1
absolute,1
such,1
bees,1
favorite,1
ls,1
credits,1
subsequently,1
revolt,1
y,1
pace,1
preceding,1
tom,1
continuer,1
fiction,1
works,1
latest,1
highest,1
extremely,1
drunkenness,1
ideas,1
word,1
inner,1
altered,1
slightly,1
thought,1
phraseology,1
change,1
views,1
flame,1
widowed,1
steady,1
nothing,1
show,1
should,1
peace,1
perfect,1
mind,1
lamp,1
tor,1
extraordinarily,1
long,1
novel,1
experiences,1
religious,1
inward,1
minutely,1
greater,1
still,1
age,1
late,1
rather,1
life,1
details,1
ma,1
outward,1
only,1
fashion,1
minute,1
deals,1
feels,1
need,1
else,1
sorts,1
learns,1
later,1
bat,1
unmarried,1
believes,1
meets,1
mn,1
cal,1
door,1
discovers,1
wide,1
have,1
would,1
palace,1
offer,1
refused,1
bede,1
about,1
drunken,1
labor,1
leader,1
notoriously,1
solace,1
stay,1
tell,1
including,1
too,1
herself,1
support,1
leave,1
wish,1
divorce,1
entitled,1
fully,1
law,1
according,1
beats,1
frequently,1
unfaithful,1
power,1
somewhat,1
admitted,1
through,1
evening,1
first,1
description,1
rampant,1
crime,1
poverty,1
filth,1
fast,1
worst,1
curate,1
becomes,1
ordained,1
oxford,1
ministry,1
vocation,1
strong,1
r,1
walk,1
dangerous,1
it,1
district,1
related,1
parish,1
do,1
ethers,1
work,1
over,1
alleys,1
blind,1
courts,1
presents,1
picture,1
tn,1
gothic,1
finely,1
portrayer,1
calls,1
commonplace,1
scenery,1
