term,count
the,55
of,44
to,19
and,18
a,17
in,17
as,11
james,9
his,8
which,8
is,7
on,7
from,7
mr,7
s,6
that,6
this,6
are,5
he,5
or,4
these,4
not,4
smooth,3
but,3
henry,3
has,3
with,3
i,3
last,3
were,3
we,3
by,3
style,3
at,3
two,3
views,3
papers,3
for,3
no,3
our,3
critic,3
st,2
george,2
any,2
ad,2
inn,2
kipling,2
there,2
album,2
one,2
easy,2
an,2
essay,2
says,2
even,2
may,2
always,2
seems,2
ere,2
poet,2
written,2
eliot,2
what,2
been,2
it,2
l,2
still,2
anything,2
do,2
its,2
their,2
be,2
does,2
have,2
browning,2
d,2
reviews,2
shown,2
jump,2
h,2
deep,2
volume,2
some,2
first,2
something,2
early,2
about,2
day,2
writers,2
forty,2
others,2
voice,1
appealed,1
o,1
need,1
inflections,1
wore,1
attaches,1
stag,1
where,1
so,1
my,1
him,1
y,1
pages,1
bowl,1
long,1
become,1
surprising,1
left,1
nothing,1
posterity,1
except,1
k,1
they,1
while,1
gait,1
fear,1
drenched,1
golden,1
very,1
want,1
clearness,1
explanation,1
continuity,1
hess,1
los,1
al,1
er,1
york,1
quite,1
new,1
c,1
thought,1
simple,1
moment,1
shattered,1
li,1
birth,1
terribly,1
complicated,1
quaver,1
ge,1
boyish,1
might,1
weary,1
mariner,1
remark,1
coming,1
works,1
betraying,1
her,1
cool,1
only,1
strangely,1
youth,1
ms,1
ames,1
r,1
himself,1
z,1
ck,1
presses,1
boy,1
criticism,1
level,1
merit,1
mind,1
amazing,1
presents,1
dz,1
palest,1
appears,1
whole,1
x,1
maxi,1
polished,1
namely,1
applied,1
well,1
t,1
perhaps,1
kinds,1
man,1
jejune,1
raw,1
five,1
ne,1
lent,1
uncouth,1
lips,1
painted,1
issue,1
final,1
sounds,1
sines,1
elapsed,1
time,1
walt,1
exp,1
surely,1
growing,1
people,1
hail,1
see,1
effect,1
writer,1
possessed,1
making,1
equal,1
rushes,1
maturity,1
charm,1
mask,1
stolen,1
power,1
n,1
addition,1
who,1
values,1
found,1
flowing,1
levity,1
language,1
mastery,1
oh,1
delight,1
keen,1
burroughs,1
john,1
tennyson,1
arnold,1
morris,1
william,1
robert,1
such,1
discussion,1
anonymously,1
appearing,1
english,1
careless,1
deplorable,1
eye,1
least,1
intelligence,1
projected,1
beam,1
white,1
spotlight,1
into,1
atmosphere,1
surrounding,1
vague,1
snatches,1
novels,1
couched,1
styles,1
different,1
nation,1
contributed,1
especially,1
those,1
critical,1
anticipate,1
ago,1
years,1
made,1
estimates,1
literary,1
smoothness,1
extols,1
together,1
brought,1
now,1
view,1
clarity,1
singular,1
judgment,1
hildegarde,1
hawthorne,1
distinct,1
signed,1
periodicals,1
various,1
appeared,1
collecting,1
pleasure,1
reader,1
le,1
every,1
give,1
will,1
done,1
phillips,1
roy,1
immaturity,1
clings,1
book,1
glimmer,1
course,1
sentences,1
risings,1
mysterious,1
sudden,1
waves,1
over,1
passage,1
perilous,1
boat,1
trim,1
sails,1
spread,1
begin,1
here,1
landlocked,1
feel,1
ground,1
paper,1
accused,1
being,1
risk,1
confess,1
frankly,1
speaking,1
po,1
swell,1
us,1
among,1
humor,1
material,1
seas,1
uncharted,1
present,1
begins,1
arrived,1
books,1
older,1
flow,1
praise,1
perfect,1
glory,1
brightens,1
faults,1
foibles,1
warning,1
lays,1
discrimination,1
ease,1
great,1
company,1
moves,1
essays,1
smoother,1
than,1
manner,1
gets,1
master,1
lover,1
adventure,1
joy,1
absent,1
later,1
ever,1
shales,1
infinite,1
subtlety,1
growth,1
exquisite,1
since,1
b,1
