term,count
the,77
of,47
to,38
and,25
in,24
a,21
it,15
their,15
have,13
for,11
is,10
i,10
that,10
ireland,9
he,8
irish,8
not,7
who,7
this,6
which,6
or,5
with,5
great,5
all,5
they,5
t,5
by,5
would,4
e,4
war,4
people,4
government,4
on,4
was,4
as,4
been,4
those,4
his,4
may,4
had,4
modern,3
doe,3
when,3
do,3
from,3
h,3
due,3
own,3
world,3
religious,3
at,3
free,3
hut,3
into,3
l,3
well,3
n,3
be,3
policy,3
but,3
other,3
c,3
can,3
folk,2
her,2
attitude,2
during,2
also,2
share,2
part,2
out,2
factor,2
how,2
politicians,2
american,2
recent,2
one,2
two,2
will,2
most,2
asquith,2
whose,2
so,2
book,2
dublin,2
british,2
them,2
nor,2
hy,2
ungenerous,2
history,2
are,2
blood,2
since,2
has,2
o,2
io,2
indifference,2
fact,2
yet,1
ree,1
just,1
hand,1
rid,1
join,1
b,1
lacking,1
latter,1
provide,1
partition,1
s,1
dangerous,1
present,1
sympathize,1
grieve,1
alan,1
over,1
recognize,1
sense,1
minded,1
nations,1
informed,1
ill,1
tunes,1
mister,1
direct,1
hardly,1
responsibility,1
concerns,1
tate,1
interference,1
blundering,1
eats,1
lead,1
apt,1
ls,1
me,1
clamor,1
helped,1
light,1
soon,1
destiny,1
throw,1
refusal,1
appreciates,1
form,1
believe,1
plain,1
ia,1
create,1
task,1
tm,1
recorded,1
themselves,1
exceptional,1
considering,1
eyes,1
movements,1
encouraged,1
bloodthirsty,1
politics,1
propaganda,1
mendacious,1
presented,1
here,1
doings,1
picture,1
relish,1
starers,1
success,1
glorious,1
failure,1
view,1
point,1
converted,1
sod,1
round,1
swung,1
completely,1
sentiment,1
popular,1
weeks,1
fed,1
unfortunate,1
give,1
statement,1
state,1
toward,1
disagree,1
attention,1
worthy,1
opportune,1
work,1
clear,1
always,1
volume,1
statements,1
europe,1
confederation,1
author,1
reference,1
useful,1
make,1
helps,1
index,1
an,1
few,1
measures,1
half,1
historian,1
settling,1
stead,1
rebellion,1
easter,1
after,1
visit,1
comment,1
sharpest,1
comes,1
very,1
revived,1
alluded,1
merely,1
characterized,1
character,1
unstable,1
century,1
joust,1
prophecies,1
parties,1
inn,1
responsible,1
results,1
machiavellian,1
usual,1
achieved,1
arid,1
policies,1
between,1
wavered,1
applied,1
cruelty,1
method,1
opposition,1
moment,1
crushed,1
hie,1
rome,1
question,1
settled,1
might,1
consistent,1
wise,1
thinks,1
woes,1
argument,1
hugely,1
ready,1
fallen,1
against,1
ma,1
rue,1
situation,1
took,1
meddler,1
english,1
way,1
things,1
up,1
cropped,1
foe,1
lust,1
ed,1
became,1
slumped,1
flat,1
response,1
cl,1
any,1
re,1
were,1
affection,1
even,1
old,1
rose,1
thu,1
hold,1
elements,1
doer,1
whether,1
remains,1
rime,1
orgy,1
having,1
blew,1
crazy,1
outer,1
years,1
culminating,1
looked,1
disgusted,1
descent,1
men,1
saddened,1
events,1
co,1
green,1
york,1
new,1
pp,1
xvi,1
university,1
professor,1
phillips,1
alison,1
m,1
revolution,1
wishers,1
favorably,1
seventeen,1
prospects,1
autonomy,1
grant,1
slow,1
britain,1
why,1
understand,1
given,1
prudence,1
ordinary,1
affairs,1
manage,1
majority,1
ability,1
confidence,1
shaken,1
rule,1
home,1
am,1
ade,1
ta,1
proffered,1
counsels,1
laughed,1
came,1
rouse,1
worth,1
civil,1
used,1
astute,1
year,1
property,1
private,1
destroyers,1
r,1
th,1
crimes,1
atop,1
shows,1
mercy,1
sr,1
ten,1
spare,1
awake,1
day,1
some,1
cowardly,1
bottom,1
f,1
preface,1
thus,1
bit,1
fail,1
america,1
north,1
us,1
conduct,1
ts,1
lloyd,1
under,1
tile,1
prelates,1
anti,1
general,1
ignore,1
pretend,1
oh,1
cleverly,1
ever,1
matter,1
hierarchy,1
obedient,1
claimed,1
far,1
ms,1
hacking,1
difference,1
irishmen,1
eminent,1
again,1
told,1
go,1
temper,1
opines,1
ago,1
ulster,1
country,1
divisions,1
fortune,1
determining,1
pointed,1
sir,1
long,1
ly,1
religion,1
char,1
molding,1
ha,1
al,1
enervating,1
soft,1
applaud,1
