term,count
the,87
of,59
and,36
in,31
to,24
is,24
that,16
a,16
be,15
for,14
it,14
as,13
are,12
there,12
by,12
their,10
not,9
which,8
they,8
will,7
all,7
s,7
no,7
our,7
society,7
at,7
or,7
cole,7
mr,7
government,7
functions,6
power,6
who,6
has,6
control,6
under,5
most,5
into,5
guilds,5
we,5
economic,5
but,5
than,5
right,5
unions,5
servile,5
can,5
education,5
even,5
workers,5
institutions,4
do,4
them,4
class,4
n,4
from,4
state,4
rights,4
represent,4
organization,4
where,4
unionism,4
he,4
citizens,3
could,3
its,3
functional,3
before,3
capitalism,3
federation,3
o,3
now,3
must,3
system,3
industry,3
with,3
more,3
british,3
goods,3
national,3
common,3
services,3
labor,3
have,3
better,3
administration,3
users,3
op,2
geographical,2
universal,2
basis,2
want,2
industrial,2
one,2
naturally,2
on,2
england,2
necessary,2
only,2
manual,2
public,2
were,2
trades,2
f,2
american,2
crafts,2
college,2
why,2
instruction,2
so,2
choose,2
politics,2
matters,2
this,2
various,2
organizations,2
many,2
guild,2
each,2
should,2
got,2
competence,2
classes,2
way,2
would,2
ruling,2
any,2
specialized,2
human,2
governmental,2
despite,2
life,2
movement,2
function,2
doctrine,2
seems,2
social,2
organized,2
claiming,2
manner,2
masters,2
may,2
money,2
other,2
those,2
makes,2
secure,2
capitalist,2
indictment,2
itself,2
subservience,2
fit,2
employers,2
men,2
favor,2
political,2
stepping,2
largely,2
bolshevism,2
lenin,2
unskilled,1
incapacity,1
management,1
words,1
service,1
regarded,1
province,1
take,1
politicians,1
stone,1
vigorously,1
professional,1
competences,1
duties,1
consider,1
admirable,1
apologies,1
when,1
ranks,1
themselves,1
grades,1
govern,1
states,1
instead,1
draw,1
mere,1
if,1
position,1
superior,1
educate,1
how,1
mess,1
unholy,1
make,1
finally,1
explanation,1
expected,1
sumer,1
comes,1
visualize,1
tendered,1
fail,1
see,1
still,1
merits,1
without,1
co,1
what,1
defects,1
aspect,1
martian,1
need,1
t,1
doubted,1
resign,1
give,1
joint,1
offense,1
head,1
branch,1
failure,1
people,1
supplant,1
desired,1
stones,1
together,1
these,1
divide,1
arrived,1
employ,1
general,1
particular,1
relation,1
decisively,1
olive,1
specific,1
administrators,1
also,1
understand,1
purposes,1
preparing,1
positions,1
humanly,1
ax,1
works,1
good,1
proletarian,1
tunes,1
nature,1
embracing,1
utter,1
feet,1
per,1
working,1
satan,1
none,1
disagreement,1
made,1
provision,1
propagandists,1
supersedes,1
two,1
butchers,1
skilled,1
st,1
craft,1
rules,1
makers,1
borrow,1
candlestick,1
bakers,1
ft,1
thug,1
cr,1
leave,1
industries,1
became,1
modern,1
was,1
never,1
use,1
bodies,1
agreement,1
bringing,1
up,1
complete,1
become,1
push,1
higher,1
authorities,1
number,1
among,1
division,1
found,1
claimed,1
freedom,1
self,1
negation,1
sphere,1
every,1
supremacy,1
former,1
tool,1
lo,1
single,1
while,1
producing,1
capitalists,1
settled,1
differs,1
ail,1
alike,1
user,1
producer,1
engaged,1
affecting,1
parliament,1
producers,1
using,1
comma,1
authority,1
constituencies,1
enough,1
elected,1
congress,1
remarked,1
establish,1
wants,1
electorate,1
lives,1
circumstances,1
because,1
powerless,1
actually,1
supreme,1
nominally,1
citizenry,1
body,1
great,1
result,1
development,1
women,1
over,1
illegitimate,1
vicious,1
less,1
few,1
trained,1
been,1
sm,1
capital,1
accustom,1
responsibility,1
reflects,1
slaves,1
against,1
declares,1
bluntly,1
enthrone,1
enfranchise,1
h,1
prophet,1
enemies,1
alien,1
commerce,1
blockade,1
go,1
injunctions,1
run,1
edicts,1
slavery,1
own,1
resent,1
doubt,1
excepting,1
net,1
prejudiced,1
backward,1
e,1
secretary,1
bernard,1
chairmanship,1
b,1
york,1
new,1
d,1
g,1
book,1
department,1
research,1
honorable,1
think,1
newcastle,1
armstrong,1
philosophy,1
professorship,1
him,1
left,1
past,1
just,1
biographies,1
reformer,1
shaw,1
original,1
idea,1
carrying,1
us,1
pressed,1
often,1
thought,1
school,1
advanced,1
representative,1
voluminous,1
writings,1
his,1
aristocratic,1
magdalen,1
fellowship,1
intellectual,1
oxford,1
graduation,1
fitted,1
enterprise,1
an,1
propaganda,1
socialist,1
work,1
ix,1
thorough,1
happiness,1
interests,1
dominated,1
commonwealth,1
trouble,1
faults,1
whatever,1
developed,1
yet,1
race,1
best,1
pursuit,1
order,1
liberty,1
maintain,1
shocking,1
bl,1
profiting,1
show,1
students,1
promotion,1
selection,1
both,1
clang,1
uses,1
means,1
aggression,1
mei,1
character,1
non,1
utilities,1
sad,1
recreation,1
health,1
questions,1
local,1
justice,1
ire,1
might,1
ideal,1
son,1
dual,1
least,1
very,1
separate,1
clash,1
end,1
upon,1
fortifies,1
guiltier,1
moreover,1
civil,1
month,1
current,1
foundation,1
shown,1
pride,1
falsity,1
wrong,1
ex,1
citizenship,1
qualified,1
ourselves,1
prided,1
america,1
however,1
about,1
thing,1
worst,1
fact,1
well,1
form,1
rulers,1
chair,1
universities,1
heresies,1
nothing,1
endows,1
shamelessly,1
thus,1
long,1
reform,1
hope,1
same,1
others,1
consistent,1
fruits,1
tho,1
enjoy,1
seal,1
property,1
ideals,1
saxon,1
anglo,1
endowment,1
shameful,1
thin,1
capitalistic,1
gives,1
