term,count
the,30
of,23
in,17
i,16
and,15
a,12
to,10
by,7
hi,7
is,7
s,6
ill,6
t,5
it,5
e,4
r,4
l,4
he,4
stories,4
famous,3
as,3
d,3
authors,3
j,3
his,3
v,3
who,3
o,3
with,3
conrad,3
tells,2
work,2
new,2
so,2
charles,2
for,2
author,2
since,2
city,2
american,2
have,2
men,2
n,2
f,2
that,2
ed,2
him,2
others,2
joseph,2
h,2
other,2
york,2
on,2
story,2
were,2
company,2
ht,2
ale,2
fit,2
short,2
many,2
has,2
irvin,2
el,2
they,2
at,2
fox,2
tl,2
italian,2
rn,1
net,1
mighty,1
hough,1
welding,1
hybrid,1
race,1
ire,1
morris,1
b,1
g,1
peoples,1
ten,1
day,1
fairly,1
sonic,1
k,1
which,1
off,1
x,1
forth,1
field,1
hal,1
bring,1
reveled,1
thins,1
street,1
dorothy,1
con,1
rd,1
not,1
all,1
tale,1
weird,1
mystery,1
zoo,1
piece,1
while,1
lb,1
represented,1
cure,1
what,1
happened,1
c,1
follow,1
pro,1
half,1
forgotten,1
likely,1
ll,1
except,1
only,1
dancer,1
life,1
trig,1
or,1
lian,1
side,1
how,1
two,1
strain,1
nature,1
contend,1
mastery,1
aw,1
w,1
little,1
depleted,1
lines,1
colors,1
delicate,1
budding,1
birch,1
tree,1
thing,1
hall,1
pet,1
told,1
written,1
thai,1
days,1
most,1
americans,1
bear,1
finding,1
their,1
respective,1
audiences,1
special,1
interest,1
inherent,1
these,1
them,1
represent,1
earlier,1
women,1
become,1
lalo,1
also,1
those,1
published,1
first,1
collection,1
edited,1
edward,1
pp,1
series,1
renard,1
this,1
very,1
interesting,1
twenty,1
where,1
been,1
brought,1
together,1
mr,1
from,1
pages,1
hampton,1
magazine,1
editions,1
ted,1
works,1
ranch,1
harris,1
yon,1
according,1
set,1
during,1
three,1
an,1
u,1
house,1
remain,1
po,1
di,1
influences,1
snow,1
well,1
tributes,1
its,1
beauty,1
der,1
effort,1
fin,1
es,1
color,1
bil,1
character,1
portrayal,1
toward,1
note,1
lid,1
ha,1
y,1
too,1
no,1
alan,1
tho,1
au,1
ended,1
death,1
but,1
when,1
flit,1
