term,count
the,27
of,19
and,12
a,10
in,8
most,5
to,4
story,4
white,3
as,3
that,3
is,3
by,3
telephone,2
its,2
have,2
girl,2
with,2
meeting,2
plots,2
novelist,2
conspiracy,2
which,2
hair,2
mr,2
hint,2
course,2
process,2
has,2
it,2
new,2
dog,2
old,1
original,1
taken,1
further,1
chapter,1
every,1
surprise,1
pro,1
long,1
good,1
out,1
strings,1
m,1
knotting,1
devious,1
sir,1
com,1
author,1
knot,1
untying,1
s,1
wife,1
means,1
day,1
popular,1
held,1
vice,1
ad,1
from,1
arthur,1
counter,1
conan,1
ill,1
thrills,1
provides,1
afterward,1
just,1
unseen,1
ushers,1
fact,1
bell,1
ringing,1
dark,1
bes,1
crimson,1
blind,1
night,1
at,1
message,1
fred,1
mysterious,1
himself,1
avails,1
dogs,1
fierce,1
use,1
doyle,1
seek,1
devising,1
saw,1
more,1
neither,1
yet,1
elements,1
into,1
mystery,1
real,1
resolve,1
writer,1
employ,1
york,1
than,1
logical,1
be,1
checkmating,1
could,1
what,1
rf,1
concoction,1
co,1
practice,1
here,1
ingenious,1
writers,1
application,1
since,1
about,1
private,1
persons,1
nor,1
police,1
discovering,1
interested,1
ladies,1
young,1
robe,1
elaborate,1
weaves,1
he,1
fiction,1
lucifer,1
give,1
illustration,1
considerate,1
victor,1
wherefore,1
mo,1
criminal,1
consulting,1
crime,1
pp,1
cases,1
habit,1
formed,1
far,1
so,1
affords,1
