term,count
the,48
of,36
and,24
a,19
in,16
to,15
is,12
i,9
s,9
r,8
her,8
l,7
he,5
that,5
h,5
all,5
with,4
as,4
story,4
its,4
touch,3
has,3
their,3
they,3
she,3
other,3
e,3
it,3
an,3
one,3
young,3
them,3
rather,3
him,3
reader,3
satire,2
love,2
torch,2
on,2
course,2
author,2
little,2
most,2
life,2
purpose,2
ts,2
infant,2
more,2
t,2
at,2
f,2
both,2
theory,2
are,2
there,2
lady,2
n,2
ir,2
but,2
woman,2
ur,2
over,2
amusing,2
tl,2
even,2
fir,2
many,2
does,2
not,2
cost,2
w,2
upon,2
come,2
or,1
airs,1
complications,1
downs,1
surd,1
farts,1
smile,1
account,1
less,1
mast,1
hive,1
ape,1
up,1
u,1
shield,1
mat,1
fear,1
germs,1
make,1
his,1
york,1
fortunes,1
pair,1
mark,1
slut,1
take,1
no,1
need,1
any,1
c,1
spur,1
elder,1
brings,1
think,1
dilettante,1
artist,1
discovered,1
hoe,1
about,1
splendid,1
serious,1
human,1
form,1
tires,1
inure,1
than,1
could,1
ha,1
re,1
entire,1
alt,1
duty,1
lr,1
se,1
cont,1
patter,1
ringside,1
trip,1
merrily,1
time,1
steve,1
per,1
son,1
well,1
bray,1
can,1
fact,1
portentous,1
ira,1
porter,1
stan,1
x,1
places,1
outraging,1
minor,1
fauna,1
fur,1
ltd,1
lu,1
z,1
sheer,1
plausibility,1
still,1
letter,1
sort,1
haw,1
tin,1
running,1
away,1
country,1
where,1
youngster,1
fight,1
y,1
first,1
atoll,1
boy,1
flat,1
sees,1
fit,1
if,1
had,1
greatly,1
enjoyed,1
o,1
eh,1
hay,1
passing,1
laughter,1
itself,1
ideas,1
perhaps,1
because,1
leisure,1
share,1
child,1
mutual,1
really,1
tender,1
fine,1
high,1
unlimited,1
mockery,1
faddists,1
carries,1
theories,1
glad,1
rt,1
phased,1
presented,1
derisive,1
sn,1
portrayal,1
although,1
smiling,1
good,1
gently,1
rasher,1
test,1
highest,1
moment,1
bit,1
delicately,1
done,1
some,1
parts,1
disturbances,1
broadly,1
bat,1
amusingly,1
ia,1
several,1
sill,1
modern,1
fads,1
under,1
mount,1
pen,1
determined,1
labor,1
iii,1
kind,1
treats,1
science,1
nature,1
alp,1
al,1
worth,1
soot,1
measure,1
lo,1
scorn,1
physical,1
inefficiency,1
honest,1
outspoken,1
admiration,1
for,1
developed,1
body,1
enable,1
plenty,1
st,1
arc,1
so,1
writ,1
arouse,1
this,1
law,1
handsome,1
niece,1
while,1
hold,1
qualities,1
manner,1
masterful,1
character,1
clad,1
flue,1
typo,1
sets,1
machinery,1
motion,1
zed,1
inspire,1
action,1
through,1
new,1
certain,1
named,1
lies,1
lora,1
wodehouse,1
d,1
go,1
days,1
these,1
be,1
shows,1
skill,1
humor,1
