term,count
the,47
of,39
and,30
a,23
to,19
as,16
in,15
that,13
letters,12
have,12
it,11
is,10
for,9
their,9
not,7
work,7
english,6
they,6
his,6
this,6
be,6
or,5
s,5
letter,5
but,5
was,5
who,5
he,5
book,5
i,5
some,4
been,4
has,4
which,4
most,4
what,4
volume,4
well,4
having,4
with,4
published,3
one,3
selection,3
present,3
compilers,3
more,3
him,3
all,3
very,3
also,3
do,3
by,3
worth,3
since,3
good,3
value,3
are,3
on,2
best,2
v,2
those,2
may,2
compilation,2
appeared,2
century,2
such,2
eighteenth,2
an,2
interest,2
prof,2
theirs,2
take,2
up,2
can,2
there,2
cook,2
really,2
had,2
down,2
alive,2
when,2
reader,2
modern,2
tile,2
perhaps,2
would,2
specimen,2
we,2
no,2
stevenson,2
pity,2
preceding,2
turn,2
predecessor,2
if,2
will,2
done,2
must,2
from,2
bulk,2
writing,2
you,2
were,2
earlier,2
themselves,2
ever,2
even,1
le,1
knew,1
t,1
trouble,1
method,1
own,1
stiff,1
time,1
upon,1
anne,1
somewhat,1
periods,1
queen,1
begin,1
charm,1
consult,1
scones,1
looking,1
seventeenth,1
osbourne,1
definition,1
nature,1
industry,1
might,1
serve,1
finds,1
ground,1
rewarded,1
motto,1
key,1
valuable,1
dorothy,1
discover,1
taking,1
period,1
sake,1
comparison,1
than,1
witness,1
any,1
friendship,1
literary,1
slow,1
leisure,1
abundant,1
sense,1
melancholy,1
remote,1
conditions,1
subjected,1
ancients,1
write,1
man,1
samoa,1
whom,1
between,1
complete,1
dreams,1
wildest,1
equal,1
public,1
makes,1
classes,1
three,1
combination,1
alone,1
them,1
know,1
already,1
unhappy,1
never,1
entertaining,1
true,1
came,1
postage,1
cheap,1
haystacks,1
distinct,1
anticipated,1
avowed,1
because,1
prefer,1
hesitate,1
compilations,1
two,1
choice,1
inferior,1
proportion,1
great,1
quite,1
yields,1
supplementary,1
matter,1
possessor,1
die,1
lessened,1
distances,1
talk,1
vainly,1
certain,1
out,1
did,1
desire,1
art,1
saying,1
got,1
now,1
while,1
possess,1
needles,1
at,1
searched,1
ending,1
ts,1
reflection,1
first,1
starr,1
g,1
ellen,1
addison,1
fifteen,1
beginning,1
american,1
weight,1
both,1
forming,1
eight,1
supererogation,1
years,1
involved,1
similar,1
worthy,1
centuries,1
four,1
entitled,1
extensive,1
much,1
atlantic,1
ago,1
side,1
harpers,1
compiled,1
baptiste,1
w,1
twenty,1
eighty,1
other,1
currently,1
under,1
portable,1
thin,1
neat,1
co,1
messrs,1
title,1
complied,1
judicious,1
institution,1
same,1
fellow,1
mr,1
yale,1
chairs,1
though,1
hardly,1
epistolary,1
correspondence,1
used,1
call,1
range,1
unlimited,1
includes,1
cicero,1
pliny,1
me,1
de,1
voltaire,1
these,1
foreigners,1
looks,1
seeing,1
part,1
whereas,1
infer,1
pay,1
obligations,1
number,1
acknowledging,1
preface,1
fact,1
least,1
tribute,1
so,1
heard,1
seen,1
air,1
appear,1
does,1
cold,1
passing,1
compiler,1
bring,1
sources,1
familiar,1
famous,1
only,1
gone,1
date,1
amplify,1
glance,1
revise,1
undertaking,1
legitimate,1
perfectly,1
always,1
duplication,1
yet,1
once,1
believe,1
sifted,1
called,1
scott,1
walter,1
sir,1
delightful,1
chaos,1
before,1
inclined,1
still,1
volumes,1
hundred,1
several,1
through,1
wading,1
boswell,1
parlor,1
window,1
meaning,1
could,1
anywhere,1
read,1
lay,1
anything,1
pressing,1
hen,1
example,1
your,1
host,1
hostess,1
readers,1
possessors,1
publishers,1
