term,count
the,124
and,76
of,76
in,69
a,68
is,46
to,41
not,25
that,25
she,23
it,21
one,17
with,17
s,17
as,17
for,16
all,15
at,14
they,14
lady,13
ward,13
mrs,13
his,13
her,13
we,12
have,12
but,12
or,12
be,11
by,11
on,11
who,11
life,11
from,10
merton,10
so,9
an,8
there,8
has,8
are,8
where,8
their,8
them,8
england,7
i,7
can,7
he,6
problem,6
was,6
men,6
this,6
like,6
had,6
come,6
no,6
country,6
canadian,6
did,6
man,6
been,5
born,5
when,5
such,5
home,5
could,5
would,5
here,5
most,5
its,5
own,5
anderson,5
love,5
any,5
great,5
george,5
old,5
new,5
which,5
english,4
now,4
nothing,4
said,4
marriage,4
do,4
should,4
time,4
may,4
story,4
into,4
novel,4
after,4
dewy,3
seriously,3
god,3
your,3
fathers,3
about,3
us,3
through,3
spirit,3
canada,3
ton,3
even,3
queen,3
made,3
you,3
toward,3
et,3
things,3
sand,3
does,3
nature,3
being,3
tale,3
live,3
woman,3
leave,3
father,3
him,3
too,3
antoinette,3
marie,3
colonist,3
then,3
death,3
englishwoman,3
northwest,3
only,3
tho,3
novels,3
u,3
america,3
aristocrats,2
adventure,2
consider,2
forget,2
alive,2
fine,2
yesterday,2
versailles,2
simple,2
shepherdess,2
doubtless,2
give,2
east,2
forgotten,2
brother,2
cultured,2
distinctions,2
husband,2
soon,2
will,2
known,2
problems,2
africa,2
up,2
tried,2
two,2
some,2
unexpected,2
serious,2
congress,2
falls,2
quiet,2
become,2
having,2
novelist,2
year,2
bis,2
type,2
forced,2
represents,2
produces,2
young,2
boy,2
interesting,2
written,2
gentleman,2
well,2
o,2
able,2
many,2
prove,2
granted,2
told,2
wife,2
walk,2
critic,2
hunt,2
order,2
future,2
moment,2
upon,2
portrait,2
eighteenth,2
just,2
women,2
mountains,2
themselves,2
fact,2
grave,2
ways,2
trees,2
freedom,2
ghosts,2
illusions,2
holding,2
cold,2
strange,2
round,2
plebeian,2
little,2
poet,2
always,2
must,2
west,2
still,2
admirably,2
fairy,2
never,2
civilization,2
modern,2
since,2
fault,2
knows,2
ancestors,2
morning,2
century,2
join,2
noble,2
case,1
blood,1
fever,1
nearly,1
merely,1
tn,1
rigorous,1
passion,1
strong,1
incapable,1
convalescing,1
types,1
loss,1
done,1
fitting,1
distraction,1
think,1
provided,1
our,1
est,1
recently,1
mer,1
led,1
decorum,1
provide,1
destinies,1
tea,1
win,1
search,1
dear,1
however,1
reasons,1
horses,1
deal,1
ability,1
earth,1
murmurs,1
forever,1
let,1
high,1
level,1
section,1
absurdly,1
democratic,1
much,1
interested,1
inquire,1
whether,1
depends,1
ghost,1
mayflower,1
half,1
myself,1
sings,1
sun,1
wonderful,1
authority,1
feel,1
condemn,1
melton,1
were,1
right,1
finding,1
band,1
smitten,1
enough,1
moved,1
outdid,1
himself,1
lakes,1
rivers,1
people,1
moon,1
took,1
passage,1
odd,1
required,1
tills,1
brow,1
birth,1
certificate,1
k,1
good,1
custom,1
parents,1
ts,1
something,1
attitude,1
tour,1
say,1
efficiency,1
ganged,1
qualify,1
need,1
steerage,1
homer,1
names,1
dates,1
tim,1
noise,1
mean,1
bacon,1
minister,1
tamer,1
number,1
breeder,1
counted,1
arithmetically,1
every,1
seems,1
show,1
same,1
snipped,1
mail,1
encounters,1
forties,1
disillusionment,1
poets,1
few,1
carry,1
none,1
reminds,1
those,1
wrote,1
between,1
fifties,1
representative,1
consuelo,1
miller,1
levels,1
comes,1
m,1
break,1
down,1
foolish,1
relics,1
possibility,1
except,1
proves,1
makes,1
conveniently,1
robbed,1
balzac,1
eyes,1
start,1
deals,1
disappointment,1
premises,1
boob,1
indeed,1
constructed,1
situation,1
sustained,1
apologist,1
mooted,1
necessary,1
either,1
exile,1
impossible,1
feudal,1
system,1
bo,1
diverse,1
t,1
stops,1
begins,1
anybody,1
fall,1
marry,1
successfully,1
coming,1
occasionally,1
beautifully,1
book,1
disappointing,1
ineffectiveness,1
futility,1
arc,1
r,1
l,1
spelled,1
april,1
temperaments,1
fundamentally,1
marriages,1
circumstances,1
kind,1
heaven,1
experience,1
taught,1
solve,1
creates,1
study,1
presented,1
expanded,1
idyllic,1
epilogue,1
dealing,1
honeymoon,1
unnamed,1
lake,1
careful,1
earnest,1
portrayal,1
together,1
roll,1
pocket,1
reaches,1
drunken,1
sets,1
fire,1
burning,1
four,1
daughters,1
criminal,1
record,1
yukon,1
nevada,1
mining,1
camps,1
planned,1
hold,1
ups,1
montana,1
robs,1
son,1
past,1
drops,1
stupor,1
stage,1
excitement,1
whose,1
western,1
thing,1
lacks,1
heroes,1
faults,1
beg,1
pardon,1
society,1
constituted,1
characters,1
andersen,1
considered,1
american,1
reader,1
entirely,1
existed,1
purest,1
melodramatic,1
villain,1
dead,1
shooting,1
backwoods,1
carried,1
italian,1
towns,1
looks,1
respectful,1
silence,1
bellini,1
move,1
saskatchewan,1
why,1
possibly,1
hers,1
understand,1
tales,1
happily,1
ever,1
realistic,1
formal,1
manner,1
cottage,1
beloved,1
elizabeth,1
police,1
sad,1
hod,1
prevent,1
gang,1
looting,1
pacific,1
without,1
train,1
caricature,1
jesse,1
james,1
finally,1
overlooks,1
bed,1
insists,1
bands,1
wedding,1
genoa,1
very,1
pale,1
spiritual,1
silver,1
tack,1
marvel,1
crook,1
evening,1
park,1
faint,1
hope,1
uncharitable,1
meeting,1
duo,1
de,1
essentially,1
pastoral,1
cataclysm,1
befell,1
cut,1
off,1
if,1
instead,1
sent,1
temple,1
wooden,1
tor,1
shaped,1
coiffures,1
bathed,1
winter,1
hated,1
austrian,1
dull,1
royal,1
tired,1
lofty,1
sit,1
hand,1
liked,1
don,1
smock,1
flowers,1
hair,1
emptied,1
jewels,1
diadem,1
guillotine,1
hills,1
happy,1
ceases,1
becoming,1
pope,1
disturbs,1
universal,1
harmony,1
world,1
broken,1
child,1
sing,1
singing,1
disappointed,1
drift,1
caucasus,1
gravitate,1
klondike,1
south,1
these,1
fit,1
bench,1
angel,1
impunity,1
proper,1
peasant,1
chimney,1
corner,1
often,1
rule,1
kingdoms,1
sphere,1
deviate,1
orbit,1
browning,1
pass,1
easily,1
quickly,1
way,1
another,1
take,1
dignity,1
value,1
greeks,1
matter,1
turn,1
finds,1
called,1
dismissed,1
therefore,1
schoolboy,1
wonder,1
hour,1
appeared,1
serial,1
form,1
believe,1
france,1
widely,1
read,1
earnestly,1
discussed,1
important,1
works,1
fiction,1
what,1
writes,1
virtues,1
certainly,1
overthrown,1
manners,1
morrow,1
keynote,1
premier,1
suggests,1
work,1
leveled,1
feudalism,1
christian,1
judgment,1
gauss,1
digger,1
hamlet,1
feeling,1
business,1
pause,1
before,1
passing,1
shall,1
used,1
fond,1
early,1
chatted,1
immortality,1
philosophers,1
discuss,1
escape,1
everlasting,1
candlelight,1
rise,1
once,1
standing,1
real,1
bare,1
feet,1
grasses,1
equivalent,1
plunge,1
ours,1
diderot,1
fan,1
pieces,1
dressing,1
branched,1
dairymaid,1
lived,1
complex,1
lauded,1
relief,1
sensation,1
under,1
hundred,1
candelabra,1
away,1
sat,1
green,1
gaming,1
tables,1
low,1
hum,1
voices,1
flicked,1
nooks,1
chance,1
set,1
precisely,1
overhead,1
uneven,1
stuccoed,1
ceiling,1
showed,1
pattern,1
tudor,1
roses,1
holbein,1
romney,1
girl,1
black,1
gray,1
twilight,1
d,1
pastures,1
softer,1
than,1
sleep,1
places,1
original,1
ago,1
carpets,1
leather,1
filled,1
rare,1
beautiful,1
cabinets,1
lacquer,1
rarest,1
oriental,1
carved,1
years,1
chairs,1
luxurious,1
sofas,1
gleam,1
rock,1
crystal,1
agate,1
collected,1
stored,1
haunt,1
ancient,1
felt,1
lichened,1
farms,1
generations,1
lives,1
died,1
soil,1
summer,1
leaves,1
air,1
embowered,1
squire,1
farmer,1
present,1
unborn,1
shown,1
discontent,1
oh,1
dissenters,1
cottages,1
church,1
peace,1
put,1
raw,1
untamed,1
land,1
la,1
rearing,1
walls,1
roof,1
timbers,1
hands,1
cumberland,1
cooking,1
sewing,1
baking,1
keep,1
animal,1
landscapes,1
woods,1
uplands,1
cordovan,1
stamped,1
paneled,1
womanhood,1
army,1
officer,1
letta,1
widow,1
shortly,1
nob,1
le,1
refined,1
best,1
aristocracy,1
how,1
draw,1
discontented,1
full,1
inherited,1
european,1
culture,1
appreciates,1
married,1
practically,1
music,1
cinderella,1
reason,1
meet,1
fates,1
lands,1
gives,1
each,1
single,1
soul,1
course,1
terms,1
writing,1
more,1
acute,1
somewhat,1
exaggerated,1
statement,1
fundamental,1
involved,1
italy,1
greek,1
rooms,1
traditions,1
trip,1
rockies,1
sudden,1
face,1
marries,1
settles,1
tenderly,1
nurtured,1
house,1
intentions,1
everything,1
runs,1
wheels,1
servants,1
everybody,1
post,1
drudgery,1
disorder,1
invites,1
knowing,1
art,1
tintoretto,1
poetry,1
acquainted,1
members,1
parliament,1
passed,1
les,1
duchesses,1
calls,1
opens,1
archaeological,1
receiving,1
pleasure,1
suit,1
engaged,1
translating,1
mad,1
spends,1
flitting,1
magazines,1
