term,count
of,66
the,64
and,40
to,30
is,28
in,25
a,22
tile,17
they,13
that,12
it,10
property,8
by,8
not,8
would,8
are,7
be,7
which,7
have,6
with,6
this,6
for,5
but,5
wage,5
state,5
democracy,4
or,4
on,4
plan,4
their,4
from,4
real,4
each,4
those,3
only,3
present,3
few,3
as,3
them,3
share,3
we,3
ill,3
men,3
majority,3
determining,3
can,3
essayists,3
writers,3
club,3
large,3
these,3
mr,3
one,3
cox,2
may,2
many,2
such,2
at,2
any,2
essays,2
will,2
first,2
control,2
believe,2
tills,2
court,2
secure,2
an,2
u,2
workers,2
evil,2
i,2
free,2
tax,2
possession,2
land,2
members,2
if,2
held,2
lightly,2
true,2
rota,2
transfers,2
against,2
analysis,2
electors,2
transactions,2
measures,2
book,2
general,2
very,2
all,2
who,2
none,2
greater,2
character,2
so,2
laws,2
contract,2
main,2
title,2
part,2
end,2
proportion,2
find,2
too,2
much,2
tends,2
gild,2
worse,2
system,2
called,2
distribution,2
slave,2
accumulation,2
earner,1
enable,1
undue,1
prevent,1
agent,1
instrument,1
lack,1
suggest,1
earners,1
hands,1
age,1
exempt,1
source,1
increase,1
refuse,1
steps,1
livelihood,1
form,1
hard,1
settle,1
v,1
answer,1
think,1
differ,1
suit,1
different,1
countries,1
times,1
forced,1
servitude,1
did,1
case,1
england,1
undoubtedly,1
clearly,1
therefore,1
takers,1
idea,1
pay,1
question,1
remedy,1
seizure,1
contribution,1
advocated,1
out,1
worked,1
convincing,1
exposition,1
pretend,1
pol,1
purpose,1
his,1
serious,1
proportioned,1
refits,1
f,1
beyond,1
member,1
product,1
instruments,1
lire,1
thoughtful,1
might,1
under,1
information,1
problem,1
urgent,1
complex,1
interested,1
attention,1
repay,1
amply,1
suggestion,1
rich,1
products,1
arc,1
theories,1
syndicalist,1
collectivist,1
socialist,1
refutation,1
examination,1
work,1
enforcement,1
governed,1
industry,1
smaller,1
broader,1
toward,1
tendency,1
great,1
relatively,1
like,1
effect,1
admit,1
brokers,1
embracing,1
limit,1
small,1
stuck,1
heavily,1
profits,1
s,1
company,1
pretense,1
nacre,1
radical,1
keep,1
associative,1
gilds,1
into,1
formation,1
involves,1
say,1
fair,1
perhaps,1
injustice,1
do,1
must,1
obscure,1
somewhat,1
us,1
seems,1
points,1
elaborate,1
definition,1
profitable,1
couple,1
needed,1
ancient,1
some,1
been,1
has,1
church,1
catholic,1
authority,1
iota,1
recall,1
defends,1
unacquainted,1
reviewer,1
rote,1
body,1
representatives,1
something,1
far,1
degree,1
revived,1
tone,1
sometimes,1
largely,1
interesting,1
certainly,1
technical,1
subtle,1
get,1
does,1
argument,1
hen,1
candid,1
however,1
exercised,1
old,1
finality,1
suggests,1
advantageous,1
social,1
follows,1
explain,1
dedicated,1
collection,1
net,1
calcutta,1
bombay,1
york,1
new,1
london,1
co,1
green,1
mann,1
association,1
defense,1
socialism,1
write,1
intended,1
defend,1
whence,1
principal,1
harmful,1
useful,1
always,1
page,1
placed,1
rousseau,1
citation,1
expressed,1
fairly,1
spirit,1
derives,1
expounded,1
creed,1
indirectly,1
stated,1
ll,1
principle,1
care,1
hold,1
situation,1
disastrous,1
bound,1
mischievous,1
unjust,1
number,1
leaves,1
allows,1
collectivists,1
conviction,1
essential,1
view,1
vesting,1
nationalizing,1
strongly,1
society,1
go,1
bad,1
cause,1
condition,1
food,1
sure,1
was,1
latter,1
than,1
daily,1
dependent,1
man,1
lot,1
indeed,1
master,1
opinion,1
theory,1
law,1
eye,1
welfare,1
natures,1
according,1
arguing,1
sleight,1
shavian,1
shaw,1
r,1
dealing,1
he,1
when,1
o,1
enjoy,1
even,1
wit,1
nimble,1
keenness,1
often,1
vigor,1
hand,1
economic,1
fully,1
questions,1
contributing,1
lives,1
own,1
living,1
capable,1
truly,1
made,1
including,1
disposal,1
enjoyment,1
right,1
actual,1
necessary,1
t,1
th,1
adjustment,1
