term,count
the,77
of,39
to,37
a,26
and,23
is,21
it,19
are,16
that,15
they,15
be,14
by,12
as,11
their,11
his,11
in,10
would,9
for,9
s,9
than,8
interests,8
not,8
more,8
he,8
o,7
mr,6
public,6
class,6
r,6
this,6
unions,6
them,5
if,5
which,5
there,5
such,5
but,5
an,5
have,5
all,4
at,4
roads,4
or,4
h,4
any,4
so,4
those,4
union,4
railway,4
on,4
no,3
its,3
i,3
n,3
t,3
trains,3
while,3
with,3
unionists,3
upon,3
administration,3
loyalty,3
companies,3
who,3
from,3
although,3
was,3
american,3
even,3
pagan,3
railways,3
trouble,3
against,3
officers,2
seek,2
another,2
do,2
nor,2
one,2
positions,2
efforts,2
publicity,2
thoroughly,2
unionized,2
much,2
workers,2
inquiries,2
methods,2
company,2
protect,2
cause,2
leading,2
labor,2
has,2
him,2
fault,2
told,2
f,2
been,2
own,2
what,2
rule,2
general,2
seniority,2
cot,2
throughout,2
road,2
unionist,2
should,2
nut,2
result,2
crossing,2
train,2
m,2
will,2
demand,2
were,2
selfish,2
ii,2
can,2
through,2
looks,2
d,2
situation,2
may,2
represented,2
superiors,2
into,2
facts,2
why,2
together,2
j,2
years,2
other,2
our,2
friend,2
among,2
world,2
whose,2
deadliest,2
very,2
find,2
difficult,2
out,2
pick,2
over,2
better,2
possible,2
articles,2
well,2
efficiency,2
causes,2
railroads,2
obscure,2
accidents,2
systems,2
best,2
rowan,1
like,1
faithful,1
justifying,1
professional,1
discourage,1
duty,1
makers,1
tin,1
ram,1
obviously,1
espouse,1
perform,1
first,1
wounds,1
faith,1
thoughts,1
hint,1
could,1
existence,1
led,1
st,1
unless,1
mockery,1
these,1
represent,1
remove,1
theoretically,1
watt,1
occurrence,1
unmanageable,1
near,1
destructive,1
steins,1
injuring,1
fire,1
lit,1
created,1
wooden,1
betray,1
actual,1
demoralizes,1
how,1
handicap,1
exceptional,1
rewards,1
often,1
bridge,1
manager,1
extinguish,1
equality,1
discrimination,1
ts,1
friends,1
holiday,1
w,1
b,1
took,1
observe,1
following,1
imperiled,1
might,1
objects,1
about,1
engineers,1
practically,1
son,1
non,1
ac,1
tb,1
nullified,1
both,1
handed,1
nominally,1
thai,1
disclosures,1
unsparing,1
high,1
support,1
same,1
become,1
representatives,1
found,1
arrayed,1
men,1
sir,1
remedy,1
acts,1
consequences,1
th,1
faults,1
injustice,1
neglect,1
individually,1
arc,1
accomplished,1
only,1
sac,1
something,1
helpless,1
subordinate,1
valuable,1
individuals,1
tho,1
substituted,1
employer,1
organized,1
report,1
analysis,1
good,1
work,1
fellow,1
disciplined,1
sec,1
requiring,1
lie,1
responsible,1
anything,1
filled,1
man,1
think,1
everything,1
covers,1
three,1
consists,1
y,1
body,1
c,1
won,1
authority,1
see,1
restore,1
consulted,1
suggests,1
correct,1
industrial,1
admits,1
secrecy,1
compulsory,1
signature,1
alt,1
right,1
ia,1
reference,1
up,1
drawn,1
commandments,1
ten,1
according,1
prevent,1
watchmen,1
bottom,1
nothing,1
conspiracy,1
apparent,1
investigates,1
jury,1
coroner,1
fatal,1
when,1
ever,1
authoritative,1
obvious,1
novel,1
views,1
moreover,1
speak,1
qualified,1
writer,1
bottles,1
rivals,1
silence,1
discreditable,1
butchers,1
nave,1
having,1
example,1
set,1
favor,1
fear,1
show,1
surest,1
army,1
authorities,1
most,1
some,1
desired,1
leave,1
incidents,1
regrettable,1
governmental,1
admirable,1
each,1
bin,1
interesting,1
necessary,1
remains,1
larger,1
mileage,1
during,1
passenger,1
single,1
kill,1
several,1
true,1
nation,1
score,1
use,1
americans,1
form,1
volume,1
appear,1
transportation,1
illuminating,1
james,1
europe,1
clean,1
topic,1
pullman,1
accordingly,1
passage,1
under,1
quivering,1
actually,1
roadbeds,1
alternate,1
construction,1
west,1
deaths,1
growing,1
developed,1
highly,1
comes,1
disaster,1
fact,1
alter,1
does,1
investigations,1
make,1
begin,1
point,1
case,1
illustrates,1
itself,1
suffers,1
extremes,1
pushed,1
hits,1
interest,1
made,1
twenty,1
objection,1
standpoint,1
organization,1
justify,1
done,1
doubt,1
impossible,1
degree,1
signalman,1
eight,1
underpaid,1
service,1
advantage,1
sacrifice,1
must,1
group,1
paid,1
transfer,1
groups,1
limited,1
entire,1
without,1
inflexible,1
open,1
promotion,1
line,1
nevertheless,1
bis,1
kind,1
mark,1
scandalous,1
keepers,1
thus,1
asserts,1
power,1
great,1
using,1
prime,1
trades,1
prove,1
far,1
goes,1
tores,1
discipline,1
greater,1
truth,1
desire,1
light,1
penetrating,1
ray,1
throws,1
book,1
demoralize,1
seem,1
overawe,1
amendment,1
trainmen,1
unorganized,1
problems,1
hands,1
tracks,1
highways,1
crossings,1
caused,1
opinion,1
run,1
appreciated,1
once,1
serious,1
discloses,1
employers,1
care,1
ostensible,1
rather,1
defend,1
