term,count
the,15
of,13
and,11
with,8
a,8
in,7
o,5
his,5
is,5
he,3
to,3
texan,3
it,3
him,3
are,2
became,2
shadow,2
until,2
was,2
but,2
art,2
world,2
its,2
still,2
an,2
love,2
who,2
expressed,1
lead,1
many,1
people,1
gropes,1
crowded,1
sn,1
god,1
pases,1
ode,1
id,1
rather,1
itself,1
whom,1
into,1
story,1
soul,1
bis,1
devoted,1
forth,1
cast,1
they,1
then,1
woman,1
nude,1
me,1
especially,1
book,1
feeling,1
spirit,1
final,1
while,1
sentence,1
atmosphere,1
scenery,1
when,1
environment,1
hero,1
handling,1
which,1
those,1
says,1
much,1
wife,1
theft,1
vitality,1
ambitions,1
seems,1
truth,1
drawn,1
southwest,1
figure,1
within,1
spring,1
arthur,1
whoso,1
himself,1
straggles,1
achievements,1
struggles,1
concerned,1
co,1
f,1
k,1
novel,1
new,1
guy,1
desire,1
by,1
told,1
them,1
cam,1
man,1
b,1
plains,1
ula,1
h,1
v,1
romance,1
breast,1
serve,1
picture,1
i,1
symbolical,1
painted,1
had,1
that,1
discovered,1
brethren,1
brush,1
paint,1
dollied,1
be,1
lived,1
tongue,1
her,1
inspiring,1
preached,1
successful,1
force,1
stronger,1
preacher,1
become,1
wished,1
mother,1
saintly,1
lave,1
els,1
