term,count
the,30
of,23
t,17
and,17
is,14
to,12
s,12
in,10
ill,9
i,9
a,8
by,8
stephen,7
his,6
l,6
tile,6
it,6
that,5
be,5
if,5
h,5
essays,5
n,5
are,5
on,4
for,4
so,4
which,4
leslie,4
with,4
plain,4
one,4
he,4
not,3
will,3
speaking,3
them,3
from,3
f,3
sir,3
free,3
lit,2
d,2
more,2
ty,2
ii,2
reading,2
than,2
tilt,2
r,2
lot,2
sentence,2
paper,2
o,2
or,2
question,2
essay,2
words,2
years,2
tl,2
know,2
master,2
called,2
v,2
much,2
upon,2
thinker,2
as,2
herbert,2
written,2
papers,2
new,2
originally,2
these,2
whom,2
paul,2
many,2
bryce,2
here,2
james,2
w,2
have,2
other,2
cs,1
where,1
but,1
print,1
out,1
same,1
been,1
animals,1
book,1
lille,1
easily,1
men,1
this,1
has,1
pleasing,1
matter,1
ix,1
ned,1
several,1
pope,1
something,1
furnish,1
known,1
xi,1
ts,1
rt,1
ff,1
rn,1
th,1
u,1
pl,1
stilettos,1
you,1
numbers,1
put,1
re,1
there,1
because,1
st,1
reason,1
immortality,1
soul,1
lust,1
lye,1
material,1
bad,1
an,1
answer,1
application,1
art,1
quite,1
affirmative,1
while,1
still,1
further,1
characteristics,1
bernard,1
de,1
fable,1
climber,1
bees,1
mountain,1
great,1
was,1
minutes,1
provides,1
begin,1
we,1
why,1
well,1
should,1
refused,1
cats,1
admirable,1
fortunately,1
authentic,1
dog,1
watched,1
what,1
said,1
ten,1
may,1
thus,1
apology,1
its,1
grave,1
another,1
all,1
asks,1
ll,1
hutch,1
tn,1
get,1
appreciative,1
historian,1
however,1
safe,1
learned,1
own,1
gathered,1
dry,1
admirers,1
reader,1
positive,1
biographical,1
sense,1
exhilaration,1
g,1
last,1
mr,1
first,1
road,1
quick,1
change,1
dead,1
critically,1
review,1
ly,1
late,1
thinking,1
introductory,1
works,1
mo,1
pp,1
york,1
sons,1
knickerbocker,1
press,1
published,1
modernness,1
quarterly,1
freshness,1
commend,1
who,1
read,1
before,1
they,1
introduced,1
two,1
both,1
printed,1
living,1
most,1
people,1
force,1
me,1
church,1
x,1
man,1
real,1
nature,1
broad,1
k,1
sundry,1
scientific,1
into,1
began,1
lilt,1
ally,1
ho,1
wilt,1
hi,1
only,1
ex,1
pi,1
lin,1
wit,1
literal,1
sen,1
pr,1
itself,1
clergyman,1
lt,1
ant,1
presently,1
gave,1
up,1
orders,1
come,1
c,1
hound,1
together,1
those,1
whit,1
singular,1
vigor,1
applies,1
speech,1
situation,1
christian,1
religion,1
finds,1
mere,1
