term,count
the,127
of,80
and,66
in,46
to,38
a,37
he,34
was,27
his,18
that,17
for,15
it,14
had,13
at,12
church,11
as,10
by,10
be,10
an,9
not,8
but,8
which,8
one,8
wilmer,7
south,7
s,7
states,6
prayer,6
is,6
war,6
civil,6
so,6
were,6
episcopal,6
all,6
are,5
many,5
when,5
would,5
part,5
with,5
from,5
bishop,5
this,5
virginia,4
position,4
never,4
who,4
life,4
about,4
them,4
few,4
or,4
us,4
orders,4
great,4
confederacy,4
on,4
t,4
good,4
other,4
been,4
time,4
i,4
him,4
wit,3
here,3
h,3
united,3
force,3
they,3
book,3
its,3
no,3
conversation,3
old,3
work,3
southern,3
there,3
after,3
state,3
under,3
rock,3
culture,3
authorities,3
president,3
do,3
americans,3
lie,3
their,3
men,3
people,3
ordered,3
we,3
day,3
being,3
up,3
er,2
you,2
john,2
became,2
bought,2
hie,2
hi,2
however,2
sold,2
reflection,2
urged,2
l,2
slavery,2
make,2
ho,2
favor,2
story,2
because,2
why,2
may,2
our,2
used,2
come,2
must,2
defeat,2
out,2
power,2
am,2
done,2
mr,2
now,2
took,2
issued,2
received,2
general,2
finally,2
women,2
hat,2
incident,2
contest,2
landing,2
soon,2
order,2
alabama,2
what,2
immediately,2
found,2
american,2
ever,2
union,2
far,2
pilgrim,2
conundrum,2
money,2
america,2
only,2
while,2
plymouth,2
fathers,2
went,2
himself,2
co,2
will,2
gen,2
personal,2
country,2
way,2
hen,2
came,2
heard,2
whom,2
present,2
independence,2
told,2
died,2
education,2
give,2
desire,2
still,2
thomas,2
best,2
art,2
fr,2
exercise,2
first,2
some,2
language,2
did,2
more,2
richard,2
hooker,2
constant,1
recently,1
bishops,1
efficient,1
believes,1
conference,1
dowers,1
london,1
reunion,1
strongly,1
grief,1
seek,1
melody,1
always,1
opposed,1
larger,1
gave,1
lon,1
hearing,1
means,1
tired,1
forth,1
burst,1
times,1
most,1
wider,1
knowledge,1
calling,1
command,1
years,1
numerous,1
later,1
greater,1
hear,1
condemned,1
fierce,1
sometimes,1
illustrations,1
ideas,1
value,1
require,1
others,1
into,1
endeavors,1
put,1
restored,1
advice,1
illustration,1
meantime,1
insult,1
studied,1
couched,1
warn,1
revoked,1
help,1
alon,1
acknowledged,1
vii,1
justice,1
upheld,1
thoma,1
pleasant,1
washington,1
carried,1
violate,1
regular,1
profit,1
pleasure,1
formal,1
said,1
forced,1
own,1
york,1
enhance,1
departed,1
net,1
early,1
taken,1
ate,1
question,1
use,1
close,1
wipe,1
yeats,1
both,1
feeling,1
bitter,1
train,1
behind,1
left,1
closed,1
new,1
x,1
progressive,1
possess,1
late,1
end,1
toward,1
softened,1
irresistible,1
feelings,1
mind,1
ge,1
charming,1
chan,1
nationalities,1
inflexible,1
replied,1
know,1
gratifying,1
bite,1
civilization,1
dog,1
hair,1
proverb,1
least,1
believe,1
worst,1
realize,1
leas,1
poorest,1
letters,1
praises,1
languishes,1
surpassing,1
below,1
arts,1
benefaction,1
achieve,1
mead,1
indeed,1
think,1
accomplish,1
can,1
anything,1
waters,1
even,1
consider,1
robert,1
worth,1
axe,1
perhaps,1
encourage,1
el,1
g,1
ryan,1
shortcoming,1
nor,1
asylum,1
volume,1
north,1
ad,1
thing,1
hardest,1
deficiency,1
pointing,1
say,1
improvement,1
ha,1
party,1
written,1
invented,1
much,1
chapters,1
maury,1
harry,1
explains,1
gem,1
addressed,1
chiefly,1
those,1
younger,1
propound,1
induced,1
wu,1
promised,1
national,1
immunity,1
lose,1
calmly,1
sir,1
beg,1
rich,1
doe,1
gt,1
endeavoring,1
acquire,1
commendable,1
bringing,1
blurted,1
face,1
home,1
except,1
joke,1
host,1
read,1
licked,1
she,1
sense,1
lazarus,1
like,1
mental,1
advantage,1
defending,1
fame,1
arms,1
take,1
determined,1
sympathize,1
ardently,1
established,1
well,1
career,1
beyond,1
spread,1
worker,1
preacher,1
nut,1
company,1
broke,1
ebb,1
sunk,1
lifework,1
upon,1
entered,1
va,1
alexandria,1
neap,1
seminary,1
theological,1
yale,1
fighting,1
raised,1
verdict,1
knoxville,1
doted,1
sours,1
battles,1
fight,1
pub,1
z,1
price,1
j,1
jacobs,1
w,1
george,1
tenn,1
rector,1
vicinity,1
c,1
ly,1
ni,1
sec,1
back,1
sent,1
sober,1
weeks,1
marching,1
drilling,1
began,1
nd,1
educated,1
family,1
maryland,1
fresh,1
splendid,1
man,1
remarkable,1
truly,1
generation,1
dispassionately,1
viewed,1
remote,1
sufficiently,1
important,1
played,1
events,1
memory,1
billiards,1
appropriate,1
comes,1
biography,1
stories,1
characters,1
have,1
parts,1
southerners,1
hunt,1
fought,1
supported,1
how,1
presence,1
scholar,1
practiced,1
latin,1
expert,1
horseman,1
fine,1
d,1
humorist,1
noted,1
champion,1
saints,1
dunned,1
debt,1
vicissitudes,1
through,1
economist,1
practical,1
cause,1
field,1
hunting,1
shot,1
dead,1
pulpit,1
eloquence,1
event,1
ordinary,1
recording,1
each,1
right,1
history,1
letter,1
ties,1
devastation,1
government,1
military,1
yet,1
dropped,1
course,1
fell,1
secession,1
until,1
service,1
corresponding,1
place,1
liturgy,1
overwhelmed,1
tho,1
lasted,1
long,1
set,1
briefly,1
famous,1
account,1
peculiar,1
powers,1
spirit,1
showed,1
engaged,1
surrounded,1
conquering,1
eventually,1
asked,1
sake,1
science,1
con,1
persecuted,1
themselves,1
cordial,1
houses,1
private,1
held,1
services,1
if,1
die,1
o,1
re,1
churches,1
requiring,1
ill,1
against,1
action,1
hints,1
smarting,1
wins,1
traitor,1
pronounce,1
tough,1
commander,1
threshold,1
institution,1
shattered,1
stewart,1
ed,1
argue,1
could,1
nevertheless,1
hum,1
rob,1
income,1
par,1
large,1
poverty,1
father,1
provided,1
borrowed,1
fragments,1
traders,1
bout,1
negroes,1
once,1
slave,1
led,1
grew,1
dower,1
wife,1
slaves,1
believed,1
her,1
almost,1
thereafter,1
such,1
before,1
gather,1
courageously,1
over,1
conflict,1
during,1
annihilation,1
saved,1
spirits,1
energy,1
courage,1
existence,1
march,1
richmond,1
consecrated,1
confederate,1
instead,1
season,1
due,1
hut,1
cy,1
any,1
ned,1
seceded,1
gain,1
occupied,1
degrees,1
