term,count
the,58
of,51
i,33
in,29
and,27
a,26
is,23
he,22
to,19
his,19
with,14
for,13
has,11
that,10
it,10
woodward,9
o,7
t,7
ha,7
s,7
who,6
tile,6
one,6
novel,6
l,5
ideas,5
at,5
from,5
new,5
we,5
by,5
are,4
on,4
too,4
michael,4
j,4
fiction,4
not,4
much,4
bread,4
bunk,4
as,4
into,4
its,4
an,4
this,4
many,4
something,3
q,3
have,3
cheap,3
human,3
modern,3
play,3
circuses,3
upon,3
another,3
man,3
method,3
us,3
inn,3
high,3
wit,3
but,3
life,3
was,3
expert,3
old,3
th,3
merely,3
amusing,2
form,2
note,2
them,2
be,2
say,2
any,2
him,2
how,2
running,2
reader,2
present,2
sure,2
other,2
sheet,2
book,2
placed,2
mind,2
think,2
or,2
story,2
reality,2
through,2
real,2
theory,2
philosophy,2
emotion,2
ill,2
tar,2
so,2
h,2
business,2
still,2
two,2
extent,2
adventuring,2
humorist,2
there,2
off,2
woman,2
mr,2
hi,2
comfortable,2
hill,2
no,2
shall,2
le,2
men,2
people,2
movie,2
greed,2
tinsel,2
world,2
character,2
de,2
meredith,1
indifferent,1
ernest,1
theodore,1
cooper,1
boys,1
abstract,1
professor,1
fell,1
est,1
chemist,1
expresses,1
ra,1
contributes,1
coleridge,1
jean,1
secretary,1
epicurean,1
po,1
novelty,1
extends,1
artist,1
includes,1
local,1
b,1
attitude,1
kipp,1
far,1
tho,1
substitute,1
possible,1
explained,1
further,1
viola,1
superficial,1
called,1
odd,1
dealing,1
living,1
makes,1
hut,1
profundity,1
forgotten,1
some,1
characterization,1
ts,1
pl,1
harley,1
lady,1
edits,1
wife,1
domain,1
deals,1
hit,1
bur,1
pictures,1
am,1
stories,1
tells,1
fool,1
doses,1
definitely,1
interest,1
tiling,1
bonds,1
extremes,1
only,1
mortgages,1
pa,1
harmony,1
purpose,1
lollipop,1
fantasy,1
aladdin,1
p,1
amusement,1
finds,1
ends,1
boldly,1
hearty,1
moves,1
journalism,1
humor,1
lot,1
eyes,1
commerce,1
napoleon,1
fir,1
weak,1
necks,1
e,1
suet,1
won,1
pity,1
former,1
ne,1
going,1
edwin,1
entertain,1
girt,1
primary,1
sometimes,1
soy,1
really,1
hie,1
somewhere,1
certainly,1
racy,1
satirist,1
well,1
poet,1
depth,1
also,1
follies,1
laughing,1
exposing,1
spirit,1
king,1
term,1
young,1
thinks,1
criticism,1
considerable,1
ted,1
may,1
children,1
tommy,1
tragedy,1
sleek,1
tn,1
puckish,1
star,1
picture,1
moving,1
queenly,1
parents,1
thornton,1
gathering,1
romance,1
inhibitions,1
brings,1
wayne,1
doubt,1
had,1
place,1
yet,1
lie,1
ff,1
touches,1
burlesque,1
turns,1
genial,1
thin,1
lion,1
repel,1
idea,1
ills,1
interrelation,1
ironical,1
m,1
addition,1
worthy,1
tiffs,1
live,1
astral,1
fuses,1
mot,1
ponderous,1
passion,1
lacks,1
dramatists,1
down,1
hardy,1
employed,1
lest,1
demanded,1
standard,1
if,1
lack,1
todd,1
tinny,1
paint,1
definite,1
without,1
stops,1
ad,1
jut,1
standpoint,1
fm,1
then,1
use,1
certain,1
rh,1
honest,1
selects,1
does,1
anything,1
r,1
matter,1
discussion,1
view,1
burled,1
been,1
hand,1
pine,1
her,1
futile,1
ii,1
odyssey,1
mention,1
inserter,1
episodic,1
viewed,1
reenters,1
buford,1
tory,1
conception,1
happy,1
u,1
blinking,1
sophisticated,1
capital,1
pretense,1
vanity,1
gone,1
again,1
satire,1
ribaldry,1
intellectual,1
delighted,1
ago,1
years,1
brothers,1
harper,1
york,1
whole,1
x,1
lad,1
ell,1
levee,1
over,1
type,1
playing,1
were,1
though,1
rood,1
types,1
all,1
video,1
interested,1
quite,1
lank,1
manner,1
read,1
making,1
somewhat,1
year,1
rounded,1
nd,1
words,1
seriousness,1
v,1
several,1
packed,1
however,1
prey,1
longer,1
where,1
utopia,1
future,1
about,1
windy,1
grows,1
brutality,1
contact,1
sting,1
rapier,1
lost,1
urge,1
utilitarian,1
taken,1
novels,1
wisdom,1
these,1
vantage,1
proprietor,1
beginning,1
sophistication,1
flair,1
novelist,1
material,1
background,1
connecticut,1
corner,1
northwest,1
lovely,1
echo,1
characters,1
group,1
individualistic,1
highly,1
chronicled,1
most,1
point,1
cynicism,1
rather,1
grown,1
retired,1
breadth,1
contrast,1
order,1
social,1
gamut,1
instead,1
brought,1
design,1
within,1
force,1
tour,1
unique,1
artifice,1
built,1
arc,1
occasionally,1
fails,1
added,1
qualities,1
passes,1
before,1
review,1
did,1
eat,1
do,1
put,1
philosopher,1
week,1
day,1
others,1
lug,1
ebb,1
scheme,1
personal,1
own,1
expression,1
reactions,1
benefit,1
show,1
passing,1
observe,1
clark,1
