term,count
the,127
of,66
and,58
she,42
to,39
is,36
that,36
a,34
it,33
in,31
i,23
with,19
which,17
not,16
has,14
webster,14
mrs,13
secret,13
as,12
have,12
but,12
for,11
by,11
all,11
been,11
her,9
on,9
order,9
be,9
s,9
international,8
was,8
were,7
freemasonry,7
at,7
are,7
against,7
if,7
there,6
revolution,6
organized,6
from,6
said,5
its,5
other,5
an,5
world,5
grand,5
one,5
this,5
who,5
tradition,5
finance,5
any,4
movements,4
present,4
last,4
h,4
between,4
societies,4
we,4
ritual,4
more,4
or,4
might,4
only,4
government,4
would,4
theosophy,3
states,3
easy,3
rs,3
subversive,3
protocols,3
labor,3
into,3
true,3
so,3
them,3
side,3
liberty,3
too,3
orient,3
two,3
our,3
whom,3
upon,3
their,3
social,3
now,3
had,3
open,3
each,3
under,3
jews,3
even,3
j,3
revolt,3
agrees,3
book,3
than,2
sees,2
done,2
about,2
author,2
movement,2
tells,2
does,2
joly,2
fit,2
organizations,2
l,2
george,2
henry,2
ford,2
great,2
similarities,2
act,2
modern,2
freemason,2
low,2
out,2
say,2
see,2
find,2
state,2
deal,2
chaos,2
mouth,2
his,2
although,2
fought,2
war,2
yet,2
him,2
do,2
volume,2
can,2
political,2
work,2
put,2
money,2
moment,2
five,2
means,2
price,2
m,2
secrecy,2
many,2
medieval,2
guilds,2
evidence,2
then,2
known,2
germany,2
crag,2
conclusion,2
back,2
church,2
writers,2
same,2
conspiracy,2
century,2
what,2
con,2
revolutionary,2
second,2
country,2
ku,2
real,2
books,2
attack,2
christian,2
oral,2
must,2
mysterious,2
nothing,2
convincing,2
fostered,2
fraternity,2
central,2
condemns,2
enough,2
word,2
further,2
theory,2
goes,2
menaced,2
conditions,2
established,2
attacked,2
form,2
almost,2
up,2
esperanto,2
says,2
unions,2
england,2
french,2
united,2
generation,2
literary,1
artistic,1
turn,1
will,1
profit,1
concludes,1
wealthy,1
most,1
where,1
web,1
fifty,1
synonymous,1
finally,1
hostility,1
ease,1
cease,1
flourishes,1
ever,1
national,1
grit,1
character,1
wake,1
complains,1
frightful,1
pays,1
while,1
security,1
peace,1
amid,1
exposure,1
extreme,1
springs,1
commerce,1
industry,1
like,1
eye,1
half,1
clear,1
unpatriotic,1
these,1
pacifists,1
aroused,1
winks,1
party,1
nationalism,1
circles,1
printed,1
paralleled,1
hod,1
escape,1
historical,1
thinks,1
revenue,1
radicals,1
material,1
st,1
past,1
orders,1
first,1
fat,1
taking,1
divided,1
bound,1
thick,1
cost,1
machinations,1
baneful,1
engaged,1
justifies,1
hardly,1
ale,1
affected,1
publication,1
jewish,1
financiers,1
funds,1
avers,1
represented,1
misquoted,1
kind,1
ave,1
protocol,1
ramifications,1
innumerable,1
follows,1
horrendous,1
enumerates,1
facts,1
come,1
peculation,1
leave,1
wishes,1
averring,1
contend,1
principal,1
offensive,1
ties,1
council,1
inner,1
years,1
thousand,1
provocateur,1
exploded,1
wrote,1
elders,1
let,1
every,1
identical,1
whole,1
ordered,1
created,1
accidental,1
could,1
works,1
presidential,1
once,1
recent,1
conservative,1
c,1
behavior,1
point,1
influence,1
copied,1
proved,1
existence,1
enumerated,1
protected,1
enemy,1
already,1
di,1
powers,1
directing,1
should,1
various,1
prevented,1
thrones,1
proven,1
regards,1
insidious,1
internationalism,1
nor,1
possible,1
degradingly,1
immoral,1
re,1
ore,1
post,1
fulminations,1
che,1
points,1
opinion,1
tottering,1
ree,1
declaring,1
law,1
later,1
sane,1
homes,1
imperiled,1
follow,1
program,1
th,1
cooperating,1
found,1
genuine,1
o,1
course,1
d,1
those,1
appendix,1
six,1
nearly,1
save,1
civilization,1
independently,1
devotes,1
authenticity,1
governments,1
defense,1
today,1
newspaper,1
london,1
unofficial,1
articles,1
bu,1
aeries,1
makes,1
admits,1
information,1
bottle,1
relations,1
blown,1
exists,1
amongst,1
disclosures,1
surest,1
ar,1
ewe,1
enlightened,1
gentiles,1
mass,1
concealed,1
aspirations,1
code,1
yiddish,1
indeed,1
adduce,1
falling,1
zion,1
jewry,1
eiders,1
nature,1
peril,1
famous,1
such,1
christianity,1
confronting,1
destruction,1
domination,1
european,1
polities,1
object,1
resemblance,1
behalf,1
quarter,1
identify,1
face,1
brotherliness,1
hut,1
heard,1
probably,1
emotions,1
diverse,1
also,1
monarch,1
frederick,1
de,1
silvester,1
blasphemies,1
z,1
sub,1
mr,1
clarion,1
man,1
emphatic,1
enter,1
sic,1
quotes,1
water,1
thia,1
affairs,1
unfamiliar,1
seems,1
benediction,1
notion,1
ancient,1
ian,1
looks,1
account,1
times,1
separated,1
widely,1
psychological,1
psychic,1
sameness,1
general,1
differences,1
radical,1
ignores,1
likenesses,1
superficial,1
purpose,1
origin,1
analogies,1
car,1
pythagoreans,1
kin,1
r,1
christ,1
anti,1
else,1
knights,1
voltaire,1
links,1
older,1
traces,1
pronounced,1
klux,1
thesis,1
discontent,1
beginning,1
since,1
before,1
target,1
bullseye,1
series,1
down,1
passed,1
show,1
attempts,1
religion,1
reactionary,1
economic,1
due,1
voluminous,1
advanced,1
here,1
elaborates,1
sensational,1
bent,1
silas,1
co,1
york,1
new,1
pp,1
nesta,1
enemies,1
passing,1
eighteenth,1
library,1
ignore,1
democratic,1
chosen,1
fair,1
praise,1
ire,1
especial,1
arouses,1
europe,1
continental,1
harmless,1
esoteric,1
worked,1
supposed,1
ideas,1
weakened,1
either,1
france,1
together,1
tie,1
they,1
democracy,1
brief,1
holds,1
socialism,1
reads,1
abhorrent,1
principles,1
equality,1
controversy,1
no,1
support,1
strangely,1
agitators,1
ambitions,1
readily,1
themselves,1
lend,1
inspiring,1
awe,1
oaths,1
terrifying,1
suspect,1
ts,1
propaganda,1
feel,1
use,1
how,1
takes,1
smoke,1
underneath,1
fire,1
some,1
considering,1
worth,1
cover,1
groups,1
force,1
se,1
formation,1
prompts,1
away,1
ea,1
statement,1
documented,1
tend,1
issue,1
ry,1
age,1
bull,1
pope,1
just,1
toenail,1
tooth,1
catholic,1
roman,1
occasion,1
particular,1
thought,1
often,1
concedes,1
cult,1
atmosphere,1
forth,1
leap,1
colonial,1
did,1
wonder,1
begin,1
box,1
therefrom,1
conclude,1
wicked,1
adam,1
laughed,1
thoroughly,1
forerunners,1
behind,1
joshua,1
master,1
moses,1
writer,1
masonic,1
oliver,1
rev,1
thing,1
hostile,1
inspiration,1
sources,1
testament,1
old,1
t,1
wardens,1
thus,1
overturn,1
bolshevist,1
strong,1
masons,1
fact,1
damning,1
dwell,1
may,1
strongly,1
however,1
content,1
obviously,1
deputy,1
pro,1
watch,1
men,1
us,1
ell,1
ll,1
propagandists,1
history,1
mystics,1
company,1
fascinating,1
astrologers,1
alchemists,1
stone,1
philosopher,1
sought,1
whispered,1
much,1
being,1
sinister,1
effective,1
becomes,1
maintains,1
still,1
degrees,1
three,1
thirty,1
names,1
gives,1
society,1
left,1
nowadays,1
