term,count
the,160
of,116
and,45
to,40
a,31
in,30
was,23
for,18
that,14
as,13
his,12
i,12
s,12
he,12
t,11
is,10
e,10
by,10
at,10
this,10
or,10
not,9
an,9
which,8
but,8
diplomacy,8
their,7
d,7
o,7
hill,7
had,7
who,7
with,7
tile,7
it,7
italy,6
states,6
from,6
be,6
these,6
th,6
pope,5
volume,5
were,5
all,5
el,5
international,5
years,5
idea,5
time,5
europe,5
l,5
f,4
emperor,4
into,4
charles,4
mr,4
would,4
work,4
dr,4
world,4
new,4
h,4
change,4
did,4
on,4
place,4
first,4
so,4
n,4
great,3
universal,3
none,3
v,3
him,3
well,3
they,3
men,3
powers,3
france,3
tn,3
treats,3
hand,3
ad,3
rise,3
r,3
far,3
power,3
period,3
viii,3
upon,3
toward,3
no,3
history,3
when,3
took,3
able,3
many,3
changes,3
peace,3
page,3
modern,3
important,3
one,3
has,3
balancing,3
times,3
such,3
than,3
its,3
himself,3
became,3
radical,2
really,2
reader,2
more,2
done,2
author,2
nd,2
though,2
id,2
now,2
ii,2
er,2
what,2
interesting,2
out,2
thus,2
taken,2
p,2
monarchs,2
too,2
england,2
story,2
been,2
just,2
mill,2
we,2
vii,2
up,2
considerable,2
nations,2
maintain,2
come,2
empire,2
spain,2
recognized,2
w,2
learned,2
ix,2
italian,2
st,2
without,2
example,2
hook,2
rome,2
similar,2
j,2
minister,2
cardinal,2
her,2
confines,2
u,2
office,2
man,2
thai,2
much,2
european,2
xi,2
louis,2
day,2
alliances,2
schemes,2
aggrandizement,2
relations,2
some,2
influence,2
views,2
older,2
either,2
see,2
later,2
c,2
policy,2
exercise,2
right,2
hands,2
will,2
real,2
purpose,2
re,2
may,2
motives,2
york,2
secular,2
since,2
another,2
account,2
second,2
four,1
late,1
motif,1
hat,1
becomes,1
given,1
clearer,1
abrupt,1
publication,1
centuries,1
early,1
describe,1
me,1
prof,1
part,1
poor,1
honor,1
churchman,1
li,1
arty,1
invasion,1
warlike,1
before,1
william,1
justly,1
says,1
holiday,1
review,1
thirteen,1
rearmed,1
journey,1
make,1
messenger,1
special,1
required,1
twenty,1
space,1
short,1
fact,1
refers,1
bishop,1
lie,1
books,1
campaign,1
creme,1
adventure,1
lat,1
reg,1
tie,1
reward,1
parade,1
whom,1
like,1
ill,1
ll,1
under,1
profound,1
moves,1
deference,1
shrewd,1
prominence,1
subject,1
very,1
appreciates,1
bismarck,1
declaration,1
poll,1
powerful,1
henry,1
estate,1
high,1
risen,1
brief,1
hall,1
alone,1
san,1
sheer,1
unselfish,1
greater,1
hailed,1
son,1
naples,1
march,1
gates,1
open,1
hastened,1
cities,1
strong,1
deliverer,1
us,1
invader,1
convince,1
made,1
saturday,1
reputation,1
because,1
country,1
friend,1
she,1
k,1
bowed,1
italians,1
coming,1
devil,1
soc,1
hence,1
fine,1
received,1
pall,1
whether,1
finally,1
na,1
westphalia,1
concludes,1
germany,1
thirty,1
leaders,1
elizabeth,1
intricate,1
chapter,1
last,1
action,1
national,1
future,1
shaping,1
attributing,1
runs,1
suddenly,1
having,1
ms,1
regard,1
blow,1
study,1
nevertheless,1
ideas,1
college,1
macon,1
told,1
ell,1
honest,1
covers,1
follow,1
thesis,1
prepared,1
thoroughly,1
rewarded,1
amply,1
follows,1
y,1
diplomat,1
introduce,1
served,1
question,1
still,1
how,1
existence,1
revolution,1
expression,1
fit,1
find,1
mistake,1
appreciated,1
sh,1
passive,1
conquest,1
foreign,1
fixed,1
certain,1
read,1
reaching,1
tined,1
de,1
tl,1
tall,1
yet,1
adhering,1
b,1
can,1
dispense,1
dy,1
ian,1
ti,1
hoary,1
any,1
never,1
invasions,1
french,1
observer,1
misnomer,1
expense,1
populations,1
highly,1
deplorable,1
development,1
quality,1
tendency,1
conservative,1
indicate,1
errors,1
are,1
union,1
southern,1
feudalism,1
abolition,1
marked,1
quite,1
plunder,1
intoning,1
little,1
net,1
planned,1
cruder,1
diplomats,1
boundary,1
northeastern,1
conquer,1
otto,1
partition,1
written,1
secret,1
forgot,1
ami,1
en,1
hi,1
wrested,1
during,1
io,1
em,1
ia,1
selfish,1
brutal,1
fro,1
modem,1
vs,1
ki,1
indeed,1
xii,1
students,1
american,1
loft,1
declares,1
dependent,1
ls,1
calmly,1
duty,1
always,1
sources,1
papa,1
cy,1
lords,1
cat,1
am,1
diplomatic,1
holds,1
activity,1
tho,1
lends,1
dominant,1
co,1
only,1
dealt,1
bet,1
store,1
ml,1
thin,1
slid,1
authority,1
local,1
vol,1
absolute,1
z,1
ands,1
kings,1
lesser,1
fe,1
necessary,1
issued,1
brute,1
forces,1
order,1
momentous,1
hart,1
jefferson,1
reason,1
worse,1
standpoint,1
import,1
dir,1
governed,1
religious,1
ab,1
accomplished,1
reasoned,1
government,1
essentially,1
ager,1
least,1
theoretically,1
evil,1
every,1
church,1
incarnate,1
solemnly,1
faints,1
few,1
force,1
through,1
mental,1
rd,1
ha,1
popes,1
dated,1
ito,1
weary,1
back,1
small,1
blood,1
intrigue,1
forward,1
two,1
qt,1
imaginary,1
decree,1
papacy,1
al,1
god,1
natural,1
schism,1
ore,1
begin,1
realize,1
shrewder,1
theories,1
patron,1
most,1
descendants,1
independence,1
vestige,1
historian,1
hundred,1
interest,1
remained,1
nice,1
principe,1
looks,1
best,1
found,1
whose,1
tim,1
busing,1
perfection,1
utmost,1
lying,1
overreaching,1
art,1
loyalty,1
over,1
emperors,1
distant,1
respect,1
imperial,1
securing,1
methods,1
despite,1
spoke,1
treaties,1
terms,1
dictate,1
almost,1
technical,1
x,1
leo,1
intrigues,1
until,1
people,1
offer,1
pot,1
pp,1
against,1
allies,1
nicely,1
north,1
making,1
plan,1
wolsey,1
princes,1
succeeded,1
perish,1
dower,1
except,1
reverence,1
add,1
latter,1
rivalry,1
fierce,1
decades,1
les,1
being,1
show,1
present,1
statecraft,1
residence,1
rather,1
gave,1
rule,1
ind,1
while,1
hoe,1
about,1
break,1
serve,1
however,1
wall,1
ac,1
information,1
could,1
control,1
look,1
diplomatist,1
cr,1
business,1
delicate,1
war,1
steps,1
take,1
way,1
seeking,1
grouping,1
julius,1
completer,1
outline,1
pew,1
if,1
technique,1
five,1
formed,1
florence,1
milan,1
venice,1
especially,1
principle,1
calling,1
become,1
disappointed,1
february,1
