term,count
the,152
of,86
and,61
in,47
a,42
to,41
that,35
is,28
i,23
by,21
dr,18
it,14
not,14
from,13
his,12
with,12
but,12
east,12
an,11
he,10
this,10
one,9
there,9
or,9
has,8
o,8
for,8
all,8
shadow,8
author,8
men,7
on,7
r,7
new,7
its,7
s,7
l,7
are,7
be,6
which,6
country,6
ha,6
book,6
gloomy,6
out,5
gods,5
c,5
people,5
have,5
f,5
true,5
such,5
e,5
we,5
t,5
no,5
d,5
over,5
us,5
these,5
th,5
may,4
reader,4
century,4
province,4
old,4
before,4
h,4
had,4
some,4
soviet,4
n,4
only,4
m,4
our,4
they,4
revolution,4
been,4
were,3
as,3
other,3
self,3
much,3
b,3
bolshevism,3
where,3
ancient,3
into,3
village,3
mystery,3
than,3
facts,3
though,3
know,3
nor,3
whole,3
my,3
at,3
count,3
will,3
like,3
was,3
make,3
indeed,3
if,3
without,3
every,3
so,3
him,3
god,3
their,3
however,3
beasts,3
who,3
european,3
experiences,3
shadows,3
moscow,3
most,3
also,2
peasant,2
upon,2
defined,2
eye,2
tone,2
years,2
culture,2
made,2
neither,2
story,2
nation,2
off,2
apocalyptic,2
tm,2
do,2
others,2
days,2
felicitous,2
rotted,2
least,2
thus,2
few,2
just,2
quoted,2
more,2
sects,2
j,2
said,2
against,2
importance,2
witch,2
taken,2
could,2
carried,2
fore,2
temples,2
once,2
never,2
began,2
them,2
decidedly,2
secret,2
tells,2
rock,2
y,2
black,2
ira,2
too,2
blood,2
u,2
when,2
would,2
asia,2
behind,2
let,2
title,2
rather,2
fe,2
world,2
thesis,2
mask,2
writers,2
see,2
lying,2
her,2
utterly,2
work,2
first,2
going,2
even,2
polish,2
conditions,2
literary,2
tibet,2
thin,2
countries,2
can,2
red,2
vivid,2
sketches,2
windows,1
earnest,1
stories,1
inside,1
explain,1
turning,1
du,1
bother,1
doe,1
ab,1
how,1
ends,1
accepted,1
need,1
certain,1
life,1
prove,1
beau,1
achieve,1
eve,1
order,1
ru,1
moving,1
princes,1
throne,1
grand,1
think,1
ll,1
fact,1
advent,1
after,1
abstract,1
russia,1
become,1
ask,1
read,1
well,1
behave,1
artificial,1
perverse,1
speak,1
act,1
alike,1
women,1
ad,1
university,1
rasputin,1
theories,1
dukes,1
essentially,1
influenced,1
shaking,1
exotic,1
uneasy,1
checked,1
thole,1
cobol,1
next,1
latter,1
resourceful,1
knows,1
worse,1
aide,1
back,1
wider,1
mongolia,1
event,1
social,1
happening,1
what,1
asiatic,1
field,1
political,1
palace,1
crystal,1
cocaine,1
hashish,1
agents,1
feel,1
extent,1
longer,1
must,1
franc,1
evident,1
en,1
looked,1
rained,1
unbiased,1
fr,1
room,1
away,1
oh,1
chaos,1
unprejudiced,1
whirlwind,1
between,1
mind,1
beast,1
moment,1
demons,1
tied,1
terrible,1
entity,1
perceive,1
ty,1
essence,1
reverie,1
mystic,1
nearer,1
endures,1
real,1
civilization,1
threatening,1
accuse,1
distinctly,1
warning,1
es,1
hence,1
fast,1
fault,1
definition,1
fascinating,1
fundamental,1
exactly,1
up,1
peoples,1
change,1
way,1
independence,1
poison,1
horror,1
murdered,1
fear,1
bolshevist,1
menace,1
learning,1
hardly,1
mes,1
present,1
reviewer,1
thinker,1
broken,1
p,1
gold,1
rupiah,1
diplomatists,1
burning,1
asiatics,1
despondent,1
ho,1
followed,1
breeds,1
mixture,1
half,1
mongolian,1
western,1
come,1
imposes,1
relic,1
roads,1
spirit,1
written,1
elect,1
original,1
picture,1
headed,1
different,1
prince,1
entirely,1
el,1
assert,1
prent,1
attained,1
reality,1
obscure,1
end,1
ema,1
mankind,1
compelled,1
west,1
horizon,1
prejudices,1
forming,1
worships,1
belonged,1
multitudes,1
thinks,1
truthful,1
cultural,1
precedented,1
waves,1
spread,1
hos,1
bud,1
contemporary,1
matter,1
paintings,1
naturalistic,1
crudely,1
con,1
simple,1
v,1
narrative,1
contended,1
fiction,1
records,1
right,1
tho,1
ago,1
lg,1
ex,1
folk,1
put,1
survived,1
home,1
tics,1
tailed,1
draws,1
nonsense,1
carrier,1
tolstoy,1
take,1
multitude,1
tl,1
little,1
differ,1
classes,1
upper,1
refined,1
inclined,1
drawn,1
criminally,1
inked,1
pie,1
christianity,1
veil,1
heine,1
human,1
demon,1
hideous,1
civilized,1
bore,1
lay,1
tear,1
figure,1
riding,1
broom,1
deity,1
celt,1
array,1
loose,1
tell,1
worm,1
ned,1
hitherto,1
phenomena,1
aslant,1
ca,1
lt,1
behold,1
mot,1
que,1
term,1
lone,1
hack,1
look,1
today,1
atone,1
wood,1
clay,1
deistic,1
idol,1
christian,1
soul,1
ch,1
purpose,1
face,1
own,1
readers,1
cheek,1
cashes,1
works,1
preceding,1
adventures,1
far,1
rich,1
deceived,1
mysteries,1
taking,1
breath,1
astounding,1
promise,1
convey,1
attractive,1
undoubtedly,1
alexander,1
price,1
co,1
york,1
translated,1
pp,1
vii,1
han,1
ferdinand,1
amazing,1
recounts,1
series,1
endorsed,1
di,1
time,1
cashed,1
wrong,1
conception,1
similar,1
discussion,1
rise,1
give,1
ade,1
attention,1
capture,1
thrills,1
yet,1
changed,1
lost,1
zoo,1
md,1
street,1
trodden,1
known,1
beyond,1
ola,1
wizard,1
witches,1
bib,1
moved,1
talented,1
depreciated,1
somewhat,1
tanning,1
cabins,1
tellers,1
seen,1
flagellation,1
ecstatic,1
existence,1
still,1
any,1
probably,1
revelations,1
peered,1
wonderful,1
unusual,1
dis,1
talent,1
al,1
hera,1
twentieth,1
miraculous,1
place,1
horace,1
peasants,1
russian,1
heard,1
moves,1
name,1
nineteenth,1
middle,1
until,1
backward,1
moat,1
ink,1
race,1
k,1
deal,1
fortune,1
thousands,1
score,1
numbered,1
war,1
prodded,1
rules,1
general,1
generalized,1
olden,1
survivals,1
unique,1
almost,1
rarest,1
recorded,1
mystical,1
hearing,1
devil,1
across,1
coming,1
step,1
impression,1
words,1
colors,1
spares,1
shown,1
exaggerated,1
heathen,1
those,1
observed,1
instance,1
pents,1
celebrated,1
ts,1
famine,1
about,1
bring,1
crops,1
destroy,1
threatened,1
rainfall,1
heavy,1
beheld,1
scene,1
unexpected,1
sprinkled,1
wonders,1
wonder,1
show,1
wild,1
vice,1
dru,1
depravity,1
sees,1
capitals,1
princely,1
revolutionary,1
pro,1
sorcery,1
relief,1
then,1
elder,1
throw,1
fingers,1
prayers,1
offer,1
retire,1
downpour,1
till,1
your,1
held,1
crying,1
stone,1
throat,1
plaid,1
cock,1
took,1
bundle,1
unmade,1
tree,1
de,1
trunk,1
around,1
gathered,1
hill,1
silence,1
deep,1
went,1
wroth,1
hints,1
spirits,1
