term,count
the,25
of,21
and,12
poets,7
s,7
in,6
library,6
are,5
to,5
tile,4
many,3
english,3
them,3
a,3
works,3
more,3
writers,3
with,3
by,3
poems,3
muses,3
as,3
those,2
known,2
has,2
is,2
rank,2
who,2
idea,2
still,2
other,2
all,2
merely,2
been,2
mr,2
e,2
for,2
coleridge,2
ah,2
they,2
under,2
author,1
go,1
lovely,1
rose,1
lives,1
henry,1
vaughan,1
standard,1
waller,1
edmund,1
correction,1
none,1
chief,1
metrical,1
england,1
tn,1
thus,1
far,1
completed,1
yet,1
among,1
lesser,1
represented,1
here,1
found,1
critical,1
estimation,1
unforgotten,1
sunrise,1
gone,1
gate,1
than,1
remembered,1
rile,1
brings,1
these,1
within,1
reach,1
open,1
fuller,1
into,1
arc,1
no,1
means,1
worthy,1
neglect,1
because,1
not,1
very,1
respective,1
their,1
living,1
hr,1
world,1
light,1
keeps,1
memory,1
green,1
i,1
before,1
possibly,1
vale,1
gay,1
black,1
susan,1
spacious,1
on,1
high,1
lost,1
chord,1
former,1
thu,1
latter,1
books,1
offer,1
public,1
at,1
reasonable,1
price,1
such,1
series,1
called,1
almost,1
editorial,1
direction,1
carried,1
out,1
successfully,1
now,1
includes,1
less,1
texts,1
best,1
form,1
edited,1
each,1
volume,1
an,1
introduction,1
notes,1
mo,1
cloth,1
new,1
york,1
co,1
cents,1
bring,1
together,1
attractive,1
well,1
forgotten,1
except,1
interesting,1
l,1
coventry,1
permute,1
poetry,1
equally,1
hands,1
it,1
note,1
though,1
how,1
widely,1
popular,1
minor,1
he,1
exception,1
we,1
mrs,1
andrew,1
k,1
g,1
general,1
editing,1
bands,1
critics,1
have,1
looked,1
various,1
whose,1
compose,1
v,1
butler,1
yeats,1
edits,1
blake,1
prof,1
first,1
