term,count
the,68
of,44
to,36
a,32
in,32
he,25
and,23
with,15
as,14
his,13
s,10
was,10
for,10
that,8
not,8
war,7
than,7
by,6
yet,6
on,6
which,6
great,5
more,5
socialist,5
is,5
themselves,4
their,4
who,4
english,4
an,4
or,4
be,4
man,4
much,4
did,4
him,4
party,4
years,4
had,4
would,4
last,4
l,3
land,3
death,3
were,3
do,3
but,3
other,3
government,3
upon,3
labor,3
out,3
this,3
two,2
it,2
could,2
many,2
before,2
expected,2
have,2
thought,2
came,2
sent,2
book,2
husband,2
her,2
between,2
has,2
terms,2
neither,2
nor,2
life,2
i,2
will,2
set,2
doctrine,2
garibaldi,2
though,2
groups,2
followers,2
social,2
fight,2
even,2
ministry,2
might,2
issues,2
important,2
found,2
return,2
when,2
england,2
whom,2
at,2
from,2
willing,2
during,2
revolution,2
himself,2
after,2
marxian,2
first,2
although,2
how,2
army,2
crowds,2
up,2
one,2
perhaps,2
men,2
rich,2
petulant,2
british,2
described,2
world,2
shaw,2
most,2
all,2
victorian,2
being,2
rosalind,2
political,2
determination,1
genuine,1
country,1
fond,1
despite,1
cities,1
early,1
give,1
self,1
mini,1
somewhat,1
advocating,1
model,1
conceived,1
citizen,1
militarism,1
danzig,1
poles,1
support,1
conscious,1
modesty,1
sketching,1
zeal,1
mental,1
false,1
abate,1
question,1
handling,1
nationality,1
otherwise,1
hues,1
adhering,1
strictly,1
aware,1
optimistic,1
well,1
rage,1
capable,1
business,1
irony,1
help,1
scheme,1
defeat,1
influential,1
best,1
spreading,1
ideas,1
establishment,1
eng,1
refused,1
except,1
only,1
individualist,1
agree,1
believer,1
extension,1
germans,1
peace,1
o,1
stoutly,1
opposed,1
politician,1
foreign,1
league,1
privately,1
spoke,1
never,1
devoid,1
bother,1
become,1
wealthy,1
russians,1
exiled,1
assist,1
should,1
allies,1
failure,1
practical,1
russia,1
intervention,1
people,1
workers,1
under,1
draw,1
forms,1
three,1
electors,1
persistent,1
majority,1
persuade,1
preaching,1
orator,1
public,1
tempts,1
control,1
sway,1
able,1
economic,1
compromise,1
know,1
clan,1
good,1
virulent,1
parliament,1
call,1
handed,1
prejudices,1
policies,1
actual,1
adapt,1
so,1
endeavored,1
fabians,1
intelligentsia,1
done,1
its,1
insistence,1
sect,1
distinct,1
always,1
peaceful,1
rejection,1
united,1
class,1
instrumentalities,1
doubtless,1
ever,1
maintained,1
unused,1
hate,1
moderately,1
work,1
without,1
rancor,1
state,1
paid,1
unemployed,1
prevented,1
full,1
what,1
formation,1
proposed,1
carry,1
organized,1
pressure,1
french,1
cultivated,1
love,1
lead,1
boating,1
federation,1
very,1
democratic,1
effect,1
founded,1
present,1
adopted,1
doctrines,1
adherence,1
rigid,1
fields,1
capitalism,1
situation,1
personality,1
elimination,1
pictured,1
sirs,1
necessity,1
power,1
congress,1
ignorant,1
views,1
advancement,1
societies,1
revolutionary,1
attempts,1
none,1
unworkable,1
desperately,1
poor,1
combination,1
certain,1
tenor,1
opera,1
romantic,1
touch,1
they,1
side,1
worst,1
pay,1
commercial,1
come,1
thee,1
any,1
shortly,1
seek,1
readers,1
duce,1
may,1
biography,1
objective,1
virtues,1
can,1
own,1
press,1
characteristics,1
m,1
december,1
publication,1
decade,1
recorded,1
traver,1
volume,1
apparent,1
axe,1
modern,1
high,1
ac,1
bayard,1
half,1
republicans,1
gentleman,1
thinking,1
free,1
said,1
belong,1
marx,1
educated,1
socialism,1
century,1
father,1
henry,1
once,1
bernard,1
york,1
new,1
pp,1
travers,1
review,1
nineteenth,1
duke,1
too,1
cosmopolitans,1
price,1
consequently,1
decorations,1
official,1
interested,1
permitted,1
abilities,1
various,1
far,1
accomplished,1
burton,1
brilliant,1
writers,1
trotters,1
globe,1
laurence,1
blunt,1
wilfrid,1
herbert,1
auberon,1
closer,1
striking,1
international,1
safety,1
speech,1
ender,1
bitter,1
conduct,1
thing,1
conscription,1
energy,1
into,1
threw,1
britain,1
square,1
essential,1
navy,1
insisting,1
menace,1
german,1
pointing,1
long,1
socialistic,1
imbued,1
trafalgar,1
july,1
forty,1
anger,1
arch,1
belgian,1
camille,1
offending,1
bolshevists,1
pro,1
pacifists,1
use,1
no,1
justifiable,1
declared,1
roused,1
independent,1
pamphlet,1
beaten,1
thoroughly,1
germany,1
classes,1
govern,1
our,1
less,1
called,1
personalities,1
practically,1
indeed,1
itself,1
expressing,1
now,1
generation,1
likely,1
through,1
variance,1
year,1
n,1
socialists,1
mrs,1
older,1
wife,1
adoring,1
tribute,1
mind,1
bear,1
those,1
fifty,1
like,1
aligned,1
democrats,1
aristocratic,1
utmost,1
tile,1
strained,1
subsequent,1
conference,1
versailles,1
delegate,1
ted,1
organ,1
word,1
yes,1
journalistic,1
london,1
post,1
morning,1
occasionally,1
letters,1
number,1
radicals,1
rather,1
powers,1
