term,count
the,72
of,35
a,28
and,23
in,19
for,12
is,9
they,8
that,8
it,7
but,7
war,7
i,7
has,6
with,6
stories,6
an,6
there,6
be,6
are,5
one,5
her,5
to,5
was,5
v,5
s,5
as,5
story,5
book,4
not,4
its,4
too,4
e,4
man,4
had,4
all,4
each,4
these,4
have,4
at,4
them,3
she,3
title,3
their,3
by,3
up,3
page,3
been,3
done,3
because,3
t,3
can,3
no,3
over,3
drama,2
so,2
during,2
things,2
telling,2
room,2
who,2
such,2
strong,2
some,2
few,2
seen,2
reader,2
life,2
english,2
ancient,2
soldiers,2
touch,2
ye,2
women,2
find,2
after,2
smaller,2
human,2
way,2
which,2
ll,2
ii,2
great,2
on,2
effect,2
every,2
little,2
feet,2
murder,2
he,2
should,1
give,1
ga,1
advance,1
france,1
presently,1
best,1
gone,1
ended,1
grew,1
doctor,1
turns,1
cf,1
comes,1
trill,1
rite,1
french,1
daily,1
lint,1
incredible,1
chance,1
job,1
thoughts,1
reactions,1
browbeat,1
agree,1
woman,1
z,1
court,1
lay,1
since,1
upright,1
gagged,1
bound,1
villages,1
called,1
screamed,1
squad,1
german,1
firing,1
being,1
overthrown,1
village,1
cupid,1
y,1
tragic,1
tinder,1
dead,1
two,1
rifles,1
found,1
hocking,1
wily,1
laser,1
ind,1
kitchen,1
terrible,1
canny,1
more,1
kindly,1
feminine,1
eternal,1
us,1
liars,1
reveals,1
bar,1
humor,1
what,1
romantic,1
picking,1
tray,1
unconventional,1
later,1
out,1
turned,1
brighton,1
aching,1
yearning,1
picked,1
pulse,1
will,1
you,1
situations,1
intensifying,1
character,1
elements,1
heightening,1
beats,1
within,1
through,1
interesting,1
while,1
worth,1
readable,1
outside,1
sleek,1
unconventionally,1
ho,1
nearly,1
belongs,1
take,1
hand,1
neat,1
maxwell,1
dir,1
then,1
itself,1
strokes,1
indication,1
kith,1
surely,1
go,1
sketched,1
details,1
actuality,1
atmosphere,1
heroine,1
both,1
officer,1
widows,1
masterful,1
off,1
swept,1
si,1
maid,1
tells,1
burt,1
men,1
lookout,1
shortage,1
created,1
bit,1
going,1
finding,1
three,1
number,1
pair,1
may,1
closet,1
welcome,1
or,1
we,1
nose,1
were,1
time,1
fighting,1
front,1
mastery,1
told,1
insight,1
sympathy,1
full,1
murderer,1
interest,1
where,1
this,1
expressive,1
read,1
whom,1
place,1
quite,1
passed,1
satisfying,1
means,1
excitement,1
hare,1
added,1
meant,1
however,1
irony,1
without,1
again,1
never,1
indeed,1
remembered,1
gook,1
hat,1
hi,1
th,1
nu,1
j,1
lief,1
m,1
our,1
mat,1
o,1
put,1
om,1
u,1
ar,1
ell,1
ir,1
lil,1
megan,1
hag,1
garden,1
tc,1
devil,1
his,1
lion,1
preceding,1
from,1
continued,1
fiction,1
works,1
latest,1
hollowing,1
con,1
fie,1
literature,1
io,1
di,1
held,1
instance,1
hides,1
spirit,1
soul,1
lean,1
do,1
graft,1
ft,1
see,1
breed,1
another,1
caretakers,1
shall,1
guests,1
honored,1
comfort,1
l,1
orders,1
surly,1
kill,1
castle,1
fair,1
when,1
kind,1
stealing,1
delight,1
c,1
ad,1
gamekeeper,1
thieving,1
ice,1
sen,1
bad,1
extortion,1
word,1
inane,1
fame,1
charge,1
leaving,1
knife,1
under,1
taken,1
mans,1
pictures,1
touches,1
ironic,1
needs,1
laid,1
most,1
crowd,1
large,1
rather,1
et,1
temper,1
good,1
easy,1
centuries,1
family,1
altogether,1
loved,1
mote,1
finally,1
themselves,1
squeeze,1
r,1
theirs,1
allies,1
trouble,1
countess,1
count,1
old,1
custom,1
quiet,1
tree,1
stone,1
reading,1
