term,count
the,216
of,102
and,77
to,63
a,53
in,46
is,43
that,39
was,30
he,25
dr,24
which,23
or,20
as,19
with,18
on,18
his,18
it,18
there,16
by,16
not,16
who,15
an,15
but,13
s,13
us,12
be,11
man,11
we,11
for,10
this,10
have,10
so,9
how,9
i,9
jesus,9
between,9
will,9
horus,8
religion,8
no,8
at,8
all,8
from,7
years,7
into,7
like,6
t,6
l,6
were,6
its,6
those,5
egypt,5
many,5
are,5
here,5
more,5
our,5
him,5
than,5
been,5
symbolism,5
ever,5
any,5
says,5
paul,4
new,4
evolution,4
race,4
divine,4
himself,4
what,4
must,4
lincoln,4
one,4
truth,4
only,4
r,4
these,4
book,4
fact,4
if,4
o,4
other,4
means,4
knows,3
say,3
time,3
should,3
written,3
worship,3
illimitable,3
never,3
always,3
c,3
finds,3
cannibal,3
kind,3
however,3
you,3
them,3
both,3
over,3
did,3
alive,3
two,3
known,3
mankind,3
e,3
told,3
faith,3
double,3
may,3
spiritual,3
le,3
n,3
merely,3
upon,3
ritual,3
question,3
temple,3
whether,3
mount,3
g,3
stars,2
read,2
existed,2
ace,2
fulfilled,2
their,2
prophecy,2
reputed,2
together,2
add,2
takes,2
flesh,2
good,2
facts,2
state,2
set,2
difference,2
origin,2
st,2
f,2
ha,2
among,2
account,2
matter,2
appears,2
testament,2
take,2
age,2
made,2
hebrew,2
ape,2
men,2
afterward,2
eternal,2
search,2
teacher,2
bear,2
first,2
until,2
during,2
found,2
career,2
write,2
know,2
regard,2
learn,2
u,2
nation,2
dynamite,2
find,2
hiawatha,2
come,2
humanity,2
world,2
hands,2
tells,2
developed,2
work,2
final,2
result,2
little,2
jr,2
john,2
wonderful,2
anticipates,2
she,2
after,2
ocean,2
egyptian,2
do,2
eaten,2
miraculous,2
cross,2
let,2
ancestor,2
solution,2
then,2
could,2
when,2
has,2
offers,2
used,2
satan,2
according,2
quotations,2
certainly,2
birds,2
second,2
long,2
primitive,2
links,2
average,2
negro,2
less,2
speculation,2
something,2
magic,2
last,2
upper,2
es,2
opinion,2
four,2
bible,2
bread,2
inner,2
hebrews,2
day,2
born,2
own,2
dead,2
son,2
your,2
communion,2
past,2
preceded,2
century,2
each,2
indeed,2
feast,2
also,2
gospels,2
thus,2
believes,2
original,2
soul,2
albert,2
god,2
immortality,2
life,2
ancient,2
end,2
story,2
later,2
things,2
blind,1
whom,1
devotes,1
shepherd,1
handled,1
riddle,1
net,1
q,1
events,1
non,1
mir,1
seven,1
vine,1
least,1
loaves,1
merit,1
twelve,1
osiris,1
gnostic,1
father,1
con,1
water,1
real,1
heard,1
eye,1
fed,1
tailed,1
simplicity,1
epistle,1
isis,1
walked,1
apostles,1
nor,1
see,1
v,1
mentioned,1
mother,1
close,1
mountain,1
attention,1
thinks,1
entered,1
outside,1
records,1
star,1
thaw,1
saviour,1
rewritten,1
twin,1
messiah,1
issue,1
twofold,1
multitude,1
ill,1
put,1
iota,1
about,1
writing,1
sophia,1
adds,1
continued,1
corresponding,1
referring,1
baptized,1
dual,1
page,1
ages,1
tis,1
hence,1
drawn,1
does,1
preached,1
distinction,1
spirits,1
fishing,1
went,1
egos,1
courage,1
noted,1
bethlehem,1
personal,1
derives,1
canonical,1
definitely,1
announced,1
high,1
fully,1
onto,1
house,1
human,1
tic,1
anna,1
carried,1
et,1
noes,1
conflict,1
place,1
happiness,1
testimony,1
exist,1
unearthed,1
burnt,1
destroyed,1
doubtless,1
warning,1
theologians,1
avoid,1
peril,1
socialism,1
better,1
apparently,1
ear,1
get,1
best,1
ten,1
twenty,1
third,1
palm,1
sermon,1
containing,1
libraries,1
disposed,1
murdered,1
still,1
withheld,1
b,1
wisdom,1
remained,1
mad,1
pieced,1
form,1
true,1
contained,1
language,1
try,1
why,1
thought,1
strange,1
stage,1
occurred,1
can,1
enter,1
delightful,1
humility,1
tomb,1
supreme,1
monument,1
common,1
people,1
lind,1
persist,1
reduction,1
tragic,1
ab,1
learned,1
run,1
fails,1
riles,1
d,1
promote,1
dedication,1
pyramid,1
due,1
perhaps,1
induce,1
explanation,1
hitched,1
sun,1
mathematics,1
fa,1
most,1
built,1
quotes,1
colonel,1
mot,1
green,1
orientation,1
reveals,1
accuracy,1
unattainable,1
building,1
hope,1
talisman,1
mysteries,1
ag,1
nonagenarian,1
help,1
astronomy,1
therefore,1
really,1
crucify,1
jewish,1
return,1
parallel,1
m,1
her,1
said,1
shook,1
knew,1
personally,1
student,1
mu,1
wholly,1
different,1
departure,1
killed,1
winter,1
hard,1
sect,1
arose,1
country,1
declared,1
imaginative,1
transcript,1
paper,1
inauguration,1
ball,1
reproduced,1
led,1
symbolical,1
hrs,1
bride,1
paraphrase,1
vii,1
war,1
accord,1
rig,1
saluter,1
qt,1
feeling,1
ting,1
themselves,1
expectation,1
produced,1
namely,1
anticipation,1
event,1
mystic,1
ts,1
biography,1
advance,1
actual,1
realization,1
h,1
lr,1
much,1
athenians,1
instantaneous,1
tie,1
dawn,1
word,1
writers,1
would,1
agreed,1
far,1
ms,1
christ,1
confined,1
spoken,1
ceremonial,1
ease,1
likely,1
objection,1
tb,1
va,1
light,1
shadow,1
gods,1
tat,1
trinities,1
corruptible,1
agree,1
radix,1
behind,1
simple,1
changed,1
glory,1
image,1
bird,1
liturgical,1
footed,1
creeping,1
ne,1
need,1
dwell,1
abuses,1
ed,1
hat,1
wan,1
national,1
child,1
started,1
quest,1
sublime,1
living,1
garden,1
hi,1
discerned,1
intensely,1
proceeding,1
exp,1
called,1
quakerism,1
symbols,1
bats,1
reptiles,1
trees,1
declension,1
fall,1
status,1
resembles,1
opposite,1
mexicans,1
recent,1
exploration,1
island,1
pacific,1
migration,1
fascinating,1
abuse,1
field,1
eastward,1
narrowest,1
latitude,1
reach,1
alaska,1
along,1
lords,1
babylon,1
discovered,1
deity,1
denounced,1
remus,1
cease,1
within,1
conscience,1
they,1
suggested,1
sufficient,1
candor,1
became,1
yucatan,1
duality,1
evil,1
tan,1
headed,1
durham,1
negroes,1
eve,1
verdict,1
based,1
calls,1
subscribe,1
genuine,1
evangelist,1
appeals,1
pundits,1
seeks,1
sure,1
comments,1
theories,1
av,1
tn,1
pages,1
highest,1
authorities,1
creed,1
thereof,1
interpretation,1
content,1
raises,1
md,1
pp,1
york,1
co,1
wilson,1
dedicate,1
wish,1
results,1
inquiries,1
elaborate,1
times,1
bewildering,1
gesture,1
enthusiast,1
differ,1
re,1
adam,1
eternity,1
corrective,1
spirit,1
present,1
enough,1
mn,1
peer,1
gaze,1
hg,1
hopes,1
journalist,1
recognized,1
outline,1
history,1
begin,1
arden,1
eden,1
applies,1
comes,1
duties,1
solely,1
right,1
sir,1
james,1
frazer,1
autocrat,1
topics,1
another,1
none,1
ourselves,1
assumption,1
fourth,1
pure,1
entitled,1
think,1
tel,1
coast,1
southward,1
peru,1
transformation,1
vinci,1
hanks,1
congo,1
complete,1
contrast,1
needed,1
out,1
dissimilarity,1
whatever,1
fore,1
assume,1
interval,1
believed,1
rather,1
emancipation,1
depended,1
leonardo,1
painted,1
missing,1
lie,1
open,1
mme,1
caves,1
even,1
tall,1
foreshortening,1
evolutionist,1
y,1
similarly,1
sacrament,1
declares,1
mere,1
eating,1
tribal,1
mothers,1
love,1
holy,1
adherents,1
regeneration,1
elucidated,1
especial,1
emphasis,1
document,1
io,1
service,1
wrought,1
words,1
meats,1
happened,1
charge,1
countries,1
doctrine,1
trinity,1
multitudes,1
local,1
old,1
manifest,1
instituted,1
sacrifices,1
today,1
yesterday,1
indicated,1
frankness,1
gracious,1
tone,1
authoritative,1
abraham,1
proposed,1
immolate,1
alternative,1
victim,1
ordained,1
atonement,1
perpetuated,1
regarded,1
devout,1
proceed,1
ward,1
bishop,1
brown,1
depriving,1
hint,1
public,1
ecclesiastical,1
orders,1
redemption,1
heretics,1
ending,1
hist,1
including,1
death,1
resurrection,1
future,1
alike,1
throne,1
beneath,1
exploded,1
recently,1
efforts,1
von,1
arises,1
spearing,1
black,1
boar,1
surrounding,1
centuries,1
possibly,1
way,1
lo,1
orthodoxies,1
covers,1
ll,1
fred,1
orthodox,1
connection,1
grate,1
veritably,1
children,1
because,1
die,1
such,1
rites,1
body,1
blood,1
morsel,1
earlier,1
allowed,1
remain,1
expressed,1
argument,1
churchyard,1
millions,1
receive,1
ceased,1
had,1
absolutely,1
tribe,1
faiths,1
superstitions,1
give,1
shall,1
peak,1
statement,1
eucharist,1
originated,1
cannibalism,1
totem,1
represented,1
gave,1
herself,1
up,1
food,1
ev,1
