term,count
the,26
and,17
a,17
of,13
to,11
fortune,6
all,6
you,6
in,6
elsie,6
is,5
her,5
has,4
if,4
his,4
marry,4
can,3
orphan,3
were,3
widow,3
s,3
i,3
gentleman,3
which,2
scrupulous,2
he,2
whether,2
girl,2
also,2
for,2
uncle,2
be,2
when,2
with,2
cub,2
win,2
adds,2
story,2
whose,2
serious,2
an,2
him,2
military,2
who,2
embarrassing,2
by,2
retired,2
anglo,2
norris,2
e,2
indian,2
complicated,1
after,1
old,1
though,1
noblesse,1
amusing,1
geologist,1
person,1
polished,1
boots,1
perfidy,1
man,1
race,1
french,1
vast,1
billings,1
selling,1
horses,1
made,1
somewhat,1
father,1
monotonous,1
spite,1
o,1
riches,1
humor,1
scheming,1
pretty,1
beautiful,1
self,1
ingeniously,1
fastidious,1
are,1
following,1
expects,1
since,1
book,1
concerns,1
expected,1
itself,1
que,1
harry,1
nephew,1
ned,1
want,1
does,1
mary,1
son,1
squandered,1
wants,1
said,1
on,1
absorbed,1
love,1
lose,1
they,1
should,1
marquis,1
mother,1
been,1
side,1
somehow,1
too,1
got,1
wind,1
naturally,1
long,1
coquetry,1
conscience,1
leaving,1
suddenly,1
upon,1
left,1
daughter,1
your,1
charge,1
presently,1
died,1
forbidding,1
british,1
guardian,1
tell,1
or,1
anybody,1
else,1
about,1
it,1
fear,1
came,1
seen,1
never,1
had,1
heiress,1
we,1
author,1
matrimony,1
flower,1
flock,1
illustrated,1
mo,1
pp,1
philadelphia,1
john,1
c,1
winston,1
company,1
official,1
bearded,1
kinsman,1
hunters,1
d,1
probably,1
gives,1
qualities,1
depriving,1
defense,1
light,1
mind,1
arts,1
unconscious,1
roman,1
heir,1
major,1
no,1
longer,1
first,1
youth,1
degree,1
situation,1
where,1
womanly,1
built,1
deuce,1
thereupon,1
time,1
especially,1
attractive,1
childless,1
four,1
wife,1
affected,1
freak,1
women,1
clubs,1
dressed,1
match,1
dr,1
orris,1
assumed,1
these,1
others,1
ducted,1
