term,count
the,40
of,21
to,14
i,14
is,14
t,11
in,11
ill,10
l,9
a,8
tile,6
r,6
th,6
s,5
and,5
n,5
on,5
c,5
tl,4
z,4
j,4
has,4
or,4
that,4
ll,4
d,4
it,4
f,4
for,4
he,3
hi,3
government,3
o,3
be,3
v,3
g,3
re,3
rt,3
with,3
ii,3
e,3
are,3
as,3
law,3
so,2
book,2
which,2
u,2
arise,2
this,2
we,2
points,2
de,2
constitutional,2
though,2
lawyer,2
will,2
textbook,2
american,2
congress,2
k,2
ed,2
series,2
been,2
if,2
justice,2
by,2
states,2
may,2
his,2
its,2
look,2
while,2
rights,1
ilia,1
how,1
perceive,1
tho,1
civil,1
subjects,1
refresh,1
but,1
reader,1
lille,1
part,1
ta,1
enable,1
bibliography,1
individual,1
ell,1
court,1
x,1
supreme,1
w,1
ga,1
arts,1
ce,1
fro,1
rid,1
judicial,1
celt,1
united,1
xx,1
ion,1
troll,1
libel,1
list,1
two,1
parts,1
eel,1
third,1
ions,1
lip,1
over,1
cod,1
trill,1
sort,1
h,1
littler,1
no,1
tic,1
y,1
ch,1
between,1
pt,1
rim,1
fr,1
jr,1
hr,1
sin,1
likely,1
wt,1
wilt,1
dower,1
sandwiched,1
ibis,1
hut,1
ex,1
judge,1
go,1
brought,1
early,1
not,1
covers,1
entire,1
fie,1
hook,1
seas,1
example,1
cooley,1
discussion,1
power,1
punish,1
piracies,1
felonies,1
committed,1
high,1
gill,1
new,1
far,1
prof,1
excellent,1
work,1
same,1
constructed,1
quite,1
intelligible,1
readers,1
hart,1
attempt,1
make,1
legal,1
edited,1
either,1
easy,1
popular,1
true,1
impelled,1
clear,1
style,1
subordination,1
main,1
knotty,1
la,1
followed,1
beginning,1
each,1
chapter,1
classified,1
volume,1
more,1
extended,1
study,1
previous,1
dealt,1
history,1
text,1
designed,1
primarily,1
purpose,1
formal,1
adapt,1
constantly,1
studying,1
plan,1
arid,1
mere,1
mechanical,1
york,1
carefully,1
apparent,1
paradox,1
divided,1
sovereignty,1
who,1
these,1
co,1
green,1
such,1
cr,1
said,1
at,1
teat,1
tats,1
ali,1
m,1
nat,1
skate,1
iowa,1
first,1
eight,1
published,1
say,1
presentation,1
topics,1
save,1
citizen,1
from,1
stereotyped,1
formality,1
dull,1
q,1
decisions,1
courts,1
made,1
sake,1
principle,1
off,1
specific,1
dr,1
constitution,1
would,1
fill,1
