term,count
the,59
of,56
and,29
a,20
to,19
his,15
in,13
he,12
is,8
not,6
s,6
it,6
her,6
are,5
was,5
had,5
with,4
story,4
from,4
be,4
life,4
through,4
on,4
upon,3
old,3
when,3
one,3
that,3
an,3
f,3
this,3
at,3
end,3
him,3
good,3
stories,3
t,3
they,3
but,3
dorothy,3
n,2
w,2
course,2
i,2
die,2
pragmatist,2
hue,2
choice,2
yet,2
self,2
short,2
out,2
these,2
now,2
perhaps,2
painter,2
time,2
all,2
done,2
them,2
few,2
continued,2
by,2
page,2
latest,2
five,2
what,2
tile,2
were,2
for,2
most,2
my,2
up,2
tim,2
you,2
came,2
made,2
real,2
she,2
cornea,1
file,1
breathes,1
your,1
curse,1
family,1
word,1
meant,1
mother,1
lt,1
more,1
themselves,1
bi,1
opened,1
brush,1
belonged,1
death,1
did,1
j,1
heritage,1
gracefully,1
ix,1
credence,1
ere,1
remember,1
struggle,1
then,1
people,1
hearts,1
gut,1
no,1
spring,1
give,1
there,1
do,1
know,1
too,1
got,1
have,1
achievement,1
well,1
sister,1
brilliance,1
died,1
smart,1
drowned,1
re,1
herself,1
lonely,1
terrific,1
majestic,1
redolent,1
modernity,1
flavor,1
affairs,1
home,1
business,1
away,1
soil,1
d,1
new,1
become,1
han,1
children,1
lost,1
provocative,1
sleep,1
complexities,1
immersed,1
bad,1
judge,1
wife,1
decree,1
april,1
volume,1
promising,1
elf,1
puts,1
power,1
lack,1
realistic,1
interesting,1
o,1
destiny,1
own,1
suggests,1
warren,1
sentence,1
until,1
reader,1
so,1
we,1
question,1
unanswered,1
versailles,1
u,1
leads,1
internationalism,1
socialist,1
changed,1
last,1
jules,1
bent,1
face,1
pleasure,1
will,1
spirit,1
artist,1
pageantry,1
shows,1
fa,1
pageant,1
artists,1
diverse,1
taste,1
bring,1
bet,1
thinker,1
philosophy,1
genius,1
benediction,1
country,1
passion,1
copyist,1
z,1
merely,1
homage,1
fitting,1
pay,1
beliefs,1
v,1
verse,1
wile,1
quest,1
say,1
lat,1
who,1
those,1
impostor,1
knew,1
come,1
aspirations,1
resolute,1
inspiriting,1
flood,1
retched,1
e,1
futile,1
once,1
cried,1
ill,1
ax,1
words,1
here,1
immortality,1
much,1
suggested,1
has,1
author,1
than,1
lot,1
less,1
sketch,1
perfect,1
almost,1
joy,1
ce,1
al,1
follow,1
humanity,1
cries,1
lay,1
as,1
title,1
under,1
published,1
collection,1
theme,1
strikes,1
introduces,1
net,1
co,1
holt,1
henry,1
g,1
motive,1
dying,1
shuddered,1
because,1
feel,1
heartening,1
other,1
encouraged,1
irresistible,1
enemy,1
knowing,1
could,1
lifelong,1
certainty,1
courage,1
pretend,1
impossible,1
which,1
mask,1
value,1
vibratos,1
man,1
prosperity,1
book,1
included,1
poems,1
whose,1
three,1
lookout,1
realism,1
sickness,1
moral,1
feels,1
ls,1
himself,1
vision,1
sees,1
friend,1
calls,1
climb,1
into,1
down,1
kept,1
faith,1
fight,1
chance,1
whether,1
me,1
shout,1
crow,1
days,1
ocean,1
changing,1
over,1
look,1
nest,1
surprising,1
contemplation,1
makes,1
ha,1
c,1
ti,1
eminent,1
together,1
h,1
st,1
suggest,1
work,1
q,1
preceding,1
fiction,1
works,1
following,1
haunt,1
memorable,1
sin,1
ms,1
proprietor,1
ons,1
smug,1
increase,1
church,1
float,1
revivalist,1
fashioned,1
r,1
grocery,1
cottage,1
clad,1
porch,1
tie,1
sitting,1
stare,1
america,1
