term,count
the,24
of,22
to,15
a,14
he,13
and,12
was,11
in,11
that,10
his,7
it,7
have,6
with,5
tile,5
by,5
which,5
had,4
second,4
its,4
louis,4
for,4
on,4
under,4
seems,4
empire,4
as,4
crime,3
born,3
part,3
political,2
w,2
at,2
office,2
connected,2
but,2
paris,2
never,2
who,2
everybody,2
tie,2
very,2
made,2
ceased,2
business,2
memoirs,2
most,2
new,2
book,2
old,2
rather,2
abridgment,2
an,2
is,2
real,1
over,1
authorities,1
espionage,1
concerned,1
even,1
date,1
september,1
extended,1
were,1
no,1
france,1
efforts,1
become,1
alleges,1
reason,1
why,1
prussian,1
clearer,1
accomplices,1
hardly,1
i,1
u,1
time,1
including,1
especially,1
murder,1
t,1
echoes,1
coup,1
testimony,1
piece,1
system,1
reverberate,1
advances,1
fresh,1
novel,1
or,1
theory,1
suffered,1
every,1
revolting,1
more,1
find,1
private,1
without,1
confirms,1
whole,1
sort,1
slumming,1
vulgarity,1
carl,1
napoleon,1
sordidness,1
conspire,1
from,1
belief,1
whom,1
held,1
now,1
indeed,1
neatly,1
existed,1
expressed,1
englishman,1
would,1
if,1
imperial,1
engaged,1
upon,1
absence,1
impossible,1
fortune,1
ideals,1
perpetrated,1
interesting,1
disclosures,1
are,1
those,1
directly,1
lo,1
do,1
politics,1
happened,1
x,1
low,1
den,1
visit,1
come,1
criminal,1
been,1
last,1
famous,1
looks,1
routine,1
present,1
much,1
abridged,1
translation,1
therefore,1
all,1
intents,1
purposes,1
nobody,1
into,1
being,1
will,1
be,1
disposed,1
deny,1
worth,1
making,1
writer,1
ks,1
middle,1
when,1
contents,1
great,1
devotion,1
prolixity,1
monsieur,1
claude,1
chief,1
police,1
translated,1
katherine,1
prescott,1
twelve,1
portraits,1
pp,1
boston,1
york,1
co,1
this,1
published,1
ten,1
volumes,1
failing,1
flat,1
then,1
account,1
n,1
man,1
collapsed,1
going,1
nearly,1
said,1
rocked,1
cradle,1
followed,1
grave,1
philippe,1
fatal,1
charge,1
headquarters,1
baggage,1
moreover,1
claim,1
policeman,1
detective,1
began,1
career,1
detecting,1
before,1
boon,1
committed,1
could,1
what,1
though,1
know,1
retained,1
place,1
republic,1
until,1
one,1
notes,1
tendency,1
magnify,1
fact,1
always,1
acting,1
orders,1
than,1
excepting,1
e,1
maintained,1
decent,1
personal,1
character,1
sufficiently,1
inside,1
f,1
