term,count
the,134
of,76
and,72
a,59
to,44
is,38
that,29
in,27
it,24
i,23
with,20
has,19
by,18
or,18
on,16
his,16
he,14
s,13
mr,13
from,13
was,12
one,11
their,11
t,11
as,11
for,11
be,11
l,11
when,10
which,10
are,10
its,10
not,10
we,10
tile,9
will,9
all,9
they,8
wells,8
at,8
been,7
there,7
dream,7
an,7
mind,6
had,6
o,6
into,5
have,5
story,5
my,5
even,5
were,5
no,5
new,5
r,5
e,4
f,4
book,4
us,4
her,4
ill,4
who,4
other,4
afraid,4
our,4
than,4
would,4
may,4
life,4
m,4
grown,3
never,3
series,3
some,3
race,3
did,3
so,3
only,3
again,3
future,3
none,3
firefly,3
england,3
up,3
said,3
bodies,3
b,3
great,3
do,3
d,3
men,3
work,3
past,3
used,3
two,3
these,3
any,3
things,3
clear,3
class,3
real,3
today,3
what,3
like,3
own,3
this,3
those,3
dawn,3
harry,3
still,3
him,3
far,3
through,3
perhaps,2
fear,2
rearrangement,2
break,2
pampering,2
w,2
way,2
intellectual,2
disease,2
words,2
piano,2
body,2
memories,2
ears,2
nd,2
novel,2
people,2
right,2
learn,2
law,2
fair,2
religion,2
g,2
th,2
lie,2
then,2
such,2
but,2
if,2
whole,2
out,2
look,2
same,2
fanny,2
page,2
makes,2
however,2
left,2
written,2
thing,2
time,2
you,2
told,2
terrible,2
sheer,2
v,2
where,2
ha,2
lover,2
mate,2
suggestive,2
upon,2
radiant,2
willow,2
mother,2
lower,2
every,2
go,2
en,2
girl,2
yon,2
country,2
rather,2
night,2
about,2
boy,2
fa,2
education,2
early,2
air,2
forced,2
first,2
between,2
explain,2
utopia,2
h,2
long,2
ore,2
character,2
science,2
himself,2
few,2
view,2
reincarnated,2
times,2
most,2
already,2
writers,2
review,2
yet,2
religious,2
asked,2
more,2
daily,2
hg,2
length,2
sense,2
attack,2
york,2
muddle,2
very,2
known,2
well,2
n,2
contrast,2
c,2
father,2
picture,2
contemporary,2
off,2
turned,2
also,2
whom,2
expected,2
author,2
mortimer,2
too,2
kitchen,2
fruitful,2
always,2
face,2
learned,2
round,2
year,2
vivid,2
making,2
middle,2
see,2
fact,2
little,2
days,1
america,1
richer,1
woods,1
leaven,1
haloed,1
cave,1
explains,1
lu,1
thy,1
another,1
continued,1
est,1
competitive,1
ayer,1
began,1
shabbier,1
nearly,1
punctuated,1
fields,1
throughout,1
device,1
name,1
quotation,1
shove,1
common,1
schools,1
going,1
went,1
possible,1
amazed,1
comments,1
footpath,1
questions,1
emancipated,1
fell,1
referred,1
public,1
uncle,1
clever,1
al,1
differently,1
unaided,1
cherry,1
fuss,1
guide,1
hand,1
childhood,1
similar,1
second,1
caricature,1
ll,1
hymns,1
tackle,1
unison,1
sing,1
ate,1
six,1
child,1
me,1
exegesis,1
chanting,1
philological,1
ned,1
ne,1
knowledge,1
anti,1
general,1
te,1
childish,1
averse,1
timidly,1
positive,1
bought,1
recalls,1
called,1
bitterly,1
bread,1
prayers,1
matter,1
incredibly,1
shabbiest,1
children,1
grudged,1
age,1
minds,1
held,1
remains,1
sumac,1
wards,1
everything,1
sea,1
dither,1
reverence,1
them,1
bu,1
waisted,1
suppose,1
repeated,1
classes,1
ask,1
k,1
butter,1
working,1
scolded,1
luxury,1
ignorance,1
objection,1
knew,1
per,1
heralds,1
laggard,1
spring,1
thaw,1
reached,1
heart,1
impatient,1
process,1
vertiginous,1
thous,1
nothing,1
result,1
offers,1
realism,1
fantasy,1
instructive,1
lout,1
poison,1
war,1
names,1
shy,1
portents,1
merely,1
seas,1
higher,1
praise,1
sagas,1
reassertion,1
formulas,1
old,1
world,1
rate,1
fast,1
enough,1
scientific,1
boys,1
high,1
spirited,1
girls,1
congealed,1
mass,1
superstition,1
uncharted,1
appetite,1
provoking,1
enjoy,1
publication,1
published,1
here,1
p,1
co,1
tomorrow,1
followed,1
icarus,1
bertrand,1
russell,1
mongol,1
man,1
three,1
faces,1
wireless,1
possibilities,1
professor,1
iv,1
low,1
announced,1
shortly,1
ago,1
glimpse,1
weeks,1
perfunctory,1
epochs,1
stretch,1
united,1
states,1
shall,1
maps,1
arid,1
die,1
rams,1
fascinating,1
inevitably,1
yells,1
ts,1
j,1
haldane,1
slid,1
lure,1
ed,1
hardly,1
can,1
done,1
chance,1
dirty,1
storm,1
recriminations,1
boyish,1
imagination,1
acting,1
imagined,1
behave,1
moment,1
either,1
drunk,1
sober,1
attempt,1
find,1
less,1
express,1
feeling,1
naturally,1
finds,1
met,1
follow,1
asks,1
butcher,1
vital,1
processes,1
bore,1
accident,1
communities,1
sm,1
tumors,1
cancers,1
suchlike,1
arden,1
urban,1
districts,1
heir,1
countrysides,1
pretty,1
prospective,1
match,1
aged,1
pork,1
puzzling,1
lt,1
good,1
fire,1
pales,1
outside,1
drawn,1
curtains,1
maybe,1
beginning,1
spinning,1
threads,1
webs,1
day,1
gather,1
forgotten,1
gossamer,1
weave,1
together,1
until,1
restored,1
becomes,1
crystal,1
sky,1
open,1
know,1
awhile,1
blame,1
herd,1
habit,1
inhibition,1
meek,1
understand,1
indignation,1
follows,1
elucidation,1
intricacies,1
divorce,1
ridden,1
beautiful,1
comment,1
squalor,1
murder,1
while,1
sit,1
silent,1
mild,1
putting,1
gentle,1
wind,1
sons,1
daughters,1
gods,1
serene,1
warmblooded,1
philosophers,1
rove,1
feel,1
rain,1
lightning,1
naked,1
robust,1
death,1
q,1
gone,1
prevent,1
ills,1
elemental,1
ann,1
lug,1
nine,1
lake,1
since,1
christian,1
chronology,1
haler,1
say,1
simply,1
z,1
ahead,1
armageddon,1
attained,1
chosen,1
group,1
themselves,1
joyous,1
bosom,1
once,1
italian,1
perils,1
welcomed,1
ruin,1
women,1
wine,1
bowls,1
gt,1
welcome,1
moor,1
canoes,1
community,1
settlements,1
model,1
exhilaration,1
clay,1
make,1
delight,1
disc,1
behind,1
ga,1
tunnels,1
hoked,1
honey,1
fruits,1
ly,1
towards,1
fe,1
kr,1
dark,1
hereafter,1
driven,1
specialist,1
worker,1
sympathetic,1
nerve,1
starlight,1
sister,1
electricians,1
experts,1
educate,1
rest,1
lushes,1
asphodel,1
acre,1
original,1
strikingly,1
position,1
moods,1
teller,1
inventor,1
lacks,1
variety,1
plot,1
repetition,1
big,1
unique,1
former,1
shaw,1
chesterton,1
belongs,1
u,1
trilogy,1
cursory,1
del,1
english,1
conditioned,1
largely,1
seem,1
hypotheses,1
entitled,1
rearranges,1
notions,1
henry,1
stuart,1
pp,1
near,1
macmillan,1
company,1
incorrigible,1
optimist,1
wishes,1
corrected,1
toward,1
particularly,1
bleak,1
thinker,1
letters,1
seek,1
stirred,1
beyond,1
ream,1
certain,1
tempe,1
odium,1
word,1
human,1
many,1
years,1
before,1
doe,1
conviction,1
hitherto,1
indulged,1
vehicle,1
presenting,1
reincarnation,1
memory,1
noses,1
perfectibility,1
values,1
bait,1
violently,1
shifted,1
antiquity,1
prosper,1
indefinite,1
continuance,1
how,1
present,1
distance,1
humanity,1
reach,1
adroit,1
tempting,1
complacency,1
poor,1
compromise,1
dancing,1
moldering,1
rebuild,1
prayer,1
power,1
gesture,1
tinsel,1
sword,1
flames,1
across,1
bars,1
les,1
absorbing,1
shows,1
confused,1
signs,1
flagging,1
seems,1
oar,1
much,1
vella,1
prejudices,1
masquer,1
fine,1
aside,1
gate,1
forbidden,1
method,1
foresee,1
hy,1
dint,1
force,1
milieu,1
inspire,1
ever,1
afterward,1
retrospective,1
shudder,1
tinged,1
sentimental,1
contacts,1
love,1
land,1
beau,1
principles,1
faced,1
eat,1
unending,1
rolland,1
french,1
must,1
estimated,1
lucre,1
delivered,1
smith,1
turns,1
tea,1
biological,1
table,1
underground,1
swarming,1
cockroaches,1
remember,1
instruction,1
re,1
ty,1
logical,1
thai,1
monumental,1
instead,1
tawdry,1
furnishings,1
dust,1
cobwebs,1
lurk,1
obscure,1
assault,1
sordid,1
lives,1
millions,1
content,1
lead,1
true,1
led,1
space,1
revels,1
tradition,1
acquaintance,1
passing,1
needs,1
poisoned,1
sentiment,1
subtly,1
dosed,1
expects,1
grim,1
tragic,1
scratch,1
arm,1
rubbish,1
cloud,1
fevered,1
back,1
ground,1
doubly,1
over,1
roamed,1
polly,1
young,1
passes,1
golden,1
pompeii,1
experiences,1
failure,1
thin,1
tar,1
away,1
rally,1
falls,1
generation,1
visits,1
ruins,1
handles,1
implements,1
st,1
curiosity,1
slightly,1
pity,1
sensibilities,1
excavator,1
home,1
counties,1
whose,1
enforce,1
place,1
serious,1
ardent,1
dreamy,1
family,1
head,1
headed,1
huckster,1
dishonest,1
ragged,1
edge,1
bankruptcy,1
sombre,1
evangelical,1
fist,1
hitting,1
blindly,1
development,1
commitments,1
hill,1
previous,1
downs,1
cockney,1
holidaymaker,1
song,1
lark,1
northward,1
southward,1
london,1
black,1
smudge,1
smoke,1
horizon,1
stage,1
drama,1
played,1
familial,1
ir,1
later,1
