term,count
the,137
of,92
and,53
a,46
in,40
to,38
his,34
is,31
he,29
it,24
was,22
smith,21
that,20
s,20
not,18
but,17
which,15
on,15
sydney,14
at,13
i,12
or,12
as,11
with,11
be,10
by,10
upon,9
this,9
for,9
mr,8
wit,8
him,8
all,8
man,8
russell,8
t,8
has,7
when,7
mrs,7
out,6
if,6
letters,6
english,6
who,6
are,6
taxed,6
taxes,6
us,5
from,5
more,5
o,5
have,5
th,5
much,5
review,4
can,4
even,4
made,4
paid,4
into,4
per,4
cent,4
fame,4
we,4
one,4
men,4
great,4
very,4
good,4
among,4
an,4
literature,4
let,4
everything,4
so,3
what,3
whig,3
best,3
up,3
than,3
day,3
present,3
life,3
some,3
almost,3
enough,3
position,3
been,3
n,3
had,3
there,3
poor,3
whole,3
new,3
too,3
given,3
house,3
here,3
literary,3
way,3
hear,2
period,2
beat,2
id,2
qualities,2
you,2
simile,2
reform,2
would,2
choice,2
do,2
shown,2
she,2
yet,2
gives,2
under,2
any,2
volume,2
repartee,2
your,2
facility,2
together,2
st,2
like,2
arc,2
fr,2
doubt,2
excellent,2
examples,2
word,2
though,2
back,2
open,2
no,2
storm,2
rich,2
e,2
makes,2
morley,2
comes,2
take,2
her,2
mop,2
light,2
then,2
after,2
sea,2
sense,2
ocean,2
atlantic,2
most,2
editor,2
little,2
series,2
joseph,2
himself,2
better,2
nd,2
passage,2
sort,2
only,2
moment,2
question,2
long,2
name,2
scarcely,2
owed,2
reputation,2
its,2
indeed,2
appears,2
merits,2
remarkable,2
such,2
fact,2
hero,2
soup,2
highly,2
jacobs,2
moral,2
book,2
other,2
about,2
know,2
family,2
social,2
every,2
written,2
church,2
erudition,2
judgment,2
york,2
canons,2
owns,2
steady,2
failures,2
times,2
till,1
fortunate,1
gradually,1
brass,1
always,1
spice,1
justly,1
alt,1
tile,1
objections,1
elevated,1
specie,1
making,1
am,1
nails,1
bear,1
manages,1
levant,1
eats,1
top,1
whips,1
opinions,1
schoolboy,1
reflection,1
pay,1
thinks,1
stuff,1
bed,1
coffin,1
soups,1
same,1
bride,1
kind,1
met,1
accident,1
course,1
youth,1
dining,1
painful,1
covers,1
criminal,1
jonathan,1
waters,1
earth,1
locomotion,1
pertinence,1
warmth,1
addressed,1
inhabitants,1
states,1
le,1
inform,1
taste,1
smell,1
feel,1
finally,1
inevitable,1
consequences,1
being,1
fond,1
glory,1
see,1
pleasant,1
foot,1
article,1
placed,1
enters,1
horse,1
quote,1
pulse,1
sufficient,1
pampers,1
hangs,1
judge,1
qualify,1
decorates,1
mouth,1
slopes,1
parnassus,1
health,1
restores,1
gentle,1
dru,1
appetite,1
sauce,1
acceleration,1
ascent,1
industry,1
achieved,1
added,1
value,1
fresh,1
material,1
raw,1
home,1
grown,1
abroad,1
without,1
place,1
pencil,1
bridle,1
end,1
el,1
veriest,1
true,1
elaborate,1
analysis,1
peter,1
production,1
v,1
work,1
apart,1
political,1
environment,1
doing,1
means,1
uninteresting,1
questions,1
psalms,1
roan,1
author,1
selecting,1
subject,1
ho,1
editorial,1
m,1
slip,1
suited,1
treat,1
tho,1
x,1
representative,1
something,1
cud,1
absence,1
once,1
unsuitable,1
general,1
calls,1
conclusion,1
helpless,1
persecuted,1
devil,1
advocate,1
mus,1
reply,1
theft,1
many,1
belongs,1
atone,1
did,1
thereby,1
deserve,1
separate,1
monograph,1
willing,1
employed,1
talent,1
noblest,1
matter,1
practically,1
says,1
summing,1
my,1
patriot,1
purest,1
singular,1
type,1
genuinely,1
religious,1
opportunity,1
happy,1
aria,1
undeserved,1
aeries,1
air,1
blue,1
demanded,1
burying,1
chancel,1
virtues,1
handed,1
posterity,1
marble,1
gathered,1
fathers,1
america,1
collected,1
fooling,1
oshkosh,1
admit,1
re,1
fees,1
probate,1
besides,1
ha,1
dying,1
pouring,1
spoon,1
flings,1
b,1
chintz,1
expires,1
immediately,1
arms,1
apothecary,1
license,1
putting,1
death,1
property,1
use,1
argues,1
fault,1
heaven,1
lord,1
jeffreys,1
carried,1
claimed,1
occasionally,1
macaulay,1
pater,1
myers,1
rex,1
does,1
dex,1
niche,1
they,1
temple,1
dr,1
proposed,1
edinburgh,1
before,1
projector,1
con,1
less,1
hitherto,1
representing,1
quarter,1
universe,1
l,1
existed,1
thus,1
me,1
father,1
periodical,1
might,1
guardian,1
generic,1
need,1
degenerate,1
building,1
paul,1
wooden,1
pavement,1
should,1
around,1
sacred,1
immortal,1
done,1
response,1
whose,1
recommended,1
walk,1
empty,1
stomach,1
suggested,1
thing,1
hand,1
nineteenth,1
society,1
wet,1
theodore,1
hook,1
perhaps,1
known,1
century,1
heads,1
curiously,1
power,1
impromptu,1
disputation,1
maid,1
our,1
felt,1
heated,1
clerical,1
reported,1
insolence,1
afforded,1
typical,1
points,1
above,1
none,1
breeding,1
dinner,1
sometimes,1
absent,1
nearly,1
however,1
disappears,1
takes,1
bred,1
well,1
definition,1
aristotle,1
accept,1
turbans,1
saw,1
meaning,1
understood,1
time,1
first,1
declared,1
curate,1
window,1
asked,1
footman,1
called,1
both,1
profession,1
piety,1
sentences,1
pamphlets,1
raised,1
title,1
page,1
answered,1
last,1
skirting,1
stress,1
throughout,1
treatment,1
never,1
faces,1
manfully,1
content,1
obsolete,1
composer,1
forgotten,1
philosophy,1
professor,1
journalistic,1
rooms,1
drawing,1
count,1
prophets,1
also,1
rev,1
raconteur,1
pamphleteer,1
clergyman,1
biography,1
george,1
lay,1
beneficent,1
slight,1
mouths,1
people,1
laugh,1
disraeli,1
knew,1
wag,1
seeking,1
dignitaries,1
activities,1
similar,1
manner,1
shrewd,1
future,1
depended,1
charms,1
holland,1
lady,1
patroness,1
domineering,1
partiality,1
particular,1
their,1
alone,1
preferment,1
often,1
circles,1
determining,1
salon,1
importance,1
diner,1
own,1
testimony,1
pen,1
writes,1
soon,1
developing,1
mood,1
generally,1
turns,1
encountered,1
dressing,1
gown,1
joke,1
vitality,1
specialty,1
hitting,1
off,1
help,1
foibles,1
ill,1
colloquial,1
renewed,1
fatal,1
ease,1
ton,1
slop,1
puddle,1
rove,1
meddled,1
gentlemen,1
quiet,1
gave,1
will,1
grave,1
whether,1
john,1
resuscitation,1
punch,1
humored,1
came,1
over,1
thought,1
pudding,1
depression,1
staying,1
lie,1
spoke,1
lightly,1
veal,1
whence,1
took,1
aside,1
reasoned,1
vain,1
dishes,1
individual,1
apple,1
boiled,1
roast,1
plain,1
indicate,1
countenance,1
smile,1
forced,1
te,1
look,1
pattie,1
usual,1
hod,1
lea,1
pastures,1
ht,1
thou,1
tell,1
spirit,1
roused,1
serve,1
obscure,1
feels,1
attempts,1
justify,1
quotations,1
ma,1
useful,1
moo,1
purpose,1
bringing,1
nowadays,1
care,1
read,1
including,1
canonize,1
soul,1
creditable,1
these,1
commons,1
reforming,1
emancipation,1
catholic,1
getting,1
aided,1
retrenchment,1
liberty,1
discussions,1
side,1
right,1
common,1
commonest,1
success,1
full,1
ll,1
terrible,1
rushed,1
houses,1
threatened,1
destruction,1
midst,1
sublime,1
lived,1
rather,1
seen,1
r,1
pattens,1
trundling,1
squeezing,1
fl,1
waves,1
incredible,1
rose,1
tide,1
town,1
flood,1
set,1
winter,1
occasion,1
par,1
conduct,1
progress,1
stop,1
f,1
attempt,1
disrespectful,1
mean,1
march,1
