term,count
the,67
of,61
a,47
and,39
in,28
to,28
i,26
l,23
s,20
t,19
her,17
with,13
is,12
his,11
r,11
was,11
that,10
tile,10
old,9
n,9
fraser,9
it,9
he,8
at,8
h,8
all,7
had,7
by,7
for,7
an,7
as,7
she,6
on,6
when,6
tl,5
v,5
my,5
years,5
crawford,5
ill,5
who,5
one,5
c,5
wife,5
first,5
ii,4
have,4
life,4
many,4
lands,4
or,4
lie,4
though,4
not,4
are,4
day,4
d,4
f,4
their,4
lady,4
were,4
present,3
family,3
little,3
me,3
father,3
its,3
ti,3
so,3
has,3
which,3
this,3
two,3
new,3
diplomatist,3
m,3
few,3
death,3
married,3
io,3
they,3
us,3
full,3
but,3
hugh,3
e,3
up,3
music,2
born,2
lr,2
where,2
three,2
herself,2
book,2
page,2
over,2
forward,2
dear,2
back,2
lo,2
there,2
here,2
art,2
house,2
ward,2
end,2
y,2
be,2
followed,2
horror,2
lt,2
hi,2
later,2
place,2
sister,2
into,2
o,2
tn,2
vienna,2
made,2
england,2
ills,2
verdict,2
xv,2
than,2
from,2
ll,2
more,2
much,2
rd,2
small,2
character,2
ones,2
q,2
till,2
lad,2
we,2
men,2
no,2
own,2
delightful,2
irish,2
airs,2
la,2
any,2
mrs,2
about,2
english,2
terrified,2
fortunate,2
apprentice,1
chinese,1
lords,1
stonecutter,1
russian,1
discovered,1
diplomats,1
heard,1
quiet,1
lilac,1
reached,1
disappeared,1
maiden,1
limit,1
workshop,1
ms,1
ins,1
ears,1
dying,1
confirmed,1
sweetest,1
destined,1
course,1
boy,1
got,1
continued,1
kings,1
ladies,1
chisel,1
ta,1
ring,1
success,1
enchanting,1
pt,1
orpheus,1
until,1
resources,1
days,1
even,1
boyhood,1
cost,1
birth,1
skies,1
glowing,1
other,1
possessed,1
joyous,1
genuine,1
child,1
fragrance,1
earliest,1
freedom,1
disregard,1
fecal,1
picturesque,1
love,1
consequences,1
could,1
ever,1
break,1
forbidden,1
scotch,1
ca,1
like,1
courtiers,1
modify,1
ally,1
popes,1
marched,1
peasants,1
band,1
itinerant,1
himself,1
occurred,1
hot,1
five,1
attached,1
retains,1
vivid,1
recollection,1
very,1
once,1
tr,1
never,1
last,1
won,1
tit,1
central,1
ls,1
g,1
yon,1
nick,1
then,1
wits,1
whore,1
castle,1
ion,1
nd,1
fri,1
witnessed,1
franc,1
visit,1
insane,1
inn,1
went,1
body,1
vile,1
too,1
th,1
near,1
drew,1
ct,1
lille,1
lil,1
z,1
lilt,1
re,1
ly,1
rt,1
ir,1
ty,1
li,1
k,1
lit,1
thai,1
st,1
hal,1
arv,1
reset,1
slid,1
oil,1
eb,1
xx,1
w,1
vt,1
fr,1
light,1
sir,1
id,1
shy,1
j,1
bill,1
iii,1
gill,1
mona,1
flight,1
royal,1
ghost,1
also,1
tier,1
lined,1
stories,1
excellent,1
tells,1
wolf,1
fear,1
nothing,1
young,1
after,1
cheek,1
containing,1
letter,1
retinal,1
hy,1
await,1
down,1
lay,1
statue,1
figure,1
shrouded,1
save,1
everything,1
hare,1
studio,1
opera,1
seat,1
friends,1
several,1
tories,1
widow,1
b,1
iron,1
twisted,1
er,1
fine,1
ghastly,1
behind,1
lid,1
ell,1
fin,1
visited,1
marry,1
ye,1
consigned,1
hastily,1
been,1
cholera,1
died,1
file,1
reason,1
unless,1
however,1
ave,1
go,1
writers,1
italians,1
x,1
composers,1
chats,1
painters,1
marriage,1
younger,1
mother,1
thomas,1
sculptor,1
studios,1
courts,1
diplomacy,1
worlds,1
doors,1
sesame,1
open,1
these,1
since,1
heritage,1
gives,1
both,1
peculiarly,1
every,1
pleasure,1
murmuring,1
chuckling,1
keeps,1
joy,1
constant,1
time,1
really,1
late,1
author,1
julia,1
howe,1
rich,1
influential,1
abroad,1
trip,1
met,1
aides,1
pass,1
hats,1
raise,1
still,1
exchange,1
stock,1
honor,1
portrait,1
legislature,1
bankrupt,1
repudiated,1
state,1
york,1
debt,1
paid,1
grandfather,1
samuel,1
island,1
governor,1
given,1
colonial,1
descended,1
yorkers,1
reminiscence,1
autobiography,1
volumes,1
gone,1
standard,1
quite,1
women,1
bit,1
regrets,1
bias,1
delicious,1
humor,1
charm,1
crowded,1
tell,1
can,1
places,1
persons,1
experience,1
wide,1
influence,1
mellowing,1
kindly,1
world,1
wisdom,1
wise,1
juice,1
some,1
knowing,1
privilege,1
among,1
those,1
none,1
covers,1
less,1
red,1
bright,1
between,1
such,1
just,1
find,1
may,1
reads,1
big,1
listen,1
interesting,1
matters,1
past,1
gossip,1
anecdotes,1
gay,1
kept,1
memory,1
whose,1
above,1
perfection,1
lacking,1
howsoever,1
alive,1
because,1
interested,1
thoroughly,1
presently,1
home,1
rome,1
spirited,1
against,1
propped,1
folio,1
found,1
piano,1
came,1
morning,1
persistence,1
deafening,1
otter,1
solitaire,1
promenades,1
les,1
practiced,1
warning,1
conies,1
girlhood,1
incident,1
least,1
stop,1
must,1
journeyings,1
record,1
indeed,1
bread,1
your,1
eaten,1
cover,1
sketch,1
said,1
annie,1
gallery,1
varied,1
what,1
description,1
words,1
clearly,1
vigorously,1
drawing,1
touch,1
felicitous,1
particularly,1
want,1
application,1
agree,1
will,1
reader,1
venture,1
dare,1
march,1
underneath,1
written,1
boots,1
out,1
worn,1
forlornly,1
pair,1
showing,1
you,1
face,1
mary,1
history,1
midst,1
happy,1
lived,1
children,1
america,1
visits,1
occasional,1
including,1
travel,1
gaiety,1
plenty,1
literature,1
atmosphere,1
gardens,1
playing,1
society,1
roman,1
best,1
intimate,1
palace,1
vast,1
living,1
grew,1
marion,1
brother,1
aria,1
sisters,1
romance,1
twenty,1
earnestly,1
secretary,1
gazing,1
street,1
london,1
stopped,1
woman,1
gypsy,1
ago,1
did,1
wanderings,1
year,1
adventurous,1
takes,1
account,1
far,1
europe,1
brilliant,1
most,1
perhaps,1
court,1
assigned,1
husband,1
sons,1
four,1
spent,1
china,1
peking,1
british,1
if,1
