term,count
the,72
of,49
and,33
to,28
is,18
a,15
in,15
it,12
was,8
be,8
he,8
from,7
that,7
this,6
with,6
these,6
than,5
trade,5
congress,5
power,5
but,5
his,5
very,5
an,5
have,5
which,5
for,5
been,5
more,4
as,4
its,4
one,4
had,4
book,4
we,4
has,4
regulate,3
states,3
work,3
constitution,3
generation,3
jones,3
commerce,3
or,3
foreign,3
are,3
there,3
law,3
general,2
principle,2
could,2
trace,2
stated,2
used,2
task,2
at,2
daily,2
nations,2
outcome,2
interesting,2
slowly,2
commercial,2
evolution,2
words,2
quoted,2
under,2
people,2
since,2
important,2
much,2
purposes,2
so,2
itself,2
great,2
what,2
effort,2
provision,2
exercise,2
were,2
reach,2
present,2
not,2
amateur,2
decisions,2
would,2
gives,2
year,2
printed,2
him,2
professional,2
ordinary,2
mr,2
only,2
good,2
court,2
enormous,1
changes,1
supreme,1
like,1
score,1
making,1
index,1
regulated,1
adequate,1
flowed,1
useful,1
felt,1
above,1
wish,1
when,1
beginning,1
extremely,1
wonderful,1
fa,1
i,1
put,1
reader,1
lay,1
dates,1
nay,1
already,1
adopted,1
china,1
total,1
occurring,1
pacific,1
atlantic,1
easily,1
george,1
where,1
washington,1
grudging,1
hope,1
little,1
seem,1
new,1
york,1
philadelphia,1
knows,1
manila,1
though,1
promptly,1
news,1
first,1
president,1
city,1
other,1
suggestions,1
side,1
tiresome,1
know,1
east,1
river,1
anything,1
larger,1
arising,1
custom,1
rarely,1
evils,1
hat,1
seen,1
lawyer,1
imperative,1
convention,1
showed,1
electricity,1
wisdom,1
framing,1
thee,1
manner,1
process,1
intolerable,1
undertaken,1
remarkable,1
ta,1
regulation,1
resented,1
powers,1
problem,1
conferred,1
reserved,1
out,1
also,1
proceeded,1
then,1
greatly,1
aided,1
tangle,1
admirable,1
gav,1
currency,1
rise,1
profession,1
con,1
by,1
make,1
cause,1
articles,1
complaint,1
confederation,1
no,1
stability,1
confusion,1
because,1
customs,1
feature,1
dues,1
o,1
nd,1
laws,1
credit,1
references,1
series,1
vary,1
tug,1
domestic,1
bound,1
hopeless,1
full,1
goes,1
assuming,1
steam,1
pages,1
fond,1
plainly,1
word,1
sense,1
old,1
intimated,1
invade,1
far,1
apt,1
proofreader,1
pen,1
slips,1
those,1
few,1
subject,1
showing,1
purpose,1
object,1
united,1
pregnant,1
interpretation,1
authoritative,1
show,1
history,1
title,1
himself,1
reaches,1
remarkably,1
quite,1
aims,1
results,1
mode,1
offers,1
style,1
forms,1
way,1
neat,1
too,1
well,1
privately,1
love,1
labor,1
seems,1
gilt,1
readers,1
class,1
considerable,1
singularly,1
author,1
paul,1
binding,1
top,1
written,1
still,1
painstaking,1
lot,1
evidence,1
bears,1
product,1
less,1
fact,1
sets,1
emphasize,1
if,1
on,1
nicety,1
personal,1
seal,1
shall,1
among,1
several,1
effect,1
case,1
completely,1
life,1
into,1
entered,1
gradually,1
until,1
opinion,1
scope,1
extending,1
force,1
tn,1
involved,1
activities,1
public,1
may,1
indian,1
adoption,1
highest,1
nit,1
employment,1
gen,1
away,1
passing,1
fourth,1
said,1
consequences,1
intimate,1
existence,1
unconscious,1
almost,1
rendered,1
interests,1
varied,1
development,1
usually,1
companies,1
transportation,1
charges,1
tile,1
t,1
large,1
trusts,1
immense,1
known,1
popularly,1
being,1
attention,1
moment,1
tribes,1
whatever,1
authority,1
recognized,1
ms,1
lodged,1
two,1
vague,1
complex,1
they,1
must,1
relatively,1
novel,1
century,1
legislation,1
adjudication,1
clause,1
previous,1
grateful,1
