term,count
the,66
of,35
is,31
and,27
to,24
in,16
for,13
it,12
as,12
a,12
not,9
there,7
that,7
are,7
with,7
which,7
an,6
all,6
his,6
but,6
tile,6
plays,6
life,6
no,5
her,5
each,5
by,5
who,5
she,5
one,5
they,5
mother,4
play,4
this,4
be,4
them,4
their,4
woman,4
he,4
at,3
two,3
we,3
women,3
s,3
on,3
has,3
george,3
so,3
done,3
middleton,3
what,3
may,3
into,3
six,3
act,3
good,3
show,2
looking,2
or,2
child,2
l,2
more,2
made,2
time,2
other,2
being,2
short,2
wife,2
work,2
real,2
between,2
see,2
moment,2
shown,2
successful,2
were,2
elder,2
sacrifice,2
young,2
simplicity,2
than,2
father,2
tragedy,2
without,2
pass,2
nothing,2
impression,2
contemporary,2
possession,2
author,2
make,2
world,2
say,2
whole,2
situation,2
characters,2
herself,2
themselves,2
elaborate,1
quite,1
system,1
certainly,1
dix,1
shop,1
quality,1
co,1
adopted,1
method,1
me,1
menlo,1
need,1
collection,1
here,1
excellence,1
technique,1
will,1
holt,1
r,1
art,1
old,1
hand,1
n,1
mad,1
new,1
piece,1
continues,1
himself,1
well,1
can,1
whether,1
vague,1
anti,1
past,1
do,1
suffer,1
filled,1
entities,1
separate,1
understanding,1
realizing,1
hardly,1
along,1
sympathy,1
enough,1
drab,1
dull,1
future,1
things,1
tell,1
went,1
master,1
o,1
evil,1
net,1
brief,1
too,1
you,1
revealed,1
stand,1
hope,1
failure,1
become,1
might,1
possibilities,1
tense,1
henry,1
bit,1
special,1
job,1
aspects,1
comedy,1
serious,1
rather,1
tends,1
mind,1
hie,1
mark,1
content,1
signs,1
any,1
far,1
him,1
thugs,1
bigger,1
witty,1
human,1
moving,1
doing,1
presentation,1
striking,1
readers,1
books,1
arid,1
kind,1
else,1
easy,1
attention,1
hold,1
able,1
curiously,1
truth,1
i,1
expect,1
man,1
still,1
hurry,1
scale,1
about,1
room,1
elbow,1
story,1
volume,1
slightest,1
maintained,1
yet,1
waste,1
going,1
workmanship,1
complex,1
excellent,1
admirably,1
remains,1
freedom,1
tolerant,1
negation,1
license,1
toward,1
leaning,1
least,1
sentimental,1
generous,1
mr,1
fine,1
society,1
men,1
relations,1
conception,1
outlook,1
curious,1
dramatic,1
lives,1
till,1
up,1
give,1
only,1
lived,1
simply,1
now,1
own,1
claims,1
realize,1
instant,1
glimpses,1
summing,1
sole,1
sisters,1
vision,1
girl,1
groove,1
easily,1
non,1
bitterness,1
loss,1
fury,1
pomp,1
suggested,1
conversation,1
just,1
visualized,1
marriage,1
ready,1
college,1
from,1
home,1
received,1
yielding,1
cross,1
hut,1
bitter,1
dead,1
spot,1
alive,1
important,1
given,1
law,1
reacts,1
daughter,1
little,1
ill,1
over,1
ease,1
confront,1
action,1
ts,1
love,1
wins,1
reared,1
pain,1
bore,1
dynamic,1
right,1
yields,1
end,1
against,1
part,1
drama,1
scene,1
poignant,1
whom,1
faithless,1
fulfillment,1
many,1
after,1
delicate,1
writing,1
these,1
satisfyingly,1
been,1
windflower,1
sufficient,1
group,1
thing,1
best,1
dozen,1
half,1
almost,1
unusually,1
power,1
complete,1
fragment,1
onlooker,1
when,1
before,1
crisis,1
makes,1
supreme,1
brings,1
stress,1
some,1
something,1
us,1
today,1
know,1
living,1
people,1
longer,1
peculiar,1
imagination,1
tills,1
touches,1
forced,1
syllable,1
unnecessary,1
perfection,1
upon,1
close,1
tiffs,1
tones,1
crises,1
background,1
fr,1
expressed,1
characteristic,1
unpretentious,1
quiet,1
cottage,1
impresses,1
clearly,1
loves,1
those,1
down,1
laying,1
reading,1
less,1
bigness,1
bedroom,1
its,1
unquestioned,1
sister,1
together,1
sit,1
where,1
stuff,1
