term,count
the,20
of,13
and,8
his,7
her,7
to,6
napoleon,6
s,5
a,5
by,4
he,4
in,4
with,4
these,3
you,3
for,3
mr,3
my,3
an,3
on,3
destiny,3
that,3
as,2
t,2
it,2
i,2
wear,2
flower,2
end,2
your,2
over,2
william,2
crown,2
their,2
story,2
dana,2
birth,2
head,2
violets,2
this,2
france,2
are,2
sent,1
me,1
say,1
father,1
him,1
lie,1
heard,1
j,1
mother,1
bunch,1
strewed,1
nevada,1
shepherd,1
day,1
sierra,1
following,1
grief,1
which,1
heights,1
came,1
but,1
voice,1
daughter,1
shall,1
until,1
place,1
v,1
said,1
empress,1
ors,1
bright,1
fresh,1
picture,1
pretty,1
presents,1
throne,1
sit,1
again,1
will,1
descendants,1
lives,1
still,1
name,1
emblem,1
flowers,1
blossoms,1
labors,1
colossal,1
great,1
our,1
never,1
call,1
tells,1
marvelous,1
d,1
workman,1
had,1
just,1
escaped,1
from,1
ham,1
disguised,1
made,1
romance,1
way,1
england,1
there,1
claim,1
assistance,1
good,1
iii,1
new,1
part,1
weber,1
wooing,1
episode,1
second,1
empire,1
illustrated,1
charlotte,1
chicago,1
figures,1
ac,1
co,1
louis,1
eugenie,1
de,1
central,1
friend,1
count,1
at,1
adventures,1
table,1
learns,1
charms,1
daring,1
beauty,1
emperor,1
cd,1
famous,1
quests,1
after,1
through,1
courtship,1
lays,1
pi,1
gaming,1
cups,1
wine,1
men,1
discussed,1
be,1
heroine,1
permits,1
seem,1
would,1
strangely,1
here,1
appearance,1
makes,1
first,1
house,1
gambling,1
another,1
