term,count
the,23
and,22
to,21
of,20
in,11
a,10
is,10
that,9
he,8
are,7
young,7
tile,7
who,7
his,6
for,5
not,5
many,4
it,4
so,4
good,4
with,4
much,4
be,4
man,4
success,4
s,3
you,3
different,3
out,3
those,3
which,3
but,3
t,3
has,3
advice,3
from,3
go,3
as,3
vision,2
ones,2
d,2
some,2
question,2
people,2
can,2
however,2
same,2
world,2
do,2
very,2
working,2
hand,2
g,2
lay,2
down,2
college,2
on,2
an,2
just,2
if,2
all,2
i,2
chance,2
they,2
one,2
senator,2
day,2
rather,2
than,2
yet,2
direction,2
e,2
have,2
thinks,1
sadly,1
students,1
done,1
feel,1
quotes,1
ct,1
there,1
wife,1
affirmative,1
cut,1
tobacco,1
little,1
difficult,1
shewing,1
get,1
married,1
strong,1
enough,1
protect,1
children,1
ministry,1
worth,1
while,1
ir,1
advises,1
lawyer,1
finished,1
public,1
gives,1
views,1
thinking,1
entering,1
progress,1
types,1
rn,1
perhaps,1
l,1
offer,1
nu,1
endowed,1
particular,1
kind,1
heart,1
seems,1
description,1
certain,1
succeeded,1
available,1
securing,1
trouble,1
bit,1
given,1
great,1
deal,1
more,1
tangible,1
will,1
stimulate,1
help,1
counsel,1
this,1
nothing,1
necessary,1
cat,1
sleep,1
laugh,1
their,1
lie,1
goes,1
fundamental,1
again,1
only,1
tim,1
highest,1
brain,1
ice,1
steel,1
hi,1
art,1
fire,1
clear,1
cold,1
steady,1
grasp,1
lever,1
relentlessness,1
answers,1
take,1
straddle,1
others,1
growing,1
largely,1
suggestions,1
readers,1
ts,1
f,1
tie,1
st,1
natural,1
like,1
should,1
n,1
tiled,1
upon,1
explain,1
how,1
himself,1
ills,1
principles,1
other,1
li,1
doing,1
series,1
appeared,1
first,1
periodical,1
by,1
albert,1
j,1
mo,1
pp,1
v,1
new,1
york,1
appleton,1
co,1
indiana,1
writes,1
men,1
point,1
view,1
found,1
coming,1
way,1
these,1
papers,1
collected,1
comes,1
ways,1
response,1
vacations,1
self,1
then,1
sums,1
up,1
at,1
end,1
th,1
words,1
home,1
father,1
arid,1
mother,1
subject,1
next,1
paper,1
whether,1
or,1
takes,1
position,1
might,1
defined,1
nerve,1
nature,1
environments,1
mingle,1
rules,1
ly,1
reason,1
no,1
them,1
open,1
always,1
order,1
sn,1
ha,1
own,1
observation,1
learn,1
your,1
limitations,1
start,1
fitted,1
suggestion,1
keep,1
hard,1
worry,1
strengthen,1
