term,count
the,166
of,111
and,60
to,50
a,44
he,31
his,31
in,30
it,26
gary,26
s,24
that,23
judge,21
with,18
as,18
is,17
miss,16
tarbell,14
not,14
for,14
had,14
but,13
steel,12
corporation,12
she,12
at,12
was,11
has,11
be,11
or,10
one,10
into,10
always,9
than,9
an,8
by,8
her,8
you,8
they,8
h,8
its,7
from,7
o,7
business,7
man,7
on,7
day,6
young,6
out,6
more,6
life,6
are,6
been,6
this,5
story,5
them,5
i,5
enough,5
which,5
have,5
even,5
when,5
liked,5
does,5
great,4
first,4
do,4
court,4
oil,4
rogers,4
because,4
own,4
industrial,4
far,4
go,4
t,4
corporate,4
mr,4
says,3
m,3
labor,3
n,3
what,3
standard,3
him,3
so,3
company,3
stop,3
no,3
th,3
directors,3
after,3
chief,3
meeting,3
elbert,3
were,3
those,3
board,3
did,3
report,3
how,3
affairs,3
tell,3
who,3
never,3
through,3
book,3
early,3
sort,3
without,3
up,3
clerk,3
career,3
only,3
world,3
history,3
g,3
l,3
church,3
work,3
law,3
wanted,3
if,3
right,3
economic,3
could,3
good,3
personality,3
hero,3
little,3
courteous,2
paid,2
two,2
hours,2
possible,2
children,2
end,2
inner,2
fair,2
president,2
long,2
noted,2
wheels,2
public,2
ha,2
give,2
advance,2
romance,2
profit,2
twelve,2
year,2
knew,2
rather,2
set,2
make,2
character,2
re,2
very,2
these,2
people,2
clean,2
say,2
then,2
well,2
way,2
ever,2
once,2
illuminating,2
like,2
personal,2
morning,2
phenomenal,2
powerful,2
course,2
among,2
score,2
enduring,2
request,2
federal,2
waters,2
r,2
government,2
practice,2
showed,2
made,2
such,2
done,2
especially,2
formed,2
told,2
there,2
under,2
picture,2
insisted,2
united,2
time,2
satisfying,2
states,2
big,2
chairman,2
york,2
nor,2
other,2
d,2
just,2
too,2
morgan,2
true,2
b,2
instinct,2
c,2
ahead,2
much,2
note,2
concerned,2
double,2
combination,2
earnest,2
leaves,2
hundred,2
absorbing,2
vast,2
billion,2
office,2
aid,2
dollar,2
spirit,2
preachments,2
fascinating,1
ladies,1
bible,1
adjusted,1
watch,1
class,1
every,1
housing,1
aspired,1
pensions,1
wheaton,1
connected,1
inst,1
girl,1
tut,1
home,1
welfare,1
forces,1
tow,1
profiting,1
reacting,1
ownership,1
instance,1
imperative,1
frick,1
obviously,1
rockefeller,1
essentially,1
jud,1
describes,1
stage,1
annual,1
newly,1
conditions,1
unless,1
reduce,1
raise,1
schwab,1
across,1
stock,1
woven,1
offered,1
acting,1
committees,1
upon,1
cooperation,1
find,1
mos,1
move,1
partnership,1
same,1
traits,1
spite,1
chance,1
figures,1
safety,1
suppers,1
collective,1
eel,1
tel,1
head,1
turned,1
red,1
deficient,1
thoughtful,1
f,1
bargaining,1
orthodox,1
fact,1
e,1
realities,1
w,1
nothing,1
modern,1
said,1
friends,1
angry,1
we,1
seen,1
dogma,1
remarked,1
father,1
boy,1
headed,1
longest,1
terminology,1
policies,1
noah,1
brother,1
about,1
quick,1
instinctive,1
ready,1
hour,1
today,1
careful,1
ame,1
union,1
impression,1
games,1
picnic,1
principles,1
eternal,1
discussion,1
guilt,1
dream,1
ache,1
strike,1
thing,1
thy,1
helpful,1
self,1
controversy,1
practical,1
put,1
quietly,1
their,1
things,1
case,1
persuasively,1
thirst,1
handed,1
souls,1
youthful,1
tor,1
policy,1
keep,1
risen,1
supreme,1
wrestling,1
allowing,1
fullest,1
inspection,1
inviting,1
success,1
any,1
explains,1
largely,1
demand,1
ethics,1
authorities,1
gal,1
according,1
tile,1
rive,1
poor,1
going,1
came,1
private,1
v,1
tribute,1
over,1
mean,1
final,1
will,1
replied,1
now,1
am,1
added,1
older,1
longer,1
characteristic,1
coincidence,1
view,1
pieces,1
knowledge,1
writes,1
proofs,1
seemed,1
discriminations,1
rebates,1
unsound,1
month,1
gold,1
unethical,1
corporations,1
state,1
began,1
stopped,1
brought,1
railroads,1
cars,1
wrong,1
child,1
keeping,1
happy,1
might,1
arduous,1
pay,1
indeed,1
nd,1
record,1
loose,1
willing,1
pools,1
le,1
open,1
code,1
decrees,1
dissolution,1
opposing,1
firm,1
won,1
cases,1
section,1
studied,1
while,1
lawyers,1
taken,1
played,1
poker,1
force,1
truth,1
scrupulously,1
doing,1
chicago,1
superior,1
connections,1
esta,1
wages,1
rapidly,1
read,1
serious,1
regard,1
information,1
reputation,1
depot,1
being,1
paragon,1
exactness,1
stickler,1
correct,1
forms,1
wide,1
certain,1
proposed,1
mighty,1
win,1
considerable,1
doubt,1
suspicion,1
sweeten,1
seats,1
firs,1
lawyer,1
best,1
trust,1
aw,1
combinations,1
tobacco,1
net,1
training,1
hat,1
left,1
reasonableness,1
including,1
feeling,1
backing,1
step,1
consolidation,1
bitter,1
come,1
nucleus,1
believes,1
finally,1
stepped,1
chairmanship,1
carnegie,1
interests,1
place,1
sandwiched,1
singing,1
promising,1
passion,1
defeats,1
deeper,1
satisfactions,1
emerges,1
youth,1
destined,1
student,1
baseball,1
meticulous,1
ruthless,1
cross,1
examiner,1
er,1
visioned,1
statesmanlike,1
prejudice,1
hates,1
loves,1
gay,1
eulogy,1
objective,1
understanding,1
author,1
name,1
imprint,1
publishers,1
thought,1
publicity,1
sighted,1
leadership,1
readiness,1
see,1
round,1
eat,1
narrative,1
advancement,1
post,1
apart,1
lines,1
limited,1
carefully,1
strictly,1
q,1
wife,1
died,1
married,1
ir,1
rocked,1
senior,1
different,1
concerns,1
products,1
mining,1
six,1
army,1
salary,1
graves,1
week,1
felt,1
sure,1
hi,1
future,1
marry,1
love,1
woman,1
aurora,1
neighboring,1
town,1
julia,1
daughter,1
captain,1
amos,1
treats,1
seems,1
certainly,1
written,1
gilded,1
exciting,1
walks,1
sir,1
galahad,1
house,1
journalist,1
lifts,1
curtain,1
shroud,1
thrill,1
yet,1
propriety,1
gets,1
glimpse,1
tale,1
concern,1
himself,1
largest,1
gilds,1
riveted,1
companies,1
ida,1
new,1
appleton,1
co,1
evans,1
clark,1
subject,1
latest,1
hardly,1
chosen,1
important,1
present,1
cider,1
insisting,1
biography,1
famous,1
served,1
reader,1
rel,1
fare,1
making,1
managing,1
ethical,1
morality,1
strategy,1
given,1
title,1
unfortunately,1
all,1
readability,1
neither,1
dinners,1
competitors,1
terms,1
group,1
settled,1
before,1
clock,1
ala,1
peep,1
p,1
widener,1
rick,1
matching,1
eagles,1
absent,1
members,1
face,1
glance,1
delivering,1
ore,1
marketing,1
finished,1
seeing,1
interferences,1
hold,1
built,1
mold,1
flowed,1
compounded,1
ingredients,1
sharp,1
tempered,1
fires,1
cuts,1
deep,1
born,1
apparently,1
neat,1
overthrow,1
accustomed,1
soul,1
struggled,1
plenty,1
sport,1
sunday,1
school,1
family,1
prayers,1
presented,1
itself,1
something,1
regular,1
fixed,1
ry,1
elders,1
freely,1
expressed,1
orderly,1
quill,1
busy,1
damn,1
got,1
whipping,1
ion,1
behind,1
barn,1
shout,1
forbidden,1
skies,1
until,1
literally,1
exhausted,1
appeal,1
beaten,1
whether,1
spelling,1
tried,1
hands,1
ties,1
farm,1
evidences,1
mature,1
wisdom,1
conscious,1
direction,1
geared,1
impulses,1
purpose,1
clothes,1
mother,1
used,1
allowed,1
scrub,1
ear,1
heard,1
season,1
farmer,1
tubes,1
prosperous,1
stability,1
most,1
represent,1
sought,1
aways,1
per,1
cent,1
industry,1
whole,1
least,1
larger,1
tactics,1
organization,1
control,1
evolution,1
assured,1
calm,1
sense,1
comparatively,1
framework,1
handled,1
basket,1
cats,1
dogs,1
roberts,1
bed,1
personalities,1
directorate,1
steered,1
craft,1
rough,1
criticism,1
misunderstanding,1
prosecution,1
misses,1
thoroughgoing,1
fourteen,1
photo,1
years,1
pieced,1
together,1
stray,1
here,1
grows,1
pages,1
bent,1
inclines,1
tree,1
study,1
obedience,1
sh,1
broke,1
rules,1
also,1
international,1
care,1
action,1
fully,1
documented,1
none,1
less,1
produce,1
would,1
impossible,1
write,1
detail,1
purely,1
revealing,1
deal,1
quality,1
bessemer,1
converter,1
pragmatically,1
