term,count
of,117
the,93
and,71
tile,54
to,49
a,41
in,32
is,26
as,23
that,18
we,17
for,17
it,16
by,14
which,14
life,10
on,10
their,10
so,10
at,10
there,10
all,10
us,10
but,9
be,9
was,9
have,8
s,8
were,8
not,8
are,8
pilgrims,7
or,7
an,6
such,6
see,6
pilgrimages,6
true,6
with,6
much,6
most,6
old,6
ye,6
from,5
his,5
t,5
th,5
very,5
yet,5
one,5
this,5
pilgrim,5
our,5
e,5
if,5
l,5
no,4
those,4
book,4
i,4
shall,4
into,4
shrines,4
often,4
good,4
ways,4
its,4
more,4
faith,4
real,4
strange,4
than,4
past,4
do,3
long,3
well,3
c,3
less,3
certain,3
may,3
study,3
matter,3
ill,3
o,3
religious,3
mr,3
could,3
h,3
they,3
seems,3
sidney,3
about,3
has,3
them,3
ends,3
out,3
always,3
head,3
through,3
spirit,3
n,3
other,3
parts,3
m,3
tl,2
beauty,2
against,2
he,2
will,2
sense,2
fearful,2
soul,2
present,2
sea,2
earth,2
knowledge,2
then,2
soon,2
shrine,2
make,2
each,2
ll,2
her,2
inset,2
served,2
themselves,2
joined,2
tears,2
roads,2
only,2
can,2
low,2
your,2
doubtless,2
england,2
narrow,2
drink,2
perhaps,2
find,2
ir,2
who,2
r,2
books,2
called,2
mind,2
f,2
days,2
church,2
too,2
religion,2
place,2
pilgrimage,2
nd,2
future,2
fervor,2
intense,2
definitions,2
read,2
work,2
routes,2
age,2
term,2
times,2
account,2
places,2
many,2
features,2
full,2
being,2
realism,2
romanticism,2
must,2
still,2
where,2
last,2
cynical,2
what,2
like,2
middle,2
ages,2
heath,2
every,2
famous,1
accounts,1
credit,1
enemy,1
scarcely,1
fashion,1
over,1
gloated,1
protestants,1
decay,1
early,1
hoax,1
grace,1
performances,1
rood,1
supposed,1
coffers,1
gold,1
dear,1
might,1
credulous,1
concourses,1
slakes,1
mechanics,1
common,1
mechanical,1
caused,1
relics,1
point,1
day,1
aid,1
valuable,1
parasites,1
impostures,1
mercilessly,1
runs,1
martyr,1
splendid,1
neglect,1
virtue,1
ls,1
given,1
since,1
need,1
hit,1
scarce,1
sent,1
forth,1
sneer,1
serious,1
play,1
quote,1
ever,1
failure,1
author,1
view,1
become,1
lovers,1
fol,1
creators,1
enter,1
oles,1
creeds,1
vital,1
mb,1
ht,1
dr,1
passes,1
isis,1
holy,1
spiritual,1
workshops,1
gt,1
lg,1
hi,1
tour,1
la,1
bow,1
create,1
de,1
behavior,1
manuscripts,1
beyond,1
occur,1
vile,1
excesses,1
content,1
chaucer,1
vast,1
fraudulent,1
multiplication,1
per,1
x,1
assure,1
pitting,1
now,1
calamity,1
potent,1
companions,1
crowning,1
till,1
fakirs,1
wheedling,1
preset,1
wet,1
virgins,1
attach,1
joy,1
devotees,1
shiploads,1
beginning,1
eighty,1
arose,1
profits,1
eternal,1
jaw,1
years,1
suggestive,1
inconceivable,1
lids,1
treating,1
idle,1
deities,1
curiosity,1
gods,1
idols,1
became,1
relies,1
extent,1
ell,1
note,1
tiffs,1
even,1
badges,1
inns,1
examine,1
sought,1
gloom,1
afar,1
conscience,1
emotion,1
transport,1
peasants,1
wistful,1
knights,1
journeying,1
brief,1
some,1
dancers,1
records,1
actuality,1
existent,1
actually,1
free,1
philosophy,1
science,1
french,1
professor,1
does,1
speaking,1
tells,1
bergson,1
high,1
le,1
ism,1
crude,1
disciplinary,1
pragmatic,1
continues,1
exist,1
tim,1
sake,1
best,1
back,1
waging,1
fair,1
scrupulously,1
fur,1
strength,1
owe,1
after,1
whit,1
thirst,1
devoutly,1
relic,1
honor,1
eve,1
adam,1
wedding,1
glass,1
here,1
friends,1
trinity,1
up,1
toe,1
great,1
golden,1
sirs,1
threads,1
nay,1
bone,1
tiling,1
blessed,1
hallows,1
lost,1
anon,1
tangle,1
ind,1
et,1
drinking,1
souls,1
yo,1
trace,1
haw,1
aspiration,1
footsteps,1
guidance,1
journeys,1
foll,1
similar,1
humblest,1
proud,1
id,1
reason,1
happiness,1
found,1
tilt,1
rt,1
exemplified,1
feet,1
piety,1
heart,1
standing,1
drunk,1
ex,1
fee,1
picking,1
stand,1
meet,1
bowed,1
cl,1
battle,1
before,1
iris,1
while,1
occurred,1
fl,1
v,1
europe,1
rest,1
ry,1
li,1
nat,1
done,1
strictures,1
escape,1
let,1
makes,1
leads,1
leagues,1
little,1
instead,1
vastnesses,1
voyage,1
albeit,1
truth,1
new,1
call,1
live,1
patrick,1
canterbury,1
rome,1
wended,1
title,1
treatise,1
scent,1
ore,1
tourists,1
references,1
frequent,1
essay,1
unoriginal,1
equivocal,1
commonplace,1
reformation,1
chapter,1
participated,1
take,1
treats,1
zeal,1
ruins,1
land,1
broad,1
border,1
nearest,1
outside,1
rices,1
fact,1
proved,1
further,1
anglicism,1
abroad,1
venturing,1
englishmen,1
expectation,1
ins,1
volume,1
within,1
cells,1
materially,1
possession,1
bit,1
critical,1
applying,1
using,1
go,1
critics,1
folly,1
successively,1
prove,1
attempts,1
unsuccessful,1
key,1
use,1
attempt,1
precious,1
far,1
antithetical,1
inexact,1
curiously,1
blundering,1
exact,1
exclusively,1
summarily,1
arrive,1
trying,1
because,1
criticism,1
net,1
company,1
deeds,1
chinese,1
puzzle,1
obviously,1
belongs,1
put,1
things,1
nerves,1
brain,1
ancestors,1
achieved,1
expression,1
highest,1
furies,1
con,1
element,1
considerable,1
any,1
texture,1
first,1
kind,1
habitations,1
habiliments,1
habits,1
same,1
equally,1
fit,1
case,1
curious,1
among,1
board,1
words,1
just,1
picture,1
sort,1
modern,1
incredibly,1
road,1
soften,1
learning,1
peoples,1
between,1
peace,1
bearing,1
system,1
postal,1
primitive,1
acting,1
bound,1
unity,1
customs,1
different,1
dwellers,1
sciences,1
gave,1
gained,1
ending,1
upon,1
thrown,1
light,1
flood,1
tills,1
pages,1
few,1
minor,1
major,1
both,1
araby,1
roughness,1
vision,1
jewels,1
silks,1
wiley,1
devils,1
fastened,1
arc,1
expanses,1
rarest,1
malignant,1
grounds,1
breeding,1
choice,1
tissue,1
bodily,1
healthiest,1
ks,1
another,1
oppressed,1
sanctuaries,1
al,1
devotion,1
finally,1
activities,1
thousand,1
markets,1
file,1
charted,1
built,1
ships,1
spices,1
perfumes,1
byzantium,1
luxuries,1
style,1
monarch,1
lt,1
needed,1
collation,1
nevertheless,1
ho,1
g,1
quent,1
fail,1
authors,1
election,1
beat,1
hard,1
would,1
record,1
ibis,1
graces,1
maker,1
chronology,1
immaculate,1
phrases,1
commission,1
bad,1
positively,1
becomes,1
excellence,1
attainment,1
courage,1
sufficient,1
lack,1
indicate,1
troubling,1
return,1
space,1
when,1
arts,1
older,1
north,1
rom,1
fm,1
went,1
warriors,1
el,1
lu,1
resulted,1
sades,1
how,1
understood,1
re,1
wei,1
adventure,1
commerce,1
education,1
subservient,1
unconsciously,1
useful,1
consciously,1
been,1
fore,1
abundance,1
naturally,1
flowed,1
works,1
stile,1
recommend,1
