term,count
the,32
of,13
and,11
to,10
in,9
sir,7
is,6
a,5
he,5
as,5
by,5
an,4
with,4
his,4
was,4
robert,4
are,3
on,3
l,3
home,3
movement,3
ireland,3
some,2
from,2
fen,2
volume,2
late,2
which,2
upon,2
i,2
book,2
rule,2
at,2
gladstone,2
e,2
irish,2
sense,2
anderson,2
while,2
this,2
silent,1
adviser,1
london,1
harcourt,1
twenty,1
chapter,1
then,1
ir,1
fol,1
called,1
lowed,1
one,1
william,1
relations,1
modest,1
authors,1
deep,1
story,1
opens,1
tiled,1
re,1
six,1
earnest,1
off,1
when,1
ice,1
crime,1
local,1
matters,1
y,1
persona,1
ills,1
discuss,1
calm,1
homo,1
ru,1
commanded,1
solution,1
con,1
furnish,1
explanation,1
far,1
reason,1
hy,1
so,1
many,1
irishmen,1
endeavors,1
views,1
there,1
morley,1
couple,1
or,1
owed,1
fenian,1
rising,1
explosion,1
dealt,1
chapters,1
influenced,1
phoenix,1
park,1
murders,1
dynamite,1
campaign,1
er,1
s,1
government,1
been,1
merely,1
it,1
makes,1
no,1
pretensions,1
be,1
history,1
make,1
out,1
slight,1
stock,1
historians,1
may,1
same,1
tame,1
threshold,1
points,1
doves,1
side,1
shortly,1
come,1
written,1
well,1
known,1
politician,1
lights,1
autobiography,1
given,1
dealing,1
principally,1
subject,1
also,1
contains,1
puts,1
straight,1
severer,1
we,1
made,1
secure,1
office,1
according,1
friend,1
latter,1
moved,1
concerning,1
duty,1
nd,1
wise,1
serpents,1
society,1
harmless,1
have,1
efforts,1
tireless,1
whose,1
those,1
identified,1
conspicuously,1
were,1
lee,1
samuel,1
dublin,1
solicitor,1
crown,1
who,1
son,1
relating,1
others,1
de,1
