term,count
the,122
of,79
and,44
to,37
that,27
she,24
in,23
her,23
war,17
as,17
a,16
it,14
is,14
for,13
have,12
will,11
be,11
has,11
one,10
on,9
all,8
not,7
so,7
world,7
which,7
who,7
or,6
book,6
europe,6
would,6
sad,6
he,5
this,5
most,5
been,5
with,5
says,4
upon,4
states,4
into,4
at,4
they,4
their,4
by,4
its,4
warwick,4
i,4
lady,4
two,3
had,3
if,3
such,3
much,3
england,3
civilization,3
work,3
there,3
during,3
also,3
peter,3
are,3
sane,3
only,3
look,3
an,3
women,3
toward,3
his,3
them,3
thought,3
people,3
modern,3
no,3
again,2
little,2
effect,2
scheme,2
order,2
social,2
democracy,2
then,2
those,2
americans,2
both,2
do,2
known,2
power,2
difficult,2
intelligence,2
thinking,2
s,2
sanity,2
clear,2
long,2
great,2
out,2
speaking,2
words,2
ideas,2
lived,2
freely,2
influence,2
present,2
set,2
european,2
article,2
german,2
devoted,2
task,2
necessity,2
goes,2
say,2
help,2
forth,2
sets,2
last,2
schools,2
bear,2
conflicts,2
but,2
view,2
well,2
generation,2
among,2
other,2
articles,2
intimate,2
united,2
children,2
may,2
germany,2
hands,2
always,2
hermit,2
woman,2
essays,2
home,2
publication,2
bring,2
english,2
indeed,2
various,2
conviction,2
times,2
o,2
some,2
country,2
every,2
affairs,2
real,2
might,2
need,2
more,2
author,2
glad,2
perhaps,2
tho,2
without,2
what,2
countess,2
refers,1
undertake,1
years,1
raging,1
debasement,1
urges,1
believe,1
island,1
sea,1
currency,1
madness,1
mental,1
left,1
beginning,1
lifetime,1
suggestive,1
greatest,1
fight,1
operation,1
co,1
actual,1
direction,1
shows,1
how,1
read,1
after,1
already,1
workers,1
whole,1
because,1
far,1
drawn,1
prejudice,1
lessons,1
forgetting,1
earnest,1
gone,1
sufficient,1
forward,1
end,1
can,1
wan,1
heal,1
hearts,1
found,1
masses,1
returns,1
pea,1
troubled,1
inspires,1
dad,1
heart,1
fires,1
intense,1
shoat,1
thing,1
surprising,1
gain,1
reading,1
hare,1
prevent,1
american,1
deserve,1
subject,1
while,1
agree,1
none,1
finished,1
once,1
reconstituting,1
point,1
conclusions,1
sighted,1
hopefully,1
looks,1
keenly,1
intelligent,1
ardent,1
recurrence,1
worth,1
ultimate,1
keepers,1
struggle,1
homes,1
others,1
rugby,1
harrow,1
lade,1
aristocratic,1
put,1
enjoy,1
better,1
mach,1
summer,1
could,1
useful,1
must,1
activity,1
suggests,1
ia,1
burden,1
should,1
appalling,1
exclaims,1
let,1
us,1
footmen,1
finally,1
like,1
game,1
clubs,1
golf,1
see,1
legions,1
caddies,1
stables,1
democratic,1
racing,1
men,1
valets,1
tads,1
deeds,1
middle,1
age,1
allowed,1
wee,1
hygienic,1
ii,1
than,1
question,1
faith,1
democracies,1
dealing,1
join,1
prevention,1
future,1
prospects,1
status,1
around,1
worse,1
yet,1
combat,1
next,1
met,1
when,1
clearly,1
horrors,1
freedom,1
sterile,1
use,1
child,1
why,1
prelude,1
food,1
nourishing,1
strengthened,1
never,1
rho,1
door,1
ones,1
wars,1
pray,1
asks,1
scorching,1
hot,1
grows,1
pen,1
accepted,1
urged,1
land,1
teaching,1
noted,1
due,1
countrymen,1
keen,1
hope,1
here,1
continue,1
t,1
ocean,1
across,1
carried,1
spoken,1
fellow,1
vision,1
doubt,1
protest,1
stirred,1
crisis,1
phase,1
periodicals,1
price,1
large,1
christianity,1
farsighted,1
too,1
preach,1
sides,1
done,1
intellectually,1
way,1
belongs,1
forces,1
conservative,1
restraining,1
ablest,1
atlantic,1
hag,1
absorbed,1
es,1
any,1
go,1
urging,1
going,1
slaughter,1
praise,1
dancing,1
dervish,1
crusade,1
needs,1
amount,1
lets,1
concerned,1
deeply,1
consequences,1
phases,1
envisage,1
aims,1
know,1
reader,1
prospective,1
title,1
ad,1
interesting,1
very,1
ambiguous,1
rather,1
belgium,1
experiences,1
describes,1
baroness,1
tells,1
l,1
th,1
really,1
profound,1
comprise,1
papers,1
dozen,1
regeneration,1
moral,1
waste,1
utter,1
part,1
major,1
century,1
y,1
twentieth,1
wanted,1
called,1
planet,1
life,1
bettering,1
company,1
york,1
new,1
unusual,1
constructive,1
taken,1
difficulties,1
these,1
liberties,1
palladium,1
surest,1
considered,1
speech,1
free,1
fallen,1
bay,1
quite,1
wonders,1
testifies,1
spoke,1
rulers,1
side,1
scales,1
wielded,1
personal,1
immense,1
declares,1
days,1
own,1
true,1
liberty,1
act,1
realm,1
occupy,1
allow,1
et,1
ev,1
privilege,1
throne,1
amt,1
servant,1
escaped,1
public,1
efficient,1
peace,1
though,1
even,1
today,1
mind,1
becomes,1
censor,1
feeling,1
knows,1
working,1
range,1
edward,1
king,1
tendencies,1
conversation,1
discussed,1
royal,1
leaders,1
consequence,1
make,1
knowledge,1
bales,1
given,1
friendships,1
hat,1
studies,1
position,1
witness,1
established,1
technical,1
se,1
prince,1
monarch,1
attitude,1
political,1
detail,1
considerable,1
grew,1
policy,1
empire,1
destruction,1
sought,1
isolating,1
sagacity,1
writers,1
was,1
assertions,1
confuting,1
purpose,1
tear,1
time,1
until,1
belief,1
paper,1
opening,1
problems,1
