term,count
the,70
of,54
to,36
and,34
a,29
they,23
is,19
japanese,19
are,18
i,14
that,14
it,13
his,13
as,12
not,11
with,10
in,10
have,9
be,9
on,8
an,8
this,7
there,7
s,6
new,6
by,6
he,6
but,6
or,5
we,5
mike,5
for,5
mr,5
hero,5
their,5
can,5
believe,4
world,4
so,4
out,4
what,4
parker,4
if,4
one,4
pride,4
at,4
which,4
california,4
don,4
other,4
when,4
l,4
all,3
will,3
op,3
never,3
she,3
from,3
japan,3
good,3
who,3
little,3
book,3
about,3
against,3
b,3
york,3
aliens,3
no,3
very,2
losing,2
after,2
her,2
children,2
where,2
great,2
enough,2
schemes,2
may,2
taught,2
comes,2
any,2
know,2
get,2
psychology,2
do,2
thing,2
anglo,2
more,2
state,2
those,2
many,2
am,2
agreement,2
class,2
irritable,2
race,2
faith,2
its,2
here,2
much,2
benighted,2
purpose,2
them,2
us,2
country,2
lair,2
stranglehold,2
these,2
misunderstandings,2
save,2
efforts,2
make,2
deal,2
peter,2
feel,2
holds,2
californian,2
another,2
various,2
were,2
palomar,2
see,2
ranch,2
novel,1
force,1
carry,1
resources,1
illy,1
modern,1
upon,1
blessings,1
accept,1
put,1
rea,1
behooves,1
said,1
lands,1
general,1
major,1
regardless,1
exploited,1
our,1
propaganda,1
pro,1
real,1
body,1
society,1
tack,1
further,1
territory,1
most,1
making,1
own,1
noteworthy,1
overrunning,1
feature,1
america,1
north,1
right,1
geographical,1
creed,1
color,1
pattern,1
religion,1
true,1
contractual,1
gives,1
greatest,1
therefore,1
deceit,1
evasion,1
masters,1
peat,1
expression,1
truthful,1
relations,1
quarrelsome,1
la,1
fr,1
sportsmanship,1
code,1
saxon,1
lags,1
along,1
away,1
brought,1
together,1
leads,1
verily,1
wonderfully,1
shrewd,1
sense,1
character,1
globe,1
face,1
belief,1
firmly,1
passages,1
tn,1
talking,1
author,1
bogey,1
invasion,1
revives,1
passage,1
rut,1
carefully,1
plan,1
patient,1
theirs,1
men,1
heads,1
keep,1
returning,1
easygoing,1
refers,1
then,1
states,1
interests,1
political,1
economic,1
certain,1
aware,1
law,1
defiance,1
ones,1
big,1
nice,1
crate,1
bottom,1
strawberries,1
de,1
green,1
hack,1
manly,1
clean,1
fine,1
also,1
du,1
harmonize,1
whatever,1
two,1
inferior,1
superior,1
childish,1
rid,1
best,1
how,1
discovering,1
instead,1
peoples,1
between,1
hopes,1
embittering,1
means,1
every,1
seek,1
destroyed,1
inevitably,1
must,1
settlement,1
amicable,1
suppose,1
adds,1
schools,1
unreliable,1
usually,1
discovery,1
led,1
wonders,1
faults,1
certainly,1
curious,1
description,1
repeated,1
people,1
cause,1
again,1
codes,1
moral,1
lo,1
according,1
live,1
oriental,1
different,1
pigmented,1
something,1
irritability,1
concerning,1
worship,1
dubious,1
feeling,1
help,1
statements,1
citizens,1
javanese,1
picture,1
mikado,1
tow,1
ancestor,1
outpouring,1
school,1
buddhist,1
go,1
tells,1
public,1
attended,1
growers,1
fruit,1
remarkable,1
would,1
you,1
mean,1
supply,1
menace,1
saved,1
rate,1
farrel,1
gallant,1
young,1
part,1
marries,1
independent,1
father,1
ix,1
love,1
daughter,1
falling,1
unreal,1
romantically,1
splendidly,1
heroine,1
course,1
into,1
foreclosing,1
o,1
colonization,1
now,1
evolved,1
eliminated,1
dealings,1
business,1
details,1
dreary,1
theme,1
alleges,1
actually,1
grips,1
question,1
although,1
abuse,1
concerned,1
stream,1
abundant,1
forth,1
pours,1
mouthpiece,1
principal,1
using,1
hands,1
prevent,1
money,1
beautiful,1
patrimony,1
looks,1
up,1
grew,1
born,1
was,1
result,1
cultivated,1
valley,1
home,1
among,1
old,1
sole,1
prospect,1
bear,1
survivor,1
descent,1
irish,1
mixed,1
family,1
parceled,1
hated,1
financier,1
sharing,1
raking,1
succeeds,1
named,1
end,1
profitable,1
mort,1
reason,1
gage,1
prejudices,1
easterner,1
goes,1
being,1
should,1
over,1
romantic,1
effort,1
intends,1
makes,1
frantic,1
nearly,1
present,1
story,1
left,1
chanted,1
courtesy,1
foundation,1
abominable,1
manners,1
prose,1
malevolent,1
hymn,1
longer,1
hate,1
news,1
instinctive,1
come,1
undoubtedly,1
haters,1
benefited,1
financially,1
breaking,1
break,1
c,1
claims,1
neither,1
nor,1
hut,1
mutual,1
me,1
understand,1
thriftless,1
mien,1
saddened,1
humble,1
does,1
well,1
works,1
disciples,1
genuine,1
soul,1
generosity,1
nobility,1
met,1
nature,1
calculating,1
selfish,1
ruthless,1
camouflage,1
coolies,1
gentlemen,1
yet,1
opportunity,1
prefers,1
soil,1
american,1
only,1
colony,1
horrors,1
detail,1
show,1
attempt,1
had,1
pages,1
surely,1
farmers,1
populated,1
thickly,1
area,1
large,1
aggravate,1
slice,1
far,1
fill,1
property,1
has,1
dangers,1
mission,1
namely,1
told,1
awaken,1
later,1
americans,1
nippon,1
sons,1
cocksure,1
crow,1
else,1
jim,1
ought,1
effect,1
first,1
others,1
outbursts,1
anti,1
mouth,1
foam,1
races,1
