term,count
the,97
of,59
and,57
that,44
to,39
is,37
a,32
in,29
it,26
as,22
we,18
are,15
they,15
be,14
not,13
by,12
or,11
women,11
will,11
he,9
with,9
more,9
their,9
rights,9
can,8
o,8
but,8
men,7
equal,7
for,7
an,7
there,7
this,7
such,7
which,6
morality,6
so,6
has,6
sexes,6
than,6
man,6
most,6
j,6
have,6
would,5
been,5
one,5
dominant,5
no,5
do,5
from,5
believe,5
may,4
had,4
beauty,4
read,4
i,4
development,4
any,4
masculine,4
on,4
wear,4
our,4
what,4
was,4
even,4
about,4
old,4
its,4
sexual,4
them,4
could,4
those,4
when,4
sex,4
you,3
duplex,3
feminists,3
at,3
law,3
reviewer,3
ethical,3
if,3
authors,3
able,3
states,3
through,3
his,3
without,3
book,3
who,3
dress,3
today,3
few,3
things,3
s,3
still,3
display,3
business,3
toward,3
likely,2
acceptable,2
winter,2
la,2
sunday,2
money,2
other,2
save,2
some,2
quite,2
virtue,2
deny,2
now,2
only,2
dominance,2
sparta,2
club,2
chastity,2
make,2
lot,2
going,2
left,2
time,2
sympathy,2
get,2
changes,2
male,2
maid,2
venture,2
belief,2
present,2
hope,2
england,2
under,2
chief,2
modern,2
literature,2
attending,2
own,2
fact,2
into,2
people,2
credulous,2
find,2
statement,2
breeches,2
state,2
feminine,2
statements,2
characteristics,2
convinced,2
put,2
nine,2
where,2
wyoming,2
plato,2
psychology,2
comparative,2
all,2
further,2
acquire,2
country,2
little,2
knowledge,2
price,2
mobbed,2
worse,2
call,2
eden,2
cedar,2
hair,2
us,2
bachelor,2
government,2
trend,2
among,2
witness,2
being,2
upon,2
quality,2
well,2
equality,2
she,1
paid,1
doing,1
again,1
disagree,1
although,1
succeeded,1
go,1
moment,1
american,1
members,1
symptoms,1
same,1
must,1
bathing,1
first,1
trousers,1
woman,1
please,1
say,1
charge,1
t,1
justness,1
admit,1
objections,1
wanted,1
raises,1
getting,1
herr,1
skirts,1
suggest,1
sleeveless,1
gowns,1
germany,1
furs,1
summer,1
english,1
poison,1
suspect,1
shoes,1
cut,1
toed,1
short,1
square,1
wearing,1
should,1
abbreviated,1
exorbitant,1
stockings,1
discouraged,1
saver,1
soul,1
body,1
two,1
words,1
afternoon,1
park,1
hyde,1
others,1
content,1
gatherings,1
molested,1
diaphanous,1
your,1
silk,1
coins,1
madness,1
motor,1
allowed,1
founded,1
socrates,1
real,1
republic,1
symposium,1
approximated,1
never,1
were,1
greeks,1
meant,1
depends,1
characteristic,1
stage,1
higher,1
betoken,1
ill,1
gave,1
perhaps,1
decline,1
dread,1
happiness,1
intimacy,1
climax,1
attain,1
anticipate,1
contrary,1
liberation,1
disordered,1
profoundly,1
life,1
family,1
dramatized,1
liberal,1
thrifty,1
undergoing,1
tn,1
auction,1
re,1
accompanied,1
unquestionably,1
ward,1
show,1
scientific,1
jury,1
weight,1
evidence,1
slightest,1
maintains,1
modification,1
then,1
scope,1
since,1
opinion,1
until,1
absolutely,1
ideal,1
highest,1
reach,1
civilization,1
conclude,1
approval,1
much,1
meet,1
conduct,1
personal,1
ex,1
reason,1
serious,1
preservers,1
moderately,1
clothing,1
also,1
simplicity,1
useful,1
tasteful,1
combine,1
tue,1
come,1
progresses,1
join,1
c,1
dressmakers,1
speak,1
mediators,1
intriguing,1
generators,1
dressers,1
year,1
every,1
thousands,1
nun,1
very,1
tax,1
income,1
pay,1
living,1
scale,1
change,1
sacrifice,1
after,1
giving,1
full,1
complement,1
interest,1
prophecy,1
field,1
m,1
course,1
ensue,1
question,1
answer,1
witnesses,1
prophets,1
far,1
unbuttoning,1
buttoning,1
end,1
act,1
overt,1
him,1
reconciled,1
thing,1
saying,1
note,1
shade,1
out,1
gone,1
always,1
beaches,1
ran,1
cars,1
friends,1
whose,1
marriage,1
learn,1
witches,1
descriptive,1
song,1
singing,1
nude,1
totally,1
place,1
market,1
walk,1
times,1
certain,1
civil,1
deprived,1
thieves,1
paralleled,1
compared,1
axe,1
sounds,1
bad,1
name,1
contumelious,1
receives,1
title,1
refused,1
koreans,1
another,1
race,1
shame,1
cold,1
too,1
up,1
cured,1
longing,1
juncture,1
interpolate,1
himself,1
just,1
seems,1
efficient,1
method,1
spartan,1
believes,1
apparatus,1
gubernatorial,1
marvelous,1
additions,1
recent,1
operation,1
success,1
attentive,1
having,1
amendment,1
constitutional,1
bachelors,1
eliminating,1
favor,1
history,1
single,1
term,1
tell,1
require,1
subordinated,1
merely,1
simply,1
customs,1
habits,1
traits,1
social,1
moral,1
mental,1
physical,1
world,1
themselves,1
instructive,1
instance,1
average,1
believable,1
many,1
pair,1
company,1
h,1
george,1
paul,1
german,1
translated,1
mathilde,1
something,1
mere,1
examples,1
proof,1
sense,1
common,1
constructed,1
sieve,1
fine,1
dogmatic,1
diverting,1
reader,1
general,1
individual,1
fans,1
feminist,1
sociology,1
anthropology,1
students,1
sure,1
suggestive,1
however,1
protest,1
though,1
convince,1
savages,1
iroquois,1
egyptians,1
ancient,1
non,1
contempt,1
manifest,1
hint,1
necessarily,1
quote,1
rumor,1
accept,1
readiness,1
childish,1
credulity,1
example,1
false,1
bear,1
universal,1
infraction,1
less,1
civilized,1
does,1
broken,1
because,1
god,1
laws,1
against,1
outside,1
principle,1
infringement,1
preferential,1
prevails,1
domination,1
leads,1
prostitution,1
anything,1
absurd,1
coiffure,1
respect,1
between,1
assimilation,1
progress,1
united,1
late,1
luck,1
noticeable,1
europe,1
advanced,1
movement,1
absorb,1
shed,1
proportion,1
yet,1
spoken,1
popular,1
qualities,1
losing,1
goal,1
advancement,1
distressing,1
goes,1
know,1
countries,1
familiar,1
lost,1
womanliness,1
placed,1
value,1
clearly,1
see,1
resent,1
anti,1
large,1
appellation,1
similar,1
citizen,1
valued,1
chicago,1
dignity,1
justified,1
serenity,1
detract,1
her,1
calling,1
america,1
cultural,1
ornament,1
derogate,1
think,1
how,1
matters,1
sting,1
conjugal,1
outcome,1
bolshevik,1
radicals,1
writer,1
admitted,1
nor,1
recall,1
cares,1
years,1
over,1
extending,1
yellow,1
black,1
white,1
pagan,1
christian,1
immorality,1
ignorance,1
ed,1
contact,1
engendered,1
possession,1
guarded,1
carefully,1
hence,1
hereafter,1
rewarded,1
reward,1
intensity,1
