term,count
the,20
of,20
and,9
to,7
a,6
in,5
by,4
his,4
she,4
their,4
is,4
her,3
secret,3
are,3
two,3
very,3
he,3
with,3
which,3
toni,3
story,2
elliot,2
has,2
for,2
men,2
bad,2
concerned,2
all,2
i,2
molly,2
children,2
indeed,2
paul,1
there,1
charming,1
make,1
friend,1
knows,1
clever,1
touches,1
how,1
character,1
respectable,1
skill,1
death,1
or,1
undoing,1
tour,1
people,1
shows,1
more,1
portrayal,1
boy,1
childish,1
than,1
grown,1
up,1
notwithstanding,1
lu,1
delineation,1
lovable,1
except,1
antics,1
chief,1
be,1
gained,1
an,1
occasional,1
due,1
ree,1
de,1
ares,1
oz,1
hero,1
that,1
tail,1
freckle,1
on,1
face,1
were,1
inch,1
arc,1
literary,1
what,1
tile,1
whole,1
pretty,1
th,1
human,1
characters,1
great,1
course,1
horrid,1
yet,1
come,1
fitting,1
end,1
books,1
miss,1
written,1
not,1
terror,1
own,1
time,1
s,1
fiction,1
scene,1
laid,1
town,1
southern,1
love,1
boys,1
girls,1
begin,1
when,1
carried,1
h,1
final,1
marriage,1
happiness,1
bit,1
ts,1
after,1
told,1
author,1
victory,1
sprightly,1
romance,1
illustrated,1
george,1
pp,1
new,1
york,1
d,1
appleton,1
co,1
well,1
constructed,1
vivaciously,1
ever,1
teal,1
long,1
ho,1
into,1
power,1
hal,1
mn,1
join,1
some,1
evil,1
deeds,1
v,1
hereby,1
l,1
compelled,1
curry,1
o,1
nd,1
falls,1
where,1
one,1
circus,1
four,1
whom,1
idle,1
dirty,1
con,1
village,1
overcome,1
fear,1
punishment,1
it,1
deed,1
unusual,1
runs,1
away,1
joins,1
thick,1
