term,count
the,58
and,37
of,37
a,25
to,15
s,13
with,10
in,10
are,9
our,8
t,8
that,7
is,7
as,7
from,7
e,7
its,7
by,6
i,6
fur,6
we,6
an,5
for,5
r,4
on,4
her,4
who,4
democracy,4
have,4
n,4
book,4
which,4
dy,4
this,3
has,3
sn,3
written,3
interesting,3
it,3
all,3
l,3
his,3
be,3
en,3
d,3
j,3
not,3
war,3
f,3
nut,2
little,2
b,2
been,2
better,2
reader,2
de,2
among,2
hate,2
day,2
part,2
own,2
or,2
but,2
o,2
nations,2
write,2
rn,2
ire,2
ere,2
contributes,2
volume,2
gift,2
work,2
will,2
tribute,2
stirring,2
general,2
writes,2
union,2
many,2
firm,2
w,2
others,2
no,2
john,2
sad,2
can,2
she,2
those,2
other,2
elliott,1
understand,1
us,1
japan,1
latin,1
entered,1
gabriele,1
studies,1
staff,1
help,1
wit,1
form,1
thayer,1
greece,1
italy,1
short,1
notable,1
opens,1
arrived,1
just,1
lay,1
ralph,1
aberdeen,1
lady,1
h,1
pr,1
beck,1
vt,1
len,1
tributes,1
pay,1
anatole,1
pa,1
definition,1
lint,1
fit,1
locke,1
laced,1
america,1
mention,1
was,1
while,1
banner,1
spa,1
star,1
into,1
burst,1
play,1
what,1
ion,1
suddenly,1
london,1
restaurant,1
savoy,1
iran,1
heritage,1
paper,1
edgar,1
harriet,1
vat,1
greater,1
m,1
paintings,1
reproductions,1
sterner,1
albert,1
hale,1
falter,1
joseph,1
drawings,1
sargent,1
sketches,1
portraits,1
frontispiece,1
colors,1
illustrated,1
beautifully,1
especially,1
dodge,1
george,1
cartoons,1
ocher,1
lace,1
lola,1
tor,1
dew,1
ex,1
trot,1
cons,1
women,1
cesare,1
tend,1
con,1
bound,1
al,1
lincoln,1
barnard,1
lead,1
number,1
far,1
op,1
speeches,1
anti,1
forms,1
louts,1
writers,1
popular,1
array,1
goodly,1
iron,1
robert,1
bale,1
guy,1
arthur,1
stone,1
include,1
serbia,1
poem,1
st,1
americans,1
poems,1
hartley,1
concerned,1
taken,1
periodicals,1
permission,1
republished,1
contributions,1
additional,1
few,1
definitely,1
wu,1
pt,1
states,1
sent,1
several,1
memories,1
daniel,1
drama,1
thyme,1
novels,1
question,1
ante,1
two,1
opener,1
care,1
thought,1
onto,1
surely,1
hint,1
stir,1
ft,1
ant,1
cur,1
at,1
writ,1
national,1
c,1
every,1
must,1
think,1
knave,1
come,1
alas,1
now,1
th,1
everything,1
ag,1
fortunes,1
lives,1
ran,1
task,1
word,1
them,1
if,1
even,1
heart,1
hr,1
win,1
answers,1
holiday,1
christmas,1
tuna,1
lashed,1
sailors,1
volunteer,1
families,1
needy,1
adding,1
used,1
sale,1
profits,1
mercy,1
beautiful,1
review,1
brief,1
only,1
pock,1
etc,1
opinions,1
than,1
fire,1
ir,1
cr,1
ne,1
cf,1
content,1
cari,1
cause,1
generous,1
giving,1
charming,1
value,1
ea,1
men,1
when,1
ls,1
privileged,1
suffering,1
within,1
practical,1
great,1
people,1
common,1
necessity,1
thoughtfully,1
g,1
name,1
pea,1
books,1
whom,1
canon,1
contribution,1
sends,1
fighting,1
comma,1
peace,1
cat,1
their,1
here,1
offer,1
hanna,1
worthy,1
gal,1
needs,1
nation,1
slap,1
outward,1
he,1
world,1
speaking,1
english,1
call,1
cam,1
emile,1
constantly,1
service,1
fr,1
then,1
first,1
words,1
high,1
lord,1
life,1
hope,1
sentiments,1
tn,1
mess,1
fellow,1
letter,1
tuns,1
do,1
dean,1
iv,1
rory,1
means,1
good,1
rendered,1
defended,1
laval,1
devoted,1
aft,1
writings,1
tin,1
alike,1
int,1
treated,1
u,1
coll,1
dais,1
co,1
