term,count
the,47
of,25
is,22
to,17
a,16
and,11
in,8
his,8
s,7
he,7
at,6
for,5
that,5
by,4
him,4
it,4
but,4
who,4
an,4
love,4
when,4
police,4
with,3
american,3
through,3
other,3
not,3
story,3
has,3
which,3
as,3
one,3
secretary,3
on,2
brother,2
tile,2
her,2
cause,2
person,2
apparent,2
heart,2
conductor,2
dom,2
private,2
becomes,2
train,2
happenings,2
revolutionist,2
this,2
pedro,2
whom,2
was,2
tale,2
emperor,2
schuyler,2
el,1
minister,1
womanhood,1
every,1
tl,1
treachery,1
indefatigable,1
worker,1
too,1
marvels,1
seems,1
ass,1
arid,1
why,1
revolutionists,1
han,1
words,1
then,1
follows,1
revealed,1
explained,1
all,1
iowa,1
ad,1
finally,1
reaches,1
meets,1
among,1
ward,1
tier,1
i,1
m,1
line,1
falls,1
dividing,1
however,1
longer,1
puzzle,1
because,1
no,1
she,1
smothers,1
duty,1
intrigue,1
sex,1
tie,1
venture,1
convinced,1
only,1
another,1
book,1
drawing,1
traitor,1
intimacy,1
side,1
turns,1
character,1
happy,1
made,1
out,1
be,1
last,1
spy,1
professionally,1
enemy,1
otherwise,1
shared,1
admirable,1
splendid,1
moments,1
says,1
marvelous,1
whole,1
culminates,1
overthrow,1
government,1
natural,1
clever,1
coup,1
how,1
simpering,1
worn,1
times,1
nature,1
insipid,1
smile,1
mk,1
intelligence,1
most,1
interest,1
quaint,1
scenes,1
beautiful,1
order,1
course,1
simple,1
monarchy,1
brazil,1
exciting,1
prior,1
republic,1
declaration,1
f,1
its,1
freedom,1
perfectly,1
perceives,1
think,1
lat,1
chapter,1
reached,1
narrative,1
ira,1
first,1
much,1
mystified,1
over,1
strange,1
overthrew,1
revolt,1
earnest,1
indebted,1
fate,1
crown,1
illustrated,1
pp,1
mo,1
chicago,1
reilly,1
co,1
read,1
revolutionary,1
south,1
america,1
farcical,1
or,1
quixotic,1
indeed,1
refreshing,1
author,1
reader,1
should,1
feel,1
hero,1
finds,1
himself,1
country,1
series,1
arrested,1
sergeant,1
secretly,1
stabs,1
officer,1
allow,1
cl,1
murder,1
door,1
instructed,1
agents,1
arrest,1
good,1
faithful,1
servant,1
conies,1
excitedly,1
telegram,1
shouts,1
do,1
wild,1
residence,1
plunged,1
coast,1
into,1
whirlpool,1
moment,1
lands,1
lie,1
been,1
appointed,1
dora,1
leader,1
naturally,1
known,1
secret,1
bureau,1
reception,1
rio,1
something,1
remember,1
if,1
survives,1
journey,1
from,1
politics,1
