term,count
the,53
of,44
a,38
and,24
in,17
to,15
is,15
he,12
that,11
i,11
have,8
m,8
with,7
not,7
or,7
it,7
by,6
more,6
at,5
was,5
an,5
for,5
one,5
but,4
lucien,4
who,4
this,4
on,4
his,4
are,4
than,4
has,4
novel,4
which,3
read,3
there,3
rather,3
much,3
him,3
too,3
since,3
poet,3
paul,3
their,3
many,3
can,3
little,3
so,3
having,3
french,3
believe,2
made,2
l,2
man,2
be,2
very,2
given,2
as,2
say,2
nothing,2
if,2
science,2
did,2
dry,2
must,2
common,2
first,2
misery,2
only,2
novelists,2
t,2
great,2
published,2
volume,2
book,2
out,2
subject,2
time,2
become,2
three,2
wealth,1
technical,1
speculations,1
unity,1
financial,1
began,1
describes,1
various,1
seem,1
crowded,1
story,1
itself,1
manner,1
balzac,1
had,1
talc,1
business,1
skillful,1
fortune,1
ting,1
jean,1
ones,1
work,1
point,1
here,1
finish,1
they,1
before,1
g,1
lon,1
lengthy,1
rolland,1
tire,1
readers,1
eyes,1
russian,1
english,1
among,1
development,1
roman,1
marcel,1
long,1
temps,1
excessively,1
novels,1
interlocking,1
short,1
episodes,1
series,1
us,1
du,1
proust,1
la,1
layman,1
reproach,1
ashamed,1
we,1
way,1
whom,1
detail,1
poetic,1
eventually,1
france,1
peasants,1
uprising,1
really,1
state,1
protection,1
demanding,1
use,1
reduced,1
growers,1
y,1
vine,1
these,1
usurious,1
wine,1
sean,1
dull,1
due,1
native,1
midi,1
afro,1
find,1
revolt,1
strike,1
zola,1
where,1
germinal,1
sort,1
remarkable,1
mot,1
historic,1
tue,1
president,1
fiction,1
scene,1
some,1
calls,1
albert,1
insurgents,1
leader,1
council,1
worships,1
loves,1
village,1
d,1
vital,1
again,1
large,1
chance,1
them,1
pie,1
delusion,1
under,1
brevity,1
rooted,1
lovers,1
pleasing,1
place,1
better,1
turned,1
le,1
new,1
lucian,1
such,1
action,1
laid,1
offices,1
deep,1
r,1
ce,1
ancient,1
son,1
boy,1
energetic,1
eloquent,1
earth,1
means,1
dialect,1
vineyards,1
ry,1
co,1
open,1
cabinet,1
financier,1
ample,1
alon,1
single,1
taxes,1
closeted,1
alway,1
individual,1
oft,1
prosaic,1
necessarily,1
scientist,1
people,1
incompatible,1
almost,1
different,1
generally,1
fields,1
bath,1
excels,1
suffice,1
plied,1
equations,1
laboratory,1
experiments,1
pretty,1
bridge,1
building,1
monuments,1
old,1
venerable,1
spots,1
rural,1
bi,1
ruskin,1
beauty,1
natural,1
sacrificing,1
artists,1
aroused,1
often,1
engineers,1
poetry,1
quadrupled,1
hand,1
been,1
profession,1
engineer,1
einstein,1
theories,1
written,1
mathematician,1
preface,1
goddess,1
knowledge,1
verse,1
books,1
two,1
specialization,1
excessive,1
accuse,1
paris,1
turns,1
playing,1
important,1
part,1
war,1
living,1
cost,1
while,1
insufficiently,1
own,1
fees,1
authors,1
cult,1
industrial,1
men,1
our,1
situation,1
economic,1
view,1
serene,1
enterprise,1
road,1
u,1
volumes,1
fundamental,1
hardly,1
should,1
concerts,1
played,1
symphony,1
next,1
exhibit,1
h,1
tomorrow,1
announcement,1
were,1
from,1
anything,1
expect,1
novelist,1
all,1
top,1
surprised,1
those,1
instruments,1
letters,1
beginning,1
success,1
its,1
although,1
year,1
won,1
entitled,1
known,1
disposal,1
well,1
already,1
about,1
just,1
young,1
still,1
th,1
nd,1
extract,1
pass,1
how,1
meaning,1
same,1
give,1
surely,1
arid,1
good,1
poets,1
true,1
aid,1
till,1
reality,1
notion,1
any,1
innocent,1
rainbows,1
moon,1
always,1
commonplace,1
versifier,1
over,1
even,1
knows,1
hypotheses,1
discoveries,1
deals,1
when,1
valry,1
like,1
sometimes,1
ground,1
intellectual,1
tic,1
art,1
b,1
upward,1
soar,1
unable,1
powerfully,1
