term,count
the,32
of,24
and,22
a,21
in,9
to,8
as,7
which,7
is,6
are,5
it,4
i,4
her,3
stories,3
its,3
grim,3
them,3
tales,3
child,3
that,3
comes,3
by,3
with,3
little,2
love,2
horror,2
she,2
girl,2
all,2
white,2
for,2
section,2
have,2
instance,2
he,2
tinge,2
o,2
painful,2
but,2
nothing,2
almost,2
each,2
volume,2
this,2
you,2
one,2
story,2
con,2
t,2
tale,2
however,1
they,1
dreadful,1
succeed,1
compared,1
powerful,1
imaginative,1
brutal,1
hideous,1
fellows,1
read,1
too,1
tortured,1
best,1
history,1
perhaps,1
paid,1
until,1
certain,1
pansy,1
price,1
cheerful,1
quite,1
order,1
promised,1
beloved,1
mother,1
might,1
seem,1
classy,1
funeral,1
had,1
hy,1
artistic,1
strokes,1
most,1
op,1
plots,1
well,1
managed,1
often,1
consider,1
end,1
gorilla,1
if,1
wilt,1
find,1
boot,1
better,1
adapted,1
daylight,1
than,1
evening,1
hours,1
just,1
before,1
while,1
clear,1
quality,1
few,1
lifts,1
above,1
colorful,1
underworld,1
book,1
deals,1
haft,1
intensely,1
orientals,1
lend,1
strong,1
loses,1
effectiveness,1
ir,1
s,1
hands,1
these,1
interesting,1
scenes,1
characters,1
portrayed,1
castes,1
life,1
an,1
cruelty,1
fear,1
author,1
knows,1
how,1
suggest,1
things,1
make,1
reader,1
shiver,1
much,1
leaves,1
unwritten,1
what,1
sets,1
actual,1
black,1
or,1
es,1
ar,1
bestiality,1
lost,1
paw,1
legion,1
robert,1
co,1
down,1
est,1
east,1
india,1
not,1
ant,1
part,1
london,1
there,1
pleas,1
about,1
any,1
fourteen,1
r,1
has,1
scene,1
laid,1
their,1
full,1
share,1
lion,1
holy,1
thing,1
chinaman,1
bruised,1
beaten,1
starved,1
thomas,1
thrashed,1
out,1
tragic,1
lender,1
tract,1
humor,1
lather,1
follows,1
then,1
womans,1
vengeance,1
neat,1
pure,1
e,1
flits,1
flew,1
goes,1
w,1
here,1
touch,1
beauty,1
glimpse,1
real,1
like,1
et,1
flower,1
from,1
cranny,1
rocks,1
chant,1
tells,1
up,1
destruction,1
such,1
bedtime,1
