term,count
the,47
of,34
to,24
and,22
a,20
is,15
in,12
s,8
for,7
with,7
that,6
at,6
are,6
war,5
his,5
new,5
they,5
do,5
but,5
we,5
on,4
has,4
he,4
their,4
an,4
not,4
train,4
stanton,4
men,4
book,4
as,3
then,3
down,3
no,3
from,3
jack,3
gone,3
chapter,3
or,3
were,3
john,3
there,3
work,3
effect,3
friends,2
york,2
had,2
american,2
daughter,2
camp,2
all,2
last,2
germany,2
done,2
too,2
entitled,2
which,2
be,2
see,2
learn,2
our,2
people,2
while,2
them,2
many,2
business,2
was,2
more,2
alt,2
page,2
i,2
some,2
lie,2
her,2
service,2
have,2
what,2
she,2
doing,2
father,2
t,2
how,2
drain,1
patriotic,1
sir,1
girls,1
presents,1
forceful,1
certain,1
wax,1
use,1
deficiencies,1
needs,1
fir,1
shoes,1
receptions,1
anti,1
balls,1
americans,1
wide,1
awake,1
admirably,1
shit,1
ships,1
excellent,1
who,1
asleep,1
hail,1
order,1
him,1
p,1
goes,1
long,1
island,1
thereby,1
giving,1
chance,1
describe,1
so,1
call,1
something,1
nearly,1
very,1
interesting,1
way,1
training,1
fervently,1
comes,1
hat,1
himself,1
sensible,1
write,1
rich,1
become,1
brutal,1
final,1
peace,1
inconclusive,1
tongue,1
victory,1
german,1
sword,1
grasp,1
calamity,1
awful,1
such,1
any,1
against,1
struggle,1
tire,1
treacherous,1
us,1
admirable,1
infamy,1
understand,1
accomplished,1
must,1
accomplish,1
if,1
take,1
pull,1
share,1
conflict,1
fully,1
yet,1
ore,1
need,1
position,1
knights,1
motors,1
supply,1
drive,1
descendants,1
needed,1
box,1
two,1
around,1
america,1
roll,1
teutonic,1
workers,1
lack,1
workshops,1
contest,1
trucks,1
car,1
military,1
treat,1
procured,1
can,1
although,1
winter,1
declaration,1
president,1
chauffeurs,1
metropolitan,1
district,1
las,1
significance,1
vigorous,1
presentation,1
g,1
clothes,1
during,1
college,1
wandering,1
months,1
ten,1
spent,1
overwork,1
just,1
boy,1
left,1
children,1
married,1
graduate,1
harvard,1
income,1
private,1
orient,1
even,1
news,1
united,1
states,1
vary,1
rousing,1
travelers,1
july,1
cones,1
letter,1
saying,1
going,1
commission,1
decide,1
come,1
e,1
comfortable,1
merchant,1
bond,1
ever,1
arthur,1
ant,1
rather,1
series,1
special,1
articles,1
titan,1
novel,1
it,1
also,1
by,1
far,1
best,1
piece,1
takes,1
successful,1
typical,1
family,1
wealthy,1
upper,1
class,1
describes,1
upon,1
au,1
mouthpiece,1
old,1
beta,1
england,1
stock,1
residing,1
return,1
feelings,1
debut,1
household,1
wife,1
helen,1
sorts,1
luxuries,1
ry,1
supplies,1
food,1
changed,1
bills,1
huge,1
servants,1
extravagant,1
numerous,1
motor,1
hold,1
end,1
ft,1
right,1
good,1
viii,1
bur,1
satisfied,1
nothing,1
through,1
ric,1
shows,1
women,1
particular,1
emergency,1
canteen,1
made,1
expenses,1
cut,1
thing,1
longing,1
city,1
make,1
up,1
content,1
first,1
discovered,1
standstill,1
one,1
partners,1
following,1
alice,1
brown,1
works,1
preceding,1
get,1
course,1
off,1
twenty,1
big,1
most,1
wanted,1
only,1
eight,1
remained,1
rest,1
mere,1
working,1
government,1
dollar,1
year,1
clear,1
