term,count
the,14
of,10
in,8
and,8
with,6
a,6
s,6
is,5
to,5
by,4
his,4
her,4
quite,3
she,3
this,3
on,3
portrait,2
betty,2
other,2
husband,2
london,2
son,2
be,2
mire,2
book,2
go,2
tile,2
as,2
one,2
home,1
live,1
what,1
may,1
useful,1
closer,1
flower,1
finding,1
white,1
escapes,1
determines,1
instead,1
sensibly,1
ashley,1
same,1
loathsome,1
inspection,1
life,1
sop,1
throwing,1
former,1
purple,1
fingers,1
made,1
bruises,1
ears,1
ringing,1
world,1
profession,1
oldest,1
join,1
that,1
recommendation,1
lover,1
death,1
direction,1
off,1
sees,1
herself,1
for,1
vanity,1
thickly,1
additional,1
an,1
heart,1
ardor,1
first,1
mud,1
has,1
class,1
poem,1
each,1
persons,1
bevy,1
surrounded,1
furthermore,1
sparkling,1
clever,1
very,1
detailed,1
given,1
vampire,1
kipling,1
own,1
up,1
summed,1
woman,1
sort,1
co,1
york,1
new,1
hamilton,1
cosmo,1
clay,1
adam,1
whom,1
also,1
done,1
immense,1
man,1
seeing,1
ever,1
without,1
age,1
brought,1
been,1
who,1
except,1
every,1
curses,1
shower,1
told,1
wife,1
friend,1
story,1
old,1
begins,1
it,1
color,1
full,1
vivid,1
cleverness,1
throat,1
