term,count
the,227
of,88
to,70
and,65
in,65
it,57
public,50
is,48
a,47
that,46
not,35
by,24
on,21
for,19
mr,19
or,18
as,18
he,17
which,17
with,15
has,14
his,13
may,12
i,11
are,11
have,10
who,10
was,10
will,9
be,9
but,9
from,9
no,8
one,8
itself,8
their,8
does,8
its,8
coal,7
state,7
if,7
must,7
up,7
understand,7
out,7
into,7
more,7
there,7
our,7
what,7
any,7
at,6
over,6
an,6
s,6
m,6
been,6
governs,6
everything,6
than,6
lippmann,6
we,6
t,5
people,5
much,5
new,5
now,5
every,5
act,5
obligation,5
question,5
e,5
ford,5
course,5
specific,4
point,4
only,4
where,4
issue,4
play,4
individual,4
about,4
this,4
very,4
government,4
all,4
when,4
govern,4
why,4
us,4
mind,4
himself,4
case,4
sovereign,4
they,4
since,4
engaged,3
down,3
crisis,3
merchant,3
killed,3
under,3
made,3
how,3
democratic,3
shoals,3
r,3
matter,3
necessary,3
events,3
supply,3
theory,3
felt,3
statistics,3
make,3
five,3
painter,3
far,3
too,3
imposed,3
even,3
author,3
self,3
agent,3
force,3
henry,3
interest,3
debate,3
can,3
had,3
insiders,3
active,3
political,3
both,3
l,3
real,3
voice,3
democracy,3
two,3
whether,3
communist,2
o,2
main,2
scheme,2
business,2
imposing,2
confusion,2
strike,2
solution,2
social,2
should,2
balance,2
submit,2
inquiry,2
off,2
operators,2
before,2
others,2
always,2
fact,2
spoke,2
hand,2
present,2
general,2
la,2
n,2
thin,2
years,2
acts,2
side,2
age,2
pass,2
merits,2
go,2
settled,2
rule,2
own,2
arbitrary,2
him,2
throw,2
party,2
other,2
motive,2
politics,2
muscle,2
today,2
continued,2
york,2
free,2
yet,2
reason,2
done,2
phantom,2
influence,2
order,2
simple,2
rules,2
laid,2
event,2
thing,2
easily,2
existence,2
precisely,2
through,2
proper,2
were,2
ago,2
mine,2
last,2
farmer,2
f,2
says,2
export,2
better,2
country,2
rod,2
spare,2
man,2
useful,2
paint,2
think,2
individuals,2
w,2
might,2
policy,2
trying,2
such,2
year,2
judgment,2
conscience,2
agents,2
future,2
intelligence,2
face,2
problem,2
day,2
page,2
greater,2
russia,2
citizenship,2
national,2
facts,2
nations,2
many,2
drainage,2
canal,2
duty,2
le,2
like,2
society,2
spirit,2
sense,2
nothing,2
practice,2
despotically,1
anywhere,1
collective,1
painters,1
usually,1
artistic,1
fight,1
counts,1
eating,1
denies,1
nation,1
soldiers,1
produced,1
manufacturer,1
prohibition,1
distinction,1
promise,1
between,1
offered,1
transformation,1
war,1
somebody,1
against,1
private,1
trade,1
narrow,1
exports,1
church,1
consonance,1
countrymen,1
believe,1
ad,1
pretty,1
toleration,1
belief,1
waiving,1
begin,1
see,1
extorted,1
nearly,1
let,1
pleases,1
aligns,1
actually,1
except,1
oppose,1
life,1
support,1
majority,1
am,1
economic,1
octagonal,1
adopt,1
coolidge,1
cris,1
take,1
disposes,1
certain,1
humanly,1
exercise,1
sovereignty,1
shapes,1
mu,1
ix,1
news,1
bystander,1
me,1
bigger,1
broader,1
th,1
additional,1
doe,1
entire,1
states,1
distinguished,1
fallen,1
repeatedly,1
bryan,1
assert,1
beaten,1
true,1
emergency,1
restraint,1
rood,1
preach,1
ber,1
whereas,1
silver,1
speaking,1
seems,1
automobile,1
thus,1
ires,1
immediate,1
exalted,1
allay,1
object,1
ms,1
date,1
books,1
write,1
platform,1
outline,1
demonstrated,1
concerned,1
builds,1
excessively,1
standard,1
basic,1
h,1
affect,1
gold,1
mobilized,1
ultimate,1
conditions,1
set,1
forgets,1
creating,1
effective,1
respect,1
allayed,1
eight,1
section,1
compelled,1
napoleon,1
alone,1
catholic,1
appomattox,1
sixty,1
back,1
dates,1
favor,1
normalcy,1
southern,1
settling,1
city,1
another,1
contractor,1
handing,1
peasant,1
building,1
ame,1
vote,1
georgia,1
refusing,1
protestant,1
religion,1
disposing,1
culture,1
race,1
economics,1
tea,1
pot,1
blend,1
domes,1
pro,1
consists,1
russian,1
indefensible,1
allowance,1
emotion,1
armies,1
roi,1
determined,1
big,1
changed,1
until,1
send,1
opponents,1
lead,1
shaped,1
come,1
flood,1
governance,1
lines,1
nine,1
hut,1
ty,1
pa,1
manifest,1
amid,1
reviewer,1
arne,1
jail,1
overwhelming,1
really,1
book,1
communists,1
shaping,1
particularly,1
makes,1
deprived,1
pluralized,1
effect,1
vindicated,1
railway,1
indeed,1
turning,1
hatched,1
hash,1
cars,1
few,1
doctrine,1
motor,1
foreign,1
affairs,1
first,1
mandate,1
wants,1
give,1
nevertheless,1
concern,1
whose,1
written,1
playwright,1
property,1
hangs,1
average,1
ask,1
ever,1
sword,1
british,1
heads,1
yam,1
kill,1
em,1
issues,1
atomized,1
demands,1
strong,1
descent,1
conceivably,1
german,1
soldier,1
having,1
ha,1
merchants,1
d,1
resolving,1
farmers,1
abolished,1
thousand,1
consumes,1
time,1
supplies,1
hundred,1
color,1
radiator,1
offense,1
shape,1
guess,1
manufacture,1
ahead,1
defense,1
commanded,1
selling,1
kitchenware,1
aluminum,1
agencies,1
called,1
plump,1
altogether,1
ends,1
rid,1
notion,1
b,1
competent,1
bound,1
er,1
limiting,1
scope,1
ambitions,1
ila,1
powder,1
say,1
hours,1
troubled,1
effectively,1
remedy,1
chicago,1
best,1
league,1
find,1
humanity,1
divided,1
number,1
citizens,1
simply,1
shrunk,1
indifference,1
golf,1
election,1
conscientious,1
unhappy,1
minority,1
sweats,1
blood,1
sphere,1
settle,1
unattainable,1
mischief,1
punishment,1
ventures,1
trace,1
competence,1
list,1
tat,1
aspire,1
executive,1
action,1
aligning,1
presume,1
intrinsic,1
attempt,1
anticipate,1
analyze,1
so,1
working,1
cape,1
tyrannies,1
familiar,1
outcome,1
thinking,1
con,1
searching,1
study,1
wind,1
plunge,1
anyhow,1
pronouncing,1
capitol,1
night,1
harris,1
ewing,1
verdicts,1
ideal,1
arises,1
deny,1
because,1
mass,1
spoiled,1
victimized,1
demagogues,1
god,1
philosophers,1
notions,1
unitary,1
doubted,1
deity,1
rings,1
clear,1
sharp,1
ballot,1
box,1
voting,1
failure,1
remained,1
short,1
minimizes,1
weight,1
walter,1
pp,1
harcourt,1
brace,1
co,1
simeon,1
emphatically,1
declines,1
spoil,1
child,1
maladjustment,1
unrest,1
despotism,1
questioned,1
writes,1
intelligent,1
bystanders,1
though,1
tomorrow,1
some,1
ira,1
midst,1
being,1
pretend,1
wisdom,1
little,1
critique,1
limitations,1
concrete,1
absurd,1
ed,1
pronounce,1
special,1
outsiders,1
thine,1
call,1
organism,1
single,1
soul,1
resultant,1
group,1
forces,1
within,1
territory,1
fixed,1
publics,1
varying,1
composition,1
presence,1
primarily,1
interests,1
solve,1
criteria,1
function,1
contrary,1
pr,1
illusions,1
concerning,1
readiness,1
ll,1
accept,1
well,1
celebrated,1
human,1
nature,1
could,1
fervor,1
would,1
greet,1
exhortation,1
eh,1
runs,1
humility,1
furniture,1
them,1
j,1
behooves,1
member,1
opinion,1
took,1
courage,1
lay,1
tile,1
suggestion,1
sometimes,1
doing,1
running,1
house,1
busting,1
freedom,1
plea,1
ls,1
spoken,1
also,1
overstate,1
arrive,1
tho,1
conduct,1
start,1
sweeping,1
indictment,1
drawn,1
ru,1
deducible,1
often,1
ill,1
informed,1
ruler,1
boldly,1
ne,1
modern,1
answer,1
audience,1
breaking,1
neck,1
tire,1
victims,1
cancer,1
filter,1
skull,1
civilization,1
rise,1
body,1
hail,1
informs,1
happy,1
thereby,1
patience,1
abides,1
your,1
bring,1
result,1
presuming,1
declare,1
miners,1
right,1
know,1
offhand,1
plunging,1
bog,1
wage,1
ration,1
way,1
lies,1
hy,1
parties,1
happiest,1
shall,1
plague,1
stake,1
actors,1
following,1
behavior,1
desires,1
simplified,1
close,1
knit,1
without,1
spoiling,1
argument,1
hope,1
here,1
min,1
aim,1
outside,1
neither,1
work,1
injustice,1
do,1
worker,1
instead,1
seeking,1
seeks,1
identify,1
device,1
fail,1
sufficient,1
grounds,1
making,1
remain,1
neutral,1
welfare,1
long,1
tun,1
operator,1
reveal,1
part,1
sufficiently,1
nd,1
behalf,1
contention,1
sound,1
clue,1
partisan,1
enlightened,1
sees,1
induce,1
line,1
quarrel,1
wisely,1
lining,1
purpose,1
es,1
