term,count
of,55
the,42
love,23
in,21
to,20
and,20
a,18
i,16
that,15
s,14
is,14
for,11
le,11
one,8
mr,8
it,8
with,7
her,7
such,6
which,6
without,6
has,6
was,6
lovers,6
as,5
this,5
most,5
old,5
little,5
no,4
there,4
on,4
two,4
stories,4
he,4
genius,4
when,3
his,3
so,3
life,3
all,3
shelley,3
would,3
retold,3
them,3
v,3
man,3
romance,3
after,3
dante,3
its,3
co,2
him,2
both,2
only,2
author,2
though,2
do,2
abe,2
y,2
story,2
more,2
heine,2
l,2
have,2
j,2
let,2
were,2
these,2
could,2
be,2
poet,2
e,2
o,2
well,2
an,2
marriage,2
ad,2
world,2
laurel,2
b,2
names,2
but,2
happy,2
poetic,2
tragic,2
interesting,2
elle,2
imagination,2
any,2
spiritual,2
whom,2
sense,2
d,2
make,2
est,2
beatrice,2
richard,2
by,2
famous,2
into,2
women,2
es,1
robert,1
ho,1
sympathetic,1
t,1
outcry,1
liar,1
great,1
enjoyable,1
retired,1
renowned,1
highly,1
stage,1
bliss,1
immortal,1
vision,1
passion,1
smooth,1
ornate,1
bout,1
browning,1
telling,1
further,1
need,1
tc,1
re,1
makes,1
known,1
sacrificed,1
des,1
seems,1
challenges,1
romantic,1
contrast,1
trifle,1
x,1
lived,1
equally,1
recovering,1
cation,1
attack,1
happily,1
adoration,1
faithful,1
worthy,1
stands,1
lover,1
writes,1
history,1
few,1
parallels,1
hear,1
herself,1
my,1
turned,1
grace,1
mad,1
ne,1
q,1
style,1
quiet,1
inc,1
earth,1
what,1
communion,1
best,1
invariable,1
gift,1
calls,1
too,1
vittoria,1
angelo,1
unhappiness,1
subsequent,1
extra,1
possessed,1
gives,1
condemning,1
instead,1
their,1
flippant,1
high,1
loved,1
god,1
worship,1
claims,1
are,1
suitors,1
choose,1
stuart,1
monument,1
deserving,1
sought,1
spent,1
de,1
pierre,1
m,1
contrasted,1
together,1
during,1
chopin,1
finish,1
bonnet,1
new,1
tale,1
who,1
likable,1
leicester,1
vendor,1
cinderella,1
run,1
elizabeth,1
rossetti,1
fire,1
lacking,1
collection,1
recantation,1
does,1
course,1
care,1
irrelevance,1
march,1
motherly,1
certainly,1
z,1
sand,1
champions,1
absurd,1
better,1
nothing,1
obviously,1
frederic,1
souls,1
lent,1
itself,1
made,1
applauds,1
mathilde,1
included,1
myth,1
nd,1
brightest,1
burned,1
talent,1
note,1
also,1
w,1
austere,1
up,1
talented,1
radicals,1
poets,1
philosophers,1
cupid,1
book,1
because,1
comet,1
ha,1
justify,1
quick,1
lr,1
intervened,1
parent,1
meaning,1
audi,1
fortunate,1
not,1
stella,1
philip,1
sir,1
children,1
tile,1
given,1
aid,1
survived,1
whose,1
men,1
out,1
creatures,1
blood,1
flesh,1
clings,1
losing,1
abelard,1
figures,1
reality,1
bring,1
head,1
lane,1
john,1
london,1
chronicle,1
frail,1
ghosts,1
deadly,1
us,1
arc,1
portrays,1
significant,1
persons,1
some,1
revival,1
giving,1
reconstruction,1
succeeded,1
merit,1
accomplishment,1
literary,1
customs,1
times,1
asserts,1
face,1
adverse,1
inherited,1
obscurity,1
forever,1
red,1
wrote,1
she,1
act,1
kindest,1
death,1
years,1
ten,1
memoir,1
sue,1
response,1
fanny,1
read,1
sends,1
virgil,1
assist,1
discovers,1
can,1
cow,1
than,1
understand,1
even,1
wile,1
slit,1
hell,1
kindlier,1
lock,1
similar,1
condemned,1
inferno,1
conceptions,1
c,1
vance,1
public,1
hysterical,1
mistake,1
enough,1
terrible,1
age,1
early,1
at,1
woman,1
married,1
self,1
find,1
sympathy,1
mated,1
ill,1
harriet,1
opinion,1
begin,1
nature,1
r,1
browne,1
grew,1
calf,1
infatuation,1
patience,1
miss,1
suburban,1
anny,1
tragedy,1
godwin,1
mary,1
elope,1
hat,1
kind,1
serious,1
ever,1
