term,count
the,90
of,55
and,46
in,25
a,21
to,19
that,18
is,13
for,11
browning,11
his,10
he,8
s,7
has,7
we,7
with,7
poems,6
i,6
not,6
love,6
or,6
be,6
ever,5
it,5
are,5
no,5
an,5
soul,5
by,5
one,5
death,5
she,4
life,4
miss,4
which,4
thought,4
so,4
was,4
her,4
as,4
have,4
us,4
at,3
evil,3
on,3
but,3
body,3
author,3
more,3
this,3
burr,3
poet,3
great,3
new,3
into,3
from,3
musician,2
arc,2
voice,2
arm,2
real,2
them,2
beauty,2
god,2
three,2
only,2
him,2
treat,2
householder,2
had,2
hope,2
mind,2
two,2
words,2
progress,2
fact,2
hidden,2
analysis,2
tells,2
effort,2
critical,2
many,2
been,2
shadow,2
poets,2
few,2
toward,2
j,2
emma,2
seen,2
beyond,2
true,2
despite,2
while,2
conception,2
whose,2
merely,2
let,2
here,2
point,2
can,2
wherein,2
than,2
forms,1
living,1
physical,1
belief,1
constantly,1
suspension,1
last,1
where,1
passage,1
firs,1
functions,1
state,1
any,1
unimportant,1
spiritual,1
significance,1
assume,1
reaffirming,1
relatively,1
strikingly,1
tribute,1
concerned,1
fragment,1
minute,1
observation,1
figure,1
geometrical,1
form,1
determine,1
able,1
might,1
mathematician,1
just,1
all,1
constructed,1
circle,1
divine,1
entire,1
good,1
most,1
primarily,1
come,1
problems,1
importance,1
overwhelming,1
destruction,1
dissolution,1
varieties,1
conceived,1
starting,1
philosophy,1
fundamental,1
typical,1
inquires,1
chapter,1
imprisonment,1
reminds,1
nowhere,1
bur,1
hereafter,1
liberated,1
behind,1
spirit,1
vigorously,1
loved,1
who,1
then,1
imagine,1
day,1
lew,1
bring,1
morning,1
evening,1
would,1
eventide,1
greyness,1
cool,1
walked,1
whom,1
sunrise,1
seeing,1
worked,1
could,1
will,1
eternity,1
creative,1
renewed,1
faith,1
brace,1
message,1
impossible,1
evermore,1
surmounting,1
lea,1
olden,1
c,1
shores,1
heavenly,1
strolling,1
aimless,1
pleasant,1
idleness,1
fear,1
fellow,1
should,1
caressingly,1
greater,1
fights,1
anticipates,1
grave,1
fighter,1
lind,1
hopes,1
looks,1
inaction,1
peace,1
languid,1
paradise,1
lifeless,1
highest,1
its,1
reach,1
free,1
fields,1
g,1
eater,1
still,1
out,1
held,1
hand,1
says,1
thomson,1
francis,1
moment,1
cheer,1
causes,1
greeted,1
earth,1
afraid,1
absolute,1
infinite,1
believed,1
butt,1
ced,1
listen,1
broken,1
upon,1
wealth,1
vividly,1
impressions,1
forth,1
set,1
characteristic,1
some,1
penetrating,1
grammarian,1
earnest,1
light,1
turned,1
literature,1
vast,1
vitally,1
adding,1
chosen,1
funeral,1
english,1
works,1
lover,1
student,1
human,1
range,1
sense,1
covered,1
ha,1
these,1
boy,1
heading,1
under,1
together,1
grouped,1
others,1
elyn,1
angel,1
if,1
devoted,1
worker,1
commentaries,1
trodden,1
repeatedly,1
field,1
interpretation,1
need,1
such,1
robert,1
target,1
verse,1
modern,1
co,1
appleton,1
d,1
york,1
burt,1
unseen,1
difficulties,1
embodies,1
dozen,1
focus,1
half,1
welcome,1
hut,1
original,1
fresh,1
view,1
attack,1
commentator,1
wide,1
particular,1
critic,1
room,1
always,1
there,1
fertile,1
ranging,1
sufferer,1
attracted,1
may,1
very,1
depth,1
rare,1
poem,1
lends,1
meaning,1
language,1
speaks,1
listening,1
messages,1
accordingly,1
extemporize,1
excitement,1
term,1
what,1
times,1
aware,1
significant,1
heard,1
ego,1
imagination,1
other,1
perfection,1
leads,1
road,1
experience,1
ari,1
yet,1
attitude,1
find,1
ed,1
idealistic,1
learn,1
problem,1
reaction,1
cut,1
dear,1
acutely,1
mysterious,1
induced,1
delved,1
extemporizing,1
organ,1
man,1
elderly,1
character,1
subconsciousness,1
down,1
how,1
thoughts,1
george,1
almost,1
sketches,1
after,1
essay,1
opening,1
volume,1
trend,1
thinking,1
till,1
surpassing,1
underlying,1
self,1
objective,1
ordinary,1
belongs,1
assures,1
faculty,1
edifice,1
consonance,1
marvelous,1
semblance,1
eyes,1
before,1
itself,1
shapes,1
music,1
achievement,1
