term,count
the,35
of,28
and,19
is,15
a,14
to,12
his,9
in,9
s,8
he,8
who,7
one,7
has,7
that,6
it,6
life,5
for,4
story,4
man,4
so,4
with,4
than,4
own,3
her,3
as,3
true,3
no,3
which,2
poverty,2
yet,2
written,2
its,2
have,2
can,2
having,2
bit,2
or,2
both,2
better,2
from,2
contrast,2
be,2
through,2
new,2
over,2
against,2
money,2
girl,2
large,2
commercial,2
will,2
fault,2
recognizes,1
mess,1
some,1
virtues,1
impracticable,1
others,1
mind,1
ready,1
extremely,1
difficult,1
lives,1
idea,1
sold,1
norbert,1
beauty,1
stern,1
denials,1
ideals,1
each,1
character,1
freed,1
steeped,1
there,1
bu,1
working,1
embrace,1
abstract,1
lightly,1
order,1
lifted,1
above,1
commonplace,1
thin,1
scorn,1
wines,1
thinks,1
whose,1
inability,1
comparative,1
values,1
selfishness,1
robs,1
unconsciously,1
dreaming,1
however,1
hods,1
touched,1
abler,1
none,1
more,1
healthful,1
human,1
excellent,1
vision,1
book,1
leaves,1
read,1
likes,1
every,1
rereading,1
if,1
been,1
said,1
author,1
posthumous,1
work,1
happy,1
leaving,1
public,1
simply,1
sincerely,1
told,1
rings,1
personality,1
finely,1
novels,1
while,1
hair,1
city,1
stepping,1
forth,1
page,1
rounded,1
figure,1
like,1
reality,1
picture,1
fragrant,1
dewy,1
london,1
step,1
very,1
feeling,1
garden,1
even,1
smell,1
jane,1
potatoes,1
she,1
turns,1
then,1
out,1
earth,1
charming,1
let,1
into,1
highest,1
subtle,1
counter,1
grocer,1
rather,1
mother,1
sister,1
suffer,1
loss,1
nor,1
ever,1
less,1
pitiful,1
weak,1
partner,1
had,1
dragged,1
ruin,1
other,1
tolerant,1
vanities,1
follies,1
friends,1
aide,1
ann,1
saves,1
not,1
now,1
conceal,1
their,1
contempt,1
shop,1
grocery,1
keep,1
fortune,1
by,1
george,1
cloth,1
mo,1
pp,1
york,1
co,1
mr,1
tells,1
warm,1
hearted,1
wrecked,1
unless,1
elects,1
trust,1
friend,1
interests,1
breeding,1
culture,1
well,1
when,1
finds,1
ground,1
cut,1
under,1
feet,1
hess,1
rare,1
natures,1
give,1
upon,1
first,1
reading,1
scarcely,1
considers,1
skill,1
literary,1
touch,1
ripe,1
art,1
narrator,1
last,1
charm,1
infinitely,1
variety,1
young,1
artist,1
all,1
moods,1
temperament,1
contemptuous,1
occupation,1
blind,1
fact,1
whereas,1
made,1
refreshing,1
sincerity,1
arc,1
but,1
generous,1
alike,1
purse,1
withal,1
prig,1
just,1
manly,1
wincing,1
tinder,1
burden,1
bravely,1
shouldered,1
keeping,1
quiet,1
right,1
on,1
path,1
duty,1
without,1
pose,1
preaching,1
simple,1
strenuous,1
makes,1
fuss,1
about,1
revealed,1
