term,count
the,210
of,103
to,58
and,42
a,39
in,35
that,31
was,28
by,26
ford,25
it,24
peace,23
mr,23
is,22
he,21
for,19
on,19
s,18
who,17
as,17
which,15
were,15
not,14
with,13
out,12
or,12
this,11
i,11
party,11
only,11
from,10
mediation,10
but,10
they,10
had,9
at,9
if,9
be,9
she,8
have,8
expedition,7
like,7
her,7
what,7
one,7
neutral,7
his,7
ship,6
history,6
idea,6
would,6
an,6
could,6
its,6
these,6
atmosphere,5
even,5
book,5
over,5
when,5
been,5
york,5
has,5
adventure,5
new,5
henry,5
men,5
up,5
ii,5
can,5
them,5
says,5
after,5
war,5
all,5
other,5
into,5
those,4
no,4
their,4
reports,4
people,4
next,4
o,4
very,4
most,4
conference,4
oscar,4
reviewer,4
are,4
still,4
governments,4
l,4
before,4
quite,4
such,4
time,4
try,4
newspaper,4
words,4
normal,3
little,3
there,3
never,3
more,3
do,3
so,3
half,3
said,3
sailed,3
miss,3
invited,3
nor,3
naturally,3
proper,3
get,3
anything,3
years,3
two,3
ten,3
n,3
many,3
believe,3
went,3
first,3
correspondents,3
sent,3
sort,3
t,3
off,3
lunatic,3
fringe,3
case,3
continuous,3
america,3
christmas,3
any,2
does,2
gathered,2
reactions,2
some,2
m,2
seemed,2
may,2
anybody,2
women,2
producing,2
virulent,2
zion,2
plausible,2
side,2
jane,2
broke,2
group,2
happened,2
given,2
however,2
special,2
way,2
eye,2
germ,2
others,2
crusaders,2
find,2
deal,2
good,2
spring,2
mine,2
simple,2
question,2
original,2
during,2
received,2
dis,2
part,2
correspondent,2
persons,2
whom,2
hired,2
wilson,2
announced,2
enough,2
especially,2
suggested,2
reported,2
him,2
about,2
delegation,2
did,2
addams,2
sound,2
make,2
overestimate,2
between,2
pacifist,2
discredited,2
warring,2
d,2
headed,2
e,2
thing,2
you,2
americans,2
w,2
himself,2
f,2
wanted,2
auspicious,2
mind,2
whole,2
credit,2
enterprise,2
take,2
expense,2
garden,2
me,2
resolutions,2
th,2
condemning,2
president,2
certainly,2
will,2
fight,2
none,2
maxim,2
accurate,2
john,2
administration,2
am,2
nothing,2
same,2
ever,2
home,2
four,2
preface,2
writer,2
louis,2
boys,2
failure,2
without,2
under,2
assembled,2
incidental,2
accordingly,2
since,2
europe,2
possibly,2
forgets,2
villainous,1
put,1
leave,1
november,1
finance,1
itself,1
gun,1
machination,1
ton,1
winning,1
lusitania,1
year,1
appeal,1
devoted,1
soon,1
ask,1
lead,1
asylum,1
traveling,1
friends,1
va,1
viewpoint,1
private,1
see,1
persuaded,1
congress,1
citizens,1
curiously,1
ft,1
government,1
sketch,1
argue,1
personality,1
glad,1
apparently,1
courtesy,1
amusing,1
far,1
limited,1
extends,1
blame,1
exact,1
countries,1
powers,1
heads,1
visited,1
took,1
came,1
villains,1
cooperation,1
plan,1
dean,1
refused,1
substitute,1
marquis,1
leaders,1
long,1
inward,1
against,1
woman,1
achievements,1
r,1
microscope,1
complains,1
subjected,1
sinister,1
young,1
apt,1
influence,1
incarnate,1
g,1
organization,1
always,1
wanting,1
whose,1
heart,1
because,1
wives,1
while,1
urine,1
relations,1
germany,1
mother,1
fer,1
later,1
much,1
looking,1
bled,1
proud,1
parent,1
thinks,1
accomplished,1
close,1
day,1
germans,1
best,1
gentleman,1
solitude,1
united,1
states,1
whether,1
bliss,1
upon,1
form,1
worked,1
highly,1
doubtful,1
burst,1
li,1
seen,1
contemplated,1
consecrated,1
automobiles,1
lady,1
ventures,1
malt,1
hour,1
crusade,1
life,1
else,1
el,1
neutrals,1
hague,1
dec,1
date,1
sprung,1
change,1
movement,1
dare,1
wish,1
conveniently,1
bitter,1
fists,1
invitations,1
three,1
queen,1
roses,1
rosebud,1
eccentricity,1
shamefully,1
imagination,1
view,1
character,1
used,1
january,1
attracted,1
fanatical,1
blows,1
struck,1
resolved,1
hostile,1
made,1
bitterness,1
acceptance,1
somewhat,1
prematurely,1
factions,1
five,1
highways,1
suffered,1
dignitaries,1
accord,1
began,1
excuses,1
promoters,1
reformers,1
say,1
mentioned,1
responsibility,1
week,1
fine,1
credits,1
admits,1
facetious,1
own,1
poor,1
slogan,1
rather,1
fun,1
jocose,1
picked,1
person,1
occasion,1
controversy,1
bad,1
rule,1
tour,1
rubbed,1
wrong,1
obligation,1
help,1
lecture,1
above,1
collapsed,1
debts,1
faked,1
shortly,1
pa,1
social,1
message,1
preparedness,1
prominent,1
various,1
refuse,1
personnel,1
state,1
come,1
policy,1
pretty,1
decca,1
bet,1
controlled,1
moment,1
sign,1
large,1
slice,1
fortune,1
autocratic,1
fie,1
signing,1
analysis,1
joy,1
buck,1
slight,1
outright,1
herself,1
interviews,1
we,1
rarely,1
fact,1
achievement,1
passes,1
too,1
seriously,1
ride,1
kindness,1
precisely,1
right,1
tire,1
tortuous,1
knew,1
debate,1
blunder,1
tactical,1
now,1
called,1
falsehood,1
matter,1
definition,1
welcome,1
hut,1
where,1
imposture,1
discovered,1
effort,1
course,1
tassels,1
eager,1
psychology,1
encouragement,1
coerce,1
ag,1
length,1
basis,1
cautious,1
explains,1
able,1
guaranteeing,1
official,1
built,1
grandiose,1
documents,1
black,1
bag,1
till,1
plutocracy,1
stockholm,1
northern,1
lot,1
roof,1
delegates,1
charitably,1
described,1
leaving,1
mission,1
helped,1
select,1
ad,1
accompany,1
rig,1
usually,1
drunk,1
being,1
individuals,1
boost,1
queerest,1
through,1
conveyed,1
trip,1
fantastically,1
distorted,1
interstellar,1
space,1
here,1
cooped,1
op,1
fourteen,1
days,1
small,1
earner,1
less,1
thrown,1
back,1
each,1
event,1
land,1
themselves,1
rarefied,1
abnormality,1
habitually,1
science,1
psychic,1
might,1
explain,1
infancy,1
approx,1
mate,1
except,1
allan,1
poe,1
ts,1
dead,1
aforementioned,1
unfortunately,1
friendly,1
st,1
vitus,1
influenza,1
grippe,1
fashioned,1
intimacy,1
dwelt,1
beyond,1
chemical,1
interaction,1
eccentric,1
ill,1
enforced,1
produced,1
old,1
psychically,1
intensified,1
comparable,1
physical,1
army,1
camps,1
turned,1
impression,1
square,1
voyage,1
episode,1
dimensional,1
experience,1
awaits,1
adequate,1
authorized,1
autobiographies,1
haste,1
suggestive,1
remembered,1
pain,1
few,1
scattering,1
articles,1
millions,1
buried,1
crumbling,1
interests,1
fourth,1
unique,1
madison,1
trenches,1
holds,1
post,1
end,1
don,1
quixote,1
p,1
international,1
publishers,1
elmer,1
davis,1
december,1
famous,1
troupe,1
pilgrims,1
set,1
forth,1
steamship,1
should,1
particularly,1
reflection,1
secretary,1
stravinsky,1
peculiar,1
interest,1
historical,1
likely,1
again,1
events,1
modern,1
feebly,1
approached,1
dempsey,1
shelby,1
dayton,1
trial,1
democratic,1
national,1
convention,1
music,1
justice,1
hardly,1
wheeler,1
investigator,1
principal,1
impresario,1
venture,1
merits,1
defects,1
wayne,1
misses,1
paul,1
interesting,1
aspects,1
net,1
fault,1
living,1
convey,1
something,1
formed,1
sacred,1
sat,1
needful,1
squawk,1
type,1
upton,1
sinclair,1
mention,1
already,1
familiarized,1
public,1
deals,1
detail,1
brushes,1
management,1
notably,1
veiled,1
prophet,1
teapot,1
tempests,1
facile,1
lies,1
true,1
move,1
explanation,1
lack,1
sympathy,1
displayed,1
hy,1
metropolitan,1
press,1
making,1
money,1
big,1
newspapers,1
kept,1
munition,1
organs,1
along,1
orders,1
noble,1
hurricanes,1
importance,1
world,1
eccentricities,1
opinion,1
ones,1
cite,1
london,1
daily,1
mail,1
ar,1
offset,1
equally,1
misleading,1
enjoyed,1
favor,1
larger,1
ended,1
doings,1
financed,1
lord,1
cites,1
false,1
bat,1
must,1
substantially,1
experienced,1
per,1
cent,1
race,1
crazy,1
belong,1
decided,1
liars,1
vote,1
overwhelming,1
majority,1
news,1
erred,1
questions,1
act,1
held,1
known,1
hymns,1
captain,1
rn,1
toes,1
lie,1
crate,1
grasp,1
esoteric,1
significance,1
lines,1
begin,1
understand,1
hat,1
omitted,1
aspect,1
remarkable,1
apologia,1
both,1
historian,1
mat,1
air,1
well,1
ambient,1
body,1
written,1
memory,1
serves,1
berton,1
gull,1
dot,1
re,1
earthworm,1
c,1
blade,1
ah,1
olive,1
rare,1
my,1
sea,1
sail,1
apologist,1
vitiated,1
fallacy,1
marked,1
times,1
chicago,1
reporters,1
attempted,1
expel,1
sending,1
incl,1
h,1
truthful,1
higher,1
authority,1
accused,1
having,1
ac,1
co,1
spy,1
wrote,1
accompanied,1
bias,1
demand,1
theoretically,1
indeed,1
professional,1
movements,1
period,1
inability,1
perceive,1
fence,1
des,1
doubtless,1
practically,1
possible,1
point,1
let,1
reader,1
likes,1
allowance,1
strong,1
