term,count
the,56
of,55
and,28
a,16
to,14
in,11
with,10
is,9
that,9
its,8
for,7
court,6
their,5
one,5
her,5
it,5
s,5
such,5
by,5
duchess,5
had,4
two,4
from,4
lives,4
who,4
de,3
so,3
very,3
even,3
but,3
as,3
have,3
he,3
story,3
life,3
which,3
famous,3
wasp,3
there,3
history,3
enough,3
women,3
this,3
beauties,3
all,3
time,2
upon,2
charles,2
are,2
these,2
or,2
those,2
down,2
his,2
book,2
meat,2
experiment,2
himself,2
makes,2
sense,2
pessimists,2
were,2
has,2
restoration,2
monarch,2
old,2
times,2
orleans,2
whitehall,2
merry,2
more,2
dumas,2
case,2
dr,2
bruno,2
death,2
not,2
they,2
gives,2
mud,2
many,2
better,2
no,2
varied,2
be,2
i,2
quite,1
tn,1
beautiful,1
tho,1
dimly,1
familiar,1
involves,1
about,1
first,1
five,1
words,1
doctor,1
title,1
love,1
strange,1
appears,1
author,1
passion,1
tow,1
york,1
guarantee,1
rest,1
publishing,1
company,1
however,1
th,1
hough,1
crude,1
deals,1
offensive,1
sometimes,1
distinction,1
r,1
wide,1
vividly,1
new,1
chronicles,1
written,1
ha,1
occurrence,1
view,1
actual,1
than,1
romance,1
like,1
seem,1
reader,1
laid,1
age,1
quality,1
reign,1
handsome,1
crowning,1
elusive,1
lacking,1
las,1
style,1
during,1
scene,1
england,1
men,1
jackson,1
out,1
bits,1
brilliant,1
invented,1
hour,1
gentleman,1
fluid,1
sting,1
us,1
behind,1
sac,1
similar,1
chemically,1
obtains,1
wealth,1
shall,1
young,1
fresh,1
between,1
spider,1
preserves,1
availed,1
tries,1
mice,1
pigs,1
monkeys,1
till,1
pended,1
sure,1
results,1
animation,1
state,1
space,1
dose,1
six,1
lies,1
d,1
precisely,1
thus,1
appearance,1
daniel,1
school,1
months,1
german,1
descent,1
education,1
b,1
happiness,1
fancies,1
outcome,1
wrecked,1
conspiracy,1
fancy,1
cruel,1
fate,1
goes,1
medical,1
under,1
need,1
city,1
f,1
dish,1
spice,1
e,1
dirt,1
dauber,1
little,1
find,1
drug,1
mel,1
suspend,1
faculties,1
them,1
belie,1
half,1
physical,1
scandals,1
trust,1
own,1
our,1
relief,1
turn,1
nausea,1
volume,1
rapacity,1
into,1
together,1
brought,1
vileness,1
utter,1
dishonesty,1
meanness,1
railroad,1
investigations,1
standard,1
oil,1
illustrated,1
each,1
at,1
english,1
disgraced,1
graced,1
err,1
eight,1
biographies,1
full,1
rather,1
ad,1
up,1
takes,1
revelations,1
profligacy,1
much,1
well,1
sons,1
every,1
growing,1
world,1
wicked,1
believe,1
refuse,1
persistent,1
scribner,1
go,1
imported,1
fisher,1
t,1
london,1
pp,1
illustrations,1
thirty,1
century,1
spins,1
ringing,1
grooves,1
ii,1
crowded,1
sorts,1
wickedness,1
something,1
knows,1
mentioned,1
above,1
course,1
everybody,1
read,1
perceptions,1
sharpening,1
ought,1
change,1
remarkably,1
made,1
centuries,1
hamilton,1
henrietta,1
me,1
maria,1
anna,1
jennings,1
miss,1
do,1
la,1
another,1
richmond,1
stuart,1
frances,1
cleveland,1
barbara,1
galaxy,1
other,1
louise,1
portsmouth,1
though,1
may,1
perspective,1
stories,1
dart,1
crooked,1
narrow,1
through,1
passed,1
downs,1
ups,1
mazarin,1
womanhood,1
early,1
filled,1
sea,1
perils,1
year,1
estate,1
prints,1
connection,1
great,1
niece,1
adventures,1
baseness,1
eccentricities,1
put,1
eliding,1
beauty,1
him,1
wonderful,1
themselves,1
entertaining,1
connected,1
people,1
subject,1
pictures,1
cardinal,1
startling,1
rival,1
guardsmen,1
around,1
carried,1
an,1
over,1
creditors,1
corpse,1
rescued,1
years,1
separated,1
been,1
she,1
whom,1
husband,1
cease,1
did,1
co,1
