term,count
the,80
of,58
to,33
is,30
a,26
and,23
in,22
that,17
not,14
his,14
it,13
for,12
this,11
an,11
english,11
he,9
as,9
by,8
england,8
one,7
o,7
with,7
was,7
on,7
german,7
dr,7
at,6
but,5
even,5
there,5
be,4
than,4
no,4
when,4
germany,4
work,4
now,4
are,4
all,4
most,4
can,4
people,4
love,4
international,4
attitude,3
la,3
englishman,3
country,3
s,3
sense,3
what,3
him,3
social,3
nations,3
long,3
or,3
among,3
between,3
means,3
become,2
after,2
almost,2
hard,2
yet,2
some,2
significance,2
life,2
i,2
much,2
head,2
sport,2
peoples,2
we,2
makes,2
war,2
attention,2
every,2
little,2
more,2
their,2
has,2
leaders,2
being,2
settlement,2
certain,2
so,2
university,2
men,2
from,2
never,2
matter,2
j,2
does,2
especially,2
where,2
knowledge,2
development,2
non,2
ever,2
world,2
find,2
culture,2
author,2
both,2
countrymen,2
foreign,2
own,2
these,2
free,2
tendency,1
lacking,1
form,1
hair,1
breadth,1
asserts,1
governmental,1
external,1
largely,1
stress,1
democracy,1
whose,1
hardly,1
sf,1
snobbishness,1
inherent,1
necessary,1
jays,1
another,1
ideal,1
importance,1
understood,1
bring,1
deprecate,1
effect,1
tremendous,1
institution,1
moral,1
once,1
hostile,1
prominent,1
nearer,1
active,1
role,1
assigned,1
organization,1
experiences,1
sort,1
group,1
any,1
wales,1
prince,1
tho,1
again,1
will,1
impose,1
reproach,1
attempt,1
resent,1
because,1
quickly,1
would,1
king,1
figurehead,1
favor,1
strongly,1
though,1
opinion,1
beloved,1
boyish,1
unattainable,1
lack,1
wherein,1
words,1
simply,1
same,1
aristocracy,1
aria,1
ruler,1
qualities,1
apparent,1
smile,1
popularity,1
deal,1
explicit,1
good,1
owes,1
probably,1
altogether,1
unjust,1
just,1
former,1
lies,1
superiority,1
classes,1
expression,1
poorer,1
giving,1
noble,1
mainly,1
consists,1
settling,1
actual,1
done,1
stage,1
educational,1
beginning,1
sentiments,1
out,1
periods,1
realistic,1
romantic,1
passed,1
committal,1
opportunity,1
cultural,1
keynote,1
french,1
believe,1
except,1
cordially,1
very,1
received,1
delegation,1
conference,1
modest,1
value,1
tie,1
reconciliation,1
london,1
personal,1
attended,1
sociologists,1
discussed,1
phase,1
have,1
settlements,1
secure,1
pressure,1
speak,1
service,1
us,1
field,1
humanity,1
ions,1
around,1
educate,1
hand,1
cheap,1
rather,1
quantity,1
distressed,1
nationalistic,1
impart,1
obstacles,1
aim,1
week,1
insult,1
admits,1
distance,1
idealism,1
defeats,1
initial,1
discouraged,1
platform,1
seems,1
shy,1
me,1
slighter,1
fact,1
far,1
disease,1
interference,1
official,1
cured,1
such,1
freedom,1
attributes,1
ahead,1
popular,1
up,1
points,1
see,1
versailles,1
treachery,1
saxon,1
anglo,1
call,1
causes,1
underlying,1
understand,1
helps,1
before,1
houses,1
settle,1
gained,1
psychology,1
character,1
sure,1
prevalent,1
against,1
bitterness,1
ha,1
anglophile,1
justification,1
fabulous,1
crowned,1
security,1
arts,1
rank,1
regardless,1
extended,1
courtesy,1
admires,1
admiration,1
mingles,1
envy,1
injury,1
feeling,1
entirely,1
repress,1
tears,1
ocean,1
across,1
home,1
atmosphere,1
poisoned,1
misery,1
disorganization,1
pronounced,1
himself,1
upon,1
took,1
sociologist,1
interpreter,1
yesterday,1
foes,1
rapprochement,1
way,1
paving,1
view,1
interpret,1
eager,1
able,1
encouraging,1
misunderstanding,1
mutual,1
days,1
friedrich,1
joseph,1
munich,1
pp,1
dem,1
interprets,1
ia,1
sociology,1
essentially,1
do,1
task,1
easy,1
civilization,1
common,1
preservation,1
regard,1
friendship,1
necessity,1
victors,1
better,1
science,1
realizes,1
lawlessness,1
mistrust,1
consequences,1
terrible,1
experiencing,1
citizen,1
expected,1
should,1
europeans,1
forgets,1
ms,1
evening,1
raised,1
pride,1
defined,1
been,1
hag,1
which,1
play,1
fair,1
concept,1
bound,1
intimately,1
finds,1
played,1
while,1
stood,1
asked,1
officer,1
music,1
selves,1
our,1
entertaining,1
point,1
opponent,1
inborn,1
reality,1
republic,1
truism,1
old,1
repeating,1
resist,1
democratic,1
thoroughly,1
course,1
politically,1
liberty,1
mental,1
example,1
impossible,1
practically,1
found,1
still,1
rudeness,1
distinction,1
class,1
european,1
were,1
time,1
neighbor,1
prison,1
human,1
into,1
come,1
enemy,1
conquered,1
victorious,1
turn,1
need,1
child,1
travel,1
let,1
soul,1
inner,1
impulses,1
uncivilized,1
primitive,1
over,1
control,1
lose,1
must,1
gentlemen,1
contact,1
question,1
immediate,1
friendliness,1
typical,1
wis,1
deepest,1
less,1
they,1
representatives,1
bettor,1
word,1
beautiful,1
consideration,1
interests,1
its,1
womanly,1
helpfulness,1
delicate,1
tact,1
refinement,1
amazing,1
count,1
always,1
sn,1
