term,count
the,52
of,29
and,24
to,21
a,16
in,11
cobb,10
i,9
this,9
that,9
he,9
his,9
is,8
for,8
or,8
so,7
with,7
they,7
are,6
mr,6
it,6
on,6
have,5
humor,4
irvin,4
as,4
s,4
by,4
those,3
matter,3
find,3
our,3
dress,3
but,3
travel,3
them,3
which,3
at,3
t,3
who,3
women,3
bride,3
seventeen,3
old,2
off,2
into,2
upon,2
matters,2
close,2
articles,2
following,2
more,2
take,2
some,2
popular,2
ready,2
good,2
us,2
their,2
do,2
will,2
certain,2
issue,2
would,2
men,2
english,2
wear,2
all,2
ever,2
among,2
when,2
thing,2
course,2
been,2
about,2
such,2
him,1
multiplied,1
whether,1
up,1
abolish,1
cars,1
cotton,1
soil,1
land,1
blue,1
law,1
seems,1
laws,1
today,1
ancient,1
expression,1
legislation,1
attend,1
adherence,1
ritualistic,1
refugees,1
rigid,1
neighbor,1
private,1
finally,1
affairs,1
fled,1
volumes,1
ousted,1
puritans,1
dropped,1
male,1
tamp,1
traditions,1
fixed,1
responsible,1
largely,1
fathers,1
pilgrim,1
holds,1
point,1
considerable,1
said,1
nothing,1
please,1
long,1
ago,1
collar,1
had,1
early,1
keep,1
did,1
over,1
purl,1
ad,1
clothes,1
choking,1
foolish,1
laughing,1
while,1
summer,1
wilt,1
strip,1
vantage,1
adage,1
tans,1
man,1
heels,1
experience,1
narrates,1
x,1
me,1
happened,1
hat,1
l,1
account,1
creeps,1
indirectly,1
even,1
heart,1
mores,1
sartorial,1
pants,1
neck,1
seventh,1
army,1
vogue,1
drive,1
enjoyed,1
merriment,1
others,1
yarn,1
relish,1
joy,1
sausage,1
arrival,1
e,1
true,1
comic,1
adroit,1
bring,1
situation,1
farce,1
glum,1
bell,1
back,1
shoes,1
hands,1
won,1
history,1
glance,1
skeptical,1
variations,1
thee,1
kinds,1
there,1
inexactly,1
rather,1
expressed,1
ha,1
broadening,1
here,1
seem,1
greatly,1
advantages,1
first,1
mentioned,1
finds,1
always,1
can,1
strain,1
undue,1
without,1
night,1
retires,1
home,1
stay,1
after,1
envious,1
speed,1
train,1
watching,1
platform,1
town,1
small,1
native,1
where,1
we,1
what,1
rules,1
criticism,1
note,1
infrequently,1
not,1
satire,1
slapstick,1
dash,1
has,1
obvious,1
under,1
natured,1
commentary,1
cards,1
playing,1
u,1
uses,1
afterward,1
momentary,1
pause,1
quickly,1
ullman,1
pleasures,1
universal,1
done,1
something,1
see,1
like,1
ears,1
list,1
swallowed,1
say,1
works,1
conclude,1
must,1
you,1
yet,1
collected,1
speeches,1
dinners,1
public,1
three,1
other,1
several,1
operations,1
speaking,1
known,1
well,1
languages,1
brother,1
wit,1
two,1
eating,1
away,1
doctor,1
keeps,1
day,1
laugh,1
titles,1
between,1
bores,1
author,1
christmas,1
subhead,1
gardening,1
trade,1
marriage,1
ideas,1
experiences,1
touches,1
essay,1
broad,1
usual,1
anecdotes,1
together,1
strung,1
f,1
series,1
weddings,1
growing,1
celebrates,1
week,1
abandoning,1
forth,1
correction,1
posted,1
new,1
style,1
york,1
vital,1
comfortable,1
still,1
another,1
george,1
only,1
lifetime,1
devote,1
perfected,1
attractive,1
styles,1
great,1
than,1
above,1
wealthy,1
independent,1
autocratic,1
comes,1
apply,1
preceding,1
wisdom,1
return,1
order,1
ion,1
convent,1
tyranny,1
correct,1
step,1
knickers,1
be,1
rediscover,1
added,1
tear,1
view,1
sweep,1
takes,1
happily,1
live,1
happy,1
leaving,1
toast,1
scene,1
manners,1
innovation,1
just,1
cracks,1
wise,1
few,1
humored,1
american,1
volume,1
weekly,1
nellie,1
h,1
individuals,1
peculiar,1
company,1
formers,1
international,1
photo,1
re,1
der,1
professional,1
starts,1
begin,1
needs,1
cry,1
head,1
chapter,1
before,1
