term,count
the,140
of,122
and,56
a,34
in,34
to,18
is,18
tile,17
by,16
on,14
are,12
jewish,11
new,11
as,11
his,10
for,10
from,9
this,9
article,9
with,9
at,9
has,8
was,8
it,7
jews,7
he,7
volume,7
its,6
f,6
york,6
there,6
which,6
l,6
i,6
many,5
articles,5
j,5
who,5
president,5
s,5
one,5
history,5
that,5
synagogues,4
rabbi,4
kohler,4
columns,4
palestine,4
large,4
three,4
dr,4
most,4
record,4
day,4
work,4
last,4
not,4
other,3
had,3
have,3
great,3
topics,3
paris,3
very,3
nearly,3
first,3
showing,3
music,3
p,3
languages,3
temple,3
board,3
five,3
e,3
written,3
or,3
came,3
illustrations,3
pages,3
moses,3
two,3
editors,3
college,3
newport,2
publication,2
until,2
him,2
became,2
each,2
joined,2
development,2
hebrew,2
once,2
periodicals,2
list,2
man,2
des,2
times,2
reproductions,2
long,2
ill,2
philadelphia,2
hospitals,2
editor,2
beautiful,2
service,2
only,2
toronto,2
reality,2
study,2
like,2
but,2
show,2
town,2
picture,2
modern,2
institutions,2
their,2
n,2
theology,2
maps,2
plans,2
fully,2
died,2
cairo,2
chief,2
lie,2
author,2
occupies,2
contains,2
o,2
names,2
into,2
pentateuch,2
book,2
all,2
england,2
merchant,2
city,2
historical,2
present,2
jacobs,2
described,2
centuries,2
half,2
prof,2
world,2
labor,2
because,2
also,2
about,2
well,2
family,2
few,2
authors,2
ex,2
union,2
c,2
here,2
university,2
department,2
than,2
ix,2
more,2
engaged,2
beth,2
pictured,2
testament,2
another,2
been,2
scholars,2
gives,2
be,1
pauline,1
familiar,1
oldest,1
epistles,1
ten,1
cities,1
acts,1
characters,1
dated,1
itself,1
judaism,1
readers,1
men,1
convert,1
system,1
inventor,1
henri,1
american,1
november,1
italy,1
consulting,1
ar,1
offenbach,1
jacques,1
composers,1
iris,1
identified,1
letters,1
prophecy,1
nineveh,1
monuments,1
take,1
both,1
mao,1
country,1
u,1
while,1
germany,1
persisted,1
custom,1
degrading,1
curious,1
tills,1
coins,1
pig,1
number,1
thorough,1
skin,1
oriental,1
disrobed,1
up,1
counterfeits,1
barefooted,1
standing,1
too,1
oath,1
manner,1
traces,1
name,1
pictures,1
features,1
physical,1
map,1
frontispiece,1
ts,1
turn,1
same,1
excavations,1
bel,1
illustrated,1
ancient,1
cry,1
tong,1
th,1
gospels,1
valuable,1
zionists,1
orthodox,1
goal,1
home,1
professor,1
upon,1
johann,1
fifteen,1
no,1
probably,1
commerce,1
extent,1
honor,1
said,1
yale,1
stiles,1
ezra,1
prince,1
later,1
lopez,1
aaron,1
refineries,1
burned,1
fleet,1
whaling,1
seized,1
british,1
monopoly,1
tl,1
oil,1
manufacture,1
introduced,1
degrees,1
them,1
bringing,1
holland,1
landed,1
america,1
years,1
arrival,1
bequeathed,1
distinguished,1
always,1
dozen,1
temples,1
handsome,1
blood,1
inserted,1
congregation,1
washington,1
george,1
letter,1
holograph,1
sons,1
having,1
vessels,1
maintenance,1
fund,1
stands,1
still,1
synagogue,1
old,1
after,1
named,1
park,1
alone,1
trade,1
indian,1
vest,1
families,1
island,1
reign,1
played,1
colored,1
inserting,1
besides,1
eleemosynary,1
schools,1
photographs,1
sixty,1
filled,1
any,1
population,1
larger,1
striking,1
end,1
how,1
prints,1
contemporary,1
several,1
duke,1
abjure,1
would,1
executed,1
horribly,1
fact,1
steadfast,1
humanists,1
against,1
fight,1
led,1
ho,1
folding,1
ma,1
greater,1
privately,1
part,1
describes,1
mr,1
commercial,1
surpassed,1
war,1
revolutionary,1
industry,1
bus,1
fashions,1
famous,1
now,1
supported,1
charitable,1
classified,1
homes,1
nine,1
cemeteries,1
closed,1
clubs,1
seven,1
thirty,1
papers,1
daily,1
treated,1
marked,1
interest,1
places,1
length,1
community,1
lags,1
publisher,1
popper,1
william,1
richard,1
columbia,1
professors,1
re,1
characteristics,1
date,1
place,1
issue,1
periods,1
language,1
title,1
line,1
single,1
condensed,1
give,1
fifty,1
over,1
newspapers,1
full,1
eighty,1
writing,1
members,1
ledger,1
public,1
brother,1
associate,1
revising,1
bureau,1
varied,1
penned,1
were,1
ceremonial,1
heal,1
oven,1
subjected,1
eternally,1
they,1
persecutions,1
bitter,1
physicians,1
exporters,1
records,1
translations,1
odessa,1
russia,1
towns,1
reading,1
when,1
orleans,1
such,1
covers,1
between,1
represented,1
departments,1
biog,1
ilia,1
adolph,1
v,1
sketches,1
editorial,1
el,1
emeritus,1
cincinnati,1
en,1
d,1
some,1
treats,1
collaborators,1
nineteenth,1
eighteenth,1
fame,1
rose,1
scientists,1
german,1
closes,1
seventeenth,1
sixteenth,1
during,1
flourished,1
polish,1
opens,1
twelve,1
ninth,1
literature,1
complete,1
david,1
charge,1
philosophy,1
views,1
whole,1
life,1
t,1
frank,1
passover,1
m,1
bible,1
charger,1
emil,1
contributed,1
hoard,1
topic,1
allotted,1
society,1
expressed,1
formerly,1
joseph,1
shared,1
sulzberger,1
cyrus,1
lew,1
max,1
son,1
students,1
advanced,1
represent,1
pharisees,1
fl,1
cohen,1
minister,1
sydney,1
six,1
age,1
exegete,1
h,1
w,1
funk,1
illustrate,1
quarto,1
vol,1
singer,1
edited,1
specialists,1
prepared,1
people,1
customs,1
anti,1
immediate,1
ages,1
rational,1
importance,1
extraordinary,1
philosophical,1
books,1
noteworthy,1
wrote,1
house,1
head,1
whoso,1
important,1
commentary,1
ghettos,1
index,1
an,1
us,1
controversy,1
source,1
fruitful,1
god,1
lone,1
pseudonyms,1
off,1
till,1
do,1
why,1
q,1
see,1
statistics,1
vital,1
sifting,1
prodigious,1
hospital,1
israel,1
surgeon,1
mortality,1
reproduced,1
ton,1
lisbon,1
official,1
post,1
senile,1
dealing,1
concludes,1
jew,1
critical,1
reeks,1
rabbinical,1
data,1
biblical,1
respectively,1
treat,1
different,1
loses,1
wish,1
atonement,1
tn,1
fifth,1
example,1
intoned,1
sung,1
prayers,1
hymns,1
psalms,1
words,1
hands,1
io,1
wales,1
south,1
believe,1
character,1
fill,1
costume,1
offer,1
lion,1
de,1
declined,1
saladin,1
adviser,1
st,1
boru,1
physician,1
astronomer,1
philosopher,1
talmudist,1
arabic,1
magnificent,1
portrait,1
works,1
leaves,1
included,1
maimonides,1
known,1
hen,1
sketch,1
century,1
mount,1
tomb,1
traditional,1
headquarters,1
