term,count
the,56
of,39
a,30
and,29
is,27
to,26
in,19
her,18
who,14
it,14
she,13
his,12
as,11
that,10
but,10
one,9
from,8
no,8
an,7
life,7
with,7
s,6
are,6
at,6
there,6
helga,6
not,5
which,5
story,5
by,5
man,4
for,4
hand,4
great,4
only,4
so,4
woman,4
do,4
be,4
richard,3
this,3
song,3
three,3
less,3
rudolph,3
he,3
understand,3
whom,3
could,3
herself,3
we,3
when,3
book,3
very,3
dental,3
author,3
singer,3
novel,3
little,3
moment,2
quality,2
comes,2
sane,2
people,2
art,2
company,2
than,2
important,2
been,2
also,2
composer,2
robert,2
characters,2
braun,2
yet,2
interesting,2
they,2
exaggeration,2
meant,2
sing,2
does,2
must,2
you,2
would,2
had,2
if,2
franz,2
has,2
them,2
upon,2
part,2
though,2
work,2
play,2
true,2
musical,2
men,2
two,2
last,2
spiritual,2
never,2
every,2
once,2
touch,2
opera,2
love,1
joys,1
sorrows,1
motherhood,1
unseen,1
features,1
prof,1
chosen,1
painted,1
several,1
l,1
goodly,1
answers,1
plot,1
much,1
scarce,1
hesitation,1
besides,1
ma,1
these,1
es,1
four,1
itself,1
indeed,1
principal,1
honest,1
whose,1
virgin,1
otherwise,1
renunciation,1
rest,1
finding,1
beloved,1
transferred,1
beethoven,1
comfort,1
mr,1
mrs,1
delightful,1
loss,1
lacking,1
couple,1
singularly,1
give,1
its,1
nationality,1
flavor,1
times,1
evil,1
johanna,1
liberality,1
lohengrin,1
considering,1
himself,1
taking,1
lovable,1
austere,1
late,1
rose,1
individuality,1
neglecting,1
learned,1
clergyman,1
old,1
gold,1
father,1
fell,1
wagner,1
voice,1
unhappy,1
told,1
conservatory,1
came,1
girl,1
evolved,1
naturally,1
whims,1
moods,1
right,1
thing,1
striving,1
souled,1
clean,1
donna,1
famous,1
helen,1
sincere,1
simple,1
conductor,1
average,1
temple,1
things,1
marriage,1
else,1
york,1
colleges,1
students,1
textbook,1
used,1
intended,1
entitled,1
jr,1
roy,1
le,1
francis,1
dr,1
treated,1
intelligently,1
dentistry,1
branch,1
radiology,1
know,1
because,1
unlike,1
o,1
makes,1
women,1
represents,1
ways,1
many,1
other,1
themselves,1
respecting,1
like,1
behave,1
liaisons,1
nor,1
hysterics,1
neither,1
indulge,1
contract,1
mistaken,1
parties,1
erotic,1
or,1
morbid,1
modern,1
literary,1
delight,1
divide,1
faulty,1
growth,1
psychic,1
haman,1
ts,1
travel,1
enables,1
mate,1
closer,1
picture,1
draws,1
humanity,1
apart,1
set,1
fulfill,1
beautiful,1
gift,1
glorious,1
destiny,1
make,1
world,1
justice,1
bridges,1
builder,1
generous,1
light,1
always,1
base,1
selfish,1
nature,1
unable,1
made,1
least,1
fr,1
just,1
materialist,1
egoist,1
then,1
fools,1
more,1
finally,1
feel,1
tries,1
real,1
own,1
short,1
far,1
fallen,1
evidently,1
ha,1
admitted,1
u,1
unsubstantial,1
firmly,1
unreal,1
gently,1
leading,1
tell,1
want,1
feet,1
your,1
under,1
teach,1
first,1
into,1
course,1
personal,1
explain,1
enable,1
written,1
discussions,1
long,1
sense,1
technical,1
small,1
german,1
comparatively,1
triumphs,1
public,1
private,1
account,1
co,1
adele,1
translated,1
opinions,1
title,1
nevertheless,1
frankfort,1
consumption,1
dying,1
eldest,1
subsequent,1
development,1
influence,1
most,1
meets,1
studies,1
heroine,1
begin,1
about,1
known,1
was,1
child,1
opens,1
interpret,1
learns,1
conception,1
lacks,1
vividness,1
fine,1
tradition,1
attic,1
crust,1
through,1
goes,1
struggles,1
awakened,1
strong,1
meet,1
almost,1
dreams,1
lady,1
changes,1
even,1
developed,1
gradually,1
relation,1
friends,1
regards,1
inseparable,1
flesh,1
particle,1
go,1
coward,1
truthfully,1
conflict,1
shelter,1
seek,1
idea,1
courage,1
time,1
genius,1
exhausts,1
takes,1
presently,1
step,1
decisive,1
severe,1
none,1
trial,1
desire,1
instinctively,1
attractive,1
him,1
firmest,1
drawn,1
contrary,1
on,1
pencil,1
result,1
steady,1
quite,1
portraying,1
unusually,1
seem,1
moreover,1
being,1
human,1
live,1
impresses,1
others,1
blood,1
clearest,1
st,1
where,1
single,1
wisdom,1
won,1
hard,1
insight,1
trying,1
certain,1
petulance,1
natural,1
fancy,1
joyous,1
quick,1
sympathy,1
ready,1
while,1
resulted,1
have,1
slip,1
stat,1
