term,count
the,74
a,45
to,42
of,39
and,37
is,27
in,21
her,18
he,18
she,15
i,13
by,12
that,11
lily,10
it,10
was,9
which,9
his,8
at,7
for,7
had,7
an,7
they,7
all,7
town,6
on,6
their,6
but,6
s,6
with,6
shane,6
old,5
herself,5
story,5
where,5
mr,5
as,5
this,5
from,4
mills,4
first,4
life,4
middle,4
be,4
what,4
same,4
green,4
bay,4
himself,4
tree,4
irene,4
human,3
sinclair,3
there,3
lewis,3
who,3
man,3
time,3
yet,3
more,3
characters,3
refused,3
frontier,3
ohio,3
mill,3
any,3
john,3
are,3
new,3
europe,3
western,3
son,3
finally,3
so,3
difficult,3
too,3
gave,3
now,3
have,3
century,3
love,2
no,2
end,2
faces,2
between,2
around,2
set,2
against,2
lost,2
itself,2
half,2
than,2
most,2
julia,2
him,2
lives,2
governor,2
party,2
loved,2
face,2
become,2
without,2
cyclops,2
war,2
prosperity,2
good,2
later,2
strikes,2
industrial,2
sex,2
put,2
gentleman,2
hill,2
find,2
touched,2
called,2
religious,2
sister,2
came,2
n,2
charles,2
painting,2
exhibition,2
gallery,2
been,2
blood,2
never,2
castle,2
only,2
whom,2
one,2
moral,2
novel,2
like,2
west,2
progress,2
always,2
also,2
england,2
louis,2
its,2
terrible,2
just,2
ago,2
factory,2
were,2
soul,2
marries,1
left,1
books,1
tempted,1
wake,1
becomes,1
behind,1
pianist,1
french,1
calmly,1
book,1
tone,1
cabinet,1
peace,1
tastefully,1
de,1
friend,1
conference,1
minister,1
themes,1
call,1
dead,1
l,1
begotten,1
marne,1
battle,1
during,1
shot,1
philosophical,1
officer,1
times,1
cavalry,1
gallant,1
hurt,1
do,1
especially,1
anything,1
dealing,1
those,1
well,1
events,1
owner,1
niece,1
wistful,1
ellen,1
out,1
wounded,1
devoted,1
made,1
help,1
real,1
giving,1
hands,1
touchstone,1
among,1
character,1
works,1
handled,1
underlings,1
shade,1
crowd,1
aristocrat,1
mobs,1
quickened,1
immigrant,1
breath,1
lockouts,1
prurience,1
or,1
turmoil,1
solemn,1
feared,1
dies,1
kiss,1
lover,1
takes,1
lobbying,1
bit,1
follows,1
pal,1
tel,1
returns,1
part,1
cynical,1
created,1
ors,1
paragon,1
messianic,1
making,1
forgave,1
other,1
each,1
attempts,1
mic,1
when,1
country,1
senator,1
after,1
versailles,1
grapes,1
treading,1
should,1
cap,1
pardonably,1
perhaps,1
vein,1
interests,1
working,1
heterogeneous,1
vulgarized,1
trial,1
cheapened,1
passages,1
towers,1
americans,1
simple,1
dumps,1
somewhat,1
satire,1
munitions,1
gardens,1
stigmatizing,1
sewer,1
rancor,1
found,1
clubs,1
yield,1
observe,1
document,1
poi,1
once,1
trees,1
essentially,1
pamphleteering,1
note,1
inharmonious,1
attitude,1
show,1
bullying,1
servile,1
suffice,1
may,1
viii,1
example,1
years,1
utter,1
wine,1
inexpensive,1
pungent,1
much,1
brooks,1
elks,1
slightly,1
deal,1
course,1
content,1
rich,1
efforts,1
varied,1
boundaries,1
al,1
though,1
such,1
ministerial,1
style,1
little,1
abrupt,1
often,1
placid,1
nonsense,1
seems,1
league,1
system,1
ti,1
vision,1
follow,1
logic,1
great,1
form,1
pres,1
unity,1
farms,1
changing,1
agent,1
attempt,1
expansion,1
appraised,1
background,1
must,1
said,1
woven,1
tale,1
narrative,1
upon,1
tells,1
many,1
significant,1
own,1
interesting,1
leading,1
moving,1
people,1
knack,1
gives,1
amid,1
bore,1
raised,1
compelling,1
backs,1
ours,1
children,1
these,1
stand,1
longer,1
veins,1
runs,1
th,1
pioneers,1
grandfathers,1
equivalent,1
seeking,1
westerners,1
wrong,1
thinks,1
indicates,1
poignantly,1
vigor,1
maturity,1
unusual,1
nd,1
poor,1
o,1
neck,1
rough,1
toward,1
east,1
feat,1
warmblooded,1
v,1
capital,1
woman,1
about,1
nothing,1
last,1
alive,1
makes,1
through,1
telling,1
worthy,1
belong,1
achieves,1
instead,1
allegory,1
write,1
artist,1
discriminating,1
tea,1
far,1
shows,1
somewhere,1
neither,1
rig,1
grind,1
submerged,1
matter,1
order,1
heirs,1
vulgar,1
industry,1
wealth,1
nineteenth,1
eighteenth,1
process,1
compared,1
thing,1
industrialization,1
exactly,1
silas,1
company,1
stokes,1
frederick,1
york,1
pp,1
carter,1
review,1
atlantic,1
across,1
career,1
adventurous,1
hang,1
written,1
countryside,1
toys,1
sing,1
anderson,1
sherwood,1
tarkington,1
booth,1
brand,1
y,1
leave,1
afraid,1
child,1
cling,1
bucolic,1
hears,1
musk,1
money,1
leg,1
parties,1
bees,1
husking,1
nostalgia,1
g,1
indiana,1
illinois,1
nordics,1
venus,1
knowing,1
workers,1
inscrutably,1
due,1
paris,1
betook,1
politician,1
infatuated,1
marry,1
garden,1
state,1
curiosity,1
passion,1
mistaken,1
name,1
carry,1
sons,1
god,1
thanked,1
sudden,1
death,1
prior,1
daughters,1
again,1
home,1
brought,1
wife,1
fit,1
birth,1
fresh,1
convent,1
demanded,1
railroads,1
three,1
crowded,1
population,1
shut,1
daughter,1
station,1
railway,1
site,1
provide,1
sell,1
almighty,1
unknown,1
bitter,1
owned,1
characterized,1
nicely,1
mania,1
deft,1
into,1
settled,1
shock,1
amour,1
carefully,1
took,1
founder,1
barr,1
world,1
legitimately,1
unsettling,1
unsteady,1
fanatical,1
save,1
hardly,1
could,1
flourishing,1
painted,1
black,1
fall,1
things,1
rather,1
beginning,1
nations,1
even,1
cities,1
survives,1
bonds,1
knows,1
eternal,1
else,1
above,1
symbol,1
visit,1
born,1
married,1
reserve,1
then,1
marveled,1
neighbors,1
staid,1
while,1
jumps,1
dangerous,1
over,1
horses,1
hounds,1
rode,1
cypress,1
marseilles,1
up,1
insolently,1
explained,1
subsequently,1
scandal,1
some,1
account,1
flee,1
forced,1
spanish,1
irish,1
ecstasy,1
