term,count
the,32
of,22
to,14
a,10
and,10
with,7
is,6
in,5
as,4
it,4
that,3
are,3
by,3
much,3
his,3
wife,3
not,3
young,3
than,3
all,2
who,2
when,2
hero,2
aylmer,2
story,2
marital,2
course,2
true,2
even,2
but,2
whose,2
have,2
way,2
take,2
was,2
say,2
her,2
their,2
daughter,2
new,2
tile,2
an,2
s,2
begins,2
our,2
things,1
however,1
matter,1
has,1
wrought,1
really,1
been,1
expected,1
wise,1
gives,1
old,1
vision,1
possible,1
better,1
counsel,1
does,1
incendiary,1
clearer,1
eggs,1
though,1
situation,1
only,1
end,1
hardly,1
made,1
blame,1
devoted,1
husband,1
for,1
strenuously,1
objecting,1
having,1
be,1
into,1
home,1
woman,1
most,1
evil,1
thereto,1
repute,1
log,1
on,1
aside,1
enough,1
lays,1
nave,1
vital,1
sustained,1
despite,1
little,1
too,1
preaching,1
some,1
characters,1
why,1
original,1
interest,1
they,1
situations,1
such,1
extraordinary,1
gravity,1
na,1
general,1
mes,1
vivacious,1
well,1
purpose,1
relieve,1
solution,1
good,1
care,1
keep,1
out,1
fray,1
himself,1
book,1
will,1
contribute,1
one,1
high,1
problems,1
economic,1
praise,1
or,1
strong,1
small,1
no,1
can,1
clever,1
seems,1
inclined,1
law,1
financial,1
off,1
marriage,1
heroine,1
christian,1
son,1
t,1
early,1
had,1
brought,1
about,1
ruin,1
insulting,1
john,1
result,1
death,1
younger,1
becomes,1
elders,1
hide,1
love,1
runs,1
more,1
leave,1
were,1
fashion,1
older,1
work,1
hands,1
h,1
author,1
bread,1
me,1
pp,1
mo,1
cloth,1
york,1
re,1
co,1
so,1
often,1
happens,1
present,1
day,1
mrs,1
novel,1
where,1
those,1
sn,1
its,1
under,1
trodden,1
socialistic,1
naturally,1
follow,1
which,1
we,1
confess,1
king,1
sympathies,1
disturbances,1
go,1
party,1
other,1
part,1
rather,1
souled,1
reprehensible,1
possessed,1
great,1
patience,1
particularly,1
trying,1
mill,1
down,1
less,1
x,1
ina,1
trouble,1
ideals,1
reared,1
noble,1
puritan,1
father,1
clash,1
easy,1
going,1
hus,1
band,1
life,1
luxury,1
moral,1
business,1
ethics,1
distorted,1
conscience,1
moreover,1
inspired,1
plain,1
