term,count
the,106
of,87
in,57
s,45
his,41
and,37
i,37
to,32
a,29
is,26
as,23
mansfield,22
winter,20
mr,18
that,17
with,15
he,14
was,14
not,13
o,13
r,13
all,12
by,12
it,11
h,11
are,11
an,10
from,10
fitch,10
t,10
book,8
but,8
n,7
life,7
biography,7
u,6
v,6
f,6
be,6
for,6
had,6
beau,6
name,5
which,5
on,5
has,5
great,5
man,5
its,5
play,5
so,5
or,5
art,4
subject,4
few,4
him,4
may,4
only,4
j,4
first,4
error,4
this,4
were,4
at,4
other,3
such,3
no,3
hi,3
portrayal,3
value,3
there,3
selections,3
most,3
page,3
place,3
earlier,3
actor,3
ii,3
called,3
printed,3
wrote,3
nearly,3
do,3
we,3
before,3
m,3
authorship,3
phrases,3
asked,3
title,3
own,3
serious,3
two,3
reason,3
also,3
mans,2
more,2
authorized,2
re,2
w,2
particulars,2
these,2
actors,2
mrs,2
names,2
fisk,2
performance,2
relations,2
literary,2
charm,2
words,2
remember,2
rosa,2
histrionic,2
earliest,2
facts,2
nobody,2
l,2
after,2
used,2
matter,2
fit,2
little,2
much,2
william,2
have,2
ir,2
k,2
passages,2
prejudices,2
ni,2
clear,2
c,2
keen,2
artistic,2
intimate,2
biographer,2
though,2
written,2
letters,2
greatly,2
over,2
several,2
death,2
course,2
appears,2
veracious,2
hero,2
know,2
emotions,2
richard,2
records,2
will,2
one,2
early,2
history,2
arc,2
stage,2
upon,2
among,2
volumes,2
statements,2
your,2
biographical,2
appreciation,2
many,2
genius,2
does,2
some,2
career,2
clyde,2
quotes,2
long,2
account,2
well,2
controversy,2
due,1
house,1
expressed,1
idea,1
success,1
musical,1
sanction,1
bills,1
form,1
hook,1
appeared,1
audience,1
summons,1
curtain,1
led,1
newspapers,1
lately,1
rehearsals,1
association,1
common,1
observation,1
madison,1
industry,1
square,1
instead,1
lyceum,1
tireless,1
triumph,1
owed,1
either,1
clerical,1
monsieur,1
feature,1
spelled,1
memorable,1
mystery,1
share,1
disregarded,1
indefinable,1
lending,1
scene,1
acts,1
personages,1
bringing,1
author,1
compton,1
afterthought,1
mistakes,1
inevitable,1
possible,1
loves,1
heiress,1
appraisal,1
ta,1
betrothal,1
fop,1
discovery,1
relates,1
bath,1
arbiter,1
boiling,1
aid,1
pot,1
goldsmith,1
tn,1
footnote,1
suggested,1
turn,1
plot,1
act,1
bum,1
consulted,1
test,1
embodied,1
theatrical,1
historical,1
freely,1
jesse,1
she,1
younger,1
dispute,1
relinquishment,1
manner,1
clearly,1
seem,1
almost,1
things,1
eat,1
rosettes,1
proof,1
children,1
married,1
sheets,1
removed,1
you,1
when,1
uncle,1
right,1
changes,1
made,1
character,1
boos,1
line,1
every,1
pecuniary,1
rival,1
behalf,1
her,1
claim,1
native,1
organize,1
wit,1
fact,1
comprised,1
chorus,1
held,1
participated,1
gil,1
jordan,1
jr,1
frau,1
james,1
jubilee,1
mme,1
famous,1
brought,1
novitiate,1
sins,1
mailer,1
iv,1
port,1
however,1
chronology,1
parts,1
acted,1
truing,1
fir,1
ls,1
si,1
thin,1
england,1
voices,1
ra,1
festival,1
summer,1
fire,1
sort,1
cannon,1
anvils,1
repetition,1
peace,1
int,1
gilmore,1
jubilant,1
lime,1
bands,1
then,1
soloists,1
chief,1
hips,1
adelaide,1
violins,1
carl,1
france,1
bull,1
ts,1
mental,1
ru,1
d,1
london,1
once,1
elsewhere,1
tin,1
irv,1
set,1
ba,1
estimate,1
insufficiency,1
plays,1
serviceable,1
who,1
talent,1
mentioned,1
any,1
sense,1
year,1
pictorial,1
direct,1
production,1
arid,1
music,1
spite,1
power,1
minnie,1
inborn,1
given,1
gift,1
cultivated,1
prim,1
tied,1
diversion,1
ft,1
mother,1
ku,1
es,1
sue,1
arly,1
air,1
lie,1
sir,1
than,1
jim,1
pi,1
bl,1
y,1
ly,1
lo,1
st,1
ar,1
ma,1
merton,1
ann,1
mm,1
certain,1
fa,1
li,1
meg,1
capt,1
interest,1
away,1
termination,1
style,1
variety,1
remarkable,1
arrangement,1
toil,1
patient,1
capacity,1
dates,1
swear,1
accurate,1
complete,1
peer,1
tour,1
abrupt,1
vain,1
sadly,1
effort,1
chronological,1
ascertained,1
full,1
valuable,1
recent,1
found,1
accepts,1
what,1
tell,1
try,1
contribution,1
original,1
casts,1
th,1
slays,1
conquest,1
dreams,1
moods,1
irritability,1
weaknesses,1
human,1
revelations,1
enhanced,1
temperament,1
whims,1
expressions,1
spreads,1
discreet,1
conventionally,1
contain,1
both,1
differs,1
months,1
published,1
vastly,1
dawn,1
associated,1
preserved,1
if,1
mn,1
important,1
trivial,1
imaginings,1
opinions,1
largely,1
photographs,1
rape,1
edward,1
large,1
rich,1
remarkably,1
must,1
collections,1
private,1
existing,1
rare,1
likenesses,1
photographic,1
while,1
drawings,1
record,1
paintings,1
reproductions,1
illustrated,1
profusely,1
look,1
ask,1
would,1
eye,1
exacting,1
fair,1
now,1
handsomely,1
sumptuous,1
motto,1
those,1
lines,1
john,1
fails,1
american,1
ton,1
mat,1
frequently,1
education,1
origin,1
about,1
comprehend,1
measure,1
nature,1
depths,1
sound,1
did,1
acquaintance,1
warm,1
veracity,1
limit,1
sure,1
amazingly,1
sometimes,1
proceeds,1
sanctuary,1
constant,1
me,1
truth,1
webster,1
field,1
disappointments,1
they,1
pitch,1
de,1
noteworthy,1
otherwise,1
mars,1
seriously,1
thing,1
pity,1
taste,1
bad,1
certainly,1
unjust,1
just,1
fie,1
evidence,1
help,1
strongly,1
lends,1
daly,1
between,1
friendly,1
maintain,1
establish,1
efforts,1
story,1
managers,1
personal,1
potential,1
himself,1
id,1
am,1
can,1
reply,1
company,1
partly,1
fool,1
headed,1
reliant,1
self,1
ambitious,1
beginning,1
very,1
questioned,1
ever,1
treatment,1
ideas,1
exalted,1
writing,1
thought,1
choice,1
spring,1
business,1
illustrative,1
shape,1
services,1
planned,1
conceived,1
ploy,1
argument,1
best,1
revealed,1
tl,1
bi,1
believe,1
way,1
statement,1
proves,1
letter,1
late,1
named,1
years,1
three,1
birth,1
date,1
places,1
acting,1
study,1
respectively,1
devoted,1
volume,1
stout,1
praise,1
sparing,1
fitness,1
technical,1
message,1
authenticity,1
quality,1
artist,1
out,1
round,1
write,1
others,1
marks,1
always,1
quotation,1
without,1
writer,1
another,1
use,1
public,1
rally,1
kent,1
p,1
nev,1
better,1
ill,1
hut,1
various,1
deserving,1
yard,1
mt,1
op,1
because,1
severe,1
inclined,1
mu,1
talked,1
often,1
request,1
doubt,1
been,1
permanent,1
