term,count
the,85
of,48
and,29
to,26
in,23
exchange,22
it,18
a,14
is,13
its,12
tile,11
be,9
they,9
stock,8
not,8
at,8
that,8
street,7
as,7
was,7
room,7
on,6
history,6
but,6
s,6
would,6
l,6
i,5
for,5
first,5
by,5
there,5
this,4
financial,4
their,4
great,4
used,4
wall,4
with,4
writers,4
new,4
than,4
building,4
air,3
members,3
now,3
met,3
finance,3
when,3
from,3
all,3
market,3
which,3
also,3
has,3
because,3
o,3
century,3
mr,3
after,3
or,3
his,2
may,2
broad,2
long,2
present,2
one,2
house,2
men,2
like,2
hired,2
back,2
then,2
american,2
chamber,2
p,2
meeting,2
who,2
common,2
time,2
does,2
too,2
consider,2
company,2
any,2
existence,2
fire,2
speculation,2
remained,2
much,2
volumes,2
until,2
more,2
clarence,2
editor,2
were,2
other,2
under,2
volume,2
york,2
value,2
moved,2
are,2
three,2
chief,2
however,2
founded,2
years,2
went,2
an,2
since,2
will,2
city,2
tell,2
custom,1
little,1
john,1
commerce,1
panics,1
occupy,1
constantly,1
grown,1
those,1
day,1
clock,1
forward,1
hayloft,1
leased,1
d,1
howard,1
hew,1
stronger,1
warren,1
hotel,1
latter,1
world,1
allowing,1
streets,1
year,1
reorganized,1
corn,1
where,1
say,1
rained,1
cholera,1
came,1
course,1
rooms,1
broadway,1
between,1
tree,1
buttonwood,1
reade,1
lower,1
rear,1
protection,1
open,1
institutions,1
had,1
second,1
floor,1
probable,1
removals,1
bank,1
outset,1
black,1
w,1
times,1
jr,1
fisk,1
james,1
fall,1
rise,1
speculators,1
recoveries,1
slumps,1
me,1
no,1
leather,1
alf,1
pp,1
vol,1
friday,1
c,1
memories,1
ticker,1
n,1
rest,1
experts,1
articles,1
special,1
these,1
unlisted,1
concern,1
subsidiary,1
older,1
consolidated,1
adopted,1
mistaken,1
if,1
clearing,1
activities,1
twentieth,1
prosperity,1
william,1
contribution,1
edifice,1
while,1
produce,1
months,1
few,1
exception,1
removed,1
december,1
war,1
civil,1
during,1
home,1
court,1
lord,1
u,1
later,1
beaver,1
construction,1
have,1
ever,1
indicate,1
exhibited,1
full,1
give,1
workers,1
co,1
ir,1
growth,1
simply,1
possibly,1
looks,1
harlem,1
successors,1
see,1
impossible,1
remain,1
always,1
hopefully,1
prevent,1
mankind,1
defense,1
shows,1
incidentally,1
clearly,1
uses,1
explains,1
he,1
needed,1
thomas,1
contributes,1
really,1
article,1
brief,1
follows,1
ablest,1
known,1
matthew,1
cormorant,1
viper,1
moloch,1
ls,1
estimation,1
public,1
demonstrates,1
securities,1
central,1
thus,1
being,1
country,1
buyers,1
nd,1
sellers,1
ace,1
apt,1
man,1
average,1
introduction,1
completed,1
buying,1
such,1
able,1
associated,1
him,1
edmund,1
member,1
literary,1
chronicle,1
preparing,1
considered,1
task,1
confided,1
written,1
cause,1
completion,1
competent,1
excellent,1
mutters,1
result,1
labors,1
interest,1
review,1
purposes,1
alive,1
enough,1
fortunate,1
sketches,1
biographical,1
t,1
contain,1
two,1
probably,1
events,1
deals,1
alone,1
although,1
facilities,1
selling,1
weal,1
cecal,1
existing,1
upsetting,1
less,1
nothing,1
effect,1
immediate,1
cease,1
functions,1
off,1
aid,1
accomplished,1
evil,1
abolished,1
ere,1
headache,1
cure,1
governments,1
constituted,1
suffer,1
ill,1
genera,1
evolution,1
break,1
ruin,1
discernible,1
better,1
something,1
ensue,1
might,1
readjustment,1
convulsion,1
utilized,1
could,1
property,1
holders,1
head,1
cutting,1
afforded,1
them,1
change,1
service,1
important,1
another,1
x,1
e,1
otherwise,1
obtain,1
order,1
easier,1
find,1
money,1
amounts,1
large,1
seeking,1
borrowers,1
renders,1
community,1
enable,1
h,1
suppress,1
dependent,1
bad,1
dr,1
insists,1
loss,1
without,1
speedily,1
so,1
do,1
desire,1
bonds,1
stocks,1
capital,1
previously,1
account,1
