term,count
ill,17
the,16
l,13
i,13
of,12
it,12
s,10
t,8
a,7
to,6
is,6
and,5
n,5
tile,5
his,4
r,3
f,3
lind,3
her,3
ii,3
in,3
if,3
d,3
o,3
by,3
its,3
iii,2
upon,2
very,2
st,2
maid,2
io,2
lady,2
h,2
lilt,2
ht,2
winged,2
re,2
th,2
el,2
ll,2
j,2
ti,2
helmet,2
hi,2
tilt,2
us,1
knight,1
sh,1
arid,1
wife,1
ont,1
at,1
phi,1
uh,1
nil,1
ills,1
lovely,1
y,1
anti,1
xv,1
ls,1
e,1
xi,1
lids,1
harold,1
cl,1
ladies,1
model,1
spirit,1
baser,1
oven,1
own,1
ry,1
self,1
as,1
should,1
drug,1
move,1
see,1
do,1
wilt,1
es,1
stiffly,1
po,1
ks,1
make,1
knights,1
does,1
bow,1
kind,1
greenwood,1
ne,1
mr,1
ste,1
le,1
lb,1
book,1
just,1
light,1
tinder,1
nor,1
wings,1
mentioned,1
lil,1
q,1
sill,1
jealous,1
gives,1
mimic,1
events,1
revolve,1
about,1
figures,1
nobleman,1
lord,1
which,1
most,1
unjustly,1
suspected,1
co,1
used,1
francis,1
reign,1
this,1
france,1
place,1
but,1
handkerchief,1
embroidered,1
token,1
lover,1
story,1
only,1
really,1
magic,1
name,1
war,1
suggestive,1
page,1
even,1
lip,1
silo,1
blow,1
steele,1
girl,1
high,1
silt,1
who,1
him,1
made,1
site,1
once,1
sturdy,1
licit,1
willie,1
ts,1
author,1
illustrated,1
hy,1
edwards,1
mo,1
tit,1
rt,1
pp,1
ft,1
li,1
red,1
hand,1
right,1
noble,1
blows,1
suffer,1
boston,1
stage,1
