term,count
the,42
a,19
and,18
to,17
of,17
in,11
was,10
his,9
for,8
it,8
he,8
that,8
club,7
who,7
her,6
is,6
all,6
married,5
by,5
had,5
old,4
one,4
but,4
not,4
has,4
maids,3
ghost,3
man,3
or,3
on,3
be,3
young,3
only,3
s,3
i,2
own,2
woman,2
any,2
order,2
bachelors,2
t,2
an,2
never,2
witty,2
are,2
devil,2
at,2
mr,2
what,2
stories,2
jack,2
as,2
were,2
always,2
did,2
step,2
himself,2
she,2
more,2
hire,2
also,2
miss,2
m,2
d,2
l,2
so,2
there,2
after,2
two,2
dulcimer,2
with,2
about,2
ear,2
music,2
shining,1
clo,1
none,1
fled,1
wilkins,1
pupil,1
longer,1
conceal,1
chosen,1
remain,1
popular,1
bell,1
musical,1
accompanied,1
mother,1
applied,1
tempted,1
system,1
propriety,1
really,1
er,1
lord,1
australia,1
recruiters,1
divided,1
making,1
sensations,1
seventeenth,1
analyzing,1
sweet,1
them,1
imagines,1
diary,1
from,1
moment,1
very,1
stage,1
pretty,1
courtship,1
hall,1
free,1
mi,1
es,1
hid,1
time,1
birth,1
frisks,1
society,1
gentlewoman,1
include,1
etiquette,1
fashionable,1
foot,1
band,1
bound,1
higher,1
voice,1
privilege,1
honorable,1
duenna,1
another,1
belonging,1
figure,1
charming,1
ward,1
inconvenient,1
classification,1
clever,1
too,1
clove,1
lively,1
cynical,1
even,1
sentimental,1
yet,1
its,1
fashion,1
human,1
above,1
zone,1
ma,1
love,1
journal,1
candidates,1
shrieking,1
defined,1
original,1
nothing,1
nimrod,1
nelly,1
mae,1
ill,1
designed,1
diana,1
point,1
interrogation,1
sight,1
shivered,1
sisterhood,1
could,1
bring,1
husband,1
expects,1
now,1
asked,1
answered,1
tobacco,1
cynicism,1
ideal,1
immediate,1
future,1
ts,1
saying,1
noticing,1
fell,1
led,1
into,1
q,1
up,1
later,1
sure,1
inevitable,1
lr,1
absolutely,1
feel,1
should,1
united,1
hera,1
they,1
can,1
likewise,1
events,1
engaged,1
relate,1
how,1
vat,1
ca,1
me,1
bachelor,1
dramatic,1
critic,1
der,1
re,1
somebody,1
convenient,1
use,1
second,1
complimentary,1
again,1
pick,1
presently,1
book,1
like,1
gambols,1
impish,1
goat,1
place,1
infinite,1
malice,1
delightful,1
deep,1
cunning,1
perpetually,1
ingenious,1
pedestrian,1
reader,1
may,1
well,1
tire,1
story,1
most,1
following,1
devious,1
fantastic,1
career,1
however,1
these,1
do,1
blood,1
put,1
dawn,1
ticket,1
playhouses,1
play,1
attic,1
parental,1
sins,1
ignorant,1
course,1
circumstance,1
humorous,1
daughter,1
tragic,1
fate,1
son,1
rafter,1
bern,1
gift,1
song,1
hilt,1
forced,1
cynic,1
r,1
mid,1
humor,1
becoming,1
le,1
al,1
tenor,1
oar,1
thought,1
celibates,1
no,1
find,1
atonement,1
reduced,1
began,1
cab,1
send,1
you,1
lover,1
good,1
living,1
lie,1
bad,1
cook,1
gain,1
freedom,1
accomplished,1
artist,1
kitchen,1
father,1
e,1
brain,1
which,1
sounds,1
weird,1
than,1
novelist,1
actually,1
write,1
literary,1
hack,1
tb,1
g,1
discovered,1
driving,1
will,1
