term,count
the,47
of,35
and,34
a,28
in,12
to,9
that,9
he,9
was,8
who,8
as,8
very,7
with,7
at,7
for,7
his,6
but,6
which,6
by,6
s,6
man,5
when,5
had,5
is,5
or,5
it,5
first,4
on,4
are,4
young,4
most,4
only,4
wild,4
all,3
she,3
bill,3
doctor,3
person,3
fact,3
did,3
well,3
their,3
this,3
from,3
among,3
e,3
book,3
hard,3
even,2
not,2
those,2
road,2
once,2
robber,2
devil,2
became,2
ever,2
inhabitants,2
before,2
sick,2
pay,2
an,2
husband,2
one,2
sympathetic,2
appeared,2
course,2
took,2
know,2
some,2
story,2
her,2
never,2
been,2
people,2
south,2
about,2
however,2
no,2
youth,2
stories,2
y,2
must,2
both,2
two,2
contains,2
they,2
characters,2
j,2
minor,2
american,2
moreover,2
hotel,1
occasion,1
revival,1
temperance,1
failure,1
meeting,1
natural,1
ran,1
condition,1
church,1
small,1
joined,1
wonderment,1
amount,1
idea,1
religion,1
general,1
always,1
vague,1
individual,1
have,1
quickly,1
discovered,1
key,1
us,1
peculiar,1
behavior,1
republics,1
saved,1
plenty,1
got,1
calling,1
why,1
we,1
notorious,1
scarcely,1
success,1
conspicuous,1
worked,1
gt,1
continued,1
train,1
ex,1
following,1
droved,1
ft,1
being,1
modern,1
also,1
exemplary,1
our,1
finally,1
trustee,1
school,1
manner,1
neighbors,1
down,1
times,1
settle,1
proceeded,1
bow,1
place,1
behaved,1
arrived,1
mayor,1
n,1
what,1
mauve,1
t,1
soft,1
so,1
glow,1
purple,1
pink,1
c,1
flame,1
o,1
net,1
hills,1
vast,1
behind,1
fire,1
marmot,1
br,1
there,1
ethereal,1
crave,1
action,1
fiction,1
mist,1
will,1
find,1
abundance,1
burn,1
particularly,1
longer,1
novelette,1
color,1
radiance,1
shed,1
indeed,1
though,1
last,1
prow,1
fees,1
deed,1
refuge,1
takes,1
own,1
ed,1
haft,1
lived,1
ind,1
united,1
states,1
anything,1
rain,1
night,1
millionaire,1
far,1
appears,1
happiness,1
nature,1
descriptions,1
written,1
regrettable,1
gracefully,1
purchased,1
price,1
away,1
dreamed,1
sacrifice,1
benefited,1
few,1
woman,1
suspected,1
golden,1
sight,1
travel,1
irishman,1
against,1
violent,1
de,1
troubles,1
feelings,1
understood,1
friend,1
humorous,1
jordan,1
wise,1
palsy,1
bodies,1
minds,1
gift,1
real,1
these,1
opens,1
arrival,1
mr,1
mrs,1
ass,1
eyes,1
blue,1
wonderfully,1
slip,1
firs,1
inherited,1
lately,1
near,1
ranch,1
possession,1
fake,1
come,1
marine,1
joe,1
appear,1
certain,1
town,1
best,1
stand,1
high,1
below,1
considerably,1
volume,1
new,1
parker,1
gilbert,1
sir,1
regretfully,1
admitted,1
be,1
act,1
company,1
b,1
set,1
work,1
prairie,1
tales,1
canadian,1
laid,1
scenes,1
together,1
themes,1
familiar,1
founded,1
pleasant,1
slight,1
am,1
uninteresting,1
means,1
gad,1
novelettes,1
rather,1
huge,1
behemoth,1
like,1
deus,1
trials,1
many,1
underwent,1
orlando,1
constitutionally,1
infants,1
pair,1
ag,1
were,1
him,1
d,1
louise,1
pretty,1
fell,1
gallant,1
hag,1
ca,1
good,1
hold,1
happy,1
himself,1
exit,1
picturesque,1
contrived,1
position,1
menial,1
holding,1
long,1
despite,1
li,1
distinction,1
lands,1
firm,1
somewhat,1
looking,1
scene,1
sea,1
mother,1
marry,1
forced,1
loose,1
extraordinary,1
tale,1
fairy,1
oft,1
ogre,1
wicked,1
resemblance,1
hose,1
v,1
prey,1
its,1
monster,1
cruel,1
way,1
upon,1
paying,1
presently,1
developed,1
grew,1
sympathy,1
rite,1
little,1
coming,1
moment,1
aid,1
wife,1
unhappy,1
eras,1
say,1
mortgage,1
off,1
page,1
