term,count
the,206
of,137
to,75
in,58
and,46
a,45
that,40
be,33
is,27
he,27
for,27
it,25
on,20
by,19
have,16
are,15
i,15
this,13
should,13
not,13
or,12
as,12
which,11
them,11
an,11
government,11
been,11
commission,10
l,10
there,10
from,9
would,9
we,9
has,9
their,9
if,9
with,9
any,8
at,8
its,8
one,8
s,8
his,7
prof,7
they,7
more,7
independence,7
new,7
natives,7
work,7
so,6
author,6
t,6
india,6
may,6
n,6
but,6
our,6
was,6
possible,5
do,5
when,5
states,5
will,5
then,5
says,5
present,5
such,5
shall,5
higher,5
first,5
other,4
all,4
must,4
sir,4
whether,4
also,4
construction,4
policy,4
than,4
chapter,4
had,4
problem,4
no,4
time,4
book,4
high,4
east,4
discusses,4
united,4
american,4
only,4
service,4
self,4
willis,4
salaries,4
year,3
r,3
liberal,3
question,3
made,3
men,3
public,3
philippine,3
attention,3
great,3
control,3
better,3
building,3
f,3
english,3
thinks,3
civil,3
railway,3
many,3
seems,3
eastern,3
e,3
those,3
probably,3
every,3
o,3
view,3
were,3
rates,3
per,3
labor,3
exploitation,3
people,3
up,3
result,3
scale,3
peace,3
tax,3
effort,3
nd,3
secretary,3
far,3
archipelago,3
what,3
development,3
about,3
street,2
dilemma,2
officials,2
given,2
proved,2
shows,2
equal,2
very,2
nothing,2
teachers,2
taxes,2
investment,2
these,2
loans,2
ir,2
local,2
pay,2
prepared,2
class,2
contemplated,2
without,2
discussing,2
belief,2
expressed,2
letter,2
corporations,2
even,2
authority,2
land,2
franchise,2
keep,2
until,2
emancipation,2
compensation,2
found,2
danger,2
ms,2
hem,2
expression,2
john,2
obtain,2
apparently,2
few,2
matter,2
likely,2
long,2
second,2
enough,2
already,2
financial,2
paid,2
large,2
abolished,2
provinces,2
much,2
tariff,2
through,2
themselves,2
capital,2
g,2
preference,2
railroad,2
statement,2
cent,2
fair,2
ready,2
seem,2
highway,2
third,2
disaster,2
profits,2
out,2
who,2
maintenance,2
promoting,2
failed,2
h,2
since,2
doubtless,2
internal,2
aid,2
insular,2
directly,2
de,2
income,2
governing,2
account,2
system,2
comments,2
taft,2
after,2
hunter,2
richard,2
temple,2
while,2
make,2
clear,2
less,2
declaration,2
place,2
bishop,2
lt,2
september,2
philippines,2
americans,2
find,2
dual,2
islands,2
however,2
facts,2
examination,2
now,2
native,2
court,2
receive,2
too,2
did,2
nine,2
makes,2
spain,2
claims,2
forth,2
character,2
george,2
interest,2
over,2
called,2
toward,2
can,2
york,2
doing,2
civilization,2
exercised,2
set,2
quotes,2
contention,2
races,2
disapproval,2
certain,2
c,1
page,1
due,1
share,1
partly,1
tires,1
produce,1
increased,1
greatly,1
conducting,1
soil,1
expense,1
press,1
th,1
maxim,1
mass,1
ta,1
ow,1
creation,1
granting,1
k,1
opinion,1
islanders,1
w,1
moses,1
provincial,1
advocating,1
advocates,1
bernard,1
incapacity,1
balances,1
lion,1
shown,1
permitting,1
formerly,1
emphasizes,1
municipalities,1
kn,1
payments,1
showing,1
table,1
useful,1
attaches,1
mainly,1
appropriate,1
elate,1
does,1
treasury,1
offer,1
youth,1
desire,1
contribute,1
materially,1
almost,1
regardless,1
wanting,1
abolishing,1
imputes,1
secure,1
state,1
wright,1
wheel,1
traffic,1
asserted,1
highways,1
still,1
neglected,1
luke,1
taxation,1
tor,1
ave,1
wad,1
correction,1
mistakes,1
president,1
opened,1
delhi,1
calcutta,1
axe,1
ye,1
me,1
possessions,1
darts,1
guilty,1
christianized,1
sort,1
petty,1
years,1
three,1
bribery,1
trustworthiness,1
railways,1
headed,1
xvii,1
ht,1
eased,1
opium,1
monopoly,1
asserts,1
imposing,1
unheard,1
some,1
discontent,1
commissions,1
faith,1
bad,1
widespread,1
believes,1
unwise,1
william,1
lucrative,1
employment,1
lotteries,1
totally,1
en,1
gives,1
paper,1
stamped,1
lee,1
seemingly,1
poll,1
lightening,1
causes,1
describes,1
quiet,1
trusted,1
judge,1
eases,1
prospect,1
incidentally,1
supply,1
substantially,1
scheme,1
promote,1
offices,1
tn,1
progress,1
specific,1
lacking,1
case,1
servants,1
lists,1
numbers,1
eligible,1
return,1
home,1
supreme,1
permit,1
alter,1
including,1
whom,1
distinctly,1
tirol,1
goes,1
indefinite,1
judges,1
existing,1
attempt,1
status,1
interests,1
twenty,1
cluster,1
total,1
oppose,1
training,1
induce,1
incapable,1
selecting,1
constitutes,1
regard,1
ice,1
sere,1
efficient,1
intelligent,1
ridiculously,1
dissent,1
exigencies,1
administration,1
rendering,1
require,1
implied,1
payment,1
recite,1
colonies,1
ground,1
paying,1
extreme,1
qualifications,1
where,1
corresponding,1
provides,1
attract,1
grants,1
thus,1
best,1
type,1
bee,1
administrative,1
force,1
get,1
done,1
plies,1
continuance,1
explain,1
following,1
recognition,1
official,1
restriction,1
ell,1
complains,1
slid,1
modified,1
chinese,1
introduced,1
once,1
remarks,1
obtaining,1
inadequate,1
fulfilled,1
declare,1
ct,1
two,1
services,1
bl,1
nation,1
na,1
equally,1
stress,1
equivocal,1
lr,1
report,1
price,1
adopted,1
remarkable,1
regulations,1
legislation,1
hal,1
mush,1
next,1
moment,1
intimate,1
paralysis,1
portent,1
industry,1
benefited,1
each,1
impasse,1
created,1
age,1
fin,1
receiving,1
follow,1
brought,1
standstill,1
attitude,1
pessimistic,1
turning,1
again,1
inconsistent,1
exceeding,1
leaving,1
points,1
members,1
demand,1
conclusively,1
appear,1
fulfillment,1
prosecuting,1
month,1
rupees,1
conditions,1
indispensable,1
profit,1
lieutenant,1
colonial,1
interfere,1
excessively,1
standing,1
greater,1
fitness,1
conferred,1
lumps,1
together,1
indiscriminately,1
own,1
conviction,1
nature,1
things,1
governmental,1
legitimately,1
lie,1
assertion,1
contrary,1
fundamental,1
south,1
consequent,1
fewer,1
short,1
capacities,1
outside,1
luzon,1
cover,1
wide,1
area,1
rather,1
minute,1
physical,1
features,1
hardly,1
touches,1
nor,1
study,1
inhabitants,1
characteristics,1
clans,1
divergent,1
tern,1
republics,1
remained,1
under,1
being,1
ira,1
free,1
discussion,1
implicit,1
obedience,1
akbar,1
charlemagne,1
fortunate,1
unqualifiedly,1
voluminous,1
containing,1
du,1
pages,1
multitude,1
event,1
malign,1
capable,1
become,1
mankind,1
later,1
supremacy,1
among,1
experience,1
priests,1
advancement,1
information,1
complete,1
adams,1
dicey,1
believe,1
freedom,1
degrees,1
mad,1
stuart,1
mill,1
quoted,1
miles,1
traveled,1
grant,1
justification,1
extensive,1
solution,1
treaty,1
imposed,1
us,1
inquiry,1
scope,1
devoted,1
setting,1
newly,1
discovered,1
veil,1
authenticated,1
careful,1
drawing,1
conclusions,1
purpose,1
cession,1
possibly,1
might,1
accurate,1
condemned,1
written,1
times,1
saturday,1
review,1
books,1
thoughtful,1
command,1
disclosed,1
serious,1
minded,1
questions,1
connected,1
territorial,1
expansion,1
aroused,1
theory,1
condemnation,1
prudent,1
imperialism,1
whatever,1
elements,1
uncertainty,1
inhere,1
aspects,1
thing,1
declared,1
hazards,1
defined,1
qualification,1
attached,1
candidate,1
national,1
campaign,1
interpolated,1
accorded,1
soon,1
definition,1
distinct,1
intention,1
wrong,1
lower,1
controlled,1
justified,1
arc,1
early,1
theorem,1
demonstrate,1
abandoned,1
change,1
comes,1
full,1
circle,1
him,1
last,1
words,1
step,1
happen,1
notice,1
vs,1
away,1
finds,1
nile,1
company,1
obligated,1
q,1
gross,1
net,1
receipts,1
lu,1
stipulation,1
reversion,1
city,1
indication,1
outcome,1
disastrous,1
fie,1
doe,1
little,1
giving,1
vi,1
western,1
routes,1
alaine,1
law,1
member,1
general,1
surprise,1
oven,1
municipal,1
yet,1
district,1
boards,1
exactly,1
number,1
shed,1
potent,1
example,1
tills,1
mention,1
recently,1
pr,1
needs,1
wage,1
referred,1
picture,1
exhibits,1
wholly,1
sombre,1
harmony,1
tone,1
sinister,1
motive,1
finding,1
reason,1
required,1
political,1
reasons,1
having,1
act,1
lowering,1
ch,1
introduction,1
concern,1
involve,1
becomes,1
acute,1
subject,1
presents,1
well,1
cause,1
officially,1
remuneration,1
responsible,1
resolution,1
entertained,1
meet,1
requirements,1
concludes,1
tot,1
selection,1
powers,1
considerable,1
her,1
flown,1
face,1
european,1
nations,1
most,1
dependencies,1
relevant,1
consider,1
british,1
reference,1
both,1
scribed,1
adopt,1
lavishly,1
ago,1
part,1
gorgeous,1
ireland,1
refer,1
policies,1
controversy,1
z,1
pa,1
illustrative,1
tr,1
theme,1
issued,1
contribution,1
title,1
involved,1
read,1
relied,1
important,1
discuses,1
principal,1
drawl,1
ll,1
showered,1
kings,1
otherwise,1
pearls,1
p,1
ca,1
guaranteed,1
lines,1
payable,1
shareholders,1
chiefly,1
revised,1
england,1
surplus,1
divided,1
between,1
respective,1
companies,1
advantages,1
could,1
obtained,1
down,1
dependency,1
britain,1
canals,1
gold,1
she,1
poor,1
county,1
needed,1
works,1
especially,1
ra,1
improvements,1
use,1
securities,1
proposed,1
ha,1
precedent,1
means,1
employed,1
chronicler,1
