term,count
the,19
of,12
to,8
it,8
is,7
a,7
and,7
be,6
not,5
in,5
whistler,4
new,4
for,4
s,4
edition,3
at,3
painter,3
art,3
an,3
so,2
from,2
himself,2
smile,2
his,2
was,2
as,2
artist,2
shade,2
must,2
on,2
h,2
dennis,2
all,2
appreciation,2
who,2
james,2
by,2
way,2
subjects,1
various,1
styles,1
many,1
with,1
y,1
some,1
them,1
color,1
n,1
reach,1
chapters,1
obtain,1
its,1
details,1
outward,1
except,1
differing,1
got,1
excellent,1
glad,1
even,1
predecessors,1
can,1
within,1
development,1
fulsome,1
but,1
miring,1
r,1
these,1
wish,1
book,1
found,1
study,1
admitted,1
forgot,1
away,1
single,1
which,1
stories,1
ignored,1
itself,1
merely,1
life,1
writer,1
i,1
d,1
e,1
chapter,1
are,1
very,1
though,1
him,1
messrs,1
third,1
seem,1
would,1
multitude,1
comprehended,1
coming,1
last,1
misunderstood,1
being,1
gloried,1
years,1
seventy,1
popular,1
becoming,1
company,1
macmillan,1
york,1
xviii,1
pp,1
cloth,1
illustrations,1
portraits,1
gr,1
tr,1
has,1
appeared,1
lower,1
popularity,1
denied,1
what,1
longed,1
he,1
that,1
showed,1
eye,1
public,1
keep,1
contrived,1
carefully,1
scorn,1
price,1
despite,1
sarcastic,1
wholly,1
will,1
yet,1
idea,1
editions,1
earlier,1
two,1
asked,1
than,1
t,1
