term,count
the,94
of,88
to,33
and,29
is,26
in,20
science,14
as,13
dr,13
a,13
his,13
by,11
that,10
it,10
be,10
history,9
williams,9
volumes,7
s,7
must,7
for,6
are,6
he,6
some,6
on,6
have,6
this,5
not,5
development,5
i,5
an,5
scientific,5
volume,5
knowledge,4
sciences,4
five,4
british,4
story,4
man,3
labors,3
world,3
nor,3
given,3
smith,3
with,3
interesting,3
than,3
these,3
had,3
beginnings,3
at,3
might,3
modern,3
so,3
make,3
prehistoric,3
been,3
pages,3
has,3
no,3
space,3
due,3
circumstances,2
value,2
royal,2
fact,2
sir,2
mention,2
investigators,2
those,2
laboratories,2
brief,2
certain,2
was,2
progress,2
alloy,2
period,2
described,2
but,2
index,2
same,2
biological,2
physical,2
chapters,2
last,2
names,2
only,2
there,2
good,2
historical,2
discovery,2
primeval,2
relatively,2
subject,2
high,2
m,2
d,2
which,2
references,2
them,2
attainments,2
work,2
unusually,2
more,2
edward,2
h,2
nd,2
editor,2
o,2
one,2
each,2
yet,2
him,2
size,2
spite,2
chemistry,2
many,2
generous,2
certainly,2
western,2
new,2
writer,2
their,2
henry,2
seems,2
about,2
into,2
within,2
important,2
assisted,2
earlier,1
astronomers,1
three,1
treat,1
sign,1
bad,1
telling,1
franklin,1
chemical,1
insistence,1
physicist,1
weariness,1
lint,1
down,1
time,1
present,1
qualities,1
physicians,1
giving,1
expected,1
carved,1
britons,1
treated,1
done,1
insularity,1
possess,1
lavoisier,1
place,1
any,1
pays,1
much,1
attention,1
scientists,1
other,1
ere,1
nations,1
possibly,1
substitution,1
astronomy,1
limitations,1
chapter,1
brevity,1
rather,1
reason,1
demands,1
astrology,1
alchemy,1
author,1
belief,1
fully,1
entitled,1
father,1
because,1
naturalists,1
unsolved,1
extremely,1
tills,1
get,1
incidental,1
merely,1
american,1
apparently,1
alone,1
almost,1
prob,1
koch,1
briefer,1
medical,1
zoology,1
naples,1
laboratory,1
marine,1
ramsay,1
william,1
london,1
college,1
university,1
cover,1
ground,1
whole,1
very,1
pointed,1
we,1
shortcomings,1
th,1
worthy,1
part,1
makes,1
little,1
incorrectly,1
spelled,1
however,1
name,1
heroes,1
spelling,1
inconsistent,1
careless,1
reading,1
proof,1
regretted,1
thoroughness,1
great,1
institution,1
society,1
museum,1
tesla,1
edison,1
named,1
morse,1
shows,1
least,1
far,1
made,1
portrait,1
dana,1
dwight,1
james,1
agassiz,1
all,1
contain,1
eight,1
americans,1
comment,1
shorter,1
still,1
europeans,1
continental,1
marconi,1
ignored,1
recent,1
prof,1
aspects,1
deals,1
final,1
titles,1
from,1
apparent,1
attitude,1
fat,1
invention,1
wonderful,1
latter,1
credit,1
noted,1
orton,1
wells,1
while,1
horse,1
fossil,1
lug,1
mentioned,1
marsh,1
estimators,1
could,1
most,1
plan,1
prefacing,1
indebted,1
day,1
whose,1
men,1
give,1
collaborator,1
chief,1
renewed,1
effect,1
fault,1
told,1
fascinating,1
dry,1
tells,1
acquitted,1
completely,1
stands,1
once,1
said,1
biographies,1
account,1
connecting,1
amid,1
seem,1
may,1
idea,1
roman,1
greek,1
rise,1
seven,1
alphabet,1
assyrians,1
tile,1
babylonians,1
egyptians,1
wisdom,1
title,1
comprehensive,1
under,1
first,1
worked,1
investigator,1
begins,1
unpardonable,1
arabians,1
such,1
historians,1
succeeded,1
review,1
undertaken,1
handbooks,1
german,1
portentous,1
means,1
number,1
germans,1
convicted,1
known,1
they,1
though,1
even,1
compass,1
describe,1
attempt,1
daring,1
edited,1
lu,1
art,1
writing,1
aided,1
stand,1
interest,1
lack,1
found,1
unfolded,1
should,1
long,1
events,1
slurring,1
or,1
omissions,1
noticeable,1
without,1
small,1
comparatively,1
restrict,1
t,1
compile,1
both,1
strained,1
says,1
patent,1
culture,1
mrs,1
writers,1
ancestor,1
primitive,1
our,1
then,1
praise,1
raced,1
back,1
generations,1
enough,1
countless,1
advanced,1
civilization,1
practice,1
its,1
later,1
superstructure,1
entire,1
appear,1
charlotte,1
perkins,1
stetson,1
enterprising,1
among,1
ages,1
dark,1
through,1
carries,1
second,1
cave,1
borders,1
mammoths,1
delightful,1
sketched,1
brave,1
clean,1
bright,1
instruments,1
simple,1
kept,1
rho,1
wight,1
would,1
numbers,1
inconsiderable,1
two,1
therefore,1
organized,1
spencer,1
herbert,1
definition,1
familiar,1
harper,1
york,1
illustrated,1
lama,1
f,1
classifier,1
also,1
lie,1
nature,1
phenomena,1
observer,1
savage,1
veriest,1
rub,1
sticks,1
attained,1
together,1
suggests,1
early,1
mathematics,1
zoologist,1
classes,1
separate,1
animals,1
hairy,1
birds,1
fishes,1
conception,1
molds,1
cast,1
bronze,1
tin,1
copper,1
ores,1
smelt,1
fire,1
out,1
