term,count
the,126
of,83
and,48
in,42
to,38
is,30
that,28
a,20
as,18
she,13
which,13
it,12
love,11
not,11
s,10
for,10
tile,10
woman,10
so,9
key,9
new,9
they,8
are,8
one,8
her,8
even,7
or,6
but,6
marriage,6
miss,6
with,6
who,6
by,6
be,6
things,5
long,5
at,5
he,5
will,5
women,5
two,5
his,5
an,5
have,4
without,4
certain,4
motherhood,4
on,4
point,4
them,4
present,3
more,3
there,3
all,3
own,3
these,3
now,3
only,3
years,3
o,3
out,3
type,3
evolution,3
its,3
same,3
perhaps,3
c,3
t,3
questions,3
l,3
i,3
men,3
must,3
where,3
right,3
upon,3
n,3
man,3
standards,3
morals,2
under,2
nation,2
true,2
growing,2
this,2
very,2
make,2
care,2
sees,2
ge,2
notion,2
foolish,2
th,2
nd,2
other,2
already,2
when,2
clear,2
declares,2
family,2
quite,2
dream,2
their,2
about,2
intimate,2
ideal,2
thing,2
race,2
come,2
time,2
moral,2
remain,2
practical,2
e,2
each,2
morality,2
monogamy,2
life,2
may,2
what,2
was,2
course,2
go,2
has,2
called,2
since,2
from,2
should,2
merely,2
those,2
find,2
eight,2
work,2
than,2
use,2
exemption,2
lay,2
quality,2
benefit,2
facts,2
thus,2
discusses,2
exceptional,2
words,2
northern,2
winged,2
partly,2
do,2
re,2
social,2
ellen,2
telling,2
earlier,2
know,2
part,2
womanhood,2
destiny,2
privilege,2
had,2
wise,2
highest,2
roman,1
mental,1
civic,1
ox,1
pictures,1
altar,1
convinced,1
relief,1
ll,1
proceed,1
pig,1
eros,1
sexes,1
r,1
hus,1
conies,1
bands,1
likeness,1
lovers,1
reminds,1
sacrificed,1
animals,1
activities,1
leslie,1
meet,1
specialist,1
file,1
approximation,1
attitude,1
vow,1
feminine,1
tending,1
like,1
special,1
indeed,1
endowment,1
ls,1
slantingly,1
indulged,1
waste,1
can,1
you,1
article,1
day,1
mellow,1
quotation,1
sane,1
prophet,1
era,1
delicate,1
account,1
plain,1
ruth,1
often,1
allow,1
does,1
mother,1
direction,1
fiction,1
exercise,1
such,1
collective,1
choose,1
quoted,1
passages,1
careers,1
rather,1
few,1
childbearing,1
employment,1
discretion,1
says,1
force,1
definition,1
makes,1
sacrifice,1
before,1
perfect,1
fidelity,1
pungency,1
power,1
please,1
equivalent,1
betray,1
writes,1
also,1
pure,1
lurks,1
omen,1
take,1
pleasure,1
cruel,1
sport,1
cat,1
regard,1
soul,1
hold,1
senses,1
bind,1
thousand,1
none,1
would,1
fascination,1
secret,1
ones,1
learn,1
disdained,1
against,1
sin,1
deadly,1
virgins,1
facile,1
changes,1
serpentine,1
corn,1
canon,1
novel,1
describes,1
chose,1
victor,1
k,1
fl,1
champions,1
said,1
hardly,1
deed,1
nigh,1
bevies,1
pan,1
sabbath,1
dancer,1
witches,1
celebrate,1
around,1
broth,1
hell,1
brew,1
themselves,1
homage,1
jealousy,1
provoking,1
delight,1
flirtations,1
responsibilities,1
evade,1
dictum,1
fact,1
exchanged,1
tendency,1
founded,1
devil,1
went,1
wilderness,1
instituted,1
doctrine,1
aid,1
sense,1
twain,1
dualism,1
vanquished,1
monism,1
educates,1
selection,1
walked,1
god,1
while,1
ch,1
christian,1
fostered,1
faller,1
remarks,1
again,1
literature,1
used,1
letters,1
rupture,1
ease,1
provision,1
contains,1
silence,1
toward,1
infallibly,1
cases,1
battle,1
healthy,1
eve,1
eternal,1
adam,1
old,1
incarnation,1
surviving,1
some,1
peace,1
seeking,1
ends,1
usually,1
whole,1
over,1
disintegrating,1
mate,1
systems,1
nervous,1
worn,1
brains,1
developed,1
highly,1
results,1
frequently,1
another,1
actually,1
lives,1
attain,1
shall,1
we,1
less,1
fear,1
justified,1
volume,1
ellis,1
estimated,1
engaged,1
actively,1
still,1
sixty,1
age,1
aside,1
scientific,1
interesting,1
future,1
near,1
matter,1
us,1
saturation,1
passed,1
reached,1
populations,1
european,1
because,1
conditions,1
strain,1
exposed,1
suddenly,1
fabric,1
preface,1
personality,1
greater,1
chief,1
col,1
happen,1
did,1
progenitor,1
though,1
ancestry,1
scottish,1
entirely,1
ascribe,1
necessary,1
seer,1
poet,1
characteristic,1
least,1
recognition,1
forthright,1
brave,1
spite,1
too,1
self,1
expression,1
candid,1
proceeds,1
our,1
forces,1
complexity,1
owing,1
finds,1
described,1
something,1
hearers,1
aimed,1
well,1
flung,1
fairly,1
lecturer,1
dealt,1
sweden,1
insurrection,1
pioneer,1
declared,1
english,1
aptness,1
almost,1
acquired,1
wanderings,1
cosmopolitan,1
land,1
native,1
stress,1
storm,1
period,1
swede,1
maintains,1
style,1
remains,1
acute,1
translation,1
become,1
civilization,1
phase,1
industrial,1
arising,1
readjustment,1
problems,1
nature,1
europe,1
nations,1
america,1
movement,1
progress,1
stage,1
between,1
interval,1
represent,1
title,1
here,1
published,1
original,1
appearance,1
lapse,1
after,1
notable,1
fought,1
gustavus,1
adolphus,1
lr,1
q,1
zed,1
axe,1
home,1
bring,1
strives,1
vision,1
radical,1
needs,1
immoral,1
insist,1
tibet,1
line,1
decide,1
rind,1
freedom,1
most,1
moralists,1
justin,1
together,1
closer,1
bringing,1
problem,1
basis,1
economics,1
g,1
j,1
seers,1
page,1
defense,1
argument,1
assume,1
disposed,1
shown,1
fashion,1
frivolous,1
claim,1
eager,1
question,1
spirit,1
ought,1
unmarried,1
asserts,1
clergy,1
births,1
wedlock,1
unions,1
individual,1
society,1
lace,1
dangerous,1
infinitely,1
church,1
blessed,1
both,1
grounds,1
allows,1
best,1
shock,1
extreme,1
feminist,1
modern,1
any,1
resulting,1
vie,1
aim,1
idealism,1
utmost,1
divorce,1
forms,1
related,1
sex,1
complex,1
treatment,1
broadest,1
frankest,1
uses,1
swedish,1
say,1
put,1
way,1
clearest,1
poets,1
mrs,1
grundy,1
hand,1
supervision,1
proof,1
no,1
yet,1
admits,1
unrealized,1
remained,1
strict,1
frankness,1
entire,1
fatal,1
mothers,1
nurseries,1
instance,1
state,1
offspring,1
collecting,1
children,1
tom,1
equally,1
sole,1
inadequate,1
outgrown,1
form,1
ia,1
residence,1
