term,count
the,47
of,26
is,25
and,23
a,17
to,16
that,9
in,9
s,7
not,6
with,6
this,6
an,5
war,5
has,4
her,4
it,4
are,4
only,4
which,3
by,3
she,3
as,3
he,3
picture,3
but,3
before,3
novel,3
who,2
on,2
german,2
herself,2
france,2
classes,2
given,2
should,2
pages,2
than,2
force,2
book,2
sad,2
what,2
mystery,2
anti,2
pervading,2
atmosphere,2
hero,2
somewhat,2
there,2
all,2
leisured,2
bennett,2
vice,2
you,2
richard,2
officer,2
life,2
blinded,2
author,2
be,2
paris,2
goes,2
europe,2
l,2
hath,2
like,2
him,2
shell,1
peter,1
b,1
town,1
since,1
intellectual,1
e,1
though,1
hectic,1
stroke,1
shock,1
probably,1
marry,1
wants,1
true,1
enough,1
outbreak,1
transformation,1
england,1
indictment,1
intervenes,1
n,1
ambitiously,1
yet,1
confidence,1
doubtless,1
much,1
truth,1
reader,1
considerable,1
skill,1
restored,1
delineation,1
op,1
ft,1
certainly,1
aristocratic,1
society,1
was,1
drifting,1
hopelessly,1
sight,1
severe,1
ix,1
convincing,1
coming,1
last,1
beautiful,1
country,1
lady,1
his,1
secretary,1
no,1
better,1
rather,1
been,1
mistress,1
whose,1
kill,1
lover,1
way,1
regulation,1
braggadocio,1
brutishness,1
xi,1
girl,1
have,1
changes,1
heroine,1
english,1
love,1
virtuous,1
la,1
poorest,1
entirely,1
gel,1
idea,1
howl,1
vastly,1
y,1
convention,1
re,1
need,1
tell,1
happens,1
killed,1
appears,1
then,1
comes,1
characters,1
report,1
young,1
flying,1
fallen,1
great,1
become,1
built,1
at,1
trial,1
tango,1
games,1
twilight,1
sleep,1
russian,1
dancers,1
boning,1
match,1
asquith,1
suffragette,1
trials,1
old,1
highly,1
bailey,1
navel,1
over,1
nearly,1
f,1
devoted,1
meticulous,1
balls,1
night,1
clubs,1
music,1
halls,1
age,1
dim,1
london,1
set,1
new,1
york,1
g,1
ons,1
said,1
about,1
latest,1
does,1
achieve,1
certain,1
panoramic,1
quality,1
hovers,1
oven,1
j,1
strange,1
far,1
off,1
so,1
mach,1
eagle,1
scandalized,1
blinking,1
owl,1
fast,1
sex,1
charged,1
wings,1
men,1
declaration,1
disappointed,1
disappears,1
ushering,1
armageddon,1
wasters,1
totters,1
profligates,1
first,1
suddenly,1
into,1
paragons,1
go,1
deeply,1
their,1
stature,1
magnified,1
semi,1
courtesan,1
leading,1
character,1
begins,1
churchgoing,1
confession,1
other,1
words,1
come,1
virtue,1
contrast,1
prelude,1
through,1
these,1
gages,1
strong,1
difference,1
mr,1
touch,1
treatment,1
slightly,1
ironical,1
scientist,1
fey,1
scarcely,1
enervating,1
method,1
hushed,1
raconteur,1
smoking,1
room,1
constantly,1
made,1
feel,1
disclosure,1
insidious,1
elaborate,1
designed,1
