term,count
the,108
of,71
and,47
he,45
to,42
in,34
a,29
was,27
his,27
which,23
by,19
had,18
that,18
it,17
napoleon,17
as,16
but,14
from,13
not,13
him,11
s,10
with,9
so,9
be,9
at,8
when,8
been,6
no,6
thought,6
all,6
one,6
for,6
did,6
those,5
is,5
on,5
france,5
learned,5
against,5
were,5
russia,5
peoples,5
into,5
l,4
an,4
always,4
i,4
nations,4
there,4
most,4
world,4
russian,4
st,4
people,4
this,4
could,3
way,3
frederick,3
conquer,3
such,3
would,3
helena,3
europe,3
lesson,3
attempt,3
have,3
conquest,3
made,3
their,3
government,3
we,3
throne,3
its,3
might,3
dream,3
army,3
never,3
after,3
dialect,2
empire,2
merely,2
time,2
compelled,2
nation,2
or,2
king,2
ganges,2
k,2
alexander,2
son,2
dealing,2
sentiment,2
elaborate,2
me,2
up,2
my,2
italian,2
india,2
laid,2
them,2
fabric,2
impelled,2
awakened,2
face,2
power,2
new,2
about,2
change,2
kings,2
what,2
opposition,2
toward,2
struck,2
pictorial,2
plainly,2
war,2
t,2
fact,2
over,2
seas,2
come,2
himself,2
aim,2
common,2
meant,2
vain,2
came,2
even,2
striking,2
napoleonic,2
are,2
years,2
last,2
defeat,2
says,2
first,2
end,2
points,2
us,2
shows,2
teach,2
stood,2
took,2
life,2
only,2
history,2
year,2
see,2
spain,2
like,2
left,2
fled,2
dealt,2
who,2
metternich,2
than,2
strong,2
less,2
ed,2
revised,2
overthrow,2
mastered,2
point,2
advocated,1
reading,1
secret,1
diplomacy,1
before,1
diplomats,1
ruins,1
earnestly,1
resistance,1
author,1
sole,1
invincible,1
route,1
broken,1
hand,1
float,1
wreak,1
philosopher,1
shall,1
hollow,1
maintained,1
still,1
old,1
reopen,1
capturing,1
burning,1
faultless,1
across,1
later,1
founder,1
loyalty,1
pro,1
join,1
saxony,1
augustus,1
law,1
sword,1
draw,1
ally,1
previous,1
austria,1
francis,1
neutrality,1
built,1
imagine,1
aside,1
swept,1
alliances,1
fortified,1
sons,1
diplomatists,1
national,1
temporizing,1
pt,1
enthusiasm,1
germans,1
enough,1
saw,1
can,1
driven,1
goal,1
skill,1
feel,1
rhine,1
reluctance,1
improbable,1
doubts,1
assailed,1
fate,1
timid,1
deserted,1
regiments,1
suez,1
fostered,1
taken,1
attributes,1
desire,1
establishment,1
confidently,1
forward,1
looked,1
event,1
any,1
back,1
expected,1
tie,1
nothing,1
lord,1
differs,1
out,1
attributed,1
malignity,1
devoid,1
jealous,1
suspicious,1
taciturn,1
punctilious,1
although,1
auras,1
governor,1
duty,1
dismisses,1
investigates,1
expectation,1
various,1
reconciled,1
voices,1
carefully,1
tradition,1
maintain,1
y,1
unable,1
proved,1
iii,1
rule,1
reached,1
legend,1
promised,1
day,1
n,1
rights,1
ex,1
exile,1
iris,1
mapped,1
written,1
blots,1
many,1
successful,1
declares,1
revealed,1
create,1
image,1
labored,1
lowe,1
hudson,1
greatest,1
sir,1
z,1
unlimited,1
crown,1
robes,1
wit,1
campaign,1
started,1
related,1
afterward,1
moscow,1
am,1
far,1
great,1
liberty,1
independence,1
blow,1
greatness,1
mercantile,1
whole,1
contact,1
advance,1
allies,1
frenchmen,1
if,1
tell,1
dependent,1
replaced,1
czars,1
icings,1
hut,1
conqueror,1
treated,1
hardly,1
instance,1
idea,1
care,1
impartial,1
scrupulous,1
myths,1
examines,1
friendly,1
means,1
prof,1
policy,1
taking,1
wide,1
open,1
peace,1
sue,1
latter,1
interests,1
her,1
england,1
continent,1
instincts,1
entire,1
intended,1
welded,1
de,1
barbarous,1
group,1
little,1
argument,1
purpose,1
tremendous,1
along,1
gian,1
tower,1
success,1
theirs,1
vaster,1
much,1
custom,1
babble,1
parochial,1
appear,1
roman,1
make,1
domination,1
outlines,1
clear,1
third,1
board,1
pawns,1
around,1
glimpses,1
pathetic,1
unreal,1
phantom,1
forth,1
rang,1
alive,1
just,1
proclaimed,1
provisional,1
stroke,1
ready,1
dead,1
report,1
circulate,1
plot,1
paris,1
hurried,1
truth,1
glimpse,1
picture,1
touches,1
these,1
vivid,1
foundation,1
solid,1
believed,1
moved,1
william,1
factor,1
salient,1
decade,1
released,1
research,1
flood,1
view,1
complemented,1
book,1
wrote,1
adams,1
elizabeth,1
annie,1
english,1
translated,1
admirably,1
has,1
edition,1
famous,1
visible,1
features,1
three,1
emperor,1
nor,1
nemesis,1
two,1
mentioned,1
importance,1
owed,1
blind,1
monarchs,1
dwells,1
second,1
desiring,1
while,1
critical,1
sullen,1
cold,1
instead,1
devoted,1
cheering,1
excited,1
backed,1
think,1
prone,1
too,1
may,1
distinguished,1
attitude,1
almost,1
distrust,1
downfall,1
once,1
burst,1
creed,1
henry,1
knew,1
similar,1
race,1
mighty,1
members,1
round,1
weaves,1
yore,1
f,1
co,1
holt,1
deep,1
insignificant,1
sort,1
ia,1
early,1
lost,1
youth,1
possessed,1
states,1
elated,1
foreseen,1
prostrate,1
governments,1
nd,1
least,1
foes,1
began,1
religious,1
patriotic,1
soil,1
trespassed,1
behind,1
poland,1
moment,1
fee,1
recognize,1
terms,1
dictate,1
cabinet,1
front,1
consideration,1
lie,1
sighted,1
short,1
same,1
different,1
tried,1
aid,1
undertook,1
need,1
european,1
leers,1
sub,1
tent,1
revolution,1
french,1
product,1
though,1
ions,1
wife,1
chagrined,1
surprised,1
exclaimed,1
dear,1
course,1
rotter,1
upon,1
look,1
seemed,1
every,1
preparations,1
bent,1
thoughts,1
persuaded,1
easily,1
leon,1
affair,1
unaware,1
bourbons,1
conquered,1
bourbon,1
foe,1
found,1
securely,1
plans,1
own,1
having,1
ruler,1
career,1
foresee,1
eastern,1
game,1
pawn,1
persia,1
using,1
pathway,1
making,1
bubble,1
shattered,1
beat,1
except,1
possible,1
gone,1
forever,1
men,1
