term,count
the,109
of,71
to,52
a,47
he,42
in,41
and,30
his,27
that,25
is,24
it,24
for,19
has,17
i,16
as,16
not,13
one,13
with,12
on,11
at,10
s,10
this,10
may,9
golf,9
an,8
when,8
have,8
will,8
are,7
been,7
was,7
by,7
which,7
up,6
man,6
there,6
book,6
had,6
be,6
him,6
or,6
golfer,6
two,6
game,6
more,5
first,5
good,5
every,5
o,5
putter,5
long,5
does,5
these,5
from,5
who,5
club,5
they,5
well,5
most,5
but,5
american,4
time,4
should,4
n,4
great,4
player,4
give,4
its,4
putting,4
what,4
championship,4
t,4
life,4
himself,4
because,4
method,4
all,4
clubs,4
players,4
harry,3
new,3
driver,3
out,3
naturally,3
no,3
about,3
adds,3
old,3
confidence,3
if,3
many,3
my,3
best,3
do,3
stroke,3
than,3
she,3
come,3
things,3
ones,3
better,3
h,3
play,3
nothing,3
open,3
e,3
golfers,3
years,3
golfing,3
later,3
beginner,3
little,2
saw,2
even,2
need,2
played,2
r,2
iron,2
though,2
their,2
those,2
any,2
shaft,2
way,2
wake,2
certain,2
get,2
balfour,2
admits,2
english,2
cover,2
learning,2
her,2
few,2
them,2
novice,2
ten,2
indeed,2
very,2
advice,2
putts,2
veteran,2
famous,2
style,2
then,2
d,2
other,2
effect,2
pp,2
become,2
drivers,2
hut,2
length,2
own,2
kind,2
latter,2
hand,2
like,2
never,2
ability,2
gain,2
playing,2
off,2
some,2
everything,2
stick,2
study,2
interesting,2
spent,2
got,2
say,2
our,2
expert,2
three,2
per,2
professional,2
world,2
says,2
position,2
would,2
links,2
longer,2
g,2
takes,2
class,2
besides,2
enjoy,2
since,2
success,2
enthusiasm,2
plays,2
words,2
ill,2
admirable,2
deprecates,1
note,1
commenced,1
apropos,1
extremes,1
reading,1
travis,1
enamored,1
simply,1
sincere,1
va,1
present,1
upon,1
lovers,1
pin,1
selection,1
sobering,1
shortness,1
coupled,1
praise,1
bag,1
favor,1
returning,1
spoon,1
barry,1
eleven,1
consists,1
set,1
added,1
utter,1
high,1
deserved,1
ample,1
six,1
year,1
place,1
happy,1
probably,1
knowing,1
start,1
buy,1
height,1
according,1
vary,1
balls,1
longest,1
getting,1
capability,1
proved,1
due,1
medium,1
indifference,1
lose,1
measure,1
faith,1
attributes,1
lesson,1
took,1
newer,1
writing,1
ls,1
sys,1
learn,1
abie,1
whom,1
helpful,1
methods,1
entertaining,1
manner,1
places,1
large,1
believer,1
firm,1
possible,1
acknowledged,1
how,1
alone,1
bunkers,1
fortnight,1
miserable,1
dunn,1
tom,1
guidance,1
under,1
tedious,1
whatever,1
possess,1
result,1
watching,1
rapid,1
uneasy,1
much,1
pitching,1
only,1
seeing,1
accomplished,1
often,1
mind,1
uppermost,1
feeling,1
file,1
mad,1
rank,1
convincing,1
wholly,1
philosophic,1
explanation,1
called,1
fortunate,1
know,1
frankly,1
nervousness,1
bugaboo,1
horrible,1
failure,1
impossible,1
attributed,1
others,1
running,1
appearance,1
putters,1
ole,1
around,1
repetition,1
repay,1
reminiscences,1
piquancy,1
anecdotes,1
while,1
strokes,1
difficult,1
easy,1
lessons,1
object,1
illustrations,1
five,1
sixty,1
equally,1
find,1
entertainment,1
mere,1
pages,1
peruse,1
seeking,1
attractive,1
lady,1
charming,1
yet,1
strenuous,1
determined,1
picture,1
pop,1
let,1
reasons,1
ti,1
mercy,1
lord,1
oh,1
pathetically,1
claimed,1
ex,1
l,1
emotions,1
control,1
could,1
ball,1
behind,1
deep,1
unusually,1
making,1
swipe,1
mighty,1
taken,1
welshman,1
whir,1
last,1
irons,1
used,1
severely,1
suffered,1
spoken,1
typical,1
scotch,1
found,1
worse,1
tittle,1
look,1
nails,1
amateur,1
arid,1
charm,1
paying,1
j,1
tm,1
m,1
cy,1
z,1
f,1
er,1
patriotic,1
delight,1
laudatory,1
sufficiently,1
subject,1
chapter,1
america,1
status,1
authority,1
speak,1
entitled,1
spring,1
loses,1
practically,1
gains,1
socket,1
spliced,1
preferring,1
stood,1
rousing,1
ar,1
so,1
sized,1
goodly,1
plenty,1
shoes,1
soles,1
sleeves,1
tucks,1
causes,1
countries,1
both,1
differences,1
familiarity,1
sacrifices,1
average,1
states,1
sisters,1
wholeheartedly,1
adopting,1
credited,1
also,1
girls,1
again,1
go,1
we,1
think,1
rankly,1
enid,1
mr,1
clue,1
hold,1
excellent,1
preferably,1
held,1
holing,1
british,1
astonish,1
begins,1
forthwith,1
effected,1
change,1
feels,1
four,1
directly,1
times,1
once,1
badly,1
winning,1
weapons,1
fight,1
big,1
instinct,1
prize,1
disregarded,1
over,1
forty,1
ready,1
substitute,1
eight,1
laid,1
tournaments,1
exists,1
almost,1
anywhere,1
accounting,1
show,1
title,1
unquestioned,1
ape,1
striving,1
laboriously,1
novitiate,1
consoling,1
delightfully,1
something,1
finished,1
here,1
sport,1
comes,1
scope,1
seem,1
free,1
advised,1
art,1
trying,1
delicate,1
ha,1
fundamentals,1
form,1
eccentricities,1
curtail,1
advisable,1
however,1
absurd,1
uncertainty,1
grave,1
favorite,1
happily,1
hope,1
games,1
humors,1
individuality,1
latitude,1
recognizes,1
likewise,1
future,1
demand,1
confidently,1
kill,1
prefers,1
lacking,1
breed,1
smile,1
didactic,1
sense,1
common,1
full,1
brim,1
above,1
indicative,1
through,1
runs,1
keynote,1
whole,1
hearted,1
hopefulness,1
retire,1
inclination,1
ought,1
known,1
truly,1
record,1
instinctively,1
tee,1
stepped,1
proud,1
match,1
important,1
engage,1
doubtless,1
tools,1
cause,1
warning,1
cites,1
absurdities,1
cent,1
lost,1
completely,1
welt,1
amateurs,1
cry,1
enough,1
possession,1
complete,1
such,1
take,1
frequently,1
hint,1
expresses,1
believe,1
seriously,1
isle,1
adopted,1
generally,1
were,1
offered,1
suggestions,1
practical,1
began,1
duty,1
done,1
career,1
treasure,1
still,1
keep,1
down,1
compared,1
jersey,1
why,1
ad,1
mine,1
discovery,1
fancied,1
born,1
shorter,1
substitution,1
use,1
came,1
inspiration,1
sudden,1
percentage,1
aptly,1
aside,1
practice,1
least,1
months,1
tuition,1
process,1
slow,1
undergo,1
advises,1
entire,1
mediocrity,1
enmeshed,1
hopelessly,1
finds,1
ere,1
patient,1
styles,1
necessity,1
cases,1
nine,1
paramount,1
rises,1
outset,1
score,1
reduce,1
desire,1
enhanced,1
considerably,1
army,1
noble,1
useless,1
cast,1
particular,1
anybody,1
wooden,1
ordinary,1
affair,1
neck,1
crooked,1
whether,1
itself,1
respect,1
holds,1
lead,1
ever,1
anything,1
reached,1
thinking,1
c,1
aid,1
unconsciously,1
too,1
short,1
pinnacle,1
miss,1
system,1
natural,1
departs,1
exactly,1
excellence,1
nature,1
awarded,1
latest,1
until,1
apparently,1
made,1
light,1
north,1
shop,1
ayers,1
ben,1
picked,1
felt,1
having,1
taylor,1
age,1
tie,1
won,1
rounds,1
putted,1
me,1
bid,1
case,1
honor,1
fancy,1
freaks,1
coveted,1
uses,1
britain,1
suit,1
ta,1
k,1
co,1
phillips,1
scotland,1
