term,count
the,23
of,21
a,19
and,14
is,11
tile,9
in,9
to,8
with,7
his,6
he,6
it,5
that,5
not,5
does,5
they,5
s,5
which,4
happy,4
family,4
its,4
only,4
an,4
for,4
by,4
ill,4
i,3
so,3
them,3
many,3
often,3
but,3
or,3
book,3
rather,3
whose,3
as,3
mr,3
are,3
has,3
each,3
place,2
seems,2
same,2
any,2
end,2
all,2
impression,2
be,2
very,2
there,2
were,2
more,2
than,2
reader,2
mrs,2
attention,2
have,2
been,2
though,2
do,2
interesting,2
two,1
dividing,1
child,1
lea,1
exceedingly,1
rearing,1
lifelike,1
other,1
practice,1
toward,1
let,1
length,1
page,1
chapter,1
people,1
ills,1
into,1
alive,1
thus,1
feels,1
constantly,1
sections,1
system,1
produces,1
ly,1
contrary,1
regard,1
reported,1
their,1
results,1
l,1
mean,1
lr,1
given,1
long,1
quite,1
insects,1
sentences,1
curious,1
seals,1
up,1
situ,1
few,1
impartially,1
brief,1
somehow,1
home,1
truth,1
delightful,1
te,1
disagreeably,1
much,1
methods,1
business,1
publishers,1
heroine,1
colorless,1
better,1
portrays,1
get,1
stands,1
writer,1
whom,1
woman,1
young,1
viola,1
daily,1
occupations,1
related,1
stinging,1
humor,1
r,1
style,1
controlled,1
ironic,1
sometimes,1
vivid,1
always,1
novel,1
commands,1
production,1
exceptional,1
ability,1
sister,1
pity,1
jerky,1
doubt,1
observer,1
detail,1
d,1
sighted,1
clear,1
work,1
beyond,1
our,1
brilliant,1
jolts,1
mental,1
series,1
like,1
effect,1
welcome,1
mary,1
improbable,1
extreme,1
this,1
about,1
lapses,1
from,1
strictest,1
realism,1
axe,1
admirable,1
studies,1
bright,1
unfortunate,1
disposition,1
demands,1
makes,1
far,1
ajar,1
title,1
ally,1
should,1
careless,1
stupid,1
enough,1
miss,1
meaning,1
repeats,1
excellent,1
simile,1
near,1
particular,1
history,1
narrates,1
resides,1
suburbia,1
on,1
awaken,1
wrath,1
loathing,1
british,1
novelist,1
larger,1
part,1
population,1
composed,1
persons,1
less,1
resembling,1
lest,1
explain,1
close,1
early,1
portrayal,1
some,1
london,1
suburbanites,1
frank,1
george,1
h,1
company,1
net,1
menagerie,1
mother,1
you,1
know,1
those,1
things,1
used,1
at,1
seaside,1
several,1
miserable,1
unlikely,1
animals,1
cooped,1
little,1
cage,1
families,1
called,1
through,1
hero,1
conveyed,1
if,1
correct,1
account,1
sharply,1
pointed,1
bit,1
call,1
him,1
cynical,1
beg,1
question,1
too,1
el,1
adopt,1
banal,1
attitude,1
disbelieves,1
nature,1
sympathize,1
lie,1
taken,1
great,1
pa,1
provide,1
glowing,1
contrast,1
airs,1
roger,1
edie,1
presented,1
infinite,1
care,1
polished,1
highly,1
instrument,1
individualizing,1
degree,1
ion,1
eight,1
including,1
old,1
until,1
mere,1
passive,1
exception,1
accident,1
yet,1
anther,1
succeeded,1
one,1
gentle,1
while,1
preserving,1
general,1
fidelity,1
type,1
n,1
kind,1
ruthless,1
pleasure,1
ir,1
pen,1
no,1
moans,1
intelligence,1
