term,count
the,180
of,85
in,68
and,60
to,56
a,42
is,27
as,21
are,21
that,20
medical,20
education,19
for,19
but,19
he,18
schools,17
or,16
not,15
university,15
school,15
be,14
it,14
from,12
was,11
secondary,11
with,10
on,9
medicine,9
any,9
by,9
at,9
has,9
one,8
they,8
france,8
which,8
more,8
there,8
other,7
high,7
america,7
have,7
their,7
some,7
this,7
germany,6
so,6
mr,6
his,6
less,6
do,6
an,6
them,6
only,5
system,5
group,5
college,5
if,5
can,5
i,5
very,5
general,5
though,5
professor,5
gymnasium,5
our,5
england,5
many,4
held,4
here,4
knowledge,4
all,4
out,4
men,4
modern,4
first,4
physician,4
were,4
intellectually,4
its,4
progress,4
who,4
happened,4
professional,4
just,4
state,4
far,4
study,4
had,3
until,3
pupils,3
even,3
book,3
set,3
two,3
years,3
s,3
teachers,3
talented,3
contributions,3
may,3
become,3
graduate,3
up,3
higher,3
physicians,3
average,3
much,3
french,3
german,3
those,3
curriculum,3
practicing,3
different,3
own,3
hand,3
says,3
upon,3
both,3
preparation,3
intellectual,3
no,3
through,3
company,3
under,3
american,3
matter,3
way,3
received,3
rate,3
better,3
than,3
being,3
abraham,3
training,3
will,3
research,3
gifted,3
opportunity,3
student,3
last,3
least,3
equivalent,2
does,2
individuals,2
e,2
none,2
mills,2
baccalaureate,2
hospital,2
able,2
among,2
take,2
another,2
distinctly,2
abroad,2
good,2
depends,2
imparted,2
nine,2
learning,2
because,2
competent,2
teaching,2
recently,2
quite,2
little,2
intelligence,2
enters,2
side,2
him,2
points,2
hospitals,2
great,2
needed,2
entrance,2
such,2
arc,2
equal,2
conceived,2
god,2
uniform,2
universities,2
make,2
these,2
basis,2
needs,2
professors,2
mere,2
standard,2
what,2
pace,2
work,2
inferior,2
public,2
comparable,2
why,2
child,2
democracy,2
same,2
latter,2
britain,2
writes,2
taught,2
uniformity,2
present,2
quality,2
throughout,2
arose,2
kept,2
sharply,2
reasons,2
few,2
should,2
characteristic,2
cultivate,2
where,2
laboratory,2
we,2
partly,2
lack,2
interested,2
during,2
best,2
hopkins,2
harrow,2
type,2
when,2
time,2
becomes,2
merely,2
once,2
been,2
against,2
product,2
fashion,2
volume,2
johns,2
class,2
new,2
important,2
enough,2
could,2
well,2
standards,2
major,2
year,2
man,2
field,2
course,2
like,2
staff,1
days,1
facilities,1
practitioner,1
former,1
derived,1
ideals,1
struggle,1
w,1
practice,1
enter,1
academic,1
desire,1
rise,1
gave,1
weak,1
ideas,1
did,1
money,1
ipso,1
implied,1
act,1
clinical,1
branches,1
contribute,1
others,1
ambitious,1
progressive,1
back,1
petted,1
bottom,1
clear,1
ex,1
official,1
honored,1
income,1
sufficient,1
modest,1
widespread,1
obligations,1
also,1
scientific,1
historical,1
subjects,1
elements,1
moment,1
reader,1
systems,1
ely,1
shall,1
refrain,1
trains,1
discussing,1
selects,1
fields,1
dozen,1
meaty,1
object,1
educational,1
particular,1
objects,1
legitimate,1
service,1
expert,1
functioning,1
effective,1
society,1
character,1
invaluable,1
clinics,1
places,1
common,1
production,1
number,1
philosophically,1
large,1
developed,1
kind,1
takes,1
accidents,1
detail,1
wards,1
followed,1
bur,1
met,1
started,1
detailed,1
descriptions,1
products,1
sciences,1
material,1
put,1
you,1
result,1
decidedly,1
facto,1
chosen,1
increasingly,1
secure,1
opposed,1
blew,1
esteem,1
world,1
doctors,1
status,1
carry,1
before,1
infrequently,1
educating,1
please,1
method,1
aims,1
activities,1
differ,1
require,1
position,1
apprentices,1
engaged,1
surgeons,1
improvised,1
comforted,1
instance,1
lyons,1
sick,1
promotions,1
third,1
nancy,1
depend,1
bedside,1
cares,1
interest,1
personal,1
accomplish,1
scientist,1
creative,1
productive,1
active,1
assumed,1
serious,1
cooperation,1
clinic,1
works,1
thinkers,1
scales,1
develop,1
encourage,1
tip,1
heavily,1
institutions,1
favor,1
therefore,1
original,1
germans,1
titular,1
paris,1
laboratories,1
elect,1
inasmuch,1
worship,1
students,1
theirs,1
embraced,1
became,1
laurels,1
day,1
top,1
rest,1
extremely,1
down,1
allow,1
list,1
keen,1
poor,1
too,1
always,1
procured,1
rivalry,1
pioneer,1
himself,1
distinguished,1
already,1
splendid,1
attained,1
science,1
doctor,1
stimulus,1
faculty,1
sign,1
remained,1
death,1
certificate,1
understood,1
aches,1
pains,1
establishment,1
closely,1
bernard,1
claude,1
lister,1
exceptions,1
modeled,1
brilliant,1
began,1
apart,1
overhauling,1
particularly,1
else,1
postgraduate,1
nowhere,1
departments,1
eventually,1
application,1
mediocre,1
trained,1
success,1
vitally,1
col,1
indifferently,1
citizen,1
intelligent,1
repay,1
say,1
me,1
let,1
europe,1
space,1
devotes,1
intensive,1
six,1
four,1
d,1
m,1
recognizing,1
fully,1
country,1
bear,1
results,1
applied,1
comparative,1
made,1
go,1
must,1
son,1
read,1
portion,1
graduates,1
somewhat,1
promotion,1
found,1
represents,1
profession,1
law,1
fittest,1
survival,1
ruthlessly,1
unfit,1
thorough,1
scholars,1
about,1
am,1
remain,1
age,1
ten,1
admitted,1
substitute,1
acting,1
place,1
masterly,1
summarized,1
rind,1
dogmatic,1
tempted,1
achieved,1
pliable,1
examination,1
provided,1
crusader,1
stands,1
yet,1
change,1
responsible,1
patient,1
augurs,1
future,1
accelerating,1
speed,1
removed,1
goal,1
reached,1
amazing,1
decade,1
devoted,1
chapters,1
history,1
treatise,1
exhaustive,1
ripe,1
benjamin,1
macmillan,1
york,1
need,1
emphasizes,1
demands,1
reform,1
movement,1
author,1
called,1
anywhere,1
fair,1
bid,1
harvard,1
establishments,1
into,1
blossomed,1
promise,1
altogether,1
disappeared,1
ones,1
worthless,1
later,1
review,1
proprietary,1
blows,1
sledgehammer,1
direct,1
century,1
quarter,1
continued,1
convincing,1
expressing,1
gift,1
facts,1
rare,1
final,1
remorseless,1
native,1
nearly,1
democratic,1
talent,1
differentiation,1
realizing,1
conception,1
false,1
minds,1
train,1
mud,1
expected,1
conditions,1
almost,1
pushed,1
custom,1
rigorous,1
excellent,1
deprived,1
reason,1
spirit,1
misconceived,1
giving,1
plan,1
finely,1
equipment,1
mental,1
point,1
pupil,1
salvation,1
shrinks,1
steps,1
carried,1
persons,1
successfully,1
r,1
everybody,1
attainments,1
above,1
aristocracy,1
represent,1
poorest,1
again,1
seats,1
over,1
dull,1
would,1
necessary,1
get,1
willingly,1
pressure,1
effort,1
selection,1
involves,1
viewed,1
true,1
remains,1
still,1
segregate,1
lowest,1
adjusted,1
told,1
lye,1
extent,1
wealthy,1
approaching,1
respects,1
nothing,1
widely,1
laxity,1
unevenness,1
contrasts,1
supported,1
mostly,1
controlled,1
western,1
scholarly,1
presented,1
picture,1
ad,1
distinct,1
experts,1
career,1
ideal,1
failed,1
examined,1
cent,1
per,1
seven,1
period,1
foundation,1
except,1
f,1
maturity,1
slice,1
considerable,1
irrespective,1
given,1
differentiate,1
elaborate,1
means,1
tends,1
implies,1
dent,1
stu,1
continental,1
father,1
children,1
hippocrates,1
honors,1
entering,1
below,1
examinations,1
hold,1
since,1
scholarships,1
admittance,1
gain,1
classes,1
poorer,1
outstanding,1
