term,count
the,18
of,18
and,9
to,7
a,6
by,5
with,5
it,5
on,4
his,4
that,3
be,3
is,3
than,3
power,2
such,2
more,2
who,2
ability,2
for,2
can,2
in,2
too,2
day,2
he,2
men,2
tales,2
teller,2
birds,1
brown,1
sing,1
love,1
religion,1
old,1
substance,1
little,1
where,1
gs,1
strange,1
dreams,1
airy,1
form,1
give,1
even,1
magic,1
into,1
experience,1
voice,1
spellbound,1
are,1
as,1
real,1
they,1
thing,1
words,1
spell,1
eat,1
tells,1
talent,1
mite,1
h,1
author,1
children,1
women,1
bewitched,1
ed,1
res,1
wag,1
perhaps,1
some,1
others,1
exerted,1
degree,1
genius,1
talk,1
we,1
earth,1
seem,1
holding,1
land,1
comrades,1
much,1
seeing,1
not,1
could,1
yet,1
killing,1
thirst,1
savage,1
life,1
lust,1
primitive,1
brutality,1
blood,1
filled,1
taller,1
marvelous,1
story,1
co,1
ac,1
chicago,1
kinney,1
west,1
margaret,1
troy,1
illustrated,1
taylor,1
c,1
deals,1
britain,1
when,1
had,1
head,1
visionary,1
restlessness,1
youth,1
uncouth,1
britons,1
ravaging,1
were,1
saxons,1
horde,1
race,1
subjected,1
mass,1
seething,1
bits,1
done,1
being,1
point,1
civilization,1
conquerors,1
roman,1
its,1
shape,1
veneer,1
thin,1
mere,1
