term,count
the,180
of,107
to,68
and,59
a,46
in,41
is,33
that,23
it,20
s,18
i,18
new,16
by,16
art,16
as,15
with,15
which,15
not,13
moscow,13
from,12
for,11
our,11
are,11
he,10
on,10
book,10
its,9
this,9
but,9
us,9
or,9
own,9
have,8
was,8
players,8
at,7
upon,7
russian,7
one,7
mr,7
be,7
who,7
what,6
now,6
if,6
very,6
all,6
york,6
has,6
musical,6
even,5
america,5
they,5
people,5
more,5
their,5
into,5
synthetic,5
made,5
an,5
will,4
no,4
something,4
bizet,4
when,4
only,4
these,4
opera,4
among,4
does,4
studio,4
other,4
had,4
experiments,4
brought,4
before,4
music,4
regard,4
artists,4
century,4
his,4
soviet,4
theatrical,3
action,3
been,3
being,3
present,3
most,3
come,3
may,3
o,3
see,3
nineteenth,3
yet,3
used,3
good,3
word,3
american,3
we,3
two,3
same,3
way,3
thing,3
dramatic,3
author,3
companies,3
so,3
some,3
here,3
n,3
already,3
toward,2
plate,2
do,2
vitality,2
far,2
part,2
any,2
per,2
soldier,2
visitor,2
reinhardt,2
costume,2
persons,2
position,2
business,2
found,2
them,2
ian,2
right,2
isaac,2
also,2
h,2
like,2
out,2
important,2
considerable,2
u,2
having,2
grand,2
previous,2
c,2
ru,2
learned,2
artist,2
hand,2
whole,2
notes,2
brand,2
account,2
takes,2
those,2
both,2
repertory,2
l,2
company,2
called,2
long,2
less,2
since,2
after,2
however,2
stock,2
dot,2
country,2
ground,2
t,2
e,2
carmencita,2
german,2
again,2
russians,2
progress,2
experiment,2
last,2
authority,2
history,2
stanislavsky,2
though,2
nor,2
red,2
europe,2
ch,2
name,2
world,2
original,2
than,2
can,2
came,2
where,2
thorough,2
back,2
attempt,2
th,2
including,2
capital,2
arts,2
him,2
full,2
method,2
unequaled,2
setting,2
first,2
fact,2
m,2
score,2
always,2
allied,2
oliver,2
advocate,2
just,2
another,2
show,2
never,1
achieved,1
gets,1
undertake,1
aboard,1
each,1
got,1
offense,1
slag,1
rearranged,1
carmen,1
laid,1
sacrilegious,1
resulted,1
combine,1
greek,1
ma,1
combination,1
ta,1
performance,1
direction,1
reeks,1
trust,1
librettists,1
fol,1
devout,1
chorus,1
field,1
vat,1
poet,1
rupiah,1
survey,1
exception,1
modern,1
czar,1
censor,1
mutilated,1
temple,1
work,1
grecians,1
somewhat,1
r,1
goal,1
well,1
arrive,1
win,1
applied,1
known,1
works,1
belonging,1
ambition,1
adapted,1
adjust,1
surgical,1
adequate,1
once,1
la,1
bank,1
daughter,1
operetta,1
madame,1
father,1
second,1
transform,1
neglected,1
unity,1
undertakings,1
defying,1
desired,1
step,1
ats,1
especial,1
next,1
speech,1
much,1
reviews,1
without,1
terms,1
express,1
accomplishment,1
end,1
tn,1
marry,1
thunder,1
athenian,1
begin,1
sonorous,1
steal,1
modestly,1
choose,1
enough,1
you,1
rash,1
actual,1
political,1
soon,1
letter,1
approves,1
fr,1
rd,1
giving,1
official,1
idea,1
minister,1
balk,1
happened,1
argues,1
follow,1
politics,1
tyler,1
fortified,1
innovator,1
education,1
quoted,1
quoting,1
facto,1
actors,1
godunov,1
boris,1
hero,1
tyrant,1
lacs,1
prove,1
al,1
least,1
four,1
five,1
six,1
hundred,1
islanding,1
de,1
clam,1
apostle,1
demerits,1
write,1
chief,1
faults,1
axe,1
direct,1
eon,1
construction,1
partly,1
ed,1
newspaper,1
articles,1
result,1
intrusion,1
province,1
reporter,1
appraiser,1
language,1
insight,1
destruction,1
calls,1
furnish,1
ranged,1
instruction,1
subject,1
stream,1
philosophy,1
attempts,1
correlate,1
life,1
readable,1
spite,1
learning,1
chapter,1
admirable,1
lucid,1
younger,1
jeer,1
sob,1
invader,1
v,1
sing,1
reverts,1
text,1
modest,1
fit,1
played,1
kingly,1
princes,1
brokers,1
capitals,1
shows,1
dizzy,1
altitude,1
aspiration,1
working,1
tore,1
riot,1
audacity,1
merits,1
appointed,1
fraud,1
op,1
ra,1
divine,1
disregards,1
wrong,1
about,1
transformed,1
ca,1
get,1
short,1
hints,1
greater,1
would,1
anything,1
individual,1
captured,1
were,1
cornerstone,1
structure,1
furnished,1
during,1
vitals,1
organ,1
ion,1
cherry,1
oct,1
hard,1
three,1
counted,1
propaganda,1
public,1
plays,1
proscription,1
submit,1
taken,1
nothing,1
hog,1
says,1
se,1
implications,1
pains,1
defend,1
therefore,1
agents,1
independent,1
sub,1
caesar,1
proletarian,1
oligarchy,1
reports,1
omit,1
triumphant,1
material,1
halos,1
morris,1
too,1
point,1
ease,1
went,1
take,1
mo,1
muscovite,1
development,1
lt,1
old,1
volume,1
men,1
getting,1
beforehand,1
know,1
should,1
resolved,1
eye,1
ready,1
ali,1
doubt,1
director,1
phil,1
older,1
matador,1
guidance,1
under,1
nd,1
tare,1
limited,1
cow,1
intelligence,1
chicago,1
plagues,1
seasons,1
spent,1
united,1
states,1
sojourn,1
pittsburgh,1
singing,1
boston,1
washington,1
ford,1
detroit,1
rehearsals,1
pro,1
bishops,1
visitation,1
effect,1
indiana,1
native,1
proper,1
satisfaction,1
instance,1
matters,1
number,1
rachmaninoff,1
offenbach,1
through,1
extending,1
playing,1
russia,1
acting,1
yea,1
acute,1
woman,1
explored,1
midst,1
reddest,1
season,1
peril,1
trembled,1
intrepidly,1
subsequently,1
shadow,1
twelve,1
cities,1
justify,1
admiration,1
approve,1
estimate,1
adventured,1
enthusiasm,1
speaks,1
especially,1
tell,1
appears,1
exotic,1
brock,1
hi,1
white,1
black,1
color,1
illustrations,1
inside,1
innovations,1
followed,1
ended,1
achievement,1
kremlin,1
sympathetic,1
dawes,1
glimpse,1
berlin,1
furiously,1
republic,1
magic,1
era,1
plan,1
lenin,1
did,1
hold,1
overnight,1
discovery,1
eyes,1
appraise,1
caught,1
review,1
writer,1
year,1
prophet,1
conquered,1
constantin,1
led,1
dispensation,1
symbol,1
saint,1
square,1
entombed,1
bourgeois,1
terror,1
living,1
still,1
begun,1
learn,1
acquired,1
strongest,1
privileged,1
whom,1
visiting,1
ears,1
ago,1
left,1
impress,1
moment,1
benefit,1
down,1
date,1
recorded,1
advance,1
submitted,1
le,1
precisely,1
nevertheless,1
remains,1
serve,1
let,1
situation,1
everybody,1
tongue,1
mother,1
count,1
up,1
face,1
audience,1
city,1
response,1
special,1
inspection,1
reprints,1
nonchalance,1
confirmed,1
wm,1
d,1
elements,1
lid,1
because,1
reviewers,1
mummery,1
notable,1
lea,1
st,1
case,1
version,1
lusty,1
comedy,1
conviction,1
carry,1
justified,1
admitted,1
himself,1
claims,1
whether,1
ourselves,1
judge,1
possible,1
hereabout,1
interest,1
immediate,1
commands,1
boards,1
offering,1
cake,1
allow,1
earth,1
nation,1
saying,1
self,1
holds,1
cue,1
interpreter,1
undertakes,1
explain,1
thus,1
greatest,1
few,1
exceptions,1
lacked,1
either,1
courage,1
maturity,1
european,1
bring,1
receptivity,1
max,1
liked,1
particular,1
english,1
road,1
hunting,1
happy,1
make,1
stands,1
night,1
movies,1
value,1
crick,1
railway,1
technique,1
give,1
literary,1
touched,1
vanity,1
flattering,1
lees,1
phrase,1
tile,1
sense,1
acknowledged,1
childlike,1
tension,1
high,1
perhaps,1
tact,1
placed,1
thrilled,1
reached,1
expression,1
writes,1
abroad,1
readily,1
instincts,1
lacking,1
fire,1
stoke,1
existence,1
urban,1
industrial,1
seething,1
heart,1
lie,1
traits,1
fair,1
