term,count
the,89
of,73
a,53
and,50
to,47
in,45
her,28
she,20
i,18
for,18
as,17
is,17
that,16
not,16
are,14
l,14
t,14
or,13
with,13
it,13
s,12
r,11
but,10
life,10
has,10
h,9
be,8
may,8
had,7
n,7
an,7
you,7
have,7
by,7
their,7
any,6
mary,6
men,6
this,6
many,6
at,6
w,6
critics,6
e,5
his,5
more,5
must,5
he,5
good,5
new,5
if,5
there,5
forty,5
him,4
certainly,4
women,4
us,4
from,4
olivier,4
they,4
like,4
public,4
style,4
on,4
book,4
sinclair,4
criticism,4
fiction,4
will,4
different,4
own,4
which,4
author,3
much,3
other,3
given,3
never,3
so,3
v,3
too,3
far,3
would,3
instance,3
some,3
into,3
no,3
man,3
love,3
c,3
our,3
woman,3
years,3
d,3
been,3
we,3
one,3
series,3
all,3
ace,3
english,3
did,2
put,2
rt,2
critic,2
than,2
authors,2
crime,2
set,2
ed,2
finally,2
time,2
hut,2
le,2
take,2
my,2
nd,2
cl,2
upon,2
nu,2
fancy,2
en,2
rod,2
two,2
up,2
do,2
o,2
subject,2
through,2
sharply,2
results,2
method,2
living,2
your,2
fir,2
sharp,2
until,2
reader,2
point,2
read,2
et,2
cherish,2
detestable,2
sire,2
forth,2
young,2
con,2
sense,2
yet,2
re,2
fashion,2
m,2
last,2
england,2
front,2
could,2
striking,2
often,2
moment,2
won,2
brief,2
latest,2
once,2
who,2
part,2
st,2
however,2
fascinating,2
after,2
old,2
year,2
matter,2
most,2
ink,2
intellectual,2
liable,2
novel,2
es,2
others,2
arc,2
end,2
five,2
each,2
first,2
accuse,1
clues,1
therefore,1
desire,1
general,1
saint,1
bliss,1
prejudice,1
leas,1
fit,1
while,1
choice,1
portrait,1
humility,1
question,1
great,1
fur,1
wrote,1
always,1
inimitable,1
sad,1
chosen,1
fell,1
memory,1
ive,1
oft,1
gertrude,1
pd,1
sin,1
hopes,1
clair,1
lapse,1
sinful,1
york,1
girl,1
hint,1
perfection,1
line,1
mower,1
very,1
teed,1
prom,1
liars,1
hurl,1
ca,1
honor,1
fin,1
cry,1
ha,1
ta,1
rs,1
company,1
novelist,1
page,1
meet,1
heaven,1
under,1
go,1
surrender,1
despite,1
art,1
indubitably,1
else,1
fall,1
compel,1
really,1
ll,1
might,1
why,1
age,1
today,1
active,1
intelligent,1
still,1
deferred,1
evidently,1
climacteric,1
feeling,1
fate,1
spiteful,1
claws,1
wondered,1
draw,1
works,1
number,1
pave,1
continued,1
scan,1
surfeited,1
becomes,1
teem,1
gave,1
falling,1
ended,1
bewildered,1
handsome,1
met,1
entire,1
such,1
looking,1
charm,1
earth,1
nowhere,1
former,1
surely,1
merely,1
realistic,1
determination,1
stern,1
owing,1
wholly,1
lie,1
publishers,1
bower,1
secretly,1
bees,1
precarious,1
firm,1
rel,1
econ,1
ale,1
dill,1
world,1
real,1
let,1
lice,1
fared,1
nature,1
mutual,1
hate,1
punishment,1
look,1
moat,1
mother,1
nubile,1
call,1
study,1
f,1
sketches,1
fires,1
come,1
shut,1
literary,1
hope,1
marian,1
lin,1
few,1
neat,1
sit,1
biographical,1
sat,1
vat,1
trite,1
done,1
ow,1
story,1
finish,1
ted,1
nod,1
looks,1
pen,1
hal,1
urine,1
brand,1
marry,1
lr,1
return,1
unspeakable,1
cleared,1
australia,1
lia,1
also,1
jimmy,1
army,1
personally,1
cars,1
poet,1
true,1
thane,1
same,1
modern,1
fish,1
rights,1
losers,1
sn,1
consisted,1
how,1
maids,1
stranded,1
stories,1
ea,1
earlier,1
contrast,1
cr,1
rook,1
me,1
gloom,1
ill,1
u,1
expressed,1
pangs,1
che,1
seas,1
steal,1
sate,1
ari,1
optimism,1
intense,1
oases,1
shall,1
ir,1
sim,1
ii,1
ton,1
dr,1
rf,1
tire,1
calla,1
relation,1
tn,1
p,1
play,1
tome,1
rill,1
g,1
sr,1
wodehouse,1
ether,1
hr,1
lo,1
concession,1
ly,1
cemented,1
founded,1
adolescence,1
close,1
whether,1
stuck,1
realize,1
god,1
change,1
heavy,1
notice,1
took,1
only,1
merits,1
position,1
high,1
shocks,1
dislocations,1
road,1
ions,1
generations,1
editor,1
insistence,1
write,1
consented,1
younger,1
reluctance,1
deal,1
article,1
whit,1
lacking,1
esteem,1
cs,1
ire,1
guns,1
forced,1
came,1
hold,1
continue,1
resents,1
sty,1
difference,1
slightest,1
make,1
central,1
abuse,1
boycott,1
determined,1
amused,1
er,1
problems,1
humor,1
older,1
secure,1
fairly,1
columns,1
firmly,1
afraid,1
novelists,1
rank,1
youth,1
afford,1
slow,1
when,1
established,1
already,1
work,1
reviewer,1
minds,1
critical,1
truth,1
ft,1
equipment,1
pretense,1
individual,1
disclaimer,1
opinion,1
certain,1
totally,1
every,1
phrases,1
ant,1
sonic,1
bestowed,1
ago,1
even,1
quite,1
output,1
variously,1
happen,1
hailed,1
ante,1
serf,1
ix,1
greatest,1
asunder,1
equator,1
poles,1
attitude,1
impertinence,1
rather,1
congenitally,1
think,1
recognize,1
keen,1
incline,1
vision,1
leis,1
narrow,1
fresh,1
fl,1
violent,1
writer,1
dislikes,1
likes,1
toward,1
lift,1
detached,1
told,1
makeup,1
mental,1
nothing,1
say,1
inclination,1
stumbling,1
y,1
continues,1
interest,1
civilized,1
gives,1
profession,1
pains,1
hay,1
belief,1
private,1
candidate,1
futility,1
view,1
deference,1
tho,1
according,1
likable,1
conception,1
involved,1
calculation,1
deliberate,1
cool,1
ag,1
delineation,1
distinct,1
asters,1
char,1
thirty,1
arrows,1
little,1
brown,1
enormous,1
scope,1
talent,1
seen,1
bias,1
legends,1
again,1
characters,1
minor,1
practically,1
near,1
anywhere,1
comes,1
distinctness,1
measure,1
remotely,1
fifty,1
sketched,1
glass,1
opera,1
wrong,1
become,1
having,1
impression,1
master,1
leaves,1
cumulative,1
progressive,1
episodes,1
rapid,1
lg,1
fly,1
likely,1
winged,1
review,1
covering,1
biography,1
romance,1
try,1
thought,1
perish,1
business,1
ne,1
porters,1
ht,1
tends,1
harold,1
devotees,1
cursed,1
country,1
conservatism,1
sentimental,1
devoted,1
immense,1
readers,1
win,1
nut,1
although,1
louis,1
lose,1
ho,1
least,1
adopter,1
happiest,1
body,1
considered,1
carefully,1
gets,1
countries,1
anything,1
see,1
can,1
dart,1
rules,1
departure,1
bitterly,1
object,1
opinions,1
comparatively,1
carry,1
predicate,1
without,1
weight,1
sentences,1
short,1
cut,1
vignettes,1
space,1
consume,1
flowing,1
suave,1
months,1
