term,count
the,34
of,25
to,19
is,17
a,14
and,14
conduct,9
that,8
in,8
for,8
we,8
he,7
it,7
but,7
all,7
not,7
morality,7
henderson,7
one,6
s,6
are,5
ends,5
as,5
happiness,5
with,4
by,4
they,4
must,4
more,4
may,4
things,4
what,3
first,3
human,3
wisdom,3
man,3
rules,3
efficiency,3
himself,3
perfect,3
experience,3
so,3
worthy,3
his,3
which,3
at,3
fortune,3
because,3
mr,3
men,3
some,3
good,3
desire,3
moral,2
proceeds,2
therefore,2
names,2
do,2
even,2
this,2
far,2
principle,2
general,2
nature,2
produce,2
these,2
way,2
measure,2
reasonable,2
two,2
no,2
best,2
immoral,2
process,2
be,2
welfare,2
children,2
there,2
law,2
whole,2
those,2
want,2
afford,2
know,2
how,2
heart,2
says,2
from,2
pursue,2
very,2
have,2
both,1
knowledge,1
live,1
virtue,1
gain,1
keep,1
financial,1
ace,1
mind,1
thought,1
undertake,1
stimulate,1
same,1
fit,1
you,1
gather,1
primary,1
declares,1
back,1
leads,1
vending,1
medicine,1
view,1
conflict,1
involved,1
individual,1
constant,1
reference,1
patent,1
objective,1
time,1
does,1
honored,1
exploiting,1
effects,1
discipline,1
simply,1
correcting,1
th,1
many,1
reading,1
instance,1
w,1
seeks,1
substitute,1
advertising,1
own,1
arbitrary,1
pervading,1
light,1
furnishes,1
category,1
make,1
perfectly,1
each,1
ma,1
wise,1
being,1
unmoral,1
unnecessary,1
obviously,1
applications,1
occupations,1
hopeful,1
sensible,1
events,1
once,1
broking,1
applied,1
would,1
stock,1
lies,1
off,1
judge,1
divine,1
book,1
event,1
striking,1
presentation,1
problem,1
life,1
offers,1
on,1
theory,1
now,1
either,1
cub,1
worth,1
social,1
ignorant,1
keeping,1
rabble,1
order,1
much,1
august,1
thing,1
veritable,1
nevertheless,1
too,1
formulate,1
accounted,1
dimly,1
actual,1
mere,1
generalizations,1
derived,1
fallible,1
author,1
after,1
demonstrating,1
device,1
efficiently,1
responsible,1
such,1
an,1
essay,1
morals,1
c,1
mo,1
pp,1
boston,1
co,1
us,1
seek,1
intelligently,1
agents,1
differ,1
another,1
wholly,1
sort,1
wherefore,1
virtues,1
discern,1
truly,1
morally,1
really,1
if,1
less,1
fruits,1
mean,1
well,1
nothing,1
attain,1
unworthy,1
aims,1
napoleonic,1
or,1
bold,1
rightness,1
say,1
satisfy,1
give,1
desirable,1
tho,1
l,1
contribute,1
secondly,1
since,1
its,1
tout,1
includes,1
deals,1
act,1
iv,1
eating,1
drinking,1
sleeping,1
digestion,1
rest,1
define,1
theoretical,1
only,1
meas,1
activity,1
most,1
impersonal,1
upon,1
has,1
function,1
means,1
right,1
following,1
itself,1
