term,count
the,26
of,21
to,9
is,9
s,8
was,7
ireland,6
in,6
and,6
a,6
that,6
it,6
no,5
th,5
not,4
smith,4
with,4
history,4
irish,4
r,3
y,3
t,3
has,3
l,3
but,3
been,3
mr,3
there,3
by,3
d,2
lie,2
have,2
as,2
its,2
o,2
co,2
essay,2
union,2
rule,2
h,2
view,2
ll,2
he,2
during,2
e,2
on,2
two,2
at,2
f,2
century,2
full,1
ind,1
n,1
date,1
power,1
each,1
parliaments,1
pendent,1
such,1
treaty,1
li,1
could,1
io,1
says,1
if,1
airy,1
lit,1
b,1
lived,1
tim,1
hr,1
so,1
lon,1
i,1
short,1
el,1
rh,1
under,1
acts,1
la,1
relations,1
however,1
will,1
political,1
hateful,1
series,1
coercion,1
q,1
tile,1
tho,1
bee,1
lt,1
an,1
chapter,1
land,1
code,1
hugh,1
stat,1
much,1
cult,1
came,1
ni,1
pa,1
probably,1
more,1
rotten,1
han,1
isl,1
cl,1
separation,1
since,1
or,1
onion,1
vi,1
pitt,1
re,1
si,1
morality,1
defended,1
lr,1
henceforth,1
finally,1
circumstances,1
accident,1
evident,1
his,1
point,1
changed,1
this,1
general,1
brief,1
outline,1
leads,1
up,1
present,1
situation,1
whose,1
perhaps,1
unduly,1
misfortune,1
historical,1
natural,1
rid,1
due,1
question,1
new,1
york,1
phillips,1
said,1
all,1
histories,1
saddest,1
many,1
years,1
ago,1
tried,1
show,1
sorrows,1
were,1
great,1
part,1
failure,1
home,1
incorporate,1
her,1
english,1
partook,1
letter,1
corruption,1
systems,1
confronted,1
other,1
feudalism,1
normans,1
tribalism,1
native,1
celts,1
till,1
sixteenth,1
antagonism,1
religion,1
g,1
after,1
modeled,1
parliament,1
ii,1
empire,1
mournful,1
connection,1
england,1
begins,1
twelfth,1
reign,1
established,1
subordinate,1
bane,1
which,1
delegated,1
separate,1
realm,1
attached,1
necessarily,1
j,1
