term,count
the,17
of,15
and,13
to,9
is,8
this,7
flowers,6
in,6
are,6
not,5
her,5
an,4
be,4
a,4
for,4
mountain,4
wild,4
which,3
flower,3
it,3
or,3
that,3
color,3
book,3
special,2
time,2
more,2
than,2
she,2
as,2
its,2
with,2
does,2
ignorance,2
given,2
by,2
may,2
public,2
he,2
general,2
julia,2
botany,2
john,1
uses,1
nomenclature,1
prof,1
simply,1
botanist,1
worded,1
clearly,1
exact,1
federal,1
canada,1
any,1
sections,1
plants,1
together,1
ions,1
script,1
de,1
succeeded,1
has,1
indexed,1
readily,1
characteristics,1
located,1
chief,1
name,1
one,1
concise,1
topic,1
tell,1
especial,1
illustrations,1
numerous,1
uniform,1
excellence,1
those,1
who,1
have,1
struggled,1
photography,1
will,1
appreciate,1
skill,1
shown,1
l,1
plates,1
helen,1
r,1
should,1
nature,1
us,1
knowledge,1
however,1
whether,1
er,1
annual,1
nor,1
treatise,1
on,1
u,1
include,1
named,1
exclusively,1
but,1
alter,1
value,1
wayfarer,1
better,1
intimate,1
so,1
first,1
guide,1
descriptions,1
some,1
branch,1
certain,1
localities,1
delightful,1
science,1
would,1
even,1
less,1
familiar,1
airs,1
f,1
offers,1
interesting,1
practical,1
treating,1
from,1
appear,1
although,1
america,1
w,1
pp,1
boston,1
co,1
net,1
taught,1
handbooks,1
our,1
schools,1
evinces,1
astonishing,1
study,1
were,1
volume,1
unenlightened,1
recognizes,1
case,1
his,1
question,1
being,1
what,1
red,1
blue,1
order,1
eye,1
genus,1
species,1
probably,1
knows,1
nothing,1
therefore,1
invariably,1
s,1
common,1
without,1
meets,1
frankly,1
intended,1
use,1
botanists,1
cording,1
reference,1
xx,1
their,1
scientific,1
attribute,1
plant,1
attracts,1
tr,1
albee,1
