term,count
the,140
of,70
to,43
in,37
a,34
that,33
and,31
is,30
it,24
t,20
this,14
i,14
as,13
be,13
not,13
s,12
by,12
for,10
or,9
he,9
l,8
immigrant,8
culture,8
on,7
at,7
c,7
they,7
school,7
r,7
him,7
from,6
must,6
his,6
life,6
community,5
instead,5
would,5
there,5
j,5
have,5
much,5
understand,5
their,5
only,5
them,5
children,5
what,5
which,4
race,4
these,4
american,4
little,4
with,4
work,4
more,4
out,4
middle,4
any,4
taught,3
different,3
taking,3
into,3
one,3
ur,3
but,3
made,3
ix,3
hr,3
among,3
highest,3
racial,3
ly,3
re,3
group,3
if,3
per,3
all,3
were,3
professor,3
such,3
subject,3
an,3
other,3
give,3
nation,3
take,3
will,3
fusion,3
should,3
tl,3
has,3
cultural,3
no,3
effort,3
we,3
who,3
own,3
e,3
w,3
put,3
d,3
manner,2
character,2
ample,2
inter,2
broadened,2
america,2
n,2
unskilled,2
rich,2
same,2
english,2
civilization,2
et,2
lost,2
history,2
study,2
up,2
than,2
may,2
call,2
drops,2
new,2
most,2
true,2
cent,2
home,2
fact,2
old,2
idea,2
those,2
was,2
failure,2
o,2
been,2
communities,2
environment,2
can,2
without,2
mind,2
teaching,2
public,2
our,2
water,2
y,2
high,2
f,2
freedom,2
become,2
arc,2
daily,2
soon,2
her,2
iv,2
ever,2
foreign,2
are,2
h,2
great,2
tn,2
upon,2
so,2
interest,2
come,2
however,2
cultures,2
m,2
amt,2
possible,2
place,2
basis,2
second,2
immigrants,2
like,2
becomes,2
adult,2
limits,2
groups,2
even,2
nations,1
iron,1
civics,1
ex,1
taker,1
giver,1
pursue,1
peen,1
perhaps,1
attitude,1
whom,1
asking,1
heretofore,1
us,1
something,1
position,1
interests,1
unless,1
marrying,1
too,1
please,1
mere,1
transmit,1
consciousness,1
ewe,1
seek,1
step,1
recognition,1
similarities,1
absence,1
present,1
contrasted,1
safeguard,1
between,1
ally,1
institutions,1
light,1
v,1
under,1
land,1
improve,1
start,1
when,1
comes,1
active,1
recorded,1
descendants,1
sufficient,1
civilized,1
later,1
years,1
thousand,1
world,1
say,1
roman,1
already,1
pi,1
gut,1
achievements,1
tire,1
virile,1
club,1
creation,1
ground,1
cleared,1
ruthlessly,1
em,1
article,1
forth,1
urea,1
every,1
fathers,1
madness,1
sin,1
original,1
proof,1
appeal,1
demonstration,1
author,1
trees,1
wreckers,1
proposals,1
cherish,1
past,1
glorious,1
alteration,1
classrooms,1
remnants,1
ruined,1
space,1
puerile,1
americas,1
incorporating,1
finding,1
holds,1
nevertheless,1
fin,1
rome,1
copying,1
might,1
third,1
nat,1
whatever,1
intensely,1
lessons,1
rule,1
played,1
subsequent,1
seaboard,1
along,1
represented,1
colonists,1
ingredient,1
formed,1
student,1
pot,1
medium,1
amusement,1
instrument,1
races,1
contributions,1
marshal,1
conscious,1
nu,1
value,1
transformed,1
radically,1
living,1
needs,1
coming,1
shortly,1
coal,1
methods,1
horn,1
shall,1
miner,1
vision,1
rice,1
finds,1
leave,1
waves,1
hating,1
successive,1
blossoming,1
free,1
hint,1
rather,1
mew,1
lies,1
back,1
body,1
disintegration,1
save,1
efforts,1
merely,1
enriched,1
frantic,1
reminds,1
throughout,1
words,1
ir,1
oh,1
incomprehensible,1
background,1
healthy,1
expecting,1
root,1
signs,1
how,1
language,1
foreman,1
its,1
commands,1
formation,1
anything,1
owes,1
country,1
warning,1
oil,1
matter,1
dangerous,1
places,1
ones,1
newer,1
educate,1
americans,1
older,1
side,1
instruction,1
nit,1
ancient,1
mistake,1
fundamental,1
makes,1
service,1
lt,1
tic,1
pm,1
manufacturing,1
fl,1
including,1
classes,1
medina,1
tho,1
committed,1
ii,1
form,1
way,1
est,1
shows,1
americanization,1
carry,1
generation,1
first,1
notable,1
tendency,1
total,1
self,1
nor,1
mark,1
year,1
seven,1
fur,1
ian,1
main,1
least,1
mn,1
blame,1
canon,1
system,1
ref,1
rigidity,1
authorities,1
prove,1
undertakes,1
likely,1
largely,1
etas,1
lever,1
contact,1
cant,1
run,1
arid,1
review,1
movement,1
size,1
gas,1
democracy,1
tia,1
tee,1
assimilation,1
lest,1
mac,1
truly,1
end,1
sr,1
tm,1
values,1
various,1
thirteen,1
expects,1
rs,1
latter,1
rn,1
lout,1
text,1
missing,1
rf,1
tr,1
sn,1
anti,1
wanted,1
room,1
sooner,1
statistics,1
hands,1
x,1
having,1
cities,1
because,1
fun,1
best,1
adopts,1
fork,1
hat,1
sf,1
whether,1
appear,1
amalgamation,1
u,1
keep,1
traditions,1
preserve,1
reader,1
better,1
turned,1
slav,1
de,1
father,1
whole,1
says,1
contribution,1
class,1
mediocre,1
chiefly,1
since,1
problem,1
let,1
immigration,1
forced,1
rein,1
constantly,1
material,1
lack,1
die,1
continuance,1
forces,1
count,1
do,1
lions,1
na,1
tot,1
setting,1
imagine,1
offer,1
far,1
concerning,1
unique,1
invading,1
barbarities,1
justifying,1
very,1
ignored,1
deliberate,1
neglected,1
discarded,1
genius,1
potency,1
replace,1
peoples,1
resulting,1
versatile,1
thought,1
br,1
inevitably,1
wac,1
opportunity,1
growing,1
texture,1
weaving,1
heritage,1
future,1
con,1
mental,1
fiery,1
born,1
response,1
mighty,1
points,1
disposed,1
sand,1
grains,1
about,1
lesson,1
desks,1
before,1
chairs,1
grown,1
placing,1
stiff,1
meat,1
arrange,1
itself,1
building,1
point,1
does,1
milieu,1
makeup,1
arms,1
enthusiasm,1
draw,1
animated,1
observing,1
enthusiasts,1
enjoy,1
ran,1
rate,1
melting,1
reproduce,1
lives,1
migrant,1
tin,1
taken,1
told,1
make,1
tray,1
right,1
trouble,1
did,1
ree,1
cr,1
tile,1
hearts,1
also,1
builders,1
last,1
