term,count
the,92
of,59
to,50
and,42
he,33
is,29
a,26
his,24
in,24
that,22
for,21
be,19
it,13
which,13
society,12
him,12
should,12
all,11
with,11
convict,11
i,11
by,10
would,9
man,8
from,7
she,7
have,7
but,7
you,7
this,7
or,6
make,6
at,6
as,6
system,6
other,6
thinks,6
not,6
criminal,6
criminals,6
on,5
whole,5
injury,5
penal,5
if,5
wrong,5
crime,5
has,5
prison,5
who,5
only,5
present,4
s,4
letter,4
purpose,4
their,4
because,4
author,4
good,4
work,4
time,4
r,4
about,4
th,4
property,3
your,3
victim,3
pay,3
open,3
upon,3
than,3
any,3
may,3
treatment,3
its,3
out,3
can,3
thought,3
they,3
are,3
against,3
one,3
so,3
toward,3
been,3
protection,3
them,3
made,3
attitude,3
come,3
no,3
there,2
most,2
standpoint,2
was,2
conditions,2
since,2
cf,2
says,2
does,2
aim,2
isolated,2
understand,2
bear,2
himself,2
unjust,2
b,2
after,2
considered,2
restitution,2
deeds,2
compelled,2
being,2
mind,2
consequence,2
l,2
conviction,2
first,2
again,2
reformation,2
afford,2
long,2
suffers,2
worthy,2
place,2
basis,2
above,2
method,2
st,2
declares,2
introduction,2
parole,2
indeed,2
then,2
worth,2
serving,2
while,2
writes,2
prisons,2
still,2
less,2
given,2
convicts,2
right,2
number,2
years,2
deal,2
an,2
crimes,2
week,2
great,2
times,1
abnormal,1
goes,1
into,1
impressed,1
caused,1
seen,1
particularly,1
thoughts,1
true,1
fully,1
line,1
commit,1
without,1
working,1
possible,1
perverted,1
keeping,1
kept,1
fit,1
physically,1
afterward,1
t,1
need,1
correction,1
continue,1
occupation,1
ailments,1
physical,1
causative,1
reforming,1
gravity,1
way,1
offense,1
together,1
bee,1
penitentiaries,1
indiscriminate,1
tern,1
eye,1
labor,1
contract,1
herding,1
consequences,1
lose,1
costs,1
cents,1
company,1
another,1
boot,1
maud,1
evidence,1
wages,1
inmates,1
find,1
excuse,1
except,1
money,1
earning,1
putting,1
sense,1
loot,1
shame,1
robbed,1
charge,1
le,1
hell,1
consider,1
misery,1
cowardly,1
affords,1
v,1
trivial,1
conversation,1
principle,1
citizen,1
important,1
did,1
deem,1
irresponsible,1
found,1
few,1
months,1
rest,1
coupled,1
however,1
emphatically,1
change,1
told,1
lie,1
finally,1
tm,1
erect,1
show,1
expect,1
manly,1
sure,1
plenty,1
more,1
must,1
o,1
such,1
worst,1
under,1
thief,1
res,1
contact,1
sane,1
suitable,1
taken,1
sermons,1
year,1
series,1
sermon,1
am,1
means,1
redress,1
hands,1
give,1
wherever,1
hardened,1
unmanliness,1
improved,1
responsibility,1
tile,1
honest,1
naturally,1
freedom,1
were,1
treated,1
leading,1
net,1
feel,1
end,1
take,1
full,1
liberty,1
inspire,1
might,1
seemingly,1
surroundings,1
how,1
adverse,1
rises,1
human,1
real,1
officials,1
rogue,1
influence,1
circumstances,1
recognize,1
though,1
thai,1
re,1
shift,1
effort,1
trying,1
suffice,1
prepare,1
paid,1
rights,1
put,1
attention,1
authenticity,1
vouches,1
subject,1
authority,1
some,1
speak,1
her,1
discharged,1
earnest,1
whoso,1
booth,1
conflict,1
life,1
mat,1
addresses,1
e,1
n,1
reading,1
well,1
pleads,1
de,1
theories,1
serves,1
straightforward,1
sober,1
considers,1
book,1
cell,1
u,1
could,1
problem,1
world,1
touch,1
felt,1
always,1
wall,1
side,1
voice,1
hearken,1
strongly,1
much,1
agree,1
subjects,1
something,1
prisoner,1
used,1
also,1
when,1
administered,1
methods,1
systems,1
learned,1
surely,1
old,1
five,1
thirty,1
although,1
penitentiary,1
sentence,1
eighth,1
bars,1
behind,1
fellows,1
behalf,1
needs,1
intelligence,1
ample,1
say,1
opportunity,1
able,1
likely,1
very,1
style,1
trenchant,1
concise,1
master,1
tongue,1
mother,1
grammar,1
those,1
whose,1
authors,1
american,1
goodly,1
english,1
better,1
leisure,1
observation,1
presentation,1
point,1
reformed,1
injustice,1
results,1
resulting,1
confinement,1
maintenance,1
arrest,1
detection,1
expend,1
refund,1
use,1
loss,1
reason,1
sustains,1
damages,1
actual,1
stole,1
destroyed,1
complete,1
reparation,1
logical,1
around,1
illogical,1
acts,1
victims,1
supposed,1
little,1
derives,1
continuing,1
serious,1
proceeding,1
cost,1
trial,1
jury,1
grand,1
before,1
hearing,1
preliminary,1
witnesses,1
sacrificing,1
further,1
endure,1
forced,1
righted,1
punished,1
really,1
view,1
animating,1
twentieth,1
altogether,1
makeshift,1
savage,1
thinking,1
concerning,1
these,1
confined,1
seem,1
experience,1
cent,1
per,1
comprising,1
numerous,1
far,1
entirely,1
almost,1
refers,1
discussion,1
century,1
infliction,1
fender,1
return,1
essential,1
bring,1
injure,1
same,1
prospective,1
desired,1
favor,1
aside,1
cast,1
ought,1
obtain,1
frying,1
run,1
member,1
hi,1
total,1
sum,1
increases,1
merely,1
fatuity,1
