term,count
of,62
the,56
and,45
to,30
in,27
a,26
i,16
with,12
as,11
other,10
their,10
that,9
his,9
each,9
adams,9
we,8
on,8
jefferson,8
all,8
is,8
for,7
which,7
was,7
one,7
s,7
had,6
correspondence,6
there,6
years,6
american,6
not,6
this,6
our,6
most,5
it,5
have,5
letters,5
so,4
should,4
time,4
us,4
they,4
some,4
any,4
men,4
be,4
both,4
he,4
are,4
him,3
de,3
make,3
death,3
life,3
believe,3
much,3
but,3
at,3
age,3
such,3
future,3
than,3
more,3
can,3
little,3
find,3
its,3
these,3
world,3
history,3
thomas,3
live,3
by,3
period,3
volumes,2
from,2
seen,2
known,2
america,2
later,2
could,2
lived,2
know,2
visit,2
or,2
living,2
mellow,2
another,2
do,2
what,2
average,2
real,2
early,2
republic,2
old,2
state,2
through,2
mutual,2
no,2
human,2
solemn,2
here,2
john,2
young,2
deal,2
mind,2
great,2
between,2
would,2
lot,2
pleasure,2
like,2
fourscore,2
out,2
although,2
did,2
two,2
if,2
an,2
pain,2
even,1
respects,1
frostily,1
people,1
illnesses,1
am,1
worldly,1
boston,1
asking,1
further,1
interruption,1
words,1
pay,1
answering,1
year,1
last,1
grandson,1
permission,1
touching,1
run,1
randolph,1
delighting,1
afflicted,1
les,1
july,1
surely,1
riding,1
fitting,1
never,1
saw,1
prodigious,1
again,1
amazing,1
activity,1
interests,1
wide,1
keen,1
turned,1
fro,1
received,1
candor,1
ninety,1
miles,1
property,1
grimm,1
ne,1
retired,1
orig,1
twelve,1
pages,1
memoirs,1
stimulation,1
continued,1
fourth,1
until,1
baron,1
fifteen,1
within,1
hour,1
rending,1
records,1
private,1
halcyon,1
wishes,1
calm,1
monticello,1
sage,1
review,1
pail,1
contributor,1
day,1
opinions,1
shelf,1
foot,1
five,1
reverence,1
jargon,1
unintelligible,1
puerilities,1
whimsies,1
work,1
plato,1
report,1
too,1
ere,1
f,1
stoicism,1
bea,1
manners,1
permits,1
generation,1
growth,1
room,1
off,1
drop,1
reasonable,1
when,1
ourselves,1
well,1
rs,1
regarding,1
ripener,1
overbalance,1
think,1
prospect,1
longer,1
write,1
nearing,1
overbalances,1
whether,1
over,1
climates,1
cities,1
able,1
labors,1
breast,1
riper,1
subservience,1
colonial,1
r,1
dull,1
nothing,1
witness,1
individually,1
argonauts,1
birth,1
preceding,1
heroic,1
heard,1
has,1
hint,1
around,1
those,1
recount,1
nights,1
winter,1
perils,1
working,1
heart,1
theirs,1
hungry,1
roaming,1
always,1
who,1
disdain,1
ironic,1
fine,1
traces,1
bow,1
best,1
receiving,1
then,1
ambition,1
gratify,1
weathered,1
stoutly,1
argosy,1
storm,1
succeeding,1
calms,1
teem,1
evident,1
being,1
them,1
felt,1
problems,1
pet,1
shock,1
will,1
youth,1
reserve,1
business,1
politics,1
religion,1
constantly,1
thought,1
widely,1
read,1
fully,1
long,1
gift,1
country,1
offices,1
highest,1
were,1
keenly,1
minds,1
octogenarians,1
hair,1
curly,1
everything,1
touched,1
speculations,1
mercury,1
humorous,1
flippantly,1
gentlemen,1
dignified,1
finding,1
surprise,1
museum,1
casts,1
piaster,1
look,1
accustomed,1
ago,1
century,1
held,1
hearts,1
g,1
sport,1
commuters,1
stages,1
post,1
leisurely,1
velveteens,1
wigs,1
powdered,1
less,1
days,1
books,1
full,1
libraries,1
despite,1
company,1
merrill,1
indianapolis,1
paul,1
comment,1
selected,1
subways,1
clothes,1
unburdening,1
thinks,1
workaday,1
glow,1
done,1
been,1
h,1
rig,1
part,1
publication,1
today,1
common,1
underneath,1
things,1
show,1
outward,1
superficially,1
orate,1
posture,1
pose,1
secret,1
immortality,1
origin,1
indian,1
ties,1
forever,1
dissolve,1
almighty,1
why,1
firework,1
pomp,1
swelling,1
appear,1
universe,1
god,1
te,1
earth,1
die,1
merely,1
species,1
conceive,1
undoubtedly,1
reasons,1
my,1
tender,1
unite,1
emerging,1
delightfully,1
philadelphia,1
rush,1
benjamin,1
friend,1
m,1
four,1
favor,1
aside,1
swept,1
only,1
emerged,1
politically,1
opposed,1
bits,1
unique,1
friendship,1
next,1
see,1
forbid,1
felicity,1
assurance,1
positive,1
give,1
amours,1
fruit,1
left,1
eggshells,1
carey,1
mother,1
trip,1
made,1
girls,1
frolic,1
son,1
suppose,1
soon,1
add,1
your,1
wrote,1
hess,1
stuart,1
gilbert,1
grave,1
hypotheses,1
reasonings,1
before,1
revelation,1
does,1
nor,1
meet,1
shall,1
physically,1
prove,1
how,1
just,1
philosophers,1
vision,1
writing,1
yet,1
peopling,1
tile,1
subject,1
upon,1
divines,1
encroach,1
