term,count
and,18
the,13
of,13
a,8
in,8
to,5
t,5
with,5
i,5
from,4
but,3
had,3
is,3
n,3
by,3
other,3
which,3
later,2
tile,2
more,2
cattle,2
was,2
being,2
there,2
adventures,2
tale,2
his,2
county,2
he,2
s,2
three,2
feud,2
l,2
an,2
fact,2
time,2
years,2
their,2
at,2
among,2
that,2
re,1
band,1
duly,1
es,1
headed,1
career,1
opened,1
p,1
lynched,1
escaped,1
dead,1
shots,1
slid,1
wonderful,1
caused,1
even,1
open,1
eyes,1
him,1
respect,1
renegade,1
came,1
when,1
outlaw,1
narrowly,1
white,1
stampeding,1
never,1
deadly,1
titan,1
hundred,1
lust,1
men,1
were,1
fail,1
battle,1
assassination,1
those,1
vt,1
ho,1
like,1
vast,1
stories,1
least,1
veil,1
find,1
within,1
grim,1
forgot,1
so,1
proved,1
friend,1
need,1
jimmie,1
tad,1
oilier,1
fangs,1
various,1
or,1
less,1
energetic,1
individuals,1
besides,1
taking,1
part,1
border,1
tear,1
deadest,1
washington,1
course,1
oaks,1
laid,1
around,1
frontier,1
flourishing,1
towns,1
los,1
live,1
while,1
scene,1
period,1
after,1
tic,1
book,1
ending,1
establishment,1
order,1
mostly,1
both,1
far,1
novel,1
v,1
eel,1
ii,1
faults,1
b,1
this,1
new,1
wild,1
setting,1
west,1
tack,1
incident,1
not,1
them,1
chosen,1
for,1
y,1
indians,1
bad,1
u,1
jim,1
known,1
as,1
go,1
get,1
fm,1
coma,1
on,1
non,1
particular,1
tits,1
brothers,1
se,1
hugh,1
david,1
begun,1
young,1
square,1
four,1
man,1
killers,1
sand,1
peons,1
similar,1
type,1
arc,1
trite,1
also,1
contains,1
two,1
beautiful,1
tend,1
lee,1
story,1
meeting,1
taste,1
