term,count
the,14
and,9
of,8
to,8
in,6
a,5
with,4
l,4
that,3
n,3
on,3
tile,3
for,3
h,3
ill,3
f,2
as,2
th,2
fiction,2
be,2
stories,2
he,2
west,2
war,2
ills,2
oat,1
found,1
page,1
sent,1
health,1
well,1
o,1
recruit,1
fr,1
received,1
old,1
too,1
him,1
spanish,1
april,1
finally,1
until,1
makes,1
keen,1
were,1
excitement,1
adventure,1
frontier,1
wherever,1
things,1
these,1
lie,1
oil,1
tilt,1
fro,1
swiftly,1
animals,1
men,1
cy,1
io,1
ll,1
it,1
ally,1
guard,1
riff,1
r,1
thick,1
concerned,1
yea,1
tie,1
stirring,1
se,1
tl,1
all,1
southern,1
story,1
s,1
western,1
along,1
was,1
covers,1
personal,1
fabric,1
weave,1
which,1
over,1
skeleton,1
slight,1
constructed,1
have,1
seems,1
hook,1
paris,1
various,1
days,1
early,1
achievements,1
activities,1
thrilling,1
do,1
much,1
had,1
author,1
company,1
york,1
ar,1
y,1
pd,1
reminiscence,1
t,1
civil,1
very,1
during,1
army,1
northern,1
served,1
coast,1
rocky,1
through,1
south,1
north,1
ranged,1
way,1
his,1
made,1
soon,1
fifties,1
middle,1
trail,1
santa,1
an,1
from,1
alone,1
foot,1
youthful,1
starting,1
experience,1
variety,1
great,1
instinct,1
