term,count
the,44
of,30
and,17
in,17
to,17
a,16
s,13
that,10
harden,10
he,8
is,7
his,7
not,6
by,6
for,6
world,5
which,5
i,5
be,4
imaginary,4
most,4
can,4
him,3
with,3
has,3
men,3
pair,3
also,3
one,3
just,3
business,3
what,3
at,3
it,3
st,2
leave,2
when,2
sure,2
did,2
himself,2
estimate,2
off,2
but,2
some,2
into,2
said,2
after,2
are,2
as,2
an,2
writes,2
another,2
tells,2
th,2
oil,2
company,2
legend,2
out,2
volume,2
limited,2
papacy,2
admiration,2
financier,2
contempt,2
politician,2
times,2
power,2
new,2
york,2
germany,2
apparently,1
man,1
pointing,1
always,1
functions,1
sought,1
any,1
welfare,1
evening,1
fails,1
understand,1
advantageous,1
coat,1
dinner,1
don,1
well,1
effort,1
disadvantageous,1
much,1
persuaded,1
later,1
thereupon,1
allin,1
who,1
ill,1
how,1
hit,1
defended,1
writer,1
belongs,1
meeting,1
made,1
fancied,1
interesting,1
parts,1
passage,1
retails,1
author,1
albert,1
famous,1
head,1
hamburg,1
line,1
thought,1
introduced,1
greatest,1
even,1
rhineland,1
captains,1
industry,1
children,1
crumb,1
cake,1
oman,1
alone,1
so,1
keep,1
bands,1
voices,1
remarks,1
undertaking,1
single,1
m,1
despite,1
report,1
have,1
instantly,1
would,1
plateau,1
himalayan,1
high,1
whisked,1
had,1
magician,1
if,1
believe,1
am,1
delight,1
smiling,1
wild,1
begun,1
studying,1
its,1
polite,1
nationalistic,1
dower,1
commercial,1
international,1
lust,1
anti,1
strongest,1
geological,1
mind,1
realize,1
fact,1
deplores,1
conclusion,1
possibilities,1
broad,1
does,1
en,1
defeat,1
maritime,1
sweeping,1
prophesies,1
yon,1
hypnotized,1
var,1
book,1
gave,1
ger,1
foresee,1
showed,1
sense,1
common,1
extraordinary,1
victories,1
full,1
likes,1
tc,1
personal,1
probing,1
genius,1
military,1
end,1
bitter,1
believed,1
support,1
den,1
nays,1
warfare,1
vine,1
ruthless,1
policy,1
remark,1
eldest,1
america,1
absorbing,1
typical,1
two,1
between,1
wireless,1
berlin,1
entire,1
n,1
declare,1
irresistible,1
april,1
remarkable,1
magnate,1
painted,1
show,1
street,1
perfect,1
tempered,1
orthodox,1
religious,1
other,1
tr,1
syndicate,1
form,1
church,1
greek,1
seriousness,1
russian,1
amalgamated,1
copyright,1
peter,1
called,1
intend,1
coincidence,1
striking,1
discovered,1
upon,1
latest,1
appears,1
from,1
pen,1
achievements,1
maximilian,1
attention,1
series,1
death,1
brilliant,1
time,1
audacious,1
here,1
published,1
k,1
character,1
fez,1
leading,1
intense,1
feeling,1
mixed,1
aroused,1
day,1
penetrating,1
style,1
hugo,1
original,1
intensely,1
analysis,1
involved,1
describes,1
arden,1
including,1
tibetan,1
lama,1
grab,1
portion,1
control,1
gets,1
finally,1
until,1
continue,1
seeking,1
or,1
interests,1
appraises,1
against,1
nail,1
tooth,1
fight,1
production,1
else,1
arch,1
urquhart,1
son,1
been,1
baku,1
governments,1
soviet,1
pasha,1
sinclair,1
exploits,1
rothschild,1
rockefeller,1
trust,1
plan,1
advantageously,1
make,1
will,1
throughout,1
enterprises,1
moving,1
completely,1
shall,1
rome,1
near,1
city,1
picture,1
founding,1
fattest,1
grounds,1
vatican,1
factory,1
paper,1
esta,1
plans,1
eclipse,1
los,1
angeles,1
liability,1
credit,1
owning,1
half,1
east,1
prussia,1
large,1
part,1
sweden,1
waterfront,1
copenhagen,1
lion,1
share,1
stock,1
politics,1
