term,count
the,70
of,55
and,23
in,20
a,19
to,19
is,16
he,14
s,13
his,13
that,13
was,8
by,7
her,6
with,6
browning,6
it,6
as,6
not,6
but,6
painter,5
lippi,5
mr,5
been,5
full,5
him,5
romance,5
for,5
filippo,5
tale,4
has,4
be,4
anderson,4
all,4
have,4
well,4
whole,3
worldly,3
little,3
may,3
who,3
say,3
years,3
j,3
good,3
facts,3
their,3
are,3
great,3
world,3
spite,3
story,3
monastery,3
life,3
friar,3
legend,3
century,3
romantic,2
very,2
others,2
made,2
nobody,2
because,2
from,2
us,2
friars,2
historians,2
took,2
told,2
which,2
madonna,2
chaplain,2
love,2
we,2
convent,2
more,2
accounts,2
poem,2
will,2
history,2
an,2
enough,2
son,2
argument,2
when,2
book,2
niece,2
pictures,2
had,2
fleshly,2
florence,2
much,2
out,2
nun,2
about,2
this,2
color,2
man,2
orders,2
carmine,2
according,2
satisfied,1
highly,1
hesitation,1
portrayed,1
moral,1
without,1
ordered,1
village,1
narrative,1
fifteenth,1
renaissance,1
adjacent,1
at,1
accepted,1
did,1
fond,1
exist,1
always,1
itself,1
known,1
quality,1
society,1
defends,1
only,1
historically,1
rejects,1
views,1
those,1
regard,1
mythical,1
than,1
records,1
warmly,1
accusations,1
type,1
sustain,1
many,1
does,1
sixteenth,1
r,1
whose,1
imagined,1
called,1
published,1
can,1
loose,1
defects,1
possible,1
drove,1
experience,1
among,1
deliberate,1
talk,1
flowery,1
aria,1
fair,1
affections,1
girl,1
personages,1
descriptive,1
wins,1
paints,1
passages,1
possesses,1
poverty,1
she,1
there,1
ignorance,1
plus,1
pope,1
medici,1
de,1
botticelli,1
ii,1
sandro,1
age,1
men,1
intimacy,1
sort,1
pleasant,1
case,1
misreading,1
criticism,1
passion,1
begins,1
before,1
career,1
fall,1
charm,1
on,1
destroy,1
seems,1
santa,1
renown,1
begin,1
prefer,1
foe,1
its,1
tones,1
glimpse,1
younger,1
evidence,1
beginning,1
sister,1
chosen,1
th,1
varied,1
ore,1
long,1
light,1
glad,1
l,1
woman,1
sanctity,1
young,1
became,1
della,1
preserves,1
painting,1
model,1
person,1
doubts,1
them,1
prior,1
see,1
must,1
so,1
asthma,1
care,1
comes,1
jesting,1
left,1
ironies,1
fellow,1
voluble,1
watchmen,1
words,1
bandying,1
grave,1
modern,1
art,1
reject,1
scandalous,1
established,1
seem,1
against,1
lived,1
into,1
d,1
year,1
fame,1
ha,1
died,1
poor,1
priest,1
spring,1
florentine,1
one,1
account,1
immortalized,1
brown,1
anew,1
old,1
scandals,1
never,1
die,1
directly,1
responsible,1
revival,1
interest,1
nineteenth,1
purely,1
traditional,1
weaknesses,1
dawn,1
brother,1
sometime,1
brotherhood,1
best,1
most,1
decent,1
holy,1
end,1
chapter,1
vivid,1
imagination,1
saw,1
moonlit,1
night,1
nunnery,1
later,1
these,1
covered,1
orphan,1
boy,1
eight,1
guesses,1
persuaded,1
hunger,1
they,1
fed,1
juggler,1
massenet,1
lyric,1
drama,1
turned,1
monk,1
bare,1
women,1
walls,1
obedient,1
instructions,1
tried,1
paint,1
souls,1
instead,1
bodies,1
fine,1
eye,1
form,1
anatomy,1
remained,1
eighteen,1
fascinated,1
beauty,1
pretty,1
admit,1
infatuation,1
elopement,1
sanction,1
marriage,1
tho,1
or,1
less,1
legendary,1
wronged,1
after,1
adopted,1
perhaps,1
let,1
generous,1
really,1
comely,1
uncle,1
malady,1
cause,1
visits,1
indeed,1
humanity,1
first,1
religious,1
painters,1
confuse,1
spiritual,1
sensuous,1
saints,1
were,1
true,1
