term,count
the,346
of,245
to,150
and,107
in,97
a,94
is,82
that,68
it,57
as,49
which,43
his,41
he,40
by,38
was,34
for,34
with,30
an,29
be,27
who,26
their,25
but,24
they,24
had,24
lord,24
not,22
have,21
at,21
are,21
them,20
s,20
one,19
or,19
upon,18
no,17
all,17
this,17
these,16
on,16
man,15
were,15
political,14
we,14
more,13
so,13
british,12
essays,12
from,12
such,11
there,11
point,10
government,10
when,10
if,10
has,10
still,9
any,9
same,9
will,8
been,8
because,8
author,8
salisbury,8
politics,8
only,8
even,8
would,8
men,8
foreign,8
some,7
people,7
after,7
never,7
view,7
against,7
review,7
than,7
english,7
fact,6
well,6
interest,6
find,6
found,6
own,6
may,6
i,6
essay,6
robert,6
living,6
time,6
policy,6
course,6
world,6
can,6
two,6
say,6
under,6
question,6
england,5
cecil,5
themselves,5
come,5
him,5
being,5
what,5
himself,5
really,5
particular,5
very,5
could,5
great,5
position,5
into,5
first,5
article,5
our,5
written,5
most,5
made,5
kind,5
old,5
its,5
many,4
years,4
seems,4
quite,4
might,4
take,4
reform,4
century,4
out,4
came,4
your,4
historical,4
whom,4
either,4
marquis,4
statesman,4
those,4
present,4
quarterly,4
nothing,4
minister,4
always,4
l,4
e,4
understood,4
history,4
up,4
sympathy,4
almost,4
writer,4
modern,4
power,4
interesting,4
state,4
words,4
able,4
remarkable,4
right,3
nobody,3
generation,3
said,3
also,3
country,3
finds,3
opinions,3
nation,3
russell,3
john,3
where,3
account,3
danish,3
value,3
law,3
poland,3
party,3
passage,3
happened,3
faith,3
ho,3
implicit,3
french,3
except,3
educated,3
betters,3
itself,3
questions,3
case,3
us,3
ideal,3
character,3
essayist,3
bill,3
perhaps,3
way,3
colored,3
much,3
literary,3
things,3
about,3
know,3
down,3
aristocratic,3
house,3
mind,3
young,3
must,3
taken,3
suffrage,3
peoples,3
universal,3
ought,3
war,3
entirely,3
high,3
look,3
her,3
showing,3
reason,3
feeling,3
attention,3
articles,3
longer,3
days,3
reader,3
how,3
readers,3
day,3
ability,3
popular,3
noble,3
do,3
writing,3
means,3
now,3
according,3
going,3
new,3
york,3
times,3
since,3
book,3
bound,2
negro,2
just,2
southerners,2
admit,2
london,2
superior,2
reading,2
treaty,2
r,2
govern,2
without,2
re,2
statesmen,2
exposition,2
fox,2
pitt,2
rival,2
public,2
nd,2
common,2
next,2
acquire,2
aristocracy,2
nationality,2
founded,2
doubtless,2
see,2
blindness,2
moral,2
done,2
certain,2
lie,2
part,2
publication,2
idea,2
something,2
populace,2
form,2
rule,2
parliament,2
nor,2
yet,2
forget,2
facts,2
explicit,2
union,2
call,2
member,2
life,2
views,2
wrote,2
set,2
less,2
highly,2
language,2
else,2
scheme,2
consent,2
governed,2
american,2
writers,2
duchies,2
weakness,2
effect,2
napoleon,2
model,2
attract,2
denmark,2
continue,2
work,2
again,2
did,2
volumes,2
japanese,2
appeared,2
telling,2
bismarck,2
represented,2
success,2
prussia,2
theory,2
ingratitude,2
prussian,2
accuracy,2
why,2
ground,2
then,2
like,2
ever,2
scarcely,2
saturday,2
death,2
earning,2
explain,2
journalistic,2
anything,2
traditional,2
credible,2
far,2
makes,2
states,2
published,2
thus,2
among,2
express,2
later,2
doubt,2
secure,2
read,2
nations,2
human,2
iron,2
topics,2
explained,2
enemy,2
exposure,2
though,2
freedom,2
better,2
over,2
disliked,2
affairs,2
five,2
get,2
german,2
catechism,2
constant,2
moment,2
prophecy,2
johnson,2
blot,2
commons,2
h,2
here,2
rehabilitation,2
naturally,2
biography,2
official,2
lazy,2
committed,2
divided,2
although,2
object,2
necessarily,2
does,2
office,2
esteemed,2
bitter,2
standard,2
consult,2
wishes,2
took,2
tribe,2
matter,2
biographical,2
whig,2
intrinsic,2
remarks,2
ideals,2
vol,2
y,2
liberal,2
excluded,2
avenge,2
ne,2
prime,2
sarcasm,2
show,2
rome,2
each,2
disregard,2
both,2
heir,2
every,2
unless,2
britain,2
forced,2
meanest,2
while,2
succeeded,2
name,2
device,2
blunder,2
whigs,2
leveling,2
criticism,2
survive,2
revolution,2
conduct,2
race,2
birth,2
n,2
rather,2
appeal,2
through,2
before,2
delusion,2
worthy,2
anonymous,2
another,2
confidence,2
perfectly,1
thirty,1
prefigure,1
met,1
regard,1
poetical,1
philological,1
excitement,1
er,1
obstinately,1
stern,1
joy,1
deaf,1
moderate,1
hold,1
coining,1
passages,1
admitted,1
questionable,1
burning,1
afterward,1
bastille,1
bad,1
attic,1
celebration,1
pindar,1
defense,1
celebrated,1
adduces,1
achievement,1
taking,1
my,1
considerations,1
dart,1
twenty,1
clear,1
centuries,1
majesty,1
forward,1
ago,1
hot,1
pleases,1
embarrassing,1
assent,1
positions,1
few,1
hands,1
greek,1
evidently,1
profession,1
beg,1
continually,1
nod,1
aeschylus,1
era,1
calorific,1
notify,1
refused,1
condition,1
territorial,1
limits,1
explanations,1
regarded,1
languages,1
enormity,1
tolerable,1
disbelief,1
advances,1
fortified,1
admission,1
friend,1
pooh,1
paris,1
poohing,1
wrongs,1
tends,1
enthusiastic,1
preferable,1
crotchety,1
attenuation,1
pale,1
pink,1
bloodiest,1
favorite,1
cast,1
submit,1
picture,1
win,1
prefatory,1
aid,1
encased,1
panoply,1
aggravating,1
nerving,1
occasions,1
fool,1
precision,1
crappie,1
takes,1
making,1
multitude,1
overwhelming,1
foe,1
ally,1
lukewarmness,1
irritating,1
bravery,1
subjected,1
pedantic,1
huts,1
ifs,1
pared,1
delights,1
selects,1
ed,1
breach,1
deserter,1
ca,1
continuity,1
dawned,1
antagonist,1
furnished,1
laid,1
demerits,1
dogma,1
steadiness,1
speaking,1
different,1
looking,1
dignity,1
apt,1
amount,1
revolutionary,1
combining,1
critics,1
side,1
enthusiasm,1
confusion,1
told,1
disparaged,1
intermediate,1
elaborately,1
flagrant,1
seizure,1
cited,1
silesia,1
content,1
mean,1
accompanied,1
golden,1
deception,1
shameless,1
lack,1
clive,1
likely,1
pursuer,1
quarry,1
mistress,1
bengal,1
describes,1
labors,1
democratic,1
doctrine,1
q,1
victory,1
self,1
mentioned,1
oar,1
expense,1
expected,1
acknowledge,1
terror,1
injustice,1
says,1
responded,1
poles,1
forbid,1
eng,1
land,1
watch,1
drama,1
played,1
vistula,1
studied,1
disintegration,1
west,1
received,1
expostulations,1
adams,1
building,1
alabama,1
ls,1
watches,1
failure,1
effort,1
overthrow,1
sneer,1
satisfactions,1
keen,1
troubles,1
purport,1
reciprocated,1
select,1
section,1
writ,1
large,1
dispositions,1
congress,1
vienna,1
impossible,1
simple,1
enduring,1
settled,1
burke,1
draw,1
indictment,1
difficulty,1
drawing,1
europe,1
follows,1
merely,1
assumed,1
capacity,1
animosity,1
united,1
america,1
obviously,1
wrong,1
trouble,1
theories,1
satisfaction,1
changing,1
afford,1
blighted,1
blossoms,1
gatherer,1
nosegay,1
survived,1
long,1
enough,1
give,1
mortal,1
offense,1
spain,1
reference,1
dying,1
worth,1
accounts,1
cultivated,1
acute,1
represent,1
embody,1
antiquated,1
dukes,1
squires,1
remain,1
inarticulately,1
cherish,1
sat,1
safe,1
skillfully,1
profess,1
inhale,1
flowers,1
prophet,1
bouquet,1
whose,1
fulfillment,1
confederate,1
successes,1
watched,1
conferred,1
flourishing,1
fascinating,1
beauty,1
maryland,1
nov,1
recognition,1
necessity,1
washington,1
garrisoning,1
baltimore,1
arbitrary,1
arrests,1
north,1
undoubtedly,1
useless,1
lincoln,1
administration,1
pattern,1
method,1
dealing,1
conspirators,1
admiration,1
republic,1
whole,1
passport,1
honesty,1
encouraging,1
assistance,1
disreputable,1
transaction,1
junker,1
resent,1
imitation,1
nobleman,1
named,1
once,1
footnote,1
unsparing,1
chancellor,1
traced,1
clumsy,1
fifteen,1
berlin,1
conference,1
lath,1
painted,1
accessible,1
unraveling,1
tangled,1
skein,1
bewildered,1
animated,1
extreme,1
dislike,1
extending,1
sublime,1
count,1
desertion,1
unselfish,1
fair,1
attica,1
possibly,1
equally,1
impenetrable,1
argument,1
dante,1
citizen,1
florence,1
virgil,1
composed,1
poetry,1
therefore,1
reign,1
venice,1
apparent,1
exception,1
decrying,1
aspirations,1
expressed,1
danger,1
fate,1
befallen,1
falling,1
yoke,1
instance,1
frankfort,1
diet,1
saw,1
palmerston,1
divine,1
village,1
pulpits,1
parish,1
attractiveness,1
peculiar,1
code,1
ethics,1
liable,1
wholly,1
lose,1
sight,1
stiffer,1
corrupted,1
mortality,1
doors,1
knows,1
spectacle,1
leaders,1
considerable,1
intellect,1
laboriously,1
carefully,1
ruining,1
esteem,1
heaping,1
followers,1
competent,1
warn,1
failed,1
blind,1
elementary,1
truth,1
baits,1
professions,1
support,1
readable,1
schools,1
inhabitants,1
preferred,1
speak,1
valuable,1
volume,1
everything,1
excepting,1
past,1
avowedly,1
edition,1
correspondence,1
instructive,1
ms,1
angling,1
sketch,1
explanation,1
gives,1
lords,1
ascribing,1
eloquence,1
unaccountable,1
moving,1
atmosphere,1
intrigue,1
accustomed,1
oratory,1
mode,1
putting,1
strengthen,1
recall,1
number,1
ills,1
beautiful,1
exists,1
russia,1
existed,1
seventeenth,1
whereby,1
vehement,1
radical,1
boots,1
spurs,1
ride,1
ledger,1
saddles,1
paid,1
bridles,1
ridden,1
eighteenth,1
pride,1
ordered,1
anglican,1
lowly,1
reverently,1
riot,1
denied,1
granted,1
natural,1
rulers,1
opposed,1
prenatally,1
distinctions,1
artificial,1
bet,1
tl,1
exciting,1
debate,1
ad,1
witnessed,1
lifetime,1
dis,1
sell,1
ge,1
finally,1
following,1
year,1
accused,1
sir,1
peel,1
catching,1
bathing,1
stealing,1
clothes,1
whether,1
hair,1
presumptive,1
stand,1
extension,1
electorate,1
measures,1
receiving,1
carte,1
blanche,1
addition,1
broken,1
root,1
ruling,1
classes,1
confederacy,1
during,1
civil,1
anthony,1
trollope,1
witness,1
church,1
characters,1
dinner,1
archdeacon,1
professing,1
opinion,1
ere,1
christian,1
gentlemen,1
northerners,1
infidel,1
society,1
singular,1
professed,1
viscount,1
exigencies,1
secretary,1
desire,1
slavery,1
advance,1
extent,1
masses,1
mot,1
crude,1
notions,1
counsel,1
fashioned,1
solution,1
refractory,1
hodge,1
insolent,1
southern,1
afro,1
insists,1
wanting,1
you,1
frowned,1
discouraged,1
comfortable,1
class,1
possession,1
colonel,1
attachment,1
landed,1
padded,1
south,1
albeit,1
latter,1
co,1
index,1
pp,1
command,1
otherwise,1
private,1
odds,1
parent,1
necessary,1
readiest,1
succeeding,1
order,1
inheritance,1
shown,1
earn,1
follow,1
attraction,1
extrinsic,1
repay,1
characteristic,1
tory,1
organ,1
gigantic,1
monthly,1
competition,1
careless,1
interrupted,1
listening,1
tumultuous,1
seem,1
excessive,1
other,1
reproduced,1
judged,1
conclusion,1
reawakened,1
early,1
montgomery,1
schuyler,1
observed,1
equal,1
unknown,1
seeing,1
six,1
subdivided,1
convenience,1
deal,1
dint,1
actuality,1
become,1
dealt,1
historically,1
retrospective,1
perspective,1
gave,1
strength,1
moved,1
earth,1
heaven,1
shape,1
authority,1
accept,1
length,1
averaging,1
mo,1
answer,1
appearances,1
tolerably,1
care,1
dogs,1
should,1
best,1
sometimes,1
thing,1
omission,1
saving,1
clause,1
partisanship,1
difficult,1
important,1
issue,1
tortes,1
accomplished,1
electoral,1
sure,1
rate,1
remaining,1
toward,1
however,1
bf,1
late,1
kg,1
ii,1
saved,1
speeches,1
apparently,1
reports,1
example,1
thousand,1
twentieth,1
between,1
covers,1
booklet,1
partisan,1
goes,1
saying,1
ferocious,1
polemic,1
publicist,1
scottish,1
theologian,1
mankind,1
reads,1
contributor,1
distinctly,1
emerson,1
put,1
converted,1
greece,1
pamphlets,1
editor,1
polemical,1
complimented,1
impartiality,1
india,1
indian,1
nay,1
arrive,1
felt,1
simply,1
born,1
formally,1
skillful,1
discredited,1
generations,1
disparagement,1
turn,1
censure,1
extract,1
significant,1
placid,1
m,1
capable,1
responsible,1
hereditary,1
held,1
enemies,1
tidings,1
partisans,1
slow,1
forgive,1
spite,1
prophecies,1
evil,1
pursued,1
attained,1
writings,1
cynicism,1
tinged,1
deeply,1
notion,1
reconstructing,1
doing,1
fairly,1
honest,1
samuel,1
son,1
flattery,1
bookseller,1
heredity,1
environment,1
combined,1
effects,1
escape,1
justified,1
becoming,1
gradually,1
weary,1
banished,1
duke,1
bohemia,1
retains,1
orthodox,1
ducal,1
sentiments,1
assuming,1
expect,1
declared,1
impracticable,1
carried,1
calumniator,1
tyranny,1
f,1
monarchies,1
assumptions,1
holy,1
aroused,1
abundance,1
resentful,1
englishmen,1
easy,1
persuade,1
became,1
spoke,1
courtesy,1
allies,1
shared,1
maxims,1
acquiesced,1
secondary,1
belief,1
widely,1
school,1
prepared,1
soil,1
reaped,1
earliest,1
fruits,1
good,1
refuting,1
glorious,1
jeopardize,1
triumph,1
stigmatized,1
imbecile,1
motives,1
empire,1
defenseless,1
obscurity,1
diplomatic,1
transactions,1
shrouded,1
probably,1
conceal,1
rests,1
feelings,1
monarchs,1
hiding,1
faults,1
follies,1
injurious,1
interests,1
offend,1
often,1
forces,1
silent,1
silence,1
interpreted,1
confession,1
enterprise,1
parlous,1
personal,1
souls,1
killed,1
action,1
described,1
typical,1
aristocrat,1
polities,1
institute,1
ion,1
t,1
stu,1
potent,1
powers,1
within,1
chafing,1
briton,1
exclaim,1
dead,1
sovereigns,1
spirits,1
urns,1
patriarchal,1
along,1
guide,1
specific,1
expressions,1
occasionally,1
becomes,1
soldiers,1
repose,1
testimony,1
mass,1
open,1
market,1
counts,1
merits,1
knew,1
chemistry,1
modem,1
holding,1
obsolete,1
sort,1
anachronism,1
strikes,1
generals,1
occidental,1
practical,1
application,1
latest,1
mechanical,1
appliances,1
given,1
understand,1
beguile,1
leisure,1
spencer,1
huxley,1
helmholtz,1
assisting,1
striking,1
places,1
reconstruct,1
abdication,1
soldier,1
democracy,1
adopted,1
scion,1
causes,1
fall,1
parvenu,1
successful,1
stock,1
broker,1
dr,1
millionaire,1
estate,1
endeavor,1
fabricated,1
pedigree,1
hooking,1
crusader,1
alleged,1
manufactured,1
social,1
rises,1
ex,1
countryman,1
astor,1
unquestionable,1
least,1
armed,1
venerable,1
title,1
surround,1
achieved,1
courage,1
satisfied,1
rest,1
press,1
service,1
proving,1
arc,1
setting,1
revival,1
buried,1
copy,1
ancient,1
used,1
scoff,1
boast,1
hts,1
patent,1
nobility,1
establish,1
dynasty,1
think,1
associations,1
hung,1
around,1
exiled,1
bourbons,1
professes,1
