term,count
the,83
of,48
and,33
to,22
it,22
in,21
is,15
academy,14
a,13
its,13
that,13
has,11
was,11
been,10
with,9
by,9
on,9
as,9
members,8
french,8
all,7
be,7
this,6
much,5
from,5
or,5
which,5
but,5
for,4
at,4
an,4
dictionary,4
language,4
letters,3
new,3
who,3
we,3
our,3
institution,3
robertson,3
one,3
being,3
history,3
say,3
there,3
not,3
s,3
mr,3
real,2
aim,2
only,2
have,2
fully,2
remarkable,2
first,2
treatise,2
rule,2
does,2
after,2
another,2
institute,2
were,2
authoritative,2
are,2
standard,2
shall,2
evolution,2
national,2
men,2
respect,2
clergy,2
distinguished,2
more,2
whole,2
work,2
than,2
any,2
appeared,2
english,2
give,2
about,2
time,2
dr,2
influence,2
various,2
sea,2
published,2
no,2
membership,2
unique,2
discussion,2
best,2
equality,2
expended,1
rhetoric,1
especial,1
out,1
original,1
th,1
required,1
composed,1
central,1
seek,1
grammar,1
among,1
poesy,1
detailed,1
between,1
declares,1
he,1
these,1
though,1
record,1
seriously,1
undertaken,1
immense,1
amount,1
observation,1
fact,1
accomplishment,1
stands,1
must,1
principal,1
function,1
regard,1
task,1
noted,1
object,1
labor,1
peculiar,1
care,1
mentioned,1
difference,1
diligence,1
possible,1
exact,1
rules,1
render,1
capable,1
treating,1
usually,1
assumed,1
second,1
arts,1
sciences,1
emphasis,1
feature,1
accepted,1
edition,1
j,1
begun,1
quarrel,1
shakespeare,1
rostand,1
guizot,1
francis,1
scribe,1
racine,1
replaces,1
pierre,1
clustered,1
memories,1
moment,1
think,1
outcome,1
spirit,1
light,1
r,1
b,1
seventh,1
terms,1
copy,1
testament,1
coptic,1
press,1
clarendon,1
pedantic,1
insistence,1
author,1
spectator,1
already,1
unchallenged,1
pas,1
term,1
opinion,1
man,1
lets,1
explained,1
throw,1
they,1
given,1
foundation,1
fix,1
thus,1
consideration,1
due,1
judged,1
what,1
include,1
fidelity,1
observed,1
sharply,1
each,1
century,1
quarter,1
little,1
averaging,1
tr,1
editions,1
high,1
practicable,1
beyond,1
use,1
since,1
sketches,1
concise,1
interest,1
personal,1
analyzed,1
admirably,1
widespread,1
question,1
orderly,1
precision,1
lucidity,1
owes,1
d,1
mad,1
attained,1
uprising,1
responsible,1
underlay,1
advance,1
ha,1
orb,1
like,1
differentiate,1
features,1
important,1
two,1
guide,1
abolished,1
effort,1
organized,1
interested,1
indeed,1
eligible,1
born,1
own,1
likely,1
proposed,1
relation,1
other,1
absolute,1
almost,1
adopted,1
created,1
liar,1
day,1
present,1
pursued,1
energy,1
varying,1
m,1
start,1
reference,1
t,1
specific,1
should,1
relearned,1
will,1
austin,1
matthew,1
macaulay,1
through,1
johnson,1
writing,1
plenty,1
those,1
better,1
adjective,1
deserves,1
reader,1
general,1
too,1
adequate,1
last,1
arnold,1
kindly,1
co,1
savage,1
w,1
g,1
concerning,1
controversies,1
pertinent,1
modest,1
career,1
purpose,1
origin,1
notion,1
rounded,1
gives,1
recall,1
interesting,1
very,1
monarch,1
years,1
o,1
st,1
resisted,1
successfully,1
itself,1
pertaining,1
everything,1
tho,1
self,1
dignity,1
fluctuating,1
great,1
class,1
ruling,1
government,1
connection,1
undoubtedly,1
actually,1
efforts,1
made,1
subject,1
official,1
principle,1
citadel,1
way,1
quiet,1
destroy,1
sought,1
revolution,1
passion,1
blind,1
said,1
fairly,1
may,1
political,1
clerical,1
action,1
most,1
admitted,1
absurd,1
housed,1
mental,1
ira,1
determined,1
largely,1
occasions,1
both,1
monarchy,1
restored,1
rea,1
france,1
ix,1
c,1
partially,1
republic,1
activity,1
decree,1
receive,1
would,1
honorarium,1
period,1
chiefly,1
nobility,1
literary,1
claim,1
statistics,1
analyzing,1
sixth,1
considerable,1
before,1
treasury,1
handsomely,1
secretary,1
permanent,1
lt,1
sold,1
