term,count
the,109
of,75
is,50
and,47
a,44
to,41
i,37
in,32
his,24
not,21
there,17
with,16
are,16
be,15
s,14
mockery,14
this,14
he,13
that,12
one,12
but,12
it,11
for,9
which,9
will,9
mr,9
if,9
all,8
at,8
an,8
as,8
life,8
by,8
has,7
poetry,7
or,7
gap,7
sea,7
who,7
t,6
so,6
from,6
no,6
its,6
their,6
village,6
little,6
f,6
have,6
on,5
ha,5
out,5
when,4
l,4
brutality,4
reality,4
we,4
something,4
also,4
only,4
talk,3
too,3
though,3
llewellyn,3
book,3
them,3
very,3
tale,3
both,3
about,3
through,3
symbols,3
present,3
caught,3
making,3
because,3
m,3
novel,3
can,3
author,3
like,3
such,3
they,3
small,3
even,3
horde,2
make,2
followed,2
toothache,2
line,2
e,2
naked,2
half,2
latent,2
fact,2
least,2
people,2
these,2
reason,2
hence,2
inhabitants,2
quality,2
death,2
would,2
found,2
heart,2
down,2
sometimes,2
pretty,2
made,2
into,2
mrs,2
apparent,2
nothing,2
seems,2
de,2
say,2
strain,2
times,2
hard,2
most,2
q,2
read,2
god,2
name,2
further,2
excitement,2
deity,2
over,2
simon,2
great,2
finally,2
other,2
designation,2
likes,2
c,2
same,2
always,2
love,2
her,2
where,2
itself,2
may,2
come,2
had,2
power,2
mind,2
work,2
books,2
shows,2
us,2
traits,2
transmuted,2
two,2
english,2
another,2
him,2
brother,2
must,2
repetition,2
peasants,2
been,2
feeling,2
said,2
error,2
endowed,1
function,1
dealt,1
striven,1
maeterlinck,1
up,1
example,1
committed,1
wit,1
never,1
reader,1
own,1
passion,1
signs,1
become,1
think,1
failure,1
due,1
crude,1
somewhat,1
religious,1
inciter,1
ugly,1
fast,1
en,1
finance,1
feels,1
texture,1
lady,1
genuine,1
every,1
asceticism,1
removed,1
earl,1
article,1
sin,1
hallucination,1
continued,1
live,1
should,1
being,1
wife,1
harshly,1
palliative,1
system,1
gain,1
flutter,1
stories,1
point,1
view,1
swiftly,1
ever,1
deal,1
earlier,1
merely,1
h,1
fa,1
supreme,1
showing,1
brothers,1
applies,1
unless,1
philosophy,1
symbolic,1
readers,1
alienated,1
give,1
ill,1
methods,1
joke,1
divers,1
adhere,1
close,1
thus,1
without,1
word,1
warning,1
pas,1
incites,1
iv,1
exhausted,1
literary,1
drown,1
dramatic,1
stupidity,1
z,1
calmness,1
intends,1
humor,1
loses,1
maladies,1
warm,1
within,1
instantly,1
poe,1
dare,1
natural,1
invention,1
nobody,1
abominations,1
consider,1
many,1
passage,1
try,1
ridden,1
heard,1
headed,1
distinct,1
more,1
symbolism,1
hope,1
were,1
fine,1
inspire,1
generation,1
chief,1
did,1
appeals,1
largely,1
was,1
instead,1
transpose,1
came,1
while,1
obstetrics,1
alchemy,1
reading,1
fauns,1
danced,1
foregoing,1
fain,1
right,1
critics,1
change,1
purest,1
perhaps,1
gold,1
dross,1
dentist,1
faster,1
silk,1
away,1
ships,1
foam,1
much,1
sheen,1
white,1
rocks,1
seaweed,1
product,1
fishes,1
died,1
beat,1
home,1
approach,1
she,1
sacrifices,1
used,1
wanton,1
palmed,1
kind,1
off,1
iridescent,1
glimmering,1
legend,1
poised,1
around,1
corner,1
gala,1
cries,1
greatly,1
sings,1
waters,1
waste,1
wide,1
region,1
antiquity,1
marys,1
human,1
fooled,1
raise,1
slices,1
upon,1
ls,1
cloak,1
mile,1
things,1
lukewarm,1
ways,1
tome,1
fishermen,1
water,1
land,1
occupied,1
near,1
fies,1
first,1
considered,1
presently,1
ho,1
former,1
hamlet,1
atone,1
pains,1
some,1
al,1
thor,1
au,1
lap,1
zn,1
art,1
br,1
b,1
settle,1
living,1
possible,1
decade,1
y,1
landlord,1
absentee,1
farmers,1
x,1
brought,1
community,1
designate,1
ed,1
u,1
hack,1
what,1
rather,1
preoccupied,1
lie,1
action,1
thai,1
plot,1
does,1
idea,1
pages,1
attempt,1
abandon,1
soon,1
perceive,1
surfeit,1
existed,1
reached,1
latest,1
arrived,1
treat,1
works,1
speak,1
enable,1
long,1
sufficiently,1
extensive,1
four,1
total,1
now,1
le,1
confounded,1
theodore,1
tales,1
novels,1
hutchison,1
percy,1
knopf,1
alfred,1
york,1
new,1
pp,1
addition,1
lit,1
peas,1
writer,1
ker,1
ix,1
d,1
tate,1
realistic,1
brutal,1
unable,1
completely,1
se,1
leads,1
commonplace,1
obsessed,1
men,1
fundamental,1
th,1
certain,1
several,1
hui,1
widely,1
differ,1
main,1
duality,1
marked,1
visits,1
estate,1
storekeeper,1
chronicle,1
pointed,1
already,1
distinction,1
air,1
spilled,1
ink,1
amount,1
worth,1
result,1
attained,1
doings,1
elsewhere,1
reads,1
england,1
assume,1
pen,1
matter,1
easy,1
face,1
obviously,1
indicate,1
qualities,1
unusual,1
far,1
run,1
maladroitly,1
coupled,1
reasons,1
dislikes,1
either,1
r,1
arresting,1
unique,1
gives,1
means,1
terms,1
utterance,1
simultaneous,1
almost,1
fable,1
together,1
weaving,1
indeed,1
tim,1
parables,1
speaking,1
time,1
mysticism,1
nature,1
partake,1
hidden,1
easily,1
especially,1
gravedigger,1
accepted,1
euphemistic,1
than,1
outset,1
above,1
age,1
tile,1
dilemma,1
type,1
common,1
holy,1
ideas,1
sires,1
measure,1
between,1
clergy,1
j,1
vicar,1
minded,1
weak,1
ruffians,1
young,1
children,1
mocker,1
n,1
moderately,1
rich,1
farmer,1
indulgent,1
remedial,1
limits,1
pea,1
among,1
officially,1
polygamy,1
since,1
although,1
father,1
irate,1
banns,1
o,1
incorrect,1
ar,1
identify,1
afield,1
mythology,1
others,1
piping,1
see,1
erudite,1
less,1
mother,1
go,1
