term,count
the,89
of,69
and,43
to,41
a,36
is,34
in,22
he,20
that,18
not,18
for,16
on,15
we,15
be,14
his,13
tile,12
i,12
but,11
by,11
are,10
as,10
our,10
one,10
without,9
bierce,9
all,8
s,8
mr,8
it,8
from,8
civilization,7
with,7
there,6
this,6
if,6
so,6
even,5
law,5
says,5
can,5
may,5
world,5
at,5
only,5
into,4
author,4
no,4
him,4
does,4
should,4
community,4
or,4
any,4
man,4
life,4
do,4
europe,4
good,4
were,3
y,3
l,3
laws,3
own,3
have,3
know,3
being,3
title,3
page,3
their,3
its,3
paper,3
yet,3
least,3
dial,3
evil,3
little,3
these,3
which,3
sense,3
essays,3
was,3
an,3
nothing,3
many,2
vision,2
what,2
bearer,2
they,2
moral,2
tim,2
who,2
altogether,2
tend,2
surely,2
england,2
up,2
cassandra,2
some,2
far,2
exception,2
then,2
preacher,2
told,2
thirteenth,2
crime,2
american,2
tn,2
day,2
cease,2
rest,2
woe,2
things,2
century,2
prevent,2
kept,2
superiors,2
virtues,2
would,2
race,2
education,2
better,2
air,2
just,2
cat,2
eye,2
volume,2
few,2
character,2
further,2
though,2
secret,2
field,2
willing,2
equally,2
lie,2
ambrose,2
straight,2
often,2
could,2
reluctantly,2
t,2
having,2
something,2
those,2
rule,2
ill,2
since,2
like,2
upon,2
coattail,2
taken,2
small,2
boy,2
tidings,2
looked,2
unconscious,2
mutilation,2
beings,2
another,2
murderer,2
m,2
say,2
view,2
two,2
my,2
because,2
anarchist,2
interest,1
terser,1
watch,1
mingled,1
hoping,1
sole,1
see,1
believe,1
object,1
societies,1
great,1
alludes,1
half,1
speaks,1
myself,1
prejudices,1
hurtling,1
preferences,1
downward,1
absolutely,1
lying,1
understood,1
sight,1
through,1
vie,1
adds,1
horribly,1
us,1
sufficient,1
needs,1
safe,1
original,1
ground,1
leaves,1
struggle,1
adopted,1
along,1
whatever,1
makeshifts,1
call,1
devise,1
until,1
golden,1
heights,1
indicated,1
realize,1
fails,1
progress,1
fantastic,1
watching,1
engrossed,1
beholder,1
phrase,1
epigram,1
footing,1
slippery,1
scrambling,1
desperate,1
cheapness,1
universally,1
range,1
bound,1
criminals,1
republican,1
required,1
furiously,1
prison,1
reform,1
treatment,1
tight,1
ourselves,1
rope,1
wild,1
waving,1
arms,1
gesticulating,1
leg,1
guidance,1
given,1
under,1
jesus,1
judge,1
infallibly,1
easily,1
claims,1
standing,1
consider,1
where,1
uphold,1
sand,1
pleads,1
later,1
moment,1
rhea,1
mitigation,1
fact,1
si,1
ought,1
illogical,1
benefactor,1
degree,1
whom,1
implied,1
above,1
rather,1
believed,1
than,1
executed,1
must,1
quoting,1
them,1
mass,1
j,1
thief,1
much,1
tell,1
generosity,1
courage,1
smug,1
souls,1
you,1
uncovered,1
devil,1
expect,1
submit,1
ber,1
e,1
attitude,1
hooded,1
toward,1
wisdom,1
telling,1
sentiments,1
convinced,1
mean,1
sum,1
determined,1
before,1
last,1
birth,1
sure,1
me,1
shall,1
longer,1
amusement,1
delightfully,1
remain,1
doubt,1
now,1
amazing,1
remains,1
secrets,1
instance,1
disputed,1
heredity,1
versus,1
environment,1
na,1
ht,1
lu,1
been,1
d,1
gods,1
ly,1
ignored,1
prophets,1
justice,1
elevated,1
ty,1
ten,1
knowledge,1
begin,1
commonly,1
nine,1
instances,1
out,1
brute,1
factories,1
among,1
tod,1
actual,1
according,1
drown,1
arrival,1
matter,1
fields,1
unhappy,1
courtiers,1
means,1
pageantry,1
costumes,1
grotesquely,1
resembling,1
kings,1
languages,1
fresh,1
spoken,1
hell,1
chiefly,1
southeastern,1
unprejudiced,1
commentator,1
constitutionally,1
against,1
warm,1
morality,1
contrast,1
sin,1
feed,1
thin,1
shadow,1
universal,1
altar,1
constituted,1
fires,1
honor,1
beacons,1
conscience,1
alight,1
de,1
ara,1
desirable,1
innocent,1
hanging,1
person,1
lives,1
murders,1
count,1
heir,1
hack,1
public,1
nor,1
reference,1
crimes,1
disclose,1
going,1
murder,1
form,1
mere,1
considered,1
too,1
possibilities,1
cris,1
wish,1
sometimes,1
finger,1
thumb,1
spread,1
spans,1
tiffs,1
herself,1
woman,1
yea,1
lawyer,1
statesman,1
open,1
fulfilling,1
degenerating,1
also,1
strain,1
mortal,1
easing,1
capable,1
hampering,1
space,1
naughty,1
gleams,1
literary,1
besides,1
regret,1
has,1
dust,1
preachers,1
blindly,1
ignore,1
shining,1
topic,1
devoted,1
essay,1
make,1
think,1
mankind,1
money,1
amount,1
greatest,1
exact,1
class,1
enabling,1
purpose,1
exist,1
bar,1
bench,1
traditions,1
courts,1
methods,1
judgment,1
bit,1
thing,1
remarks,1
turning,1
religion,1
versed,1
indifferently,1
am,1
opportunities,1
bloody,1
down,1
stamped,1
sad,1
burden,1
jeremiads,1
dog,1
inquiring,1
head,1
wondering,1
huge,1
confronted,1
corner,1
scratchiness,1
spitfire,1
animosity,1
fierceness,1
noisy,1
hawthorne,1
hildegarde,1
unheeded,1
pass,1
will,1
words,1
fears,1
fate,1
recalls,1
everything,1
most,1
gloomy,1
takes,1
shadows,1
entitled,1
thereof,1
round,1
villain,1
gets,1
fool,1
reformer,1
alike,1
dubs,1
hair,1
bristling,1
claws,1
indeed,1
here,1
dogs,1
divine,1
workings,1
light,1
throw,1
pen,1
alien,1
subject,1
himself,1
discover,1
reader,1
leave,1
solitary,1
approbation,1
unconcealed,1
admiration,1
unqualified,1
receive,1
hope,1
praise,1
first,1
lends,1
book,1
scrap,1
robert,1
san,1
other,1
pinning,1
back,1
fred,1
dashing,1
passion,1
real,1
idiot,1
word,1
entertains,1
forth,1
male,1
mate,1
crazy,1
roman,1
young,1
every,1
likewise,1
point,1
dunce,1
rogue,1
improvement,1
did,1
part,1
product,1
solely,1
intellectual,1
n,1
obnoxious,1
english,1
largely,1
cleverness,1
new,1
very,1
enough,1
apt,1
modern,1
faults,1
shams,1
arraignment,1
material,1
mixed,1
deal,1
doubtless,1
raiment,1
addition,1
telltale,1
victims,1
decorated,1
similarly,1
active,1
onlooker,1
increased,1
situation,1
humor,1
misplaced,1
always,1
lot,1
after,1
printed,1
undoubtedly,1
creation,1
extirpated,1
prehistoric,1
possibly,1
sort,1
hy,1
reason,1
wanting,1
humblest,1
poorest,1
away,1
hand,1
stronger,1
clothes,1
labor,1
wife,1
ears,1
nose,1
rt,1
when,1
time,1
reversion,1
stands,1
inimical,1
death,1
followed,1
kill,1
inciting,1
killing,1
convicted,1
anarchists,1
favor,1
intend,1
days,1
mischiefs,1
elsewhere,1
errors,1
indebted,1
nearly,1
echo,1
stammering,1
faint,1
america,1
government,1
science,1
art,1
letters,1
learning,1
knocks,1
three,1
quote,1
country,1
blows,1
special,1
universe,1
thumping,1
off,1
hauls,1
occasionally,1
beginning,1
none,1
innumerable,1
together,1
peace,1
live,1
look,1
