term,count
of,20
the,20
s,13
and,12
a,12
is,10
it,10
in,10
i,10
t,8
his,7
l,7
d,6
to,5
hals,5
that,5
tl,4
very,4
may,4
ll,4
what,4
by,4
frans,3
all,3
which,3
he,3
at,3
are,3
h,3
davies,3
gerald,3
was,3
from,3
withal,2
b,2
man,2
first,2
produce,2
there,2
introduce,2
slender,2
accepted,2
p,2
as,2
author,2
our,2
k,2
fine,2
data,2
m,2
j,2
great,2
little,2
masters,2
art,2
series,2
ill,2
painting,2
f,2
half,2
york,2
written,2
sculpture,2
mr,2
interesting,2
execution,1
caused,1
him,1
substitute,1
for,1
amsterdam,1
ready,1
finished,1
sketches,1
however,1
later,1
efforts,1
till,1
masterpieces,1
money,1
ht,1
need,1
length,1
ti,1
bold,1
with,1
facility,1
wonderful,1
too,1
depict,1
character,1
rather,1
than,1
lea,1
tufts,1
moment,1
io,1
humors,1
thy,1
some,1
thirty,1
five,1
ks,1
if,1
book,1
aha,1
al,1
school,1
lit,1
pol,1
tr,1
ky,1
r,1
tile,1
pl,1
th,1
iii,1
list,1
vienna,1
marta,1
cornelia,1
pieter,1
frontispiece,1
fl,1
tone,1
mi,1
best,1
known,1
paintings,1
v,1
laughing,1
so,1
cavalier,1
among,1
pictures,1
portraits,1
ls,1
men,1
women,1
free,1
no,1
dutch,1
one,1
seventeenth,1
century,1
work,1
example,1
sympathetic,1
imaginative,1
learned,1
int,1
heel,1
on,1
mt,1
arly,1
wink,1
e,1
anything,1
lift,1
except,1
part,1
early,1
artists,1
pp,1
ma,1
numerous,1
tones,1
cloth,1
gift,1
top,1
mo,1
new,1
concerns,1
macmillan,1
company,1
latest,1
addition,1
certain,1
hand,1
books,1
gay,1
still,1
lie,1
twenty,1
phrases,1
reasonable,1
suppose,1
lacking,1
trustworthy,1
ion,1
nd,1
like,1
pen,1
but,1
dull,1
reading,1
touches,1
keynote,1
artistic,1
career,1
when,1
anti,1
supposition,1
theory,1
nothing,1
eight,1
pages,1
precede,1
critical,1
ind,1
historical,1
examination,1
how,1
words,1
has,1
misplaced,1
sympathy,1
or,1
imagination,1
knowledge,1
other,1
now,1
