term,count
the,88
of,63
and,38
to,33
a,26
it,23
that,20
in,20
is,18
he,18
not,17
his,14
has,13
be,13
for,12
peace,12
tile,11
as,11
war,10
i,9
europe,9
s,9
its,9
but,9
emperor,9
no,8
at,8
by,8
germany,8
britain,8
on,7
can,7
one,6
which,6
world,6
there,5
will,5
may,5
power,4
if,4
means,4
been,4
any,4
present,4
friend,4
between,4
her,4
have,4
all,4
him,3
long,3
must,3
german,3
h,3
fried,3
relations,3
so,3
toward,3
strength,3
are,3
made,3
interests,3
says,3
more,3
people,3
when,3
them,3
european,3
only,3
was,3
does,3
singing,3
diplomacy,2
both,2
nations,2
favorite,2
formal,2
expressions,2
they,2
or,2
us,2
naval,2
century,2
midst,2
out,2
east,2
their,2
against,2
word,2
occasion,2
wonder,2
stands,2
value,2
would,2
contrary,2
cause,2
grandchild,2
spoken,2
day,2
among,2
hold,2
outer,2
with,2
navy,2
alfred,2
markets,2
interest,2
into,2
suddenly,2
moment,2
market,2
balkans,2
from,2
full,2
before,2
convinced,2
common,2
ill,2
art,2
place,2
within,2
purpose,2
truth,2
mind,2
who,2
plainly,2
best,2
well,2
she,2
were,1
kindly,1
understand,1
nonplussed,1
seems,1
british,1
utterances,1
disposition,1
take,1
argue,1
effect,1
lightly,1
vehemently,1
talk,1
others,1
precisely,1
everything,1
lose,1
mere,1
friendly,1
gain,1
unless,1
regarding,1
under,1
sometimes,1
interpret,1
strain,1
herself,1
believe,1
this,1
appreciation,1
greatly,1
sturdy,1
th,1
persian,1
gulf,1
admires,1
every,1
veil,1
lie,1
south,1
informed,1
peron,1
abhorrent,1
thought,1
know,1
ought,1
knows,1
anywhere,1
advance,1
evidently,1
created,1
arms,1
died,1
striking,1
victoria,1
queen,1
quell,1
might,1
forget,1
commercial,1
happened,1
sense,1
englishman,1
average,1
cleanliness,1
cross,1
j,1
prod,1
received,1
like,1
position,1
upon,1
through,1
work,1
bounds,1
held,1
conflagration,1
england,1
snaps,1
ft,1
rt,1
political,1
turkish,1
austrian,1
cost,1
victory,1
fruits,1
inclines,1
allies,1
orthodox,1
foul,1
kin,1
nearest,1
tie,1
austria,1
central,1
rid,1
justly,1
g,1
richard,1
rb,1
court,1
imperial,1
time,1
lived,1
figurative,1
reflections,1
practical,1
entitled,1
little,1
appears,1
canto,1
english,1
interested,1
folk,1
regret,1
lives,1
future,1
think,1
strong,1
t,1
turkey,1
test,1
responsible,1
permanent,1
indiscreet,1
unfortunate,1
painfully,1
deplored,1
diplomatists,1
eat,1
pussy,1
true,1
absolutely,1
therein,1
single,1
pointed,1
ruffling,1
bristling,1
caused,1
instance,1
interview,1
telegraph,1
daily,1
fame,1
n,1
promises,1
higher,1
point,1
injury,1
sorest,1
good,1
puts,1
situation,1
slowness,1
rebuffed,1
noticeably,1
greatest,1
next,1
recognize,1
slow,1
observer,1
outside,1
gained,1
openness,1
lost,1
men,1
sons,1
confidence,1
begets,1
betimes,1
likely,1
being,1
plain,1
knowledge,1
merchant,1
tiled,1
prosperity,1
another,1
set,1
role,1
conscious,1
peculiarly,1
leads,1
office,1
import,1
sanctions,1
theory,1
sacredly,1
ere,1
spends,1
dramatic,1
popular,1
preparations,1
evident,1
doe,1
probably,1
recognized,1
confidently,1
earlier,1
peoples,1
matter,1
misunderstand,1
though,1
mostly,1
elements,1
encourage,1
peculiar,1
impair,1
fir,1
v,1
use,1
promise,1
decisively,1
used,1
known,1
mechanism,1
perfect,1
powerful,1
most,1
quarter,1
nearly,1
rein,1
during,1
control,1
overlooked,1
serve,1
should,1
empire,1
just,1
sets,1
entirely,1
sure,1
am,1
mr,1
book,1
distinct,1
read,1
co,1
george,1
california,1
university,1
president,1
d,1
ll,1
wheeler,1
benjamin,1
pacifist,1
imagination,1
figment,1
fist,1
forth,1
how,1
hope,1
far,1
expressed,1
occasions,1
significant,1
various,1
reign,1
beginning,1
very,1
remembered,1
determining,1
accurate,1
peacemaker,1
transmuted,1
lord,1
whereby,1
development,1
gradual,1
result,1
attitude,1
representing,1
right,1
author,1
discord,1
discussing,1
industrial,1
danger,1
arbitrarily,1
wares,1
reliable,1
seeking,1
seas,1
desiring,1
reasons,1
desires,1
distrust,1
federation,1
facing,1
stipulated,1
mailed,1
half,1
snottier,1
abstain,1
great,1
manifest,1
shall,1
peril,1
resources,1
need,1
closed,1
ago,1
inst,1
recognizes,1
paths,1
lead,1
enlargement,1
real,1
tills,1
refuse,1
possibility,1
endangered,1
maintenance,1
colony,1
device,1
adopt,1
proposes,1
trade,1
solidity,1
giving,1
past,1
thing,1
procuring,1
system,1
colonial,1
states,1
other,1
shares,1
races,1
disturb,1
afford,1
territory,1
annexations,1
further,1
tor,1
wish,1
small,1
whether,1
about,1
ins,1
tel,1
measurement,1
accept,1
itself,1
responsibility,1
roman,1
slav,1
standing,1
armaments,1
limitation,1
balance,1
creeds,1
could,1
want,1
ground,1
food,1
finding,1
home,1
keeping,1
intensively,1
soil,1
industries,1
developing,1
order,1
quiet,1
first,1
wants,1
healed,1
alsace,1
provinces,1
polish,1
until,1
least,1
frontiers,1
sore,1
badger,1
