term,count
of,112
the,111
and,45
i,43
in,39
to,38
a,36
is,31
was,28
t,28
it,24
l,23
s,21
for,19
as,18
which,17
that,17
his,16
he,13
tile,13
ill,12
so,12
who,12
by,11
with,11
h,10
not,9
there,9
e,9
hi,9
an,8
ll,8
are,7
furniture,7
d,7
n,7
ii,7
were,7
at,7
all,7
about,6
th,6
if,6
been,6
work,6
r,5
chippendale,5
had,5
time,5
o,5
name,5
its,5
century,5
now,5
from,5
when,5
known,5
style,5
tr,4
c,4
made,4
shop,4
eighteenth,4
thomas,4
what,4
till,4
y,4
though,4
f,3
house,3
classic,3
their,3
out,3
years,3
first,3
fashion,3
maker,3
this,3
far,3
qt,3
age,3
ir,3
tl,3
himself,3
most,3
than,3
k,3
be,3
since,3
have,3
like,3
our,3
el,3
fact,3
we,3
jr,2
one,2
set,2
prevalent,2
much,2
ho,2
aid,2
di,2
humble,2
fl,2
g,2
man,2
ed,2
less,2
director,2
xx,2
lind,2
al,2
ran,2
may,2
also,2
lit,2
york,2
pl,2
drawing,2
original,2
villa,2
largely,2
firm,2
period,2
men,2
new,2
raised,2
england,2
p,2
er,2
hill,2
bl,2
way,2
architects,2
cabinetmaker,2
into,2
oat,2
lie,2
m,2
mastery,2
park,2
frederick,2
along,2
later,2
adam,2
mr,2
no,2
li,2
ar,2
tn,2
business,2
hut,2
q,2
martin,2
own,2
great,2
wren,2
mahogany,2
st,2
conscious,2
chinese,2
edition,2
lane,2
went,2
self,2
gilt,2
more,2
sort,2
people,2
still,2
life,2
study,2
gothic,2
dead,2
show,2
influence,2
has,2
utterly,2
publication,2
after,2
seduced,2
then,2
did,2
museum,1
drawings,1
incidentally,1
preserved,1
last,1
invoke,1
albert,1
victoria,1
pieces,1
some,1
text,1
furnished,1
hills,1
wales,1
sol,1
oliver,1
does,1
apartments,1
any,1
suitable,1
connection,1
earlier,1
grown,1
mock,1
job,1
find,1
oh,1
ah,1
list,1
or,1
ex,1
en,1
fill,1
mongrel,1
burnished,1
rent,1
vogues,1
saloons,1
king,1
elegant,1
rather,1
dining,1
halls,1
george,1
j,1
royal,1
builder,1
jen,1
invasion,1
proposes,1
mayor,1
perhaps,1
these,1
tho,1
days,1
row,1
enterprise,1
buildings,1
avid,1
houses,1
number,1
they,1
got,1
how,1
record,1
superbly,1
him,1
br,1
everything,1
pugnacious,1
ambitious,1
teal,1
jerry,1
verses,1
illustrations,1
ever,1
honor,1
hall,1
selected,1
vii,1
those,1
toss,1
ia,1
maia,1
va,1
b,1
married,1
development,1
live,1
johnson,1
ts,1
boston,1
david,1
ks,1
fr,1
company,1
brock,1
conjure,1
xvi,1
old,1
conservators,1
gentry,1
comes,1
parts,1
nit,1
loll,1
lint,1
ten,1
sp,1
si,1
eighteen,1
ell,1
lilac,1
prison,1
lived,1
herself,1
lady,1
le,1
weal,1
ht,1
hen,1
put,1
fee,1
place,1
gin,1
head,1
nil,1
charged,1
she,1
coldly,1
among,1
cr,1
visited,1
lion,1
outside,1
peron,1
sketchy,1
kn,1
between,1
disproportion,1
vi,1
horror,1
represent,1
hop,1
filial,1
utility,1
hy,1
ce,1
mid,1
aft,1
executed,1
elf,1
wholly,1
wt,1
designs,1
blend,1
according,1
pile,1
fuse,1
her,1
thu,1
good,1
supply,1
second,1
exactly,1
able,1
yell,1
don,1
actually,1
inventory,1
provided,1
gill,1
scanty,1
train,1
sh,1
data,1
concerned,1
conspiracy,1
seems,1
make,1
propensity,1
spite,1
details,1
corded,1
account,1
signer,1
inference,1
deal,1
half,1
items,1
oho,1
listed,1
up,1
teresa,1
singer,1
italian,1
another,1
carver,1
whether,1
scents,1
affected,1
leaf,1
circumscribe,1
foliage,1
acanthus,1
authentic,1
descended,1
fine,1
on,1
note,1
position,1
nd,1
mill,1
every,1
tel,1
wood,1
monkey,1
loaned,1
per,1
do,1
actual,1
indissolubly,1
many,1
whereas,1
interior,1
equal,1
ardor,1
general,1
conducted,1
ft,1
force,1
considerable,1
employed,1
marquetry,1
teacher,1
critical,1
craftsman,1
wen,1
yet,1
theatrical,1
tat,1
came,1
education,1
lack,1
handicapped,1
course,1
absurdities,1
revived,1
service,1
cod,1
thai,1
weight,1
inclined,1
used,1
indisputable,1
riot,1
famous,1
material,1
cabinet,1
complete,1
ion,1
imaginative,1
crafts,1
applies,1
middle,1
definition,1
nineteenth,1
leads,1
created,1
fame,1
ervin,1
vagaries,1
andi,1
wm,1
use,1
matter,1
folk,1
dart,1
know,1
kind,1
consist,1
creation,1
even,1
styles,1
creator,1
church,1
lifter,1
least,1
true,1
familiar,1
but,1
v,1
taste,1
hanging,1
swiftly,1
tor,1
fae,1
certain,1
truth,1
malty,1
kinds,1
size,1
retell,1
fail,1
rowing,1
french,1
mentioned,1
models,1
take,1
accustomed,1
composite,1
rank,1
wealth,1
epoch,1
making,1
public,1
wealthy,1
rant,1
art,1
glibly,1
cd,1
permanent,1
little,1
whom,1
point,1
lies,1
spell,1
puts,1
lr,1
very,1
modes,1
few,1
xiv,1
europe,1
couple,1
twenty,1
adorns,1
ruins,1
artificial,1
started,1
romantic,1
impulse,1
misguided,1
feeble,1
classical,1
lifeless,1
escape,1
effort,1
inherent,1
mystical,1
expressed,1
fancy,1
exotic,1
ruthless,1
breaking,1
regards,1
utterance,1
struggling,1
seemed,1
wan,1
romance,1
opinion,1
slid,1
kinship,1
mainly,1
typically,1
essential,1
treat,1
profession,1
haps,1
would,1
indeed,1
robert,1
under,1
taking,1
mode,1
favored,1
adopting,1
blamed,1
princes,1
anti,1
deers,1
acute,1
society,1
member,1
sensibility,1
bench,1
rose,1
upholsterer,1
such,1
personage,1
ventures,1
author,1
lose,1
unwilling,1
avoid,1
hard,1
tried,1
clearly,1
esteem,1
low,1
held,1
x,1
ilia,1
happened,1
testimony,1
du,1
fur,1
date,1
revival,1
before,1
fell,1
objects,1
occidental,1
say,1
oriental,1
attempted,1
hat,1
produced,1
dutch,1
ind,1
paul,1
apply,1
keep,1
rage,1
monuments,1
nth,1
forward,1
engraving,1
tippling,1
enjoying,1
dating,1
castles,1
churches,1
lip,1
necessary,1
legs,1
knowledge,1
alive,1
forced,1
right,1
purposes,1
restoration,1
only,1
front,1
towel,1
western,1
ration,1
us,1
