term,count
the,22
of,16
a,12
to,10
is,8
and,7
for,5
an,4
in,4
as,4
elopement,3
at,3
it,3
but,3
s,3
time,3
not,3
pretty,2
reader,2
mr,2
story,2
he,2
seems,2
so,2
save,2
have,2
by,2
ends,1
purpose,1
attaining,1
their,1
virtue,1
truth,1
removing,1
rare,1
essential,1
character,1
even,1
difficulties,1
leo,1
means,1
airy,1
use,1
heroines,1
robbing,1
heroes,1
his,1
part,1
first,1
altogether,1
offender,1
sole,1
on,1
day,1
novelist,1
spinner,1
commits,1
tale,1
one,1
simple,1
amusing,1
recreation,1
just,1
novels,1
what,1
would,1
well,1
belongs,1
hour,1
choose,1
tedious,1
while,1
away,1
air,1
fulfills,1
its,1
influences,1
wrong,1
if,1
hold,1
light,1
esteem,1
trouble,1
that,1
disfigurement,1
too,1
surely,1
crumble,1
ls,1
youth,1
this,1
adding,1
we,1
held,1
play,1
reception,1
shipwrecked,1
incidentally,1
charles,1
reade,1
foul,1
resorting,1
very,1
lovers,1
begins,1
conventionally,1
enough,1
chicago,1
drawing,1
provided,1
island,1
fascinating,1
cover,1
adorning,1
girl,1
co,1
mead,1
york,1
new,1
mo,1
pp,1
fisher,1
harrison,1
illustrations,1
barr,1
george,1
room,1
with,1
pair,1
be,1
lord,1
abomination,1
lie,1
definition,1
child,1
laughed,1
all,1
point,1
single,1
demurrer,1
no,1
enters,1
seriously,1
taken,1
complications,1
millionaires,1
absurd,1
needlessly,1
full,1
fish,1
kettle,1
leads,1
conventional,1
from,1
far,1
itself,1
wedding,1
fashionable,1
avoid,1
planning,1
sense,1
