term,count
the,51
and,37
of,30
is,11
in,10
to,10
a,9
that,8
by,7
which,6
on,6
social,6
utopias,6
this,6
with,5
chapter,5
s,4
plato,4
jesus,4
life,4
as,4
prophets,4
it,4
utopianism,4
utopian,4
means,3
their,3
perfection,3
historical,3
not,3
an,3
part,3
utopians,3
for,3
he,3
utopia,3
work,3
one,3
modern,3
amos,2
into,2
five,2
from,2
two,2
chapters,2
i,2
up,2
brief,2
are,2
summary,2
who,2
state,2
look,2
they,2
republic,2
following,2
without,2
all,2
father,2
human,2
being,2
based,2
reviews,2
ideas,2
god,2
people,2
ideals,2
those,2
says,2
author,2
but,2
study,2
was,2
be,2
second,2
any,2
first,2
thought,2
gives,2
possibilities,1
though,1
although,1
no,1
may,1
nevertheless,1
regarded,1
idealism,1
philosophy,1
politics,1
literature,1
precede,1
distinctively,1
doctrine,1
several,1
centuries,1
nothing,1
found,1
way,1
influenced,1
them,1
karly,1
different,1
nature,1
ism,1
devoted,1
occurrences,1
stands,1
parallel,1
company,1
comes,1
augustine,1
savonarola,1
future,1
three,1
macmillan,1
miraculous,1
looks,1
york,1
original,1
hope,1
sources,1
sketches,1
racial,1
account,1
varying,1
new,1
francis,1
o,1
nave,1
history,1
about,1
you,1
define,1
guide,1
end,1
control,1
how,1
world,1
might,1
progressed,1
sir,1
last,1
sums,1
perspective,1
proves,1
true,1
mind,1
always,1
just,1
beyond,1
immediate,1
back,1
outlook,1
classes,1
describe,1
thomas,1
moore,1
introduction,1
bacon,1
harrington,1
socialists,1
followed,1
pseudo,1
includes,1
bellamy,1
looking,1
backward,1
pp,1
forming,1
thin,1
volume,1
arc,1
extremely,1
analytical,1
critical,1
joyce,1
humanity,1
analysis,1
satisfying,1
portion,1
agencies,1
comprehensive,1
comparative,1
review,1
growing,1
consciousness,1
careful,1
culminated,1
exposition,1
teaching,1
major,1
peace,1
progressive,1
devoting,1
proclaimed,1
much,1
elemental,1
power,1
society,1
founded,1
background,1
injustice,1
ezekiel,1
principles,1
whereby,1
forerunners,1
book,1
throughout,1
so,1
also,1
very,1
arresting,1
challenging,1
advance,1
divided,1
bum,1
made,1
parts,1
each,1
have,1
containing,1
contributions,1
investigates,1
religious,1
only,1
takes,1
attained,1
could,1
endure,1
preached,1
spiritual,1
consummated,1
cull,1
righteousness,1
justice,1
love,1
brought,1
harmony,1
divine,1
childlike,1
communion,1
beneficent,1
loving,1
object,1
expresses,1
itself,1
daily,1
fraternity,1
service,1
makes,1
shortcomings,1
happiness,1
demands,1
moral,1
unavoidable,1
interwoven,1
judgment,1
should,1
punish,1
examining,1
kingdom,1
known,1
seen,1
most,1
outstanding,1
characteristics,1
better,1
representative,1
more,1
individual,1
character,1
some,1
its,1
these,1
analyze,1
certain,1
definite,1
attainment,1
