term,count
the,110
of,81
to,48
a,38
in,35
by,33
and,30
that,28
is,19
for,17
s,14
with,14
not,13
but,12
as,11
be,11
this,11
file,10
he,10
was,10
on,9
one,9
i,9
an,8
author,7
all,7
at,7
which,6
would,6
been,6
so,6
it,6
his,5
should,5
from,5
some,5
are,5
if,5
crime,5
food,5
methods,5
new,5
its,5
man,4
case,4
has,4
found,4
or,4
yard,4
york,4
o,4
those,4
book,4
l,4
them,3
bad,3
only,3
interesting,3
after,3
cases,3
also,3
such,3
place,3
more,3
most,3
men,3
detective,3
they,3
writer,3
sofa,3
there,3
detection,3
fine,3
does,3
incident,3
f,3
police,3
shot,3
jury,2
focused,2
water,2
upon,2
fact,2
judge,2
hour,2
little,2
over,2
reason,2
c,2
thus,2
guilty,2
science,2
lawyer,2
may,2
enforcement,2
th,2
dogs,2
were,2
label,2
good,2
too,2
trade,2
these,2
shopkeeper,2
artist,2
adulterated,2
unlicensed,2
practice,2
their,2
under,2
notices,2
dealers,2
subject,2
exception,2
chapter,2
ed,2
find,2
d,2
story,2
inform,2
tale,2
seems,2
special,2
method,2
prints,2
general,2
what,2
have,2
use,2
tile,2
referred,2
interested,2
city,2
wherein,2
e,2
other,2
both,2
scotland,2
undetected,2
clue,2
nor,2
while,2
scientific,2
used,2
every,2
detectives,2
than,2
composed,2
trained,2
very,2
made,2
ago,2
authority,2
expert,2
had,2
re,2
due,2
ever,2
principal,1
lari,1
meet,1
committed,1
specially,1
think,1
act,1
object,1
lt,1
when,1
faults,1
venial,1
no,1
comes,1
without,1
exists,1
tricks,1
resort,1
words,1
heat,1
ad,1
w,1
title,1
deserves,1
appear,1
competition,1
standing,1
positively,1
community,1
retains,1
expense,1
lees,1
department,1
involves,1
sell,1
refusal,1
imposed,1
administration,1
adds,1
avoiding,1
nevertheless,1
common,1
notes,1
tom,1
cu,1
nd,1
medicine,1
q,1
pursuit,1
everywhere,1
attach,1
laws,1
evil,1
describing,1
investigation,1
worst,1
forms,1
upright,1
latterly,1
southwest,1
south,1
negroes,1
fugitive,1
against,1
hounds,1
days,1
slave,1
approval,1
meets,1
tracking,1
bloodhounds,1
woman,1
enough,1
curiously,1
famous,1
eye,1
glass,1
patient,1
trials,1
defense,1
relied,1
taylor,1
recorded,1
western,1
court,1
expressed,1
having,1
sentence,1
hard,1
suggestion,1
majority,1
criminal,1
say,1
written,1
proposition,1
begins,1
adulteration,1
law,1
pure,1
worth,1
enforce,1
efforts,1
government,1
federal,1
our,1
view,1
part,1
entertaining,1
evidence,1
sort,1
doubts,1
character,1
citizen,1
samples,1
penalties,1
exempt,1
apparently,1
forth,1
set,1
statute,1
terms,1
bottles,1
contents,1
disclose,1
labels,1
carried,1
conviction,1
profound,1
received,1
humor,1
ma,1
bit,1
counterfeited,1
less,1
itself,1
glee,1
fancy,1
can,1
ruinous,1
refreshing,1
small,1
grocers,1
us,1
who,1
sale,1
sugar,1
statement,1
lately,1
reading,1
chemists,1
prevalence,1
about,1
nowadays,1
talk,1
alarming,1
loose,1
notice,1
posting,1
district,1
constable,1
chief,1
immunity,1
sought,1
provision,1
goods,1
genuineness,1
guarantee,1
will,1
posted,1
acid,1
squash,1
lemon,1
eggs,1
outside,1
state,1
professional,1
england,1
urban,1
ample,1
extra,1
given,1
license,1
quasi,1
turned,1
practicing,1
go,1
associates,1
must,1
lose,1
pin,1
do,1
professions,1
out,1
modern,1
fined,1
absolutely,1
persons,1
believe,1
cited,1
ex,1
ports,1
fun,1
smell,1
harmless,1
sulphide,1
preserved,1
juice,1
lime,1
opinion,1
poorest,1
see,1
you,1
begin,1
quarters,1
differed,1
then,1
required,1
adulterants,1
notification,1
said,1
action,1
dismissing,1
ate,1
effect,1
respect,1
usual,1
point,1
genet,1
symmetrically,1
directly,1
whoso,1
frank,1
any,1
versatile,1
probably,1
implies,1
date,1
trace,1
unable,1
accused,1
cleared,1
thief,1
pointed,1
capillary,1
discharge,1
wall,1
hanging,1
piece,1
fowling,1
nipple,1
acquired,1
bottle,1
valuable,1
idea,1
rays,1
sun,1
wan,1
harper,1
contract,1
memory,1
almost,1
illustrate,1
serves,1
ben,1
stolen,1
veto,1
myth,1
solar,1
possibly,1
magazine,1
appeared,1
ha,1
roof,1
december,1
leak,1
rom,1
contracted,1
hands,1
pistol,1
table,1
origin,1
none,1
might,1
form,1
published,1
subsequently,1
precisely,1
experiment,1
stopped,1
m,1
routine,1
spent,1
impossible,1
sorry,1
how,1
se,1
day,1
aims,1
word,1
indent,1
export,1
substituted,1
testimony,1
broken,1
however,1
confine,1
prisoner,1
contend,1
minutes,1
thirty,1
ult,1
retirement,1
ca,1
highly,1
contradictory,1
therein,1
ry,1
duty,1
pl,1
foolish,1
watch,1
dead,1
where,1
noticed,1
represented,1
clever,1
arrested,1
servant,1
substitution,1
death,1
de,1
k,1
ears,1
t,1
newspaper,1
narrated,1
proposes,1
mystery,1
ail,1
acute,1
nothing,1
illustration,1
h,1
up,1
poked,1
hie,1
staff,1
observe,1
narrowing,1
te,1
later,1
prosecutor,1
inger,1
pleaded,1
larceny,1
visiting,1
order,1
familiarize,1
recent,1
himself,1
world,1
fugitives,1
illustrated,1
apprehending,1
past,1
present,1
improvement,1
entertained,1
showing,1
axe,1
murderer,1
intercept,1
wireless,1
net,1
co,1
reins,1
bring,1
u,1
verdict,1
morphine,1
poisoned,1
yes,1
rule,1
r,1
non,1
reported,1
disclosure,1
anti,1
between,1
similarities,1
discussion,1
noteworthy,1
harris,1
toxicology,1
student,1
certainly,1
english,1
perhaps,1
criminals,1
poisoning,1
instructive,1
boom,1
years,1
alone,1
brown,1
mitchell,1
detailed,1
anthropometry,1
questioned,1
chagrin,1
fully,1
microscopy,1
hy,1
inks,1
characteristics,1
handwriting,1
finger,1
amusement,1
best,1
returning,1
detected,1
courteous,1
narrations,1
profitless,1
bald,1
confined,1
kind,1
books,1
many,1
work,1
room,1
aptitude,1
force,1
uniformed,1
hotel,1
mr,1
os,1
born,1
officials,1
telegraph,1
photographic,1
transmission,1
bibliography,1
enhanced,1
dinner,1
value,1
tails,1
greater,1
writers,1
pitted,1
few,1
osborn,1
dalton,1
refer,1
great,1
suggestions,1
fruitful,1
readers,1
london,1
sufficiently,1
yet,1
acknowledgment,1
whose,1
consumers,1
