term,count
the,57
of,53
tile,36
and,26
to,25
in,23
it,16
he,15
his,15
is,13
a,13
s,12
o,12
that,12
as,11
l,10
i,10
t,10
for,10
has,9
with,9
sir,9
george,8
great,8
all,8
which,6
e,6
an,6
ill,6
fox,6
had,6
or,5
at,5
on,5
out,4
ills,4
but,4
n,4
will,4
r,4
ilia,4
this,4
c,4
their,4
h,4
period,3
two,3
lo,3
x,3
these,3
may,3
ry,3
f,3
ge,3
trevelyan,3
been,3
england,3
le,3
be,3
concluding,3
ii,3
volume,3
give,2
about,2
p,2
cr,2
nation,2
iii,2
have,2
not,2
charles,2
revolution,2
written,2
its,2
victory,2
by,2
tinder,2
was,2
fact,2
american,2
them,2
admiration,2
breadth,2
q,2
made,2
men,2
belief,2
story,2
v,2
no,2
lie,2
d,2
south,2
studies,2
other,2
tn,2
few,2
hi,2
es,2
her,2
country,2
author,2
lord,2
over,2
english,2
most,2
tit,2
one,2
who,2
even,2
war,2
en,2
last,2
well,2
slid,2
ears,2
how,2
important,2
co,2
spite,2
nominal,1
inappropriate,1
skill,1
address,1
said,1
exploits,1
days,1
driller,1
et,1
alter,1
matter,1
live,1
fly,1
conflict,1
british,1
manly,1
era,1
foley,1
kept,1
slur,1
believe,1
generations,1
nations,1
fought,1
leaf,1
illusion,1
defeats,1
work,1
yeomanry,1
vivid,1
way,1
tie,1
were,1
obtained,1
held,1
stale,1
liners,1
so,1
year,1
privations,1
rough,1
bold,1
shown,1
aden,1
ir,1
hat,1
hostile,1
word,1
press,1
y,1
populated,1
added,1
levies,1
carolina,1
hard,1
than,1
ended,1
se,1
loves,1
man,1
did,1
gills,1
honestly,1
indeed,1
here,1
ml,1
j,1
insight,1
kindliness,1
clove,1
can,1
add,1
just,1
aside,1
laid,1
lids,1
told,1
nd,1
need,1
depict,1
north,1
line,1
dec,1
already,1
hr,1
william,1
glory,1
recovery,1
continue,1
careful,1
yet,1
hoping,1
without,1
call,1
events,1
ordination,1
details,1
illuminating,1
corgi,1
try,1
parliament,1
tip,1
w,1
overcome,1
took,1
rising,1
means,1
home,1
rt,1
liberty,1
take,1
life,1
book,1
after,1
throes,1
grounded,1
steadfast,1
when,1
g,1
scruple,1
itself,1
syn,1
tin,1
cause,1
ct,1
thole,1
ll,1
house,1
veil,1
er,1
ft,1
little,1
tee,1
ma,1
go,1
break,1
op,1
fair,1
set,1
titans,1
lilts,1
forth,1
xx,1
chapter,1
some,1
freedom,1
toward,1
advance,1
lens,1
voice,1
yield,1
forced,1
historic,1
methods,1
seas,1
sent,1
time,1
achieved,1
thirteen,1
things,1
impossible,1
re,1
male,1
stu,1
render,1
relied,1
figures,1
sketched,1
outstanding,1
upon,1
seized,1
heroic,1
deal,1
tracing,1
yorktown,1
monarchy,1
also,1
atlantic,1
side,1
air,1
down,1
brought,1
development,1
flit,1
years,1
mid,1
page,1
turns,1
second,1
reader,1
every,1
regret,1
sigh,1
green,1
om,1
bart,1
otto,1
vol,1
part,1
historical,1
series,1
remarkable,1
final,1
announced,1
definitely,1
delightful,1
comprehensible,1
mass,1
bring,1
rn,1
applied,1
narrative,1
revert,1
else,1
easily,1
history,1
lind,1
fragment,1
magnificent,1
published,1
macaulay,1
uncle,1
since,1
recent,1
perhaps,1
long,1
altered,1
same,1
trust,1
whom,1
if,1
loss,1
mort,1
holder,1
office,1
very,1
hand,1
hen,1
less,1
lilt,1
does,1
mr,1
from,1
hilt,1
disregard,1
pitts,1
tl,1
him,1
intense,1
interest,1
vet,1
greene,1
similar,1
almost,1
remain,1
drawn,1
between,1
geo,1
suffered,1
deepest,1
mean,1
himself,1
ending,1
daughters,1
ila,1
respect,1
elusive,1
london,1
manages,1
fellows,1
stand,1
qualities,1
grant,1
seems,1
hardly,1
ate,1
ix,1
teaches,1
famous,1
refers,1
ch,1
familiarly,1
peaks,1
te,1
burke,1
convey,1
readers,1
why,1
town,1
fell,1
any,1
coral,1
good,1
slip,1
merely,1
paid,1
possessed,1
they,1
dower,1
rear,1
quotes,1
living,1
li,1
tale,1
influence,1
friends,1
