term,count
the,78
of,61
a,40
to,35
he,32
in,32
and,32
s,25
his,16
for,15
is,15
that,14
l,14
t,13
it,13
o,12
at,10
th,9
h,9
are,9
i,9
nd,9
not,8
letters,8
there,7
by,7
with,7
e,7
on,7
their,6
upon,6
own,6
those,6
be,6
from,5
but,5
me,5
wolfe,5
or,5
which,5
them,5
two,5
her,5
n,5
d,5
this,5
most,4
m,4
we,4
been,4
some,4
him,4
wrote,4
out,4
into,4
had,4
if,4
who,4
one,3
found,3
g,3
tile,3
american,3
no,3
would,3
fall,3
french,3
will,3
as,3
b,3
man,3
much,3
army,3
lie,3
people,3
c,3
tho,3
life,3
such,3
only,3
did,3
writes,3
mother,3
portrait,2
letter,2
om,2
what,2
good,2
they,2
saw,2
lover,2
about,2
call,2
li,2
great,2
entered,2
has,2
though,2
must,2
civil,2
these,2
r,2
few,2
et,2
said,2
have,2
all,2
real,2
often,2
when,2
british,2
laid,2
took,2
soldier,2
re,2
others,2
earth,2
little,2
ills,2
many,2
doubt,2
noble,2
how,2
were,2
ar,2
was,2
do,2
age,2
ever,2
ll,2
here,2
truly,2
lid,2
col,2
over,2
f,2
p,2
wilson,2
al,2
troops,2
can,2
never,2
least,2
does,2
other,2
trade,2
lo,2
world,2
led,2
lost,2
different,2
w,2
picture,2
himself,2
character,2
de,2
story,2
americans,2
ion,2
lat,2
you,2
year,1
am,1
handsome,1
temper,1
mn,1
kept,1
friend,1
way,1
think,1
bosom,1
she,1
hal,1
behavior,1
stone,1
beauty,1
corner,1
very,1
cool,1
reckon,1
later,1
enough,1
utterly,1
former,1
bean,1
colonies,1
thai,1
peopled,1
parts,1
really,1
indeed,1
country,1
bad,1
vices,1
tinged,1
deeply,1
tinge,1
necessity,1
sta,1
extent,1
foresee,1
yet,1
among,1
path,1
work,1
laboring,1
despised,1
dreamed,1
law,1
forced,1
probably,1
refused,1
expect,1
reason,1
lucky,1
half,1
globe,1
port,1
divide,1
space,1
vat,1
spot,1
feting,1
ire,1
power,1
seat,1
boa,1
time,1
flames,1
pitch,1
highest,1
worked,1
neighbors,1
sob,1
lone,1
le,1
fed,1
contempt,1
infrequent,1
ions,1
discredits,1
truth,1
its,1
intimation,1
dishonored,1
executioner,1
au,1
disposal,1
ty,1
replied,1
insolence,1
look,1
terrible,1
dares,1
scoundrel,1
shoot,1
smile,1
wounded,1
duke,1
than,1
more,1
received,1
elegy,1
unfavorable,1
since,1
toward,1
believed,1
book,1
ye,1
sorts,1
history,1
washington,1
face,1
lived,1
fe,1
felt,1
te,1
once,1
air,1
ultra,1
born,1
laces,1
terrors,1
runs,1
expression,1
worse,1
bark,1
bern,1
fire,1
hoped,1
laborers,1
starved,1
st,1
ah,1
ordered,1
credit,1
hts,1
contrary,1
sad,1
further,1
pages,1
house,1
mercy,1
ca,1
merit,1
three,1
stomach,1
my,1
dine,1
room,1
tn,1
up,1
hangs,1
ky,1
recovered,1
long,1
officer,1
emotion,1
without,1
mentioned,1
could,1
thrown,1
herself,1
ufa,1
career,1
plunged,1
home,1
appraised,1
so,1
love,1
la,1
calls,1
doe,1
plan,1
held,1
regard,1
temporary,1
caused,1
failure,1
assert,1
tin,1
probabilities,1
cl,1
ht,1
thought,1
whatever,1
shown,1
faculty,1
critical,1
lack,1
whoso,1
lies,1
thia,1
wisdom,1
tor,1
tail,1
fa,1
hook,1
part,1
ti,1
ind,1
strength,1
acts,1
any,1
parents,1
ian,1
direct,1
strong,1
reflections,1
sage,1
tie,1
drink,1
vice,1
bounding,1
sober,1
collection,1
ed,1
k,1
ill,1
tied,1
tongue,1
youth,1
preserved,1
ha,1
lotter,1
say,1
periodic,1
formal,1
wu,1
century,1
heart,1
ct,1
notable,1
looked,1
vol,1
op,1
ta,1
immediate,1
treacherous,1
mere,1
scotland,1
posted,1
acrid,1
comments,1
everything,1
ears,1
plainly,1
childish,1
school,1
books,1
lesson,1
voile,1
epistles,1
even,1
judgment,1
shrewdness,1
cuteness,1
visible,1
eighteenth,1
written,1
bronco,1
ace,1
vivid,1
unrecognizable,1
paint,1
paints,1
theory,1
allowed,1
thirty,1
possibility,1
republic,1
made,1
continent,1
north,1
future,1
settled,1
seventeen,1
captain,1
fourteen,1
lieutenant,1
became,1
thirteen,1
boy,1
quebec,1
conqueror,1
gallant,1
james,1
talker,1
platitudes,1
selfish,1
tr,1
tidal,1
tellers,1
pi,1
bi,1
hi,1
belief,1
obvious,1
risen,1
collected,1
na,1
co,1
put,1
ladies,1
hot,1
es,1
quite,1
cd,1
pictured,1
dickens,1
vastly,1
painted,1
correspondence,1
harold,1
beautiful,1
ly,1
mercantile,1
sp,1
women,1
saves,1
bigot,1
cedes,1
beat,1
peasantry,1
dispirited,1
discontented,1
disjointed,1
thorn,1
also,1
hounds,1
hen,1
cruelty,1
unheard,1
pillaged,1
asked,1
see,1
nor,1
sm,1
canadians,1
return,1
pieces,1
bloody,1
set,1
better,1
opinion,1
win,1
interest,1
dirtiest,1
an,1
rather,1
ail,1
officers,1
battalions,1
dirt,1
dead,1
down,1
act,1
eu,1
dos,1
ora,1
con,1
lord,1
worst,1
scribed,1
before,1
forces,1
know,1
comm,1
depend,1
may,1
observed,1
credited,1
braver,1
take,1
encountered,1
tim,1
shut,1
seem,1
dull,1
obstinately,1
lind,1
blockheads,1
excessive,1
preachers,1
scotch,1
generality,1
far,1
hours,1
entrance,1
counted,1
ex,1
sake,1
went,1
breeding,1
making,1
end,1
men,1
inquiring,1
cold,1
coarse,1
knowledge,1
quartered,1
whom,1
living,1
red,1
find,1
x,1
whole,1
demons,1
another,1
calamity,1
unavoidable,1
portsmouth,1
belles,1
midst,1
fee,1
ho,1
abominable,1
lowest,1
sink,1
excess,1
car,1
looseness,1
immorality,1
kind,1
every,1
hellish,1
place,1
might,1
