term,count
the,108
and,82
of,66
to,50
in,45
a,36
i,25
is,24
it,19
their,19
with,18
that,17
on,16
which,16
by,16
they,14
for,13
s,13
weber,12
all,12
his,12
as,11
fields,11
are,11
at,11
an,11
has,10
he,10
was,10
one,9
o,8
him,8
mike,8
first,8
but,8
have,7
this,6
you,6
be,6
joe,6
when,6
there,6
were,6
only,6
them,6
from,6
so,5
tile,5
here,5
then,5
into,5
not,5
york,5
every,5
get,4
what,4
ever,4
day,4
will,4
hall,4
more,4
its,4
lives,4
myer,4
v,4
some,4
years,4
music,4
l,4
ball,4
like,4
mann,4
four,4
who,4
balls,4
two,4
new,4
about,4
t,4
louis,3
work,3
lew,3
organization,3
these,3
talk,3
do,3
himself,3
we,3
dot,3
ill,3
can,3
should,3
night,3
again,3
hours,3
home,3
b,3
thus,3
how,3
max,3
after,3
last,3
passed,3
room,3
time,3
clear,3
little,3
did,3
too,3
h,3
over,3
now,3
side,3
fifteen,3
course,3
itch,3
no,3
gave,2
great,2
butler,2
said,2
kept,2
book,2
read,2
always,2
bessie,2
good,2
diamonds,2
templeton,2
mabel,2
r,2
back,2
sidewalks,2
eyes,2
itches,2
gone,2
company,2
ago,2
lillian,2
had,2
revival,2
own,2
people,2
seven,2
g,2
ll,2
der,2
j,2
me,2
romance,2
country,2
scratch,2
themselves,2
hooray,2
offer,2
io,2
than,2
fascinating,2
offered,2
table,2
must,2
letter,2
known,2
volume,2
game,2
alive,2
where,2
name,2
rack,2
ac,2
stories,2
pockets,2
got,2
world,2
whose,2
if,2
example,2
worse,2
old,2
greatest,2
being,2
stage,2
other,2
would,2
us,2
find,2
well,2
clock,2
john,2
full,2
seen,2
due,2
engagement,2
bit,2
telling,2
set,2
show,2
your,2
f,2
kelly,2
painted,2
been,2
just,2
out,2
men,2
came,2
hand,2
against,2
man,2
scene,2
could,2
much,2
height,2
d,2
story,2
field,2
took,1
brains,1
fate,1
circles,1
evidence,1
tempted,1
deliver,1
raise,1
money,1
widening,1
sea,1
rejoicing,1
awed,1
sept,1
tears,1
opened,1
difficulty,1
aforementioned,1
right,1
hope,1
wheels,1
plot,1
job,1
my,1
able,1
record,1
dear,1
envelope,1
slit,1
went,1
ten,1
quick,1
next,1
bosoms,1
restored,1
ore,1
try,1
except,1
troupe,1
trade,1
hit,1
garment,1
employment,1
profitable,1
enterprises,1
lured,1
brother,1
grew,1
juggling,1
adroit,1
owners,1
until,1
doorsteps,1
crying,1
celebrated,1
despite,1
fifty,1
incidents,1
third,1
things,1
son,1
hammocks,1
reading,1
sent,1
disbarred,1
trouper,1
view,1
state,1
met,1
jacket,1
design,1
portland,1
week,1
payroll,1
salary,1
nearly,1
her,1
wait,1
volunteered,1
cousin,1
lottie,1
season,1
reader,1
penalty,1
otherwise,1
close,1
permanently,1
manager,1
before,1
precious,1
career,1
halls,1
kinship,1
drawing,1
coffee,1
served,1
cigars,1
draw,1
throat,1
gentlemen,1
owe,1
honor,1
mr,1
feeling,1
hook,1
gives,1
detailed,1
repaired,1
arose,1
history,1
small,1
turned,1
centuries,1
conversation,1
pleas,1
ant,1
channels,1
quarter,1
agreeable,1
hour,1
joined,1
dinner,1
twenty,1
announced,1
another,1
picture,1
programs,1
yields,1
particular,1
palace,1
spring,1
annoy,1
desperation,1
thing,1
clyde,1
quite,1
quality,1
meantime,1
however,1
hard,1
see,1
any,1
better,1
brings,1
promised,1
vest,1
ville,1
plays,1
treatment,1
extraordinary,1
restores,1
burlesques,1
days,1
contemporary,1
town,1
playing,1
ito,1
sophisticated,1
alas,1
grateful,1
hysterics,1
know,1
breach,1
grown,1
pleasantly,1
allowed,1
e,1
wolf,1
hopper,1
collier,1
connected,1
reacted,1
gifted,1
employers,1
opportunity,1
tale,1
manner,1
land,1
approached,1
faith,1
wavering,1
de,1
evey,1
ethel,1
bernard,1
employed,1
largely,1
part,1
permanent,1
such,1
peter,1
avid,1
bailey,1
henry,1
charley,1
clayton,1
fay,1
frankie,1
makes,1
declined,1
keeps,1
walt,1
evening,1
el,1
appeared,1
showed,1
crowded,1
keep,1
immaculate,1
photographers,1
rented,1
dress,1
uncouth,1
beg,1
business,1
hut,1
ho,1
li,1
obviously,1
reproduced,1
presented,1
upon,1
ruled,1
accordingly,1
lo,1
w,1
plates,1
off,1
doorbell,1
riverside,1
excited,1
drive,1
immediately,1
performance,1
ringing,1
relatives,1
east,1
food,1
opinions,1
far,1
finest,1
probably,1
aw,1
few,1
carried,1
avers,1
finer,1
savoyard,1
notice,1
written,1
sod,1
lilt,1
memories,1
seems,1
effort,1
same,1
later,1
our,1
twentieth,1
century,1
nineteenth,1
decades,1
conceivable,1
reached,1
privately,1
doubt,1
inclined,1
may,1
though,1
yet,1
wintry,1
weather,1
act,1
presumably,1
mu,1
whereupon,1
promptly,1
goes,1
supplied,1
wilkes,1
large,1
lind,1
best,1
dodge,1
hole,1
surprise,1
myself,1
puts,1
advised,1
coldly,1
weep,1
broadside,1
whisked,1
eight,1
or,1
pool,1
crediting,1
calmly,1
moment,1
memory,1
di,1
ia,1
x,1
lit,1
audience,1
dance,1
merely,1
remaining,1
periods,1
russell,1
halley,1
ea,1
does,1
long,1
rounded,1
anecdotes,1
banter,1
above,1
graphic,1
reproduction,1
attempt,1
gouging,1
lean,1
turns,1
look,1
faraway,1
add,1
word,1
pronounce,1
america,1
deserves,1
herman,1
felix,1
associates,1
triumphs,1
tribulations,1
assembled,1
audiences,1
comedians,1
funniest,1
affectionate,1
tittle,1
along,1
difficult,1
make,1
companies,1
ca,1
hog,1
bobby,1
clark,1
steady,1
fat,1
ins,1
lies,1
trice,1
marilyn,1
miller,1
unlikely,1
era,1
translate,1
descriptions,1
bombarded,1
enthusiastic,1
judge,1
background,1
late,1
trifle,1
boca,1
many,1
american,1
skulled,1
thick,1
least,1
also,1
fellow,1
highest,1
takes,1
parcels,1
cling,1
bowery,1
environs,1
trent,1
longer,1
extensive,1
experience,1
closely,1
custer,1
warmth,1
hearth,1
misgivings,1
accepted,1
paterson,1
n,1
confined,1
ere,1
activities,1
variations,1
branch,1
parent,1
club,1
knew,1
titanic,1
reservations,1
canceled,1
minute,1
related,1
fact,1
nev,1
museums,1
dime,1
lithographs,1
stand,1
early,1
m,1
indulgence,1
u,1
kitchens,1
dishes,1
baked,1
train,1
station,1
clearest,1
hoboken,1
trunk,1
straps,1
trees,1
backdrop,1
huge,1
self,1
safety,1
plate,1
alone,1
mall,1
tell,1
street,1
west,1
confines,1
pl,1
beyond,1
chins,1
foolhardy,1
stack,1
once,1
happen,1
warnings,1
performances,1
witnesses,1
turn,1
serf,1
jubilantly,1
via,1
tour,1
told,1
ale,1
lot,1
corner,1
fanny,1
bad,1
realizes,1
sadly,1
tilt,1
going,1
anxious,1
dances,1
lie,1
pocket,1
cue,1
mises,1
shoots,1
play,1
hack,1
places,1
marker,1
finds,1
search,1
vere,1
shoot,1
biggest,1
la,1
number,1
believe,1
uttered,1
today,1
exist,1
mixed,1
never,1
blood,1
life,1
ls,1
lion,1
climax,1
deal,1
curtains,1
thrill,1
wonder,1
started,1
proper,1
lower,1
throbbing,1
warm,1
color,1
imagination,1
develop,1
dared,1
novelist,1
fanciful,1
extent,1
heroes,1
account,1
given,1
worn,1
sad,1
rather,1
report,1
forced,1
shade,1
