term,count
the,55
is,40
of,37
and,32
her,30
to,23
it,21
in,18
a,15
that,13
she,13
with,11
s,10
has,9
for,9
by,8
dangerous,8
age,7
but,6
nan,6
one,6
life,5
ages,5
rose,5
as,5
up,4
from,4
daughter,4
book,4
macaulay,4
hilary,4
all,4
i,4
are,4
this,4
old,4
be,4
not,4
these,3
through,3
no,3
calm,3
more,3
different,3
gerda,3
who,3
have,3
any,3
an,3
youth,3
its,3
so,3
woman,3
years,3
mind,3
we,3
may,3
there,2
their,2
tragedy,2
sense,2
novel,2
kay,2
modern,2
just,2
away,2
which,2
might,2
impossible,2
work,2
stand,2
reasoning,2
loneliness,2
comes,2
studies,2
children,2
quite,2
characters,2
live,2
degree,2
made,2
or,2
barry,2
reader,2
does,2
say,2
pale,2
real,2
middle,2
manner,2
what,2
pamela,2
case,2
psychoanalysis,2
time,2
although,2
been,2
when,2
only,2
women,2
important,2
feels,2
witness,1
year,1
ordeal,1
leaves,1
safe,1
pass,1
girl,1
decade,1
three,1
cure,1
cornered,1
weaker,1
end,1
love,1
purposeless,1
angle,1
witnessing,1
victory,1
vacillating,1
must,1
appears,1
triumph,1
suffers,1
terribly,1
proves,1
again,1
finds,1
take,1
attempts,1
intelligent,1
absorb,1
sensitized,1
completeness,1
given,1
without,1
birth,1
rearing,1
highly,1
grown,1
asked,1
respond,1
same,1
acutely,1
characteristics,1
debacle,1
sister,1
certain,1
fault,1
brain,1
sympathy,1
being,1
reveal,1
ranging,1
passing,1
tour,1
beside,1
every,1
outcome,1
mother,1
into,1
review,1
part,1
did,1
tragic,1
ended,1
sisters,1
insignificance,1
meets,1
abolishment,1
himself,1
frankly,1
on,1
successful,1
developing,1
than,1
comment,1
discover,1
crucial,1
portion,1
engulfed,1
men,1
surmounts,1
moment,1
rodney,1
ceremony,1
desire,1
scorched,1
goes,1
veined,1
were,1
too,1
inept,1
pity,1
hardly,1
far,1
selfishness,1
beyond,1
passes,1
go,1
art,1
testimonial,1
flame,1
acute,1
dow,1
marriage,1
rebellious,1
lg,1
about,1
radical,1
filled,1
child,1
quick,1
liquor,1
heart,1
things,1
fate,1
fluctuations,1
thwarted,1
ever,1
feminine,1
intoxicates,1
latest,1
strong,1
wholly,1
escaped,1
pam,1
wholesome,1
lives,1
professional,1
taken,1
spinster,1
abrupt,1
term,1
thirties,1
generation,1
danger,1
escape,1
equanimity,1
ply,1
pas,1
assuredly,1
handled,1
signal,1
y,1
sup,1
marked,1
subtle,1
high,1
mad,1
obligations,1
herds,1
come,1
sad,1
daughters,1
mrs,1
living,1
fatalistic,1
almost,1
lever,1
proved,1
figures,1
two,1
conclusively,1
refuting,1
second,1
fact,1
accepted,1
passed,1
can,1
people,1
psychoanalyst,1
mr,1
declaration,1
fiction,1
bona,1
e,1
l,1
ex,1
other,1
merely,1
indicated,1
refreshing,1
personality,1
rt,1
sagacity,1
fulfilled,1
pondering,1
contentedly,1
shortness,1
whirlpools,1
shallows,1
achievement,1
suffer,1
like,1
dry,1
day,1
whose,1
figure,1
herself,1
fibs,1
lost,1
scaled,1
dependency,1
really,1
never,1
intellectual,1
others,1
itself,1
iced,1
over,1
buoyed,1
great,1
will,1
avail,1
comprehension,1
light,1
scorching,1
shriveled,1
bared,1
ennui,1
bone,1
source,1
hope,1
feeble,1
turns,1
vanished,1
now,1
always,1
works,1
remains,1
absorbing,1
breathe,1
they,1
blood,1
flesh,1
enforced,1
distinguished,1
logical,1
nothing,1
theme,1
develops,1
structure,1
rounded,1
finely,1
comparison,1
remain,1
rider,1
he,1
dosed,1
vital,1
creatures,1
mis,1
lot,1
trotted,1
mental,1
seen,1
grow,1
madly,1
lose,1
la,1
overwhelmed,1
futility,1
ale,1
