term,count
the,165
of,110
to,61
in,50
a,47
and,45
that,44
not,29
it,28
was,28
as,23
he,22
is,22
his,21
president,20
s,20
mr,18
by,18
which,17
i,17
be,17
with,17
for,15
but,13
us,13
have,13
when,12
wilson,10
from,10
on,10
this,10
war,9
has,9
an,9
would,9
no,9
at,9
been,9
ireland,9
great,9
tumults,8
all,8
are,8
had,7
our,7
irish,7
can,7
will,7
or,7
one,7
if,7
were,7
most,6
him,6
states,6
roosevelt,6
its,6
right,6
might,6
so,5
united,5
nations,5
said,5
into,5
people,5
never,5
time,5
than,5
chapter,5
op,5
could,5
they,5
ir,5
who,5
government,4
germany,4
p,4
more,4
book,4
only,4
without,4
there,4
know,4
world,4
we,4
secretary,4
did,4
l,4
whose,4
british,4
way,4
those,4
american,4
interest,4
among,3
meant,3
approbation,3
position,3
ought,3
between,3
force,3
shows,3
peace,3
first,3
understanding,3
policy,3
may,3
himself,3
their,3
statesman,3
act,3
opinion,3
air,3
w,3
action,3
made,3
history,3
f,3
come,3
attitude,3
why,3
should,3
point,3
any,3
friends,3
being,3
freedom,3
league,3
t,3
tells,3
taken,3
evident,3
every,3
own,2
relations,2
give,2
determined,2
zone,2
having,2
divided,2
enemies,2
mexico,2
other,2
easily,2
better,2
temptations,2
minds,2
energies,2
party,2
too,2
through,2
country,2
off,2
help,2
selfish,2
ii,2
page,2
reason,2
continued,2
now,2
view,2
pacifist,2
treaties,2
feeling,2
done,2
george,2
breach,2
reserve,2
taking,2
wise,2
popular,2
treaty,2
de,2
them,2
statesmanlike,2
against,2
felt,2
correspondence,2
covenant,2
power,2
part,2
what,2
c,2
applause,2
pathetic,2
cardinal,2
study,2
partisan,2
how,2
knew,2
episodes,2
number,2
sir,2
certain,2
human,2
lit,2
set,2
dangers,2
tragedy,2
open,2
y,2
egotistical,2
took,2
fact,2
read,2
style,2
concluded,2
true,2
difference,2
fir,2
spite,2
because,2
r,2
xi,2
outlook,2
article,2
lair,2
n,2
these,2
man,2
both,2
quite,2
critics,2
h,2
always,2
uncompromising,1
suggested,1
modern,1
expresses,1
dissatisfaction,1
opportunity,1
change,1
gentlemen,1
nothing,1
neutral,1
notes,1
officially,1
censure,1
j,1
irritatingly,1
recognition,1
lenient,1
republic,1
satisfy,1
explains,1
silent,1
diplomatic,1
began,1
england,1
subtitle,1
match,1
courage,1
function,1
ferocious,1
heretical,1
left,1
utterance,1
distinguished,1
before,1
doubt,1
truth,1
wing,1
uttered,1
revelation,1
friend,1
vow,1
reasonable,1
figure,1
truer,1
mentor,1
forth,1
almost,1
voluminously,1
endears,1
says,1
safer,1
allies,1
intensely,1
anti,1
like,1
affair,1
isolated,1
over,1
accused,1
gone,1
feet,1
rushed,1
foolish,1
distant,1
ex,1
apotheosis,1
many,1
arraying,1
fonts,1
seems,1
spirit,1
rights,1
interpreting,1
flinch,1
arises,1
occasion,1
must,1
admirers,1
make,1
tar,1
influence,1
use,1
enlightening,1
pounced,1
bit,1
vessels,1
unconscious,1
fighting,1
belief,1
letter,1
demanded,1
applauded,1
stake,1
scot,1
scotch,1
elevated,1
let,1
honor,1
sail,1
irishman,1
interesting,1
restricted,1
isles,1
around,1
really,1
warfare,1
submarine,1
unrestricted,1
strong,1
begin,1
aid,1
going,1
psychology,1
she,1
understand,1
involving,1
lansing,1
undue,1
eighteenth,1
young,1
amendment,1
representing,1
western,1
importance,1
consider,1
poignant,1
tile,1
sympathy,1
failed,1
saves,1
altruism,1
opposed,1
irremediably,1
june,1
real,1
hopes,1
frustration,1
lead,1
either,1
rhetoric,1
applied,1
ur,1
violence,1
patriot,1
goes,1
record,1
student,1
treatment,1
corrupted,1
such,1
humility,1
th,1
complicated,1
issue,1
method,1
prohibition,1
dealing,1
evidence,1
drink,1
sufficient,1
presented,1
frankly,1
letters,1
consistency,1
evil,1
adopted,1
simplicity,1
necessity,1
probably,1
perfect,1
danger,1
richelieu,1
acted,1
monk,1
similar,1
suffered,1
value,1
estimated,1
enacting,1
powers,1
examples,1
fatally,1
erred,1
pathos,1
try,1
avoid,1
tit,1
sacrifices,1
greatest,1
patient,1
anything,1
tolerate,1
assemblies,1
modest,1
branches,1
energetic,1
imagine,1
ever,1
whether,1
extent,1
wondering,1
patience,1
two,1
measured,1
actual,1
create,1
chief,1
britain,1
saner,1
times,1
putting,1
irishmen,1
committee,1
blames,1
lr,1
end,1
seem,1
september,1
dot,1
wrongs,1
economic,1
important,1
political,1
administration,1
faith,1
supreme,1
untouched,1
repudiated,1
scornfully,1
followers,1
loyal,1
accept,1
leaders,1
autonomy,1
q,1
grant,1
private,1
valera,1
problem,1
settlement,1
permanent,1
just,1
approach,1
acquainted,1
kind,1
approve,1
z,1
unfaltering,1
sear,1
motive,1
secures,1
developed,1
duty,1
ourselves,1
rt,1
effective,1
effort,1
fur,1
theories,1
fault,1
dragged,1
hark,1
occurred,1
after,1
beginning,1
hitherto,1
professional,1
neutrality,1
written,1
leader,1
carefully,1
historian,1
difficulties,1
imprudent,1
move,1
words,1
comment,1
illa,1
ahead,1
remainder,1
quested,1
al,1
grim,1
ila,1
procession,1
ended,1
echo,1
moment,1
came,1
healed,1
prudent,1
chapters,1
heard,1
tremendous,1
crime,1
welcomed,1
think,1
lauding,1
x,1
thorough,1
results,1
unfit,1
sections,1
che,1
costs,1
conflict,1
themselves,1
fling,1
zr,1
saved,1
grateful,1
catty,1
weakling,1
ed,1
deserved,1
u,1
characterization,1
lusitania,1
pendent,1
fret,1
makers,1
new,1
ev,1
et,1
english,1
aim,1
teach,1
idea,1
fierce,1
eu,1
e,1
lay,1
making,1
attempted,1
improve,1
modernity,1
fork,1
ry,1
mikes,1
newman,1
woodrow,1
review,1
maurice,1
francis,1
egan,1
resemblance,1
apologia,1
hi,1
pro,1
vita,1
apologias,1
sense,1
apologies,1
till,1
ultra,1
announced,1
cordially,1
malice,1
st,1
effect,1
achieved,1
red,1
concerning,1
evidently,1
le,1
accepted,1
criticism,1
g,1
tr,1
date,1
sept,1
si,1
discussion,1
storm,1
bitter,1
cordiality,1
erect,1
m,1
ha,1
disappointed,1
enigma,1
somewhat,1
grater,1
become,1
personality,1
light,1
throw,1
last,1
intimacy,1
however,1
echoed,1
greater,1
across,1
responsible,1
present,1
terrible,1
condition,1
affairs,1
anxious,1
sea,1
poisonous,1
gins,1
look,1
inevitable,1
pray,1
god,1
do,1
propaganda,1
lower,1
cruz,1
you,1
sent,1
mean,1
favor,1
acting,1
consequences,1
hut,1
therefore,1
tell,1
full,1
fight,1
some,1
day,1
hesitate,1
intervene,1
wish,1
america,1
forces,1
fairs,1
sacred,1
sanctity,1
grey,1
then,1
state,1
foreign,1
truly,1
need,1
house,1
commons,1
please,1
good,1
believe,1
much,1
keep,1
expedient,1
though,1
breaking,1
europe,1
chancellery,1
discredited,1
admirably,1
tolls,1
panama,1
regard,1
upon,1
thrown,1
tight,1
additional,1
lick,1
ounce,1
once,1
vera,1
hearts,1
law,1
hy,1
roy,1
re,1
soldier,1
ballads,1
rather,1
hint,1
forget,1
yen,1
voice,1
brings,1
out,1
reader,1
admit,1
raise,1
prefer,1
take,1
sudden,1
countrymen,1
regretted,1
final,1
step,1
nation,1
rut,1
growth,1
prepared,1
knowing,1
temperament,1
temper,1
dare,1
mentally,1
yet,1
does,1
effectively,1
tools,1
arms,1
gin,1
prevent,1
german,1
ship,1
landing,1
cargo,1
munitions,1
go,1
turned,1
bryan,1
daniels,1
quits,1
aware,1
message,1
aryan,1
intent,1
cons,1
measure,1
find,1
devoted,1
pages,1
turn,1
public,1
development,1
hysteria,1
unreasoning,1
nor,1
primaries,1
nu,1
beyond,1
willfully,1
emergencies,1
