term,count
the,206
of,190
in,88
to,82
and,63
a,54
with,30
that,26
as,26
his,24
i,23
for,23
he,22
were,20
johnson,20
which,19
by,19
new,19
from,19
was,17
is,17
are,16
this,15
on,15
it,14
not,13
be,13
state,13
at,12
them,12
have,12
an,11
we,11
been,11
papers,11
their,11
york,11
history,10
has,9
some,9
had,9
when,9
volumes,9
historical,8
but,8
they,8
america,7
sir,7
s,7
or,7
manuscripts,7
one,7
period,7
publication,6
work,6
who,6
well,6
all,6
those,6
shall,6
no,6
him,6
j,6
am,6
upon,6
time,6
data,6
until,5
french,5
last,5
george,5
so,5
most,5
many,5
present,5
much,5
up,5
letter,5
material,5
what,5
you,5
my,5
o,5
general,4
more,4
such,4
will,4
others,4
source,4
indian,4
indians,4
life,4
whom,4
page,4
william,4
thus,4
lake,4
me,4
war,4
fire,4
sullivan,4
valuable,4
these,4
there,4
own,4
albany,4
every,4
only,4
did,4
country,4
water,3
brought,3
chiefs,3
set,3
care,3
baron,3
council,3
made,3
going,3
king,3
may,3
dated,3
governor,3
now,3
given,3
obtained,3
our,3
large,3
since,3
libraries,3
your,3
fact,3
part,3
believe,3
great,3
numerous,3
other,3
documents,3
people,3
official,3
t,3
here,3
saving,3
military,3
can,3
where,3
influence,3
colonial,3
historian,3
left,3
university,3
american,3
its,3
future,3
over,3
three,3
chief,3
prepared,3
world,3
print,2
began,2
fate,2
enlightened,2
collection,2
national,2
sept,2
scarcely,2
contemporary,2
because,2
de,2
do,2
himself,2
done,2
private,2
called,2
unknown,2
volume,2
dr,2
must,2
midst,2
officials,2
remained,2
task,2
should,2
definitely,2
colonies,2
due,2
identified,2
reports,2
english,2
then,2
gratitude,2
permit,2
shirley,2
things,2
wrote,2
useful,2
means,2
secretaries,2
stage,2
accounts,2
abroad,2
career,2
appeared,2
before,2
opinion,2
scalping,2
go,2
exact,2
records,2
kept,2
important,2
small,2
out,2
service,2
march,2
figures,2
printed,2
extract,2
societies,2
completion,2
accustomed,2
available,2
happily,2
proofs,2
empire,2
sent,2
received,2
rescue,2
accomplish,2
form,2
stone,2
home,2
early,2
leave,2
doing,2
times,2
help,2
deal,2
need,2
speak,2
john,2
through,2
if,2
century,2
manuscript,2
england,2
bound,2
treated,2
revolution,2
d,2
mark,2
body,2
destroyed,2
voices,2
added,2
dominion,2
swept,2
into,2
character,2
biography,2
abundant,2
witness,2
after,2
political,2
l,2
esteem,2
frontier,2
nations,2
best,2
friendship,2
came,2
canada,2
off,2
britain,2
archives,2
past,2
could,2
swelled,2
beyond,2
fall,2
name,2
continued,2
library,2
fires,2
often,2
man,2
popular,2
major,2
evidence,2
wilderness,2
chain,2
light,2
buildings,2
than,2
border,2
pioneer,2
ana,2
public,2
continent,2
scraps,1
meaning,1
stevens,1
affect,1
acquired,1
taken,1
industriously,1
r,1
vigor,1
comparing,1
undertook,1
individuals,1
conducted,1
researches,1
scorched,1
packages,1
dire,1
painstaking,1
scholarly,1
together,1
henry,1
soaked,1
put,1
problems,1
order,1
way,1
printing,1
loss,1
irreparable,1
resulted,1
supply,1
missing,1
collaborated,1
cooper,1
whose,1
might,1
odium,1
grandfather,1
permanently,1
bought,1
presented,1
sale,1
loyalists,1
felicitations,1
free,1
effects,1
nave,1
confiscated,1
copies,1
e,1
collections,1
taylor,1
precaution,1
persevered,1
th,1
explanatory,1
subsequently,1
german,1
late,1
reader,1
hugh,1
confronts,1
inflicted,1
hastings,1
judgment,1
heart,1
pathetic,1
intended,1
satisfactorily,1
germany,1
mutilated,1
publish,1
issued,1
psalter,1
selections,1
regard,1
footnotes,1
sinks,1
faded,1
torn,1
striking,1
illustration,1
conveyed,1
recently,1
spurred,1
discovered,1
warning,1
salvaging,1
undertaken,1
possible,1
proceeded,1
retired,1
apparently,1
contained,1
disasters,1
folio,1
read,1
sheets,1
albeit,1
conceived,1
mounted,1
illegible,1
believed,1
pieces,1
minor,1
project,1
total,1
errors,1
printers,1
albrecht,1
office,1
fortune,1
between,1
sadly,1
piece,1
capitol,1
good,1
deplorable,1
professor,1
ashes,1
frequent,1
store,1
owe,1
nothing,1
though,1
re,1
whirling,1
scenes,1
far,1
once,1
clerks,1
methodical,1
encouraged,1
government,1
independent,1
heedlessness,1
preservation,1
partly,1
marked,1
paper,1
contributed,1
inks,1
sustaining,1
claims,1
boundaries,1
lands,1
purchases,1
setting,1
number,1
gov,1
congress,1
court,1
antiquities,1
longer,1
filing,1
stages,1
view,1
subject,1
progress,1
long,1
whims,1
patient,1
valued,1
lightly,1
group,1
considered,1
faithful,1
assets,1
adhered,1
tradition,1
punctilious,1
governors,1
demand,1
councils,1
weakness,1
management,1
possessed,1
nursing,1
lost,1
rather,1
recording,1
indifference,1
stretched,1
first,1
revulsion,1
allowed,1
priceless,1
discarded,1
preyed,1
links,1
poorly,1
constructed,1
signs,1
carelessness,1
along,1
extended,1
forts,1
mansions,1
remnants,1
thoughts,1
shaking,1
definite,1
passion,1
projects,1
listen,1
abundance,1
accumulated,1
duplicate,1
legislators,1
comparatively,1
safe,1
independence,1
ending,1
raised,1
murmurings,1
superimposed,1
beginning,1
protest,1
caste,1
something,1
approaching,1
disdain,1
gloried,1
fault,1
sources,1
remarkable,1
matter,1
preserved,1
article,1
portraits,1
excellent,1
pictures,1
known,1
principal,1
beginnings,1
versatile,1
persons,1
amherst,1
maps,1
including,1
particularly,1
showing,1
roads,1
followed,1
mass,1
campaigns,1
detail,1
find,1
thorough,1
besides,1
illustrations,1
presentation,1
approach,1
attained,1
gratifying,1
observe,1
copied,1
distinguishable,1
suitable,1
notes,1
storage,1
fireproof,1
include,1
come,1
mood,1
better,1
investigators,1
end,1
mine,1
rich,1
rt,1
decided,1
preserving,1
exacting,1
wide,1
line,1
legislator,1
powerful,1
survey,1
discarding,1
conspicuous,1
act,1
cause,1
turn,1
research,1
tendencies,1
funds,1
latter,1
glorious,1
archivists,1
gives,1
distinct,1
encouragement,1
emerging,1
shameful,1
reached,1
hand,1
escaped,1
variations,1
monument,1
inconsistent,1
spelling,1
capitalization,1
exhibited,1
result,1
elucidate,1
versions,1
little,1
short,1
fidelity,1
rapidly,1
cover,1
embracing,1
neglect,1
died,1
later,1
concern,1
family,1
havoc,1
published,1
seven,1
wt,1
guardian,1
grateful,1
giant,1
surely,1
documentary,1
palatine,1
under,1
dispensation,1
amply,1
deserves,1
forces,1
oblivion,1
appraise,1
casting,1
destiny,1
north,1
fame,1
belong,1
especial,1
sense,1
posterity,1
gave,1
braddock,1
performed,1
dreams,1
monarch,1
served,1
warded,1
lonely,1
settler,1
cabin,1
weak,1
northeastern,1
avenging,1
forays,1
native,1
allies,1
victory,1
bestowed,1
head,1
bands,1
painted,1
warriors,1
bourbon,1
lies,1
manner,1
force,1
dian,1
officer,1
conduct,1
affairs,1
corresponded,1
walks,1
both,1
consisting,1
letters,1
bills,1
classes,1
too,1
specify,1
invaluable,1
formation,1
also,1
social,1
industrial,1
agricultural,1
range,1
agent,1
engraving,1
worthy,1
capacity,1
opportunity,1
earn,1
scholars,1
rude,1
unlettered,1
outpost,1
civilization,1
like,1
commanding,1
scientific,1
thoroughness,1
summarizes,1
introduction,1
value,1
rescued,1
uncertain,1
importance,1
covers,1
overestimated,1
bear,1
any,1
covered,1
literature,1
outset,1
interwoven,1
story,1
ireland,1
affluence,1
beckoned,1
lose,1
lofty,1
forests,1
parents,1
would,1
marry,1
young,1
woman,1
deeply,1
love,1
adventure,1
episode,1
attended,1
welcomed,1
imaginative,1
power,1
opera,1
baronet,1
division,1
james,1
ph,1
director,1
pp,1
virile,1
characters,1
teeming,1
vitality,1
evolution,1
rises,1
us,1
background,1
invested,1
romance,1
associate,1
heroic,1
grand,1
transplanted,1
individuality,1
personal,1
buckskins,1
less,1
dispensed,1
hospitality,1
grace,1
nobleman,1
realm,1
baronial,1
mansion,1
johnstown,1
mastering,1
languages,1
customs,1
warlike,1
six,1
swayed,1
strong,1
willed,1
sheer,1
weight,1
sachem,1
beaded,1
asserted,1
dressed,1
themselves,1
rose,1
high,1
station,1
indelibly,1
chronicles,1
united,1
states,1
prance,1
fascinating,1
spread,1
white,1
race,1
throughout,1
probably,1
bad,1
aborigines,1
lordly,1
figure,1
information,1
loudly,1
natural,1
massachusetts,1
playing,1
inadvisedly,1
pressed,1
reinforcements,1
promised,1
matters,1
circumstances,1
hence,1
unwilling,1
see,1
know,1
even,1
conversation,1
correspondence,1
overwhelming,1
object,1
circumventing,1
designs,1
economic,1
commander,1
foster,1
shown,1
tried,1
fair,1
foul,1
obstinate,1
mean,1
onondagas,1
certainly,1
talk,1
harsh,1
try,1
while,1
campaign,1
tells,1
renaming,1
historic,1
beautiful,1
st,1
majesty,1
ascertain,1
troubles,1
conditions,1
expenses,1
depend,1
abilities,1
render,1
affection,1
felicity,1
attend,1
mo,1
dear,1
utmost,1
cordiality,1
affectionate,1
devoted,1
w,1
address,1
being,1
riches,1
explored,1
researchers,1
her,1
ways,1
assembling,1
disposes,1
extent,1
supplies,1
within,1
key,1
aspect,1
vanquished,1
chivalrous,1
consideration,1
jany,1
receive,1
sword,1
sentiments,1
highest,1
testimony,1
wherewith,1
pleased,1
sure,1
ambition,1
manifest,1
unworthy,1
convince,1
occasion,1
either,1
unturned,1
itself,1
easily,1
near,1
bases,1
operations,1
conferences,1
lives,1
fortunes,1
settlers,1
hanging,1
balance,1
especially,1
canadian,1
revelation,1
mastery,1
style,1
negotiation,1
hie,1
peculiar,1
spoke,1
occasions,1
accessible,1
arranged,1
peace,1
pres,1
weary,1
tors,1
plodding,1
piles,1
old,1
search,1
treasures,1
hidden,1
masses,1
words,1
labor,1
touches,1
wars,1
eighteenth,1
rise,1
decline,1
trance,1
able,1
consult,1
sought,1
predominance,1
however,1
burning,1
ruined,1
want,1
blankets,1
paint,1
guns,1
ca,1
almost,1
get,1
threats,1
presents,1
stock,1
ready,1
resources,1
instance,1
april,1
reckon,1
difficulty,1
prevent,1
against,1
settlements,1
taking,1
france,1
spring,1
met,1
terrible,1
northern,1
truly,1
dark,1
bloody,1
ground,1
clinton,1
send,1
capt,1
stephens,1
men,1
few,1
castles,1
bring,1
down,1
five,1
make,1
smart,1
written,1
