term,count
the,218
of,125
in,82
to,63
and,50
he,32
for,30
a,30
had,27
was,26
that,25
i,22
it,21
by,18
foch,17
french,17
were,17
on,17
as,16
s,16
be,15
his,15
which,14
war,13
been,13
m,12
at,12
attack,11
not,11
out,10
allied,10
when,10
there,9
him,9
n,9
april,9
before,9
with,9
made,9
c,8
one,8
plans,8
e,8
offensive,8
an,7
after,7
all,7
who,7
our,6
did,6
t,6
such,6
first,6
german,6
r,6
army,6
l,6
chief,6
general,6
military,6
enemy,6
from,6
supreme,5
under,5
command,5
will,5
time,5
do,5
most,5
more,5
they,5
we,5
is,5
other,5
months,5
or,5
their,5
premier,5
if,5
troops,5
appointment,5
clemenceau,5
declares,5
upon,5
front,5
part,4
this,4
y,4
f,4
j,4
month,4
would,4
having,4
o,4
paris,4
sudden,4
forward,4
no,4
these,4
has,4
terrible,4
then,4
h,4
but,4
retreat,4
step,3
british,3
march,3
early,3
took,3
them,3
than,3
himself,3
lie,3
commander,3
where,3
b,3
those,3
end,3
could,3
france,3
old,3
back,3
school,3
great,3
appointed,3
lloyd,3
minister,3
battle,3
into,3
inch,3
entire,3
er,3
two,3
won,3
against,3
few,3
unity,3
day,3
toward,3
point,3
somme,2
large,2
so,2
forced,2
three,2
type,2
four,2
q,2
might,2
until,2
aux,2
only,2
january,2
pointed,2
ha,2
provided,2
order,2
off,2
fe,2
germans,2
have,2
year,2
declared,2
fighting,2
late,2
preliminary,2
materially,2
altered,2
talk,2
bad,2
again,2
ni,2
failure,2
moment,2
become,2
armies,2
me,2
believed,2
american,2
v,2
us,2
hut,2
george,2
head,2
what,2
p,2
later,2
credit,2
book,2
shot,2
thrust,2
ex,2
answer,2
days,2
ton,2
son,2
criticisms,2
yet,2
least,2
just,2
fact,2
west,2
points,2
civil,2
set,2
grew,2
apprehensive,2
news,2
divisions,2
black,2
better,2
fall,2
like,2
attacks,2
morning,2
long,2
whole,2
writes,2
mill,2
topped,2
said,2
tin,2
operations,2
another,2
marshal,2
while,2
idea,2
w,2
added,2
move,2
g,2
words,2
bygones,2
victorious,2
positions,2
power,2
post,2
important,2
ill,2
advance,2
slightest,2
became,2
held,2
slow,2
opinion,2
lines,2
paul,2
any,2
brilliant,2
doctrine,2
road,2
ive,1
leg,1
lo,1
fro,1
let,1
lure,1
ff,1
home,1
worst,1
hts,1
intention,1
hand,1
corn,1
lat,1
hit,1
relied,1
en,1
ski,1
leader,1
ace,1
loon,1
her,1
fulfill,1
rig,1
hay,1
reveals,1
incidentally,1
brighter,1
america,1
aid,1
hope,1
rooted,1
di,1
bore,1
efforts,1
potion,1
ix,1
act,1
unhindered,1
allowed,1
retorts,1
sort,1
nothing,1
hampered,1
bx,1
foes,1
work,1
ce,1
conferred,1
po,1
following,1
weeks,1
argues,1
allusion,1
th,1
returned,1
are,1
wu,1
being,1
brought,1
advances,1
grand,1
nibbling,1
partial,1
planned,1
starred,1
further,1
hopelessness,1
clearing,1
statement,1
nov,1
bitterly,1
persisted,1
thai,1
ma,1
imps,1
hr,1
oil,1
responsible,1
left,1
truth,1
promptly,1
furious,1
up,1
scorn,1
exceedingly,1
appalling,1
lowing,1
may,1
mus,1
subscribing,1
june,1
therefore,1
ted,1
objections,1
d,1
elle,1
bed,1
whatever,1
insists,1
interference,1
politicians,1
lex,1
terms,1
feeling,1
mutiny,1
open,1
dig,1
hoe,1
rein,1
waves,1
guns,1
broken,1
morale,1
promises,1
sweeping,1
al,1
arrived,1
ward,1
wished,1
danger,1
merely,1
poss,1
steps,1
accession,1
between,1
occurred,1
version,1
now,1
given,1
world,1
came,1
gates,1
arrival,1
silenced,1
advisability,1
bickering,1
ah,1
drove,1
quentin,1
asunder,1
burst,1
northern,1
force,1
terrific,1
ruck,1
fated,1
really,1
deserves,1
possible,1
denies,1
gauntlet,1
down,1
throws,1
whom,1
rest,1
soldier,1
doughty,1
extremely,1
reproduction,1
devoted,1
establishes,1
section,1
especially,1
malay,1
allies,1
gives,1
tag,1
certainly,1
leveled,1
accusations,1
buy,1
responsibility,1
throughout,1
bring,1
help,1
onslaught,1
last,1
parry,1
review,1
place,1
giving,1
aug,1
clear,1
makes,1
how,1
quote,1
public,1
prepare,1
give,1
fax,1
xi,1
rot,1
advocated,1
lord,1
former,1
hap,1
working,1
take,1
elf,1
my,1
ruin,1
kept,1
promise,1
felix,1
should,1
overwhelming,1
ringing,1
challenge,1
million,1
agreement,1
advocating,1
eventually,1
november,1
cording,1
ceased,1
praised,1
maturing,1
highest,1
raising,1
london,1
summoned,1
else,1
jealousy,1
based,1
objection,1
felt,1
thoroughly,1
tr,1
et,1
pin,1
summer,1
many,1
dec,1
mind,1
already,1
mare,1
per,1
dire,1
pass,1
come,1
indeed,1
comment,1
realize,1
farm,1
begin,1
re,1
right,1
making,1
ahead,1
hal,1
modify,1
decided,1
western,1
october,1
flinch,1
addition,1
forewarning,1
about,1
learned,1
u,1
five,1
publication,1
fix,1
laser,1
scheduled,1
region,1
sale,1
bitterest,1
relating,1
critics,1
legion,1
hands,1
laid,1
cd,1
pounding,1
conceived,1
ignoring,1
need,1
fifth,1
blow,1
crushed,1
z,1
bath,1
agitated,1
questions,1
eat,1
hew,1
meet,1
tb,1
modified,1
altogether,1
abandoned,1
succeeded,1
shortening,1
state,1
objective,1
well,1
too,1
knew,1
use,1
drastic,1
bodies,1
available,1
assailed,1
saved,1
longer,1
either,1
memoirs,1
aria,1
gossip,1
brusque,1
recently,1
preceding,1
hair,1
progress,1
costly,1
defense,1
entirely,1
view,1
represented,1
name,1
cardinal,1
gone,1
principle,1
concerted,1
carried,1
gnawing,1
irresistible,1
penetration,1
anathema,1
championed,1
older,1
exemplified,1
new,1
beth,1
key,1
veal,1
space,1
short,1
leadership,1
opening,1
common,1
forty,1
matter,1
ch,1
ob,1
secrecy,1
optimism,1
infer,1
led,1
relinquished,1
de,1
however,1
rosy,1
hours,1
eight,1
twenty,1
movement,1
surprise,1
ms,1
opel,1
carry,1
interim,1
its,1
plan,1
con,1
painting,1
break,1
shall,1
sir,1
william,1
struck,1
nearer,1
frankly,1
rd,1
ll,1
according,1
neither,1
east,1
schedule,1
kilometers,1
instead,1
meters,1
shelter,1
concrete,1
hidden,1
machine,1
caught,1
whirled,1
completeness,1
infantry,1
plateau,1
elapsed,1
hour,1
less,1
nm,1
cry,1
hiss,1
office,1
onslaughts,1
br,1
indignantly,1
repudiates,1
brutal,1
even,1
warfare,1
tanks,1
crush,1
troop,1
necessity,1
both,1
plateaus,1
junction,1
amazingly,1
historic,1
fixed,1
attention,1
eager,1
emphatically,1
vast,1
cemetery,1
though,1
plain,1
shock,1
annihilated,1
support,1
artillery,1
powerful,1
launched,1
counter,1
massed,1
position,1
smashed,1
ion,1
reg,1
pitted,1
stretching,1
lad,1
released,1
elude,1
ans,1
without,1
almost,1
thus,1
tc,1
smashing,1
result,1
insisted,1
served,1
eighteen,1
ordered,1
promote,1
worry,1
dug,1
outspoken,1
quite,1
prepared,1
forthcoming,1
play,1
ho,1
generals,1
including,1
men,1
plenty,1
care,1
takes,1
situation,1
tenth,1
themselves,1
trenches,1
toped,1
line,1
famous,1
story,1
surged,1
top,1
over,1
poured,1
telephone,1
colonial,1
huge,1
alon,1
tile,1
call,1
lid,1
way,1
fight,1
conditions,1
breath,1
halt,1
third,1
perhaps,1
soldiers,1
onrush,1
pause,1
rio,1
columns,1
attacking,1
victims,1
truce,1
