term,count
the,9
and,9
she,5
in,5
is,5
of,4
s,3
her,3
out,2
which,2
young,2
many,2
every,2
happy,2
red,2
that,2
to,2
attention,2
by,2
from,2
who,2
a,2
story,2
its,2
but,1
with,1
doubtless,1
will,1
pages,1
clara,1
talks,1
any,1
bu,1
christianity,1
science,1
christian,1
j,1
y,1
title,1
book,1
new,1
everywhere,1
be,1
found,1
sibyl,1
man,1
except,1
body,1
i,1
right,1
all,1
things,1
bring,1
combined,1
interesting,1
silty,1
person,1
angel,1
good,1
mixture,1
people,1
enough,1
showers,1
name,1
easily,1
has,1
much,1
lon,1
had,1
he,1
n,1
at,1
fled,1
coronado,1
scene,1
very,1
ave,1
characters,1
chief,1
hotel,1
beach,1
as,1
laid,1
another,1
husband,1
company,1
novel,1
finally,1
convincing,1
long,1
one,1
love,1
ii,1
looks,1
bx,1
serious,1
because,1
t,1
girl,1
audacity,1
hair,1
l,1
b,1
