term,count
of,33
the,32
and,25
a,14
to,13
is,11
his,10
he,10
who,10
that,9
has,8
much,7
in,6
book,6
are,5
her,5
at,5
with,5
for,4
st,4
not,4
it,4
there,4
well,4
but,4
life,4
him,4
exquisite,3
or,3
as,3
by,3
all,3
their,3
spirit,3
us,3
s,3
out,3
those,3
would,3
francis,3
its,3
italian,3
most,3
part,2
may,2
hutton,2
history,2
some,2
so,2
an,2
mighty,2
army,2
course,2
be,2
art,2
himself,2
escape,2
were,2
from,2
now,2
cities,2
understanding,2
into,2
understandingly,2
on,2
italy,2
this,2
old,2
about,2
church,2
country,2
come,1
next,1
i,1
faith,1
enthusiastic,1
takes,1
against,1
last,1
chapters,1
sentimentality,1
without,1
was,1
devoted,1
worship,1
consideration,1
throws,1
mr,1
jr,1
other,1
e,1
find,1
necessary,1
dodge,1
none,1
should,1
miss,1
catholic,1
te,1
saint,1
hurry,1
through,1
fa,1
made,1
protestant,1
seen,1
brick,1
work,1
crest,1
sentimentalist,1
religious,1
which,1
edward,1
vowed,1
r,1
loving,1
care,1
patient,1
profound,1
scholarship,1
yet,1
discovered,1
y,1
progressive,1
reformer,1
amiable,1
luther,1
thinks,1
fragmentary,1
understand,1
what,1
means,1
useful,1
valuable,1
contribution,1
toward,1
manifold,1
suggestive,1
concrete,1
firmly,1
taken,1
legend,1
divined,1
god,1
section,1
two,1
schools,1
both,1
handmaid,1
touching,1
only,1
rarely,1
having,1
no,1
own,1
apart,1
religion,1
discussed,1
returns,1
enters,1
illumine,1
district,1
joachim,1
flore,1
forerunner,1
friend,1
clare,1
brothers,1
bernard,1
elias,1
again,1
protest,1
thousands,1
say,1
also,1
compound,1
poetical,1
rhapsody,1
eloquence,1
explicitness,1
fling,1
have,1
martyrs,1
led,1
baedeker,1
we,1
sometimes,1
can,1
even,1
between,1
covers,1
however,1
more,1
agreeably,1
told,1
perhaps,1
wishes,1
shun,1
martyrdom,1
ar,1
curious,1
rather,1
penetrated,1
whatever,1
pleasing,1
fertile,1
theme,1
writers,1
always,1
seem,1
ready,1
drop,1
blue,1
sky,1
lap,1
english,1
way,1
writer,1
will,1
perform,1
ill,1
proper,1
rites,1
performed,1
them,1
whole,1
familiar,1
loves,1
guidance,1
first,1
escorts,1
feet,1
many,1
pilgrims,1
she,1
grown,1
lovely,1
under,1
love,1
beautiful,1
christian,1
sorrows,1
world,1
hundreds,1
sorrowful,1
years,1
simple,1
very,1
pure,1
innocent,1
had,1
one,1
lover,1
christ,1
lord,1
memorials,1
bleeding,1
footsteps,1
confides,1
attention,1
fragments,1
judgments,1
paintings,1
churches,1
monuments,1
places,1
stands,1
above,1
perfection,1
landscape,1
ever,1
hills,1
tears,1
terrible,1
aspect,1
beauty,1
great,1
angry,1
eyes,1
searching,1
enemies,1
writes,1
l,1
ia,1
hold,1
