term,count
the,137
of,84
and,64
a,57
in,54
to,45
is,38
as,32
he,23
that,23
were,22
his,21
mr,21
they,21
their,19
was,18
by,17
on,16
for,15
which,14
this,13
with,13
will,12
at,12
s,11
white,11
them,10
i,10
are,10
it,9
who,9
old,9
no,8
chapter,8
one,8
there,7
says,7
men,7
had,7
man,6
texas,6
but,6
today,6
romantic,6
what,6
have,6
cattle,6
from,6
be,6
then,6
little,5
days,5
up,5
not,5
out,5
all,5
southwest,5
new,5
years,5
these,5
more,4
been,4
prohibition,4
el,4
into,4
has,4
or,4
came,4
gone,4
neither,4
tragedy,4
even,4
other,3
where,3
pioneer,3
every,3
john,3
such,3
wire,3
nor,3
being,3
r,3
moral,3
lie,3
rangers,3
e,3
see,3
once,3
many,3
should,3
l,3
long,3
him,3
period,3
able,3
except,3
its,3
could,3
proper,3
tells,3
some,3
than,3
brothers,3
ago,3
so,3
mexicans,3
higgins,3
paso,3
when,3
people,3
last,3
county,3
mexico,2
ho,2
note,2
upon,2
known,2
indians,2
peace,2
ended,2
figure,2
feud,2
famous,2
folk,2
time,2
can,2
great,2
government,2
friends,2
forty,2
c,2
persons,2
post,2
tribe,2
yet,2
killed,2
sumner,2
gambling,2
finally,2
about,2
self,2
knew,2
q,2
also,2
knowledge,2
led,2
lives,2
future,2
hangers,2
now,2
if,2
murdered,2
away,2
both,2
very,2
sure,2
enough,2
own,2
prestige,2
hardin,2
force,2
herds,2
overrun,2
individuals,2
still,2
pictures,2
complex,2
primitive,2
halo,2
first,2
range,2
young,2
points,2
most,2
fiction,2
ad,2
es,2
prairie,2
foreign,2
looking,2
place,2
lived,2
wild,2
owner,2
manner,2
author,2
good,2
lay,2
barbed,2
horns,2
cut,2
an,2
uplifting,2
country,2
highly,2
cow,2
m,2
h,2
like,2
chief,2
started,2
rapid,2
hip,2
change,2
ross,2
dead,2
instead,2
gun,2
homely,2
how,2
p,2
shot,2
automobiles,2
changed,2
past,2
volume,2
frightful,1
casualties,1
lasted,1
herd,1
quarrel,1
family,1
starting,1
over,1
small,1
inspect,1
previous,1
acquitted,1
naturally,1
illustrated,1
between,1
fore,1
boswell,1
ebullient,1
returned,1
found,1
owen,1
charge,1
local,1
accurately,1
promptly,1
gave,1
themselves,1
misdeeds,1
three,1
amicably,1
surviving,1
rounded,1
any,1
expect,1
elected,1
fudge,1
rustling,1
virtually,1
revivalist,1
rather,1
psychological,1
influence,1
flimsy,1
harrier,1
seldom,1
tampered,1
bangers,1
again,1
permits,1
earnest,1
battlers,1
son,1
summer,1
taken,1
jail,1
meridian,1
locked,1
race,1
death,1
foes,1
nowadays,1
tom,1
often,1
drinking,1
water,1
attending,1
baptist,1
encampment,1
few,1
war,1
haste,1
woman,1
youth,1
kid,1
principal,1
actor,1
visitor,1
may,1
stone,1
walls,1
public,1
square,1
behind,1
readable,1
told,1
rio,1
south,1
dominion,1
families,1
crouched,1
billy,1
playful,1
intermittent,1
chapters,1
profession,1
recounted,1
anecdote,1
humorous,1
grimly,1
river,1
bloody,1
affair,1
appears,1
observation,1
give,1
history,1
bit,1
worthy,1
lincoln,1
packed,1
ar,1
carry,1
indeed,1
eight,1
got,1
mexican,1
fandango,1
fort,1
co,1
york,1
jealous,1
husband,1
hearing,1
calamity,1
rest,1
pp,1
repaired,1
glory,1
dance,1
hall,1
retaliated,1
killing,1
trouble,1
ben,1
tales,1
given,1
section,1
populated,1
almost,1
exclusively,1
farmer,1
five,1
fourteen,1
troublesome,1
customers,1
here,1
walker,1
stanley,1
sold,1
moved,1
idea,1
sanguinary,1
activities,1
yearn,1
jobs,1
departed,1
gamecocks,1
thrive,1
within,1
confine,1
republic,1
banditry,1
breeding,1
fighting,1
better,1
laments,1
shut,1
coming,1
passes,1
devoted,1
bartender,1
praised,1
executive,1
ability,1
keep,1
houses,1
operating,1
ones,1
basic,1
happen,1
become,1
president,1
catholic,1
priest,1
occupy,1
minister,1
relations,1
monte,1
dealer,1
chihuahua,1
made,1
secretary,1
treasury,1
only,1
industries,1
outside,1
mouth,1
lawyer,1
respected,1
refer,1
speaking,1
never,1
screen,1
conventional,1
further,1
worse,1
vociferous,1
always,1
changes,1
newspaper,1
progress,1
t,1
lost,1
something,1
value,1
perhaps,1
book,1
sense,1
strictly,1
synthetic,1
prefer,1
available,1
rancher,1
does,1
write,1
well,1
random,1
stylish,1
profound,1
cares,1
broad,1
strokes,1
gives,1
series,1
truthful,1
pity,1
genuine,1
stuff,1
easily,1
thing,1
argued,1
idealist,1
forever,1
drastic,1
began,1
patting,1
citizens,1
flasks,1
stopping,1
searching,1
faint,1
heroic,1
washington,1
ranger,1
hold,1
same,1
rank,1
dog,1
catcher,1
u,1
describing,1
law,1
state,1
enforce,1
agents,1
loved,1
deadly,1
efficiency,1
combined,1
make,1
development,1
unimportant,1
final,1
blow,1
pious,1
governor,1
talking,1
pat,1
ma,1
ferguson,1
decided,1
use,1
town,1
hole,1
davis,1
duties,1
why,1
cows,1
asks,1
children,1
subjected,1
indignity,1
having,1
ballot,1
thrust,1
exercise,1
right,1
suffrage,1
late,1
vegetarian,1
francisco,1
done,1
later,1
constitutional,1
annoying,1
mountains,1
interested,1
sketch,1
compact,1
brilliant,1
draw,1
recently,1
delightful,1
sensible,1
knows,1
recognizes,1
precisely,1
illiterate,1
unambitious,1
illogical,1
simple,1
minded,1
moreover,1
artists,1
flourishing,1
creek,1
ethics,1
et,1
apache,1
painted,1
bears,1
cowpuncher,1
frontier,1
school,1
teachers,1
traders,1
pasture,1
coyotes,1
tendencies,1
reality,1
natural,1
dispositions,1
charity,1
rattlesnake,1
likewise,1
personalities,1
attempt,1
connect,1
resemblance,1
realistically,1
lullabies,1
sang,1
understood,1
exactly,1
night,1
drove,1
indian,1
hero,1
restless,1
thai,1
around,1
rode,1
rope,1
noble,1
writers,1
southwestern,1
confesses,1
overland,1
discusses,1
hard,1
va,1
difference,1
course,1
diagnosis,1
accurate,1
writer,1
behave,1
predicts,1
room,1
doubt,1
n,1
itself,1
memory,1
turn,1
decades,1
recital,1
glorious,1
characters,1
portray,1
trips,1
zingy,1
schooners,1
covered,1
wagon,1
lamas,1
stage,1
coaches,1
ardent,1
love,1
affairs,1
adda,1
novelist,1
writing,1
domain,1
ranges,1
open,1
doing,1
hut,1
sees,1
home,1
bedtime,1
valhalla,1
mud,1
modern,1
picker,1
ly,1
cotton,1
entirely,1
golf,1
courses,1
approximately,1
hotel,1
hand,1
farm,1
repair,1
fence,1
hell,1
luncheon,1
clubs,1
village,1
baron,1
hammer,1
recollections,1
ale,1
whir,1
faced,1
do,1
shoot,1
nearly,1
used,1
foreclose,1
mortgages,1
sue,1
ride,1
damages,1
injunctions,1
cattlemen,1
drawn,1
elf,1
important,1
commerce,1
boiled,1
shirt,1
bootleggers,1
two,1
soon,1
down,1
k,1
fa,1
tho,1
lugubrious,1
hang,1
revolver,1
outlaws,1
nails,1
officers,1
bag,1
tell,1
number,1
exploit,1
day,1
parties,1
humor,1
reformation,1
recorded,1
battle,1
pathetic,1
stigmata,1
advanced,1
ci,1
inexorable,1
cyclone,1
explained,1
writes,1
each,1
dim,1
recognized,1
formal,1
d,1
feels,1
deeply,1
deeds,1
hie,1
himself,1
page,1
principle,1
establish,1
end,1
simply,1
gunmen,1
killers,1
influences,1
under,1
back,1
pears,1
extremely,1
kings,1
virginia,1
running,1
ten,1
minion,1
acre,1
set,1
drawings,1
comforted,1
horses,1
essays,1
x,1
come,1
violent,1
ends,1
b,1
inspired,1
fear,1
hearts,1
ll,1
point,1
mythical,1
me,1
literally,1
marches,1
procession,1
mustang,1
ranch,1
west,1
lord,1
grand,1
supplied,1
brandy,1
hundred,1
pastures,1
seems,1
low,1
visiting,1
house,1
head,1
raw,1
selling,1
former,1
copper,1
junk,1
tale,1
anywhere,1
rustlers,1
orchard,1
fine,1
wealth,1
fences,1
sort,1
fortress,1
although,1
windows,1
glass,1
bed,1
sleep,1
railroads,1
homestead,1
jackals,1
king,1
settlers,1
closing,1
age,1
acres,1
bare,1
complexes,1
would,1
nearest,1
deals,1
th,1
distinct,1
immortals,1
considerable,1
ir,1
din,1
killer,1
least,1
twenty,1
seven,1
notorious,1
efficient,1
officer,1
ell,1
dick,1
ware,1
milton,1
w,1
g,1
afraid,1
tent,1
picture,1
show,1
four,1
tern,1
mix,1
hoot,1
gibson,1
parentage,1
western,1
romance,1
american,1
oldest,1
dreadful,1
situation,1
movie,1
tradition,1
po,1
george,1
others,1
claim,1
group,1
bad,1
live,1
rollicking,1
lat,1
moments,1
realize,1
fifty,1
les,1
undoing,1
somewhat,1
nature,1
compliment,1
strong,1
probability,1
horn,1
sketches,1
because,1
too,1
eminent,1
brand,1
among,1
whom,1
died,1
bullet,1
those,1
fathers,1
founding,1
case,1
jehovah,1
high,1
craved,1
reputation,1
masters,1
arms,1
words,1
mortality,1
applying,1
shame,1
