term,count
the,57
of,50
and,36
to,31
in,23
a,22
his,19
is,17
it,13
was,12
de,10
their,10
that,9
as,8
but,8
more,7
which,7
this,7
with,7
few,6
he,6
even,5
than,5
them,5
are,5
has,5
or,4
good,4
its,4
be,4
by,4
very,4
writings,4
what,3
would,3
will,3
passion,3
have,3
volumes,3
sense,3
best,3
for,3
on,3
s,3
much,3
writer,3
not,3
alfred,3
most,3
ne,3
so,3
intense,3
an,3
reputation,3
years,3
literature,3
complete,3
edition,3
time,3
work,3
at,3
english,3
these,2
out,2
yet,2
combine,2
nearly,2
couple,2
fill,2
grace,2
emotion,2
life,2
lived,2
quite,2
manner,2
translations,2
output,2
tragedy,2
some,2
master,2
period,2
l,2
we,2
form,2
hands,2
romantic,2
within,2
interest,2
almost,2
pretty,2
produced,2
if,2
any,2
movement,2
there,2
admiration,2
among,2
us,2
readers,2
adequate,2
france,2
from,2
drama,2
place,2
new,2
french,2
upon,2
reader,2
pas,2
fate,2
only,2
les,1
ll,1
feels,1
wayward,1
deed,1
v,1
nd,1
lightest,1
poems,1
others,1
pa,1
live,1
amour,1
every,1
language,1
seems,1
subjects,1
imposed,1
conditions,1
conformity,1
subtle,1
innate,1
inevitable,1
dignity,1
spectator,1
survive,1
enabled,1
productions,1
characteristic,1
essential,1
present,1
minded,1
regarded,1
elemental,1
marianne,1
large,1
existence,1
describes,1
death,1
after,1
twenty,1
writing,1
older,1
intimated,1
paul,1
brother,1
sentiment,1
mall,1
whirl,1
betrayed,1
beloved,1
flattered,1
works,1
reveals,1
disclose,1
such,1
mussel,1
precisely,1
madness,1
wit,1
now,1
approach,1
disorderliness,1
mental,1
nation,1
privilege,1
moral,1
excitement,1
tremendous,1
implies,1
said,1
writers,1
sparkling,1
simplicity,1
humor,1
like,1
native,1
pure,1
reference,1
toward,1
whose,1
ease,1
moves,1
made,1
james,1
henry,1
critic,1
responsible,1
deliberate,1
shakespeare,1
direction,1
compare,1
temerity,1
joyousness,1
lighter,1
vein,1
amusing,1
profoundest,1
beside,1
character,1
common,1
features,1
cave,1
grotesque,1
sets,1
kinship,1
each,1
th,1
w,1
two,1
daring,1
fortunate,1
apparent,1
man,1
who,1
convincing,1
something,1
himself,1
surrenders,1
one,1
reads,1
oftener,1
fitting,1
crisis,1
imperatively,1
unfailingly,1
arrives,1
perfect,1
culmination,1
tragic,1
advance,1
swift,1
sweep,1
pathos,1
comedy,1
spirit,1
engaging,1
satire,1
requires,1
brings,1
touched,1
ridicule,1
t,1
i,1
artist,1
word,1
high,1
narrow,1
composition,1
compelling,1
last,1
admirable,1
moment,1
turns,1
courted,1
later,1
youth,1
recounted,1
memory,1
current,1
source,1
beyond,1
sand,1
george,1
experience,1
commented,1
account,1
published,1
remembered,1
spoken,1
oftenest,1
poor,1
get,1
likely,1
general,1
impression,1
him,1
remains,1
read,1
thee,1
illustrated,1
carefully,1
sized,1
ten,1
bring,1
company,1
hill,1
c,1
edwin,1
york,1
house,1
publishing,1
occurred,1
small,1
enough,1
barely,1
days,1
dramas,1
novels,1
copies,1
certainly,1
reappear,1
still,1
plays,1
four,1
three,1
perverted,1
less,1
subdued,1
echo,1
portion,1
reflection,1
necessarily,1
analyze,1
define,1
difficult,1
curiously,1
into,1
translated,1
stage,1
when,1
they,1
rendered,1
demand,1
revival,1
reported,1
cited,1
infrequently,1
praised,1
frequently,1
verses,1
certain,1
unfortunate,1
lifetime,1
accorded,1
greater,1
decidedly,1
command,1
refinement,1
actors,1
thousand,1
ly,1
dissipations,1
hardly,1
heroes,1
then,1
imitation,1
expression,1
fluent,1
follow,1
soon,1
foreshadowed,1
precocious,1
e,1
startlingly,1
earliest,1
better,1
earlier,1
production,1
short,1
ages,1
between,1
school,1
sincerity,1
undoubted,1
months,1
plunged,1
lad,1
mere,1
young,1
own,1
sobriety,1
strength,1
suavity,1
added,1
schools,1
classic,1
elements,1
did,1
sought,1
actually,1
professedly,1
give,1
done,1
d,1
assumed,1
exist,1
since,1
rendering,1
bad,1
up,1
put,1
confident,1
seem,1
publishers,1
supposed,1
purpose,1
should,1
exceeds,1
venture,1
justifies,1
possessing,1
finds,1
judgment,1
expert,1
could,1
hoped,1
include,1
singularly,1
served,1
hope,1
can,1
tongue,1
alien,1
born,1
those,1
far,1
suggest,1
really,1
attention,1
turn,1
shall,1
elaborate,1
misleading,1
defective,1
awkward,1
does,1
