term,count
the,103
of,63
to,35
is,34
and,34
a,31
j,26
i,24
in,21
with,17
it,17
for,14
not,13
which,13
an,12
by,12
he,12
from,11
s,11
his,10
as,10
castle,10
has,9
her,9
conquer,9
irish,8
on,8
that,8
one,8
o,6
h,6
their,6
romance,6
although,5
francis,5
padraic,5
there,5
only,5
must,5
so,5
its,5
who,5
or,5
when,4
day,4
n,4
does,4
at,4
th,4
some,4
movement,4
something,4
more,4
life,4
can,3
like,3
would,3
she,3
return,3
how,3
oona,3
english,3
are,3
reader,3
child,3
first,3
him,3
no,3
into,3
other,3
have,3
love,3
own,3
story,3
than,3
himself,3
honor,3
woman,3
be,3
well,3
f,3
probably,3
artist,3
but,3
ireland,2
wrongs,2
because,2
become,2
less,2
nd,2
little,2
shall,2
behind,2
becomes,2
b,2
priest,2
lover,2
landlord,2
finally,2
feudal,2
scene,2
agent,2
fine,2
after,2
way,2
if,2
hut,2
night,2
save,2
two,2
what,2
old,2
superstition,2
peasants,2
author,2
boy,2
gallows,2
made,2
impelled,2
new,2
over,2
e,2
word,2
comes,2
many,2
sex,2
moving,2
literature,2
place,2
even,2
out,2
gripping,2
could,2
every,2
passion,2
independence,2
poet,2
match,1
te,1
give,1
prized,1
evidence,1
weaves,1
saves,1
deeply,1
clandestine,1
subtly,1
very,1
paintings,1
able,1
liberal,1
antagonism,1
transcends,1
notable,1
confessing,1
addition,1
gallery,1
cause,1
arrested,1
darker,1
coil,1
crash,1
course,1
pair,1
plighted,1
sung,1
murder,1
duet,1
verdi,1
orchestration,1
wagnerian,1
riders,1
passions,1
material,1
consent,1
guerrilla,1
horses,1
given,1
both,1
rebellion,1
motif,1
marriage,1
obtain,1
impossible,1
convictions,1
fervor,1
opinion,1
crystallizing,1
consolidating,1
generations,1
these,1
points,1
head,1
places,1
liberators,1
association,1
halfhearted,1
already,1
moral,1
brighter,1
revolt,1
fans,1
endure,1
forced,1
tenantry,1
sees,1
dawn,1
agony,1
symbol,1
chosen,1
foster,1
being,1
tile,1
sort,1
troth,1
secret,1
canvas,1
binds,1
instructions,1
receiving,1
disaffection,1
army,1
dark,1
soldiers,1
figures,1
against,1
among,1
background,1
going,1
work,1
dangerous,1
undertake,1
stands,1
relation,1
color,1
cost,1
grave,1
associates,1
bis,1
names,1
writer,1
defense,1
national,1
move,1
league,1
program,1
notebook,1
bailiff,1
pay,1
rapidity,1
really,1
takes,1
hand,1
writing,1
bit,1
resort,1
thinks,1
freedom,1
shuddering,1
bind,1
subdued,1
poetry,1
saying,1
ail,1
narrative,1
flavor,1
perhaps,1
local,1
will,1
truly,1
gets,1
few,1
fever,1
brain,1
diagnoses,1
doctor,1
sharp,1
contrasts,1
saint,1
flamboyant,1
taken,1
action,1
subsequent,1
act,1
unfortunate,1
girl,1
imagery,1
suspense,1
potions,1
concoct,1
shattering,1
lyric,1
truth,1
feels,1
lying,1
fidelity,1
heavily,1
depicted,1
tenderly,1
delicately,1
heart,1
proud,1
cheek,1
burning,1
faces,1
realize,1
great,1
court,1
former,1
mother,1
lends,1
off,1
cut,1
words,1
beauty,1
phase,1
hands,1
lad,1
climax,1
cures,1
book,1
brew,1
beloved,1
consults,1
sister,1
pledged,1
fact,1
ignorant,1
handsome,1
hardly,1
infatuation,1
childish,1
conspiracy,1
charge,1
deportation,1
land,1
melodrama,1
saved,1
been,1
people,1
forever,1
dim,1
thick,1
free,1
recently,1
forty,1
activity,1
leaped,1
do,1
itself,1
quarrel,1
con,1
manner,1
however,1
defy,1
w,1
harm,1
added,1
rive,1
speech,1
wist,1
subtle,1
whole,1
texture,1
separated,1
any,1
another,1
ito,1
blended,1
cud,1
state,1
plunges,1
culmination,1
process,1
then,1
leader,1
suspicions,1
overcome,1
tc,1
eventually,1
spoil,1
term,1
they,1
kant,1
look,1
accustomed,1
re,1
we,1
trust,1
returns,1
orders,1
ar,1
le,1
reason,1
figure,1
central,1
accepts,1
find,1
intimately,1
qualities,1
all,1
pathetic,1
simplicity,1
refreshing,1
anything,1
come,1
pleasure,1
attractions,1
analyses,1
class,1
middle,1
pictures,1
streets,1
main,1
town,1
small,1
studies,1
either,1
novels,1
hundred,1
ninety,1
company,1
macmillan,1
york,1
pp,1
milly,1
struggle,1
too,1
known,1
require,1
channel,1
poetic,1
idyllic,1
write,1
such,1
md,1
contribution,1
present,1
bond,1
surviving,1
common,1
us,1
side,1
anti,1
neighbors,1
l,1
may,1
political,1
sundered,1
substituted,1
prefer,1
high,1
won,1
al,1
publicist,1
consolidation,1
likely,1
see,1
writ,1
bathtub,1
survive,1
difficulty,1
much,1
mud,1
spring,1
seem,1
lily,1
water,1
idyll,1
distilled,1
surely,1
prosperous,1
literate,1
cleaner,1
now,1
era,1
coincided,1
closely,1
reality,1
except,1
voice,1
richness,1
lilting,1
tongue,1
outlive,1
encroachments,1
science,1
latter,1
under,1
g,1
long,1
imperiled,1
instrument,1
unconscious,1
falls,1
quickly,1
quite,1
thereabout,1
years,1
daughters,1
spain,1
moonlighters,1
harborer,1
regime,1
existing,1
loyal,1
aristocrat,1
peasant,1
tenanted,1
farm,1
hit,1
helper,1
ready,1
eyes,1
hint,1
glance,1
ind,1
pound,1
t,1
stoops,1
ab,1
system,1
round,1
human,1
pageantry,1
tattered,1
r,1
tl,1
time,1
picture,1
true,1
quit,1
unreal,1
ls,1
p,1
close,1
considered,1
should,1
intend,1
did,1
de,1
ii,1
auction,1
ow,1
budding,1
quick,1
heartstrings,1
upon,1
play,1
swains,1
beside,1
walk,1
bogs,1
peat,1
die,1
lassies,1
roads,1
pitiful,1
along,1
alms,1
trolling,1
pipers,1
humorous,1
rn,1
jet,1
rent,1
c,1
hungry,1
rattle,1
cheerful,1
