term,count
of,25
the,24
and,15
as,13
in,7
christ,7
a,6
that,6
to,5
by,4
its,4
are,3
is,3
early,3
his,3
it,3
world,3
upon,2
historic,2
religious,2
writes,2
has,2
christianity,2
we,2
ideas,2
at,2
have,2
new,2
unique,2
but,2
ages,2
such,2
most,2
he,2
conqueror,2
this,2
author,2
international,1
significance,1
sprang,1
up,1
those,1
days,1
ripe,1
fruit,1
development,1
history,1
soil,1
already,1
prepared,1
course,1
easily,1
comprehensible,1
value,1
religion,1
method,1
could,1
them,1
can,1
secretly,1
fail,1
berlin,1
university,1
not,1
prof,1
otto,1
fallen,1
from,1
heaven,1
something,1
quite,1
evolutionist,1
inquiry,1
current,1
combination,1
worth,1
appears,1
be,1
nothing,1
more,1
than,1
had,1
should,1
existed,1
for,1
nowadays,1
altogether,1
antiquated,1
hasty,1
abiding,1
character,1
robbed,1
imagine,1
conclusions,1
radical,1
christian,1
draw,1
once,1
they,1
critics,1
well,1
conservatives,1
persons,1
many,1
disturbing,1
conception,1
al,1
christians,1
which,1
present,1
approach,1
publishing,1
nearly,1
possible,1
troth,1
concerning,1
form,1
week,1
simple,1
human,1
c,1
stripped,1
all,1
mythical,1
sources,1
oldest,1
theological,1
lecture,1
congress,1
before,1
amsterdam,1
september,1
delivered,1
attempted,1
expansion,1
an,1
introduction,1
separating,1
away,1
later,1
falling,1
back,1
ideal,1
loft,1
noble,1
concluding,1
life,1
giver,1
king,1
kings,1
lord,1
lords,1
chapter,1
sons,1
putnam,1
survey,1
numerous,1
points,1
between,1
faith,1
death,1
worker,1
conceptions,1
son,1
chapters,1
five,1
into,1
divided,1
been,1
book,1
s,1
modern,1
heart,1
mind,1
veneration,1
worthy,1
hero,1
rash,1
