term,count
the,146
of,124
and,78
to,65
is,59
in,59
a,51
style,41
that,35
it,32
he,27
his,24
i,23
as,23
which,23
mr,20
but,18
for,18
not,18
all,16
be,15
no,15
at,14
by,14
s,13
brownell,13
on,12
so,12
this,12
one,11
are,10
any,10
have,10
with,10
an,10
such,9
or,9
has,9
other,8
from,8
would,8
than,8
who,8
book,8
merely,8
their,8
if,7
manner,7
art,7
general,7
into,7
here,7
genius,6
though,6
there,6
man,6
literature,6
well,6
we,6
they,6
order,5
sense,5
every,5
life,5
even,5
personality,5
surely,5
them,5
much,5
personal,5
writers,5
its,5
themselves,5
more,5
these,5
self,5
had,4
writer,4
far,4
does,4
own,4
current,4
never,4
could,4
new,4
itself,4
work,4
o,4
hut,4
certainly,4
can,4
movement,4
may,4
those,4
way,3
say,3
personalities,3
murry,3
factor,3
while,3
abstract,3
t,3
think,3
universal,3
practice,3
our,3
why,3
put,3
human,3
word,3
spirit,3
recently,3
et,3
make,3
about,3
hi,3
some,3
great,3
him,3
conception,3
seem,3
however,3
definition,3
something,3
natural,3
like,3
love,3
arts,3
thee,3
once,3
moment,3
end,3
social,3
many,3
nothing,3
perhaps,2
old,2
except,2
high,2
deep,2
time,2
styles,2
h,2
disorderly,2
r,2
things,2
lacking,2
thought,2
because,2
wearing,2
mannered,2
ill,2
v,2
individual,2
publicity,2
mu,2
p,2
phenomena,2
speaking,2
sentence,2
being,2
having,2
same,2
read,2
means,2
beginning,2
were,2
clothes,2
enough,2
particular,2
nor,2
says,2
context,2
none,2
makes,2
will,2
against,2
british,2
pig,2
e,2
reason,2
true,2
theme,2
begin,2
should,2
argument,2
fusion,2
generally,2
main,2
seems,2
out,2
rather,2
another,2
come,2
must,2
writing,2
view,2
manners,2
events,2
beauty,2
original,2
upon,2
certain,2
first,2
famous,2
controversy,2
everywhere,2
lat,2
most,2
thing,2
l,2
rich,2
before,2
himself,2
informs,2
meaning,2
least,2
atmosphere,2
composition,2
unity,2
whole,2
critic,2
al,2
bible,2
nude,2
fine,2
imagine,2
only,2
considered,2
part,2
san,1
arraigning,1
how,1
ego,1
maniacs,1
world,1
culotte,1
abroad,1
graciously,1
space,1
urging,1
flourishing,1
living,1
gospels,1
arm,1
give,1
stampede,1
trial,1
urbanity,1
sees,1
symptomatic,1
ironic,1
revolt,1
geno,1
what,1
literary,1
noisily,1
sty,1
popularity,1
england,1
tends,1
die,1
returns,1
slapdash,1
glad,1
sake,1
now,1
where,1
beyond,1
voices,1
peace,1
thoroughly,1
prophesy,1
race,1
pigs,1
artificial,1
little,1
words,1
been,1
readers,1
soon,1
fire,1
endows,1
probably,1
until,1
day,1
blindness,1
prophetic,1
ages,1
blind,1
robert,1
louis,1
letter,1
wrote,1
curiously,1
present,1
do,1
people,1
repudiate,1
clergyman,1
ought,1
b,1
promptly,1
unfrocked,1
proposes,1
repeat,1
performance,1
phrased,1
live,1
punch,1
occurred,1
feel,1
testament,1
arc,1
peculiarly,1
horrible,1
saw,1
behind,1
left,1
gain,1
resent,1
masterpieces,1
pad,1
king,1
jame,1
version,1
instance,1
held,1
books,1
sacred,1
alone,1
vulgarian,1
america,1
fatuous,1
impudence,1
rewrite,1
might,1
beach,1
leans,1
exquisite,1
cruel,1
bred,1
humor,1
k,1
recall,1
entertainment,1
gay,1
matter,1
laughter,1
grace,1
apt,1
lack,1
incidentally,1
chance,1
wishing,1
bing,1
bargain,1
ll,1
wit,1
id,1
tractive,1
receptivity,1
happily,1
dr,1
writes,1
highly,1
mariner,1
always,1
expected,1
run,1
particularly,1
obvious,1
sweet,1
line,1
too,1
result,1
wide,1
broad,1
sympathetic,1
reflect,1
get,1
faint,1
fa,1
anything,1
act,1
evident,1
brilliant,1
examination,1
reader,1
don,1
refers,1
wonderful,1
poem,1
attention,1
trace,1
land,1
y,1
intimately,1
observed,1
vividly,1
fallacies,1
strictures,1
pungency,1
guard,1
thin,1
modern,1
popular,1
ink,1
eludes,1
mental,1
retention,1
depth,1
feeling,1
transitory,1
spring,1
up,1
reluctantly,1
closing,1
inadequate,1
review,1
significant,1
idiom,1
educated,1
benefit,1
direction,1
ly,1
unfettered,1
appearing,1
unsympathetic,1
eye,1
unbuttoned,1
ever,1
content,1
delude,1
indecencies,1
concealment,1
instinctively,1
shunned,1
incurred,1
winced,1
welcome,1
privacies,1
fancying,1
display,1
defiance,1
set,1
moral,1
need,1
invoked,1
control,1
employed,1
nature,1
apparent,1
ease,1
real,1
invocation,1
aids,1
superfluous,1
restraint,1
irksome,1
whom,1
elf,1
disclosure,1
permitting,1
hitherto,1
rite,1
co,1
coordinate,1
study,1
alas,1
wise,1
humane,1
ct,1
undoubtedly,1
fall,1
deaf,1
ear,1
lr,1
unaware,1
effort,1
logic,1
reading,1
hardly,1
hat,1
reduce,1
heterogeneity,1
presenting,1
committed,1
ballroom,1
bathing,1
unchartered,1
dignity,1
shows,1
furthest,1
competition,1
dear,1
ion,1
person,1
granted,1
stay,1
doubts,1
cubic,1
cycle,1
conventions,1
rea,1
freedom,1
manifested,1
claim,1
m,1
impersonal,1
when,1
referring,1
characteristic,1
distinction,1
nearest,1
air,1
aura,1
rely,1
shall,1
au,1
example,1
possessed,1
dandy,1
did,1
inhere,1
use,1
commonly,1
detached,1
delimited,1
conditions,1
very,1
indeed,1
heine,1
conditional,1
difficult,1
mys,1
ultimate,1
enters,1
continuation,1
characterizes,1
without,1
particularize,1
tested,1
identified,1
rot,1
notably,1
metaphysical,1
place,1
dictum,1
calls,1
account,1
yet,1
contradictory,1
quotation,1
made,1
side,1
simple,1
marlowe,1
spite,1
bombast,1
savagery,1
farce,1
absolute,1
greatest,1
averred,1
spokesman,1
us,1
deny,1
non,1
according,1
known,1
anecdote,1
walk,1
streets,1
unnoticed,1
few,1
sensitive,1
manifestation,1
fashion,1
n,1
rainy,1
witty,1
sardonic,1
colored,1
conceives,1
aristocracy,1
conclusive,1
waged,1
applied,1
problem,1
arrived,1
solution,1
sufficiently,1
authoritative,1
close,1
spiritual,1
inquiry,1
discourage,1
finality,1
adventurers,1
acknowledged,1
aid,1
valuable,1
newly,1
disputant,1
satisfaction,1
concluded,1
scribbling,1
philosophy,1
contemporary,1
york,1
charles,1
scribner,1
sons,1
richard,1
le,1
abstractions,1
theological,1
conceptions,1
themes,1
sleeps,1
sooner,1
felt,1
said,1
fruitful,1
application,1
used,1
society,1
exacting,1
harmonizing,1
vitalizing,1
breathing,1
artists,1
finer,1
sort,1
beings,1
societies,1
receive,1
achieve,1
indefinable,1
quality,1
presume,1
inclusive,1
provokes,1
given,1
perennial,1
reconsideration,1
re,1
matters,1
operates,1
envisaged,1
large,1
previous,1
subject,1
flaubert,1
stevenson,1
exclusively,1
relating,1
know,1
save,1
vaguely,1
complete,1
modernists,1
realizes,1
thu,1
profitably,1
port,1
form,1
informing,1
through,1
variations,1
relations,1
each,1
formulates,1
agent,1
variety,1
truth,1
organic,1
kind,1
virtue,1
element,1
formative,1
constitute,1
combined,1
comprehensive,1
serves,1
text,1
discourse,1
wiser,1
departure,1
chosen,1
statement,1
thoughts,1
proportion,1
either,1
static,1
case,1
es,1
two,1
becomes,1
contributing,1
rt,1
unfold,1
foresee,1
sight,1
conscious,1
rest,1
till,1
undiminished,1
vigor,1
justify,1
ax,1
vital,1
wholeness,1
identity,1
initiatory,1
apprehension,1
contemptuously,1
repudiated,1
architectural,1
essay,1
pater,1
was,1
mac,1
donald,1
easily,1
mere,1
dual,1
expression,1
cogency,1
energy,1
traits,1
conspicuous,1
tics,1
less,1
operation,1
g,1
recalled,1
glossed,1
question,1
hook,1
phrase,1
violated,1
artistic,1
law,1
flaunting,1
fons,1
doubtless,1
sanctioned,1
sir,1
confined,1
edmond,1
already,1
pointed,1
misunderstanding,1
error,1
still,1
clearer,1
sacrosanct,1
conceive,1
jurisdiction,1
acknowledge,1
c,1
me,1
ms,1
concerned,1
rives,1
pretty,1
asks,1
tile,1
thus,1
confusion,1
accurately,1
suffice,1
anarchical,1
laws,1
unto,1
misconception,1
idea,1
easy,1
interjects,1
whereas,1
arranged,1
presented,1
course,1
author,1
distinct,1
substance,1
mean,1
temperament,1
leaves,1
impress,1
obviously,1
ob,1
since,1
distinctly,1
outside,1
scientific,1
correct,1
mind,1
interpretation,1
hard,1
state,1
precisely,1
exclude,1
false,1
knows,1
elucidate,1
aphorism,1
familiar,1
learning,1
data,1
discoveries,1
falls,1
apparently,1
recorded,1
