term,count
the,59
of,33
and,28
in,24
a,20
to,17
i,17
is,15
for,13
his,12
it,12
that,11
by,9
with,9
an,8
life,8
at,7
s,7
him,7
has,6
he,6
mann,6
this,5
once,5
more,5
n,5
o,5
venice,5
old,5
be,5
after,4
from,4
tile,4
or,4
all,4
who,4
e,4
death,4
been,3
which,3
re,3
takes,3
l,3
author,3
germany,3
one,3
on,3
other,3
stories,3
hi,3
modern,3
thomas,3
german,3
only,2
story,2
added,2
written,2
anti,2
well,2
over,2
its,2
el,2
two,2
so,2
art,2
when,2
reason,2
us,2
choice,2
theme,2
th,2
t,2
effective,2
h,2
their,2
before,2
early,2
city,2
k,2
d,2
ho,2
boy,2
r,2
y,2
f,2
no,2
let,2
may,2
heart,2
still,2
out,2
were,2
x,2
bad,2
than,2
such,2
as,2
mr,2
new,2
self,2
would,2
should,2
bottom,1
yes,1
they,1
impossibilities,1
black,1
ami,1
sick,1
northward,1
ir,1
ede,1
kn,1
ly,1
de,1
q,1
zs,1
destiny,1
intimate,1
handled,1
teed,1
existence,1
together,1
funny,1
en,1
lined,1
ali,1
had,1
ill,1
tiny,1
how,1
li,1
childhood,1
dark,1
me,1
find,1
lt,1
al,1
pro,1
creation,1
chills,1
end,1
blood,1
southern,1
them,1
family,1
scion,1
alli,1
kruger,1
confronts,1
thinking,1
anarchic,1
planning,1
catastrophe,1
character,1
duality,1
puzzling,1
fe,1
vanity,1
held,1
veins,1
irony,1
thousand,1
fevers,1
exhausted,1
half,1
knowledge,1
devastated,1
intellect,1
corroded,1
expatriate,1
himself,1
but,1
conviction,1
aw,1
intensely,1
lived,1
manhood,1
forms,1
po,1
rd,1
bourgeois,1
les,1
cohesive,1
jeanne,1
swollen,1
collapsed,1
lack,1
done,1
fantastic,1
lighter,1
some,1
central,1
inner,1
readiest,1
reverse,1
artist,1
nursery,1
yearns,1
wonders,1
whether,1
real,1
unwisely,1
being,1
between,1
great,1
countries,1
make,1
wisely,1
inability,1
open,1
least,1
conscience,1
gone,1
just,1
not,1
several,1
ways,1
tragedy,1
into,1
discharged,1
doing,1
ashamed,1
m,1
party,1
feel,1
v,1
b,1
evidence,1
ced,1
ore,1
pr,1
within,1
p,1
famous,1
tit,1
dissection,1
tread,1
passes,1
wanderer,1
admirably,1
lind,1
lost,1
imposes,1
ant,1
living,1
go,1
sufficiency,1
very,1
lions,1
every,1
la,1
exactly,1
fails,1
man,1
binning,1
paris,1
foreseen,1
striking,1
can,1
again,1
om,1
helm,1
third,1
vaguely,1
lea,1
disappointing,1
repent,1
called,1
late,1
tho,1
advance,1
remorse,1
motives,1
tip,1
uses,1
alternatives,1
better,1
deliberation,1
philosophic,1
road,1
your,1
then,1
ed,1
aged,1
watch,1
refined,1
international,1
yon,1
u,1
deed,1
et,1
are,1
roots,1
whose,1
motif,1
faustus,1
release,1
peace,1
finding,1
without,1
hts,1
senses,1
homesickness,1
hairs,1
gray,1
ago,1
disillusionment,1
national,1
three,1
trilogy,1
spiritual,1
prolonged,1
prey,1
soul,1
described,1
speaks,1
whereof,1
know,1
mencken,1
probably,1
somewhere,1
knopf,1
alfred,1
york,1
pp,1
bark,1
kenneth,1
translated,1
quite,1
wonderful,1
brooks,1
absence,1
bankruptcy,1
cultural,1
upon,1
insistence,1
ascribe,1
unsafe,1
data,1
chronological,1
communicated,1
infused,1
thoroughly,1
say,1
genius,1
herr,1
tribute,1
best,1
quality,1
morning,1
suddenly,1
hermit,1
munich,1
love,1
afar,1
follows,1
depart,1
io,1
regal,1
di,1
ls,1
toward,1
ling,1
signal,1
smiling,1
there,1
lure,1
pale,1
though,1
seemed,1
philosopher,1
grizzling,1
up,1
through,1
dies,1
day,1
arid,1
we,1
popular,1
mos,1
deservedly,1
kroger,1
tonio,1
mind,1
literal,1
oar,1
less,1
stood,1
will,1
implications,1
delicacy,1
site,1
given,1
charged,1
j,1
grows,1
met,1
trail,1
daily,1
aroused,1
desolately,1
hovering,1
neglected,1
eased,1
picture,1
pitch,1
able,1
almost,1
anguish,1
es,1
raises,1
smitten,1
plague,1
photograph,1
unpublished,1
hitherto,1
magnet,1
crumbling,1
vague,1
hope,1
beyond,1
fur,1
window,1
plays,1
marked,1
lad,1
polish,1
beautiful,1
person,1
gustav,1
incarnate,1
bounds,1
becomes,1
world,1
pagan,1
beauty,1
forlorn,1
lido,1
sands,1
au,1
ineluctable,1
