term,count
the,29
of,28
and,21
a,18
to,13
in,11
is,9
s,7
it,6
with,6
as,6
an,5
he,5
his,5
so,4
one,4
much,4
that,4
which,4
this,4
by,4
have,4
them,3
study,3
author,3
would,3
men,3
was,3
be,3
not,3
comes,3
being,3
are,3
there,3
who,2
many,2
results,2
next,2
figures,2
up,2
but,2
beginning,2
living,2
man,2
for,2
only,2
or,2
i,2
t,2
again,2
n,2
can,2
variety,2
every,2
twelve,2
ti,2
if,2
e,2
l,2
tells,2
on,2
were,2
newark,1
see,1
interest,1
paper,1
louis,1
st,1
later,1
here,1
moments,1
connected,1
ending,1
happy,1
ex,1
fisherman,1
necessarily,1
fiction,1
american,1
builder,1
model,1
first,1
calls,1
artist,1
own,1
effort,1
waited,1
twisting,1
yachts,1
dressing,1
redressing,1
wagon,1
apparently,1
complete,1
satisfaction,1
even,1
performance,1
they,1
pathetic,1
possible,1
words,1
just,1
use,1
determination,1
ly,1
end,1
overwhelmed,1
sad,1
newspaper,1
turning,1
described,1
pronounced,1
people,1
tight,1
proper,1
while,1
succeeding,1
multimillionaire,1
get,1
rich,1
quick,1
rourke,1
irish,1
foreman,1
given,1
speech,1
mayor,1
account,1
religious,1
reformer,1
illustrator,1
ambitions,1
plan,1
left,1
unfulfilled,1
early,1
death,1
will,1
seen,1
volume,1
sufficient,1
its,1
pt,1
interpretation,1
convinced,1
town,1
fishing,1
streak,1
my,1
brother,1
paul,1
composer,1
banks,1
abash,1
other,1
popular,1
songs,1
country,1
doctor,1
curse,1
best,1
traditions,1
profession,1
sketch,1
solid,1
already,1
alluded,1
true,1
had,1
good,1
deal,1
political,1
influence,1
follows,1
him,1
connecticut,1
all,1
swamped,1
compromised,1
fl,1
r,1
more,1
leas,1
philosophical,1
comments,1
nd,1
when,1
has,1
ills,1
characters,1
about,1
life,1
waxen,1
fit,1
descriptions,1
store,1
carefully,1
ed,1
painted,1
barbered,1
arranged,1
appropriate,1
attitudes,1
entirely,1
absent,1
despite,1
natural,1
irritation,1
anecdote,1
iris,1
bored,1
teen,1
theodore,1
dresser,1
tore,1
u,1
net,1
y,1
far,1
dreiser,1
theory,1
these,1
studies,1
fen,1
seem,1
ii,1
illustrating,1
ell,1
thing,1
once,1
better,1
say,1
rt,1
twenty,1
times,1
elaborates,1
expounds,1
describes,1
tr,1
ewe,1
from,1
help,1
presently,1
called,1
last,1
we,1
re,1
meet,1
real,1
human,1
quickly,1
beneath,1
flood,1
verb,1
same,1
comment,1
applies,1
de,1
now,1
junior,1
young,1
writer,1
named,1
wrote,1
short,1
stories,1
some,1
appeared,1
enough,1
small,1
circulation,1
put,1
at,1
chat,1
feeling,1
lad,1
sorry,1
lives,1
dozen,1
several,1
em,1
easily,1
slightly,1
disguised,1
under,1
initial,1
altered,1
evidently,1
material,1
beers,1
hopes,1
letter,1
handled,1
proved,1
very,1
testing,1
indeed,1
art,1
jim,1
owner,1
alter,1
famous,1
sanatorium,1
afford,1
treatment,1
