term,count
the,95
of,61
and,41
in,39
to,27
a,26
is,20
with,19
that,17
it,15
s,15
her,15
he,15
mrs,15
she,14
lincoln,13
was,13
him,12
for,11
all,11
have,11
women,10
as,10
by,9
his,9
which,9
not,9
when,8
one,8
are,8
but,8
on,7
this,7
wife,7
mr,7
them,7
bradford,7
well,6
were,6
at,6
than,6
they,6
more,6
mary,6
would,6
relation,5
who,5
man,5
been,5
we,5
wives,5
most,5
any,5
be,5
president,4
arnold,4
i,4
there,4
seven,4
woman,4
great,4
american,4
so,4
never,4
e,4
author,4
yet,4
todd,4
or,4
about,3
famous,3
o,3
you,3
love,3
nor,3
doubt,3
into,3
husbands,3
abraham,3
husband,3
benedict,3
lee,3
children,3
theodosia,3
an,3
sense,3
made,3
much,3
gamaliel,3
through,3
gives,2
no,2
nine,2
soul,2
over,2
many,2
life,2
such,2
against,2
two,2
up,2
how,2
poetry,2
neither,2
phrase,2
had,2
once,2
after,2
home,2
what,2
thoughts,2
place,2
lodge,2
from,2
every,2
business,2
point,2
perhaps,2
himself,2
has,2
my,2
father,2
nature,2
new,2
if,2
ill,2
rather,2
loved,2
instance,2
says,2
thought,2
stage,2
faults,2
may,2
even,2
out,2
late,2
practical,2
statement,2
usual,2
g,2
character,2
else,2
other,2
criticizes,2
because,2
also,2
burr,2
blaine,2
subject,2
only,2
herself,2
side,2
own,2
words,2
smiling,2
does,2
modern,2
always,2
too,2
their,2
attention,2
biographer,2
dream,2
curious,2
rankin,2
our,2
me,2
world,2
way,2
judgment,2
greatest,1
tn,1
between,1
dreams,1
both,1
peculiar,1
elysium,1
contemporaries,1
intensity,1
misfortune,1
human,1
convey,1
differed,1
isolation,1
resemblance,1
loneliness,1
complete,1
melton,1
devoted,1
exquisite,1
bolt,1
yearning,1
struck,1
trial,1
deepest,1
stepped,1
merely,1
robert,1
respects,1
speed,1
accentuates,1
ninety,1
felt,1
store,1
makes,1
ability,1
household,1
roam,1
enabled,1
theory,1
sentimental,1
extreme,1
anywhere,1
circuit,1
tavern,1
united,1
away,1
cause,1
stay,1
forced,1
wins,1
disagreeable,1
maintained,1
dislike,1
obvious,1
influenced,1
usually,1
students,1
reviewer,1
conclusions,1
beatific,1
without,1
ab,1
ha,1
alone,1
enormously,1
hi,1
map,1
ruled,1
time,1
think,1
rarely,1
right,1
hundred,1
t,1
proud,1
difference,1
daughter,1
live,1
penetrated,1
perfectly,1
vice,1
solitude,1
lived,1
either,1
phrased,1
summing,1
probably,1
joan,1
far,1
oped,1
exceeding,1
delineated,1
read,1
let,1
knowledge,1
england,1
difficult,1
impossible,1
task,1
went,1
defended,1
mystery,1
remain,1
ever,1
west,1
doings,1
treasonable,1
instant,1
suspected,1
knew,1
just,1
judges,1
tragic,1
known,1
disaster,1
loyalty,1
unswerving,1
together,1
mates,1
accurate,1
characteristic,1
passage,1
intimate,1
tremble,1
foible,1
ly,1
rate,1
ac,1
knows,1
better,1
years,1
days,1
hours,1
eluded,1
se,1
appreciates,1
older,1
little,1
definite,1
teases,1
affairs,1
go,1
granted,1
affection,1
take,1
get,1
indifferent,1
busy,1
often,1
yes,1
say,1
add,1
puzzle,1
outstanding,1
tended,1
nil,1
enjoyed,1
inherent,1
those,1
under,1
artistic,1
consideration,1
difficulties,1
calls,1
confessions,1
called,1
chapter,1
although,1
poor,1
did,1
critical,1
satisfying,1
th,1
patient,1
sacrifice,1
dane,1
beauty,1
wit,1
perfection,1
compete,1
ideal,1
reprobate,1
realize,1
can,1
earthly,1
anything,1
mind,1
temper,1
nevertheless,1
influence,1
leaps,1
charming,1
above,1
find,1
aspect,1
motherly,1
treating,1
defend,1
enjoys,1
cares,1
activities,1
variegated,1
choice,1
jame,1
falls,1
reviewing,1
characters,1
different,1
phrases,1
similar,1
applying,1
mexican,1
trick,1
notices,1
minor,1
these,1
domination,1
some,1
agrees,1
unable,1
analysis,1
twice,1
attainments,1
mental,1
exceptional,1
boast,1
could,1
exception,1
none,1
subjected,1
whirl,1
political,1
social,1
mothers,1
good,1
households,1
bustling,1
administrators,1
efficient,1
loving,1
loyal,1
scandal,1
victory,1
connections,1
history,1
depends,1
bryan,1
colonel,1
candidate,1
perennial,1
state,1
while,1
treatment,1
sex,1
adams,1
ghost,1
cabot,1
senator,1
elect,1
bay,1
worth,1
bessie,1
brooks,1
brother,1
here,1
sister,1
outclasses,1
rhetorical,1
henry,1
team,1
added,1
superior,1
equal,1
least,1
seems,1
opinion,1
should,1
annoyance,1
q,1
irritate,1
stars,1
unsupported,1
mate,1
secretary,1
whose,1
general,1
james,1
unmarried,1
forms,1
various,1
politics,1
screen,1
medicine,1
literature,1
art,1
searchings,1
volume,1
latest,1
opens,1
sensation,1
existence,1
feminine,1
manner,1
quest,1
restless,1
midst,1
green,1
horace,1
brothers,1
harper,1
york,1
pp,1
illustrated,1
presidential,1
include,1
portraits,1
struggle,1
us,1
philosophical,1
book,1
ms,1
butler,1
benjamin,1
stand,1
davis,1
jefferson,1
madison,1
dolly,1
infamous,1
sure,1
fashioned,1
old,1
bears,1
title,1
steps,1
very,1
tile,1
secret,1
day,1
unpopular,1
channels,1
renown,1
achieved,1
remarkable,1
exploit,1
dares,1
orbit,1
outside,1
chance,1
roosevelt,1
fan,1
do,1
true,1
whether,1
clinging,1
god,1
practiced,1
opportunism,1
shrewd,1
speaks,1
another,1
publisher,1
sometimes,1
star,1
producer,1
fluid,1
creative,1
executive,1
branches,1
creeps,1
distinction,1
curiously,1
appreciate,1
wholly,1
where,1
understands,1
common,1
keen,1
example,1
excellent,1
christian,1
admits,1
conjugal,1
anti,1
kills,1
sincere,1
contained,1
self,1
dealing,1
men,1
master,1
ben,1
conclusion,1
sound,1
depressingly,1
along,1
birth,1
ex,1
familiarity,1
now,1
exists,1
marriage,1
m,1
younger,1
sentence,1
profound,1
cynical,1
applies,1
engagement,1
broken,1
courtship,1
stormy,1
threadbare,1
technical,1
kind,1
mall,1
democratic,1
biography,1
included,1
gogh,1
van,1
vincent,1
pointing,1
la,1
skill,1
adjective,1
except,1
startling,1
view,1
statesman,1
creating,1
meier,1
dreaming,1
same,1
cast,1
parted,1
considers,1
whom,1
herbert,1
best,1
run,1
ask,1
your,1
stop,1
want,1
julius,1
boston,1
religious,1
individual,1
believe,1
still,1
wrote,1
church,1
joined,1
religion,1
forth,1
poured,1
volumes,1
emancipator,1
doubtful,1
summed,1
single,1
tempered,1
medici,1
h,1
strung,1
high,1
hard,1
conception,1
meaning,1
threads,1
weaving,1
delicate,1
personal,1
abo,1
ltd,1
society,1
states,1
