term,count
the,30
of,23
in,10
and,9
his,8
to,8
was,7
a,6
story,4
for,4
minister,3
with,3
hill,3
her,3
him,3
on,3
this,3
prime,3
there,3
two,2
board,2
under,2
who,2
since,2
villain,2
third,2
hanged,2
accused,2
murder,2
one,2
but,2
plot,2
fact,2
gideon,2
secret,2
not,2
from,2
arthur,2
millions,2
book,2
mr,2
mischief,2
is,2
assisted,1
sir,1
power,1
set,1
slight,1
corps,1
escape,1
service,1
names,1
aid,1
prison,1
own,1
efforts,1
are,1
therefore,1
three,1
any,1
number,1
be,1
readers,1
let,1
will,1
why,1
enjoy,1
murders,1
evidence,1
circumstantial,1
already,1
deal,1
position,1
heroic,1
execute,1
strict,1
wit,1
quick,1
through,1
surveillance,1
entirely,1
were,1
cleared,1
or,1
help,1
successfully,1
implicitly,1
believed,1
before,1
janet,1
lovely,1
here,1
deceased,1
real,1
as,1
down,1
track,1
crime,1
permitted,1
time,1
employed,1
acquiescent,1
seemingly,1
well,1
relatives,1
great,1
view,1
nightshade,1
lacking,1
kidnapping,1
beautiful,1
heroine,1
transportation,1
ship,1
command,1
character,1
wicked,1
capt,1
fight,1
same,1
vessel,1
shipwrecked,1
nothing,1
pronounced,1
had,1
company,1
by,1
mo,1
illustrated,1
akron,1
ohio,1
publishing,1
kill,1
most,1
england,1
working,1
out,1
has,1
indulged,1
melodrama,1
storm,1
where,1
quasi,1
colleagues,1
been,1
day,1
after,1
opens,1
that,1
lord,1
cabinet,1
locked,1
required,1
assassination,1
fit,1
certain,1
plans,1
they,1
have,1
might,1
death,1
he,1
sister,1
mother,1
willful,1
against,1
hero,1
maligned,1
much,1
ocean,1
seething,1
into,1
drop,1
embrace,1
deadly,1
kind,1
