term,count
the,123
of,107
a,64
to,55
and,55
in,44
that,33
s,33
mr,28
he,24
is,22
i,20
it,20
for,19
his,18
hellman,17
stevenson,16
had,15
as,14
her,13
be,13
from,12
l,11
not,11
were,11
but,11
there,11
on,10
book,10
t,10
this,10
by,10
all,9
which,9
been,9
was,9
with,9
may,8
are,7
who,7
have,7
letter,7
at,6
so,6
an,6
e,6
ion,6
would,6
wrote,5
or,5
r,5
when,5
mrs,5
o,5
them,5
hi,5
like,5
has,5
she,5
fanny,4
n,4
tile,4
ir,4
up,4
true,4
v,4
we,4
now,4
upon,4
him,4
some,4
letters,4
new,4
many,4
life,4
magazine,3
few,3
f,3
wife,3
into,3
out,3
little,3
more,3
himself,3
well,3
could,3
short,3
how,3
osbourne,3
body,3
they,3
editor,3
should,3
then,3
one,3
article,3
influence,3
d,3
thai,3
through,3
make,3
much,3
m,3
no,3
even,3
work,3
california,3
notes,3
own,3
my,3
paragraph,3
figure,3
most,3
point,3
being,3
father,3
author,3
pain,2
too,2
feet,2
met,2
number,2
story,2
points,2
their,2
thee,2
pretty,2
always,2
ls,2
alleged,2
editing,2
old,2
looked,2
left,2
these,2
reader,2
find,2
ha,2
turn,2
sat,2
those,2
used,2
young,2
concerning,2
way,2
ill,2
such,2
cricket,2
cake,2
extenuation,2
either,2
page,2
act,2
elimination,2
dr,2
printed,2
u,2
words,2
seat,2
th,2
tory,2
any,2
confirm,2
painting,2
novel,2
delicate,2
however,2
task,2
course,2
seems,2
willing,2
did,2
rather,2
might,2
various,2
lie,2
manner,2
tell,2
what,2
apparent,2
george,2
louis,2
held,2
h,2
other,2
study,2
long,2
unpublished,2
still,2
lr,2
fit,2
aspects,2
made,2
phrase,2
certain,2
robert,2
while,2
velvet,2
de,2
if,2
detail,2
hat,2
lloyd,2
material,2
john,2
offer,2
after,2
sidney,2
nd,2
fight,2
james,1
dove,1
inspired,1
curious,1
readers,1
able,1
suggested,1
fire,1
hung,1
vandalism,1
toward,1
note,1
philosophy,1
masterpiece,1
finer,1
style,1
fine,1
jacketed,1
easily,1
literary,1
mystery,1
knowledge,1
et,1
mu,1
shrouded,1
noted,1
air,1
hint,1
till,1
j,1
matter,1
public,1
general,1
peculiarly,1
edna,1
manuscript,1
kenton,1
cotes,1
indignantly,1
showing,1
forward,1
document,1
henry,1
declare,1
pt,1
literature,1
eighties,1
apropos,1
concluding,1
ks,1
without,1
delicious,1
mot,1
part,1
heaven,1
passkey,1
spare,1
rothschild,1
baron,1
become,1
money,1
ghost,1
holy,1
introduction,1
bat,1
accustomed,1
loving,1
delineations,1
say,1
actually,1
unforgivable,1
both,1
seem,1
things,1
graham,1
july,1
lt,1
chivalrous,1
appoint,1
destroyed,1
tree,1
cherry,1
turns,1
entitled,1
myth,1
indicated,1
whether,1
sit,1
think,1
come,1
lady,1
than,1
ladies,1
nay,1
doubtless,1
will,1
career,1
exactly,1
do,1
doubt,1
quite,1
chair,1
very,1
romantic,1
told,1
whom,1
subtitled,1
carrie,1
hut,1
together,1
pro,1
band,1
boy,1
hands,1
called,1
legs,1
came,1
height,1
clarification,1
waists,1
put,1
belie,1
nor,1
neither,1
law,1
am,1
though,1
waist,1
shoulders,1
mannish,1
square,1
big,1
down,1
set,1
head,1
neck,1
straight,1
thumbs,1
bent,1
tangled,1
read,1
better,1
touched,1
lust,1
spear,1
authentic,1
positive,1
fairly,1
becomes,1
investigation,1
gleaned,1
facts,1
follows,1
backwards,1
child,1
bare,1
non,1
hey,1
inappropriate,1
slippers,1
dancing,1
street,1
wore,1
size,1
right,1
small,1
squat,1
g,1
plainly,1
na,1
thought,1
sometimes,1
herbert,1
plate,1
time,1
picture,1
living,1
vivid,1
divorced,1
katharine,1
instructive,1
extremely,1
ago,1
owing,1
sentence,1
disposed,1
shook,1
taken,1
steps,1
mind,1
must,1
cue,1
substitutions,1
relations,1
rea,1
due,1
distorted,1
co,1
another,1
anna,1
quick,1
face,1
crone,1
cane,1
walked,1
pp,1
witch,1
boston,1
before,1
year,1
published,1
pictures,1
jerks,1
brown,1
far,1
shifting,1
catfish,1
striking,1
eyes,1
about,1
subjugate,1
x,1
iron,1
ambition,1
bad,1
love,1
clairvoyance,1
colin,1
states,1
actual,1
arlen,1
riles,1
stated,1
immediately,1
rue,1
strip,1
does,1
lessen,1
alan,1
matters,1
ones,1
first,1
anything,1
green,1
mira,1
intimate,1
question,1
unimportant,1
instance,1
appears,1
friendship,1
extent,1
port,1
result,1
grill,1
van,1
deletion,1
lad,1
sargent,1
grand,1
central,1
vital,1
sn,1
nets,1
committed,1
p,1
hy,1
two,1
substantiating,1
comments,1
prefatory,1
isis,1
ariel,1
selections,1
interesting,1
hosed,1
every,1
que,1
heretofore,1
unless,1
leela,1
conducting,1
poetry,1
stories,1
handling,1
galleries,1
pieces,1
realistic,1
steve,1
delightful,1
supremely,1
helped,1
declares,1
never,1
ho,1
w,1
denial,1
self,1
abnegation,1
exemplar,1
remain,1
egoist,1
art,1
publication,1
preponderant,1
mi,1
yet,1
artist,1
devoted,1
youth,1
lip,1
protagonist,1
man,1
oversexed,1
morality,1
narrow,1
acclaimed,1
stoicism,1
against,1
effort,1
invalidated,1
pure,1
rep,1
des,1
show,1
fee,1
perhaps,1
three,1
presentation,1
insuperable,1
odds,1
fate,1
comment,1
proper,1
event,1
space,1
flung,1
limbo,1
desires,1
take,1
eh,1
struggle,1
spiritual,1
sf,1
arena,1
delineation,1
ll,1
several,1
give,1
according,1
airs,1
death,1
industrious,1
continued,1
sue,1
quarter,1
intensified,1
comes,1
disciples,1
orders,1
accept,1
biography,1
inexplicable,1
insouciant,1
wearer,1
whore,1
position,1
arid,1
world,1
unjust,1
admission,1
jacket,1
yielding,1
starving,1
days,1
fr,1
truth,1
known,1
tn,1
beside,1
attention,1
ail,1
contrary,1
consent,1
reluctant,1
balfour,1
yielded,1
tote,1
manacles,1
finale,1
friends,1
addressed,1
sir,1
excerpts,1
hyde,1
accuser,1
regard,1
view,1
suppressions,1
c,1
dozen,1
among,1
control,1
effects,1
adventure,1
leave,1
equally,1
ire,1
flashes,1
following,1
driving,1
anti,1
example,1
fact,1
compare,1
per,1
edition,1
adoration,1
heroine,1
obvious,1
collector,1
covered,1
support,1
instances,1
adduced,1
mate,1
consolidates,1
hard,1
er,1
unknown,1
accomplished,1
xx,1
subtlety,1
drive,1
courage,1
real,1
include,1
further,1
chosen,1
appeared,1
depart,1
best,1
episode,1
en,1
critical,1
written,1
pen,1
issue,1
verbatim,1
almost,1
wording,1
substituted,1
rot,1
followed,1
circumstances,1
fontainebleau,1
qt,1
artists,1
phrases,1
finally,1
al,1
affair,1
period,1
context,1
