term,count
the,67
of,49
to,24
in,21
a,18
that,17
is,17
women,16
and,12
be,12
india,10
are,8
for,8
education,8
t,7
she,7
her,6
may,6
government,6
with,6
by,5
o,5
not,5
an,5
new,5
lind,5
on,5
indian,5
as,4
i,4
have,4
who,4
christian,4
certain,4
all,4
it,4
tile,3
upon,3
shall,3
type,3
girls,3
its,3
at,3
been,3
influence,3
life,3
modern,3
but,3
has,3
no,3
school,3
work,3
given,3
up,2
does,2
woman,2
old,2
instruction,2
will,2
policy,2
some,2
would,2
ex,2
where,2
na,2
xx,2
own,2
secular,2
lady,2
m,2
excellent,2
teachers,2
ea,2
urge,2
desire,2
every,2
if,2
e,2
doing,2
ladies,2
do,2
house,2
each,2
nd,2
system,2
into,2
era,2
view,2
say,2
well,2
or,2
them,2
author,2
there,2
believes,2
what,2
absolutely,2
miss,2
progress,2
g,2
educational,2
here,1
hindus,1
christianity,1
stalwart,1
embraced,1
those,1
only,1
respect,1
declaring,1
subjects,1
educated,1
however,1
appeal,1
national,1
says,1
line,1
book,1
period,1
critical,1
closes,1
one,1
thin,1
two,1
people,1
need,1
worker,1
attitude,1
determine,1
little,1
whom,1
burden,1
fall,1
heavily,1
daily,1
potent,1
factor,1
day,1
ant,1
power,1
largely,1
d,1
change,1
provided,1
seems,1
fact,1
western,1
re,1
especially,1
exerted,1
can,1
room,1
effect,1
civilizations,1
ed,1
antagonistic,1
ba,1
missionary,1
their,1
ask,1
direct,1
lu,1
branches,1
service,1
affect,1
employment,1
while,1
girlhood,1
neutrality,1
religious,1
roasted,1
holds,1
ethics,1
whatever,1
moral,1
parallel,1
permit,1
so,1
possible,1
modify,1
should,1
enormous,1
later,1
enter,1
teach,1
tug,1
now,1
corn,1
tho,1
present,1
other,1
untold,1
consequences,1
depending,1
encounter,1
various,1
sustained,1
liar,1
christianizing,1
relation,1
actor,1
this,1
realized,1
f,1
ill,1
localities,1
several,1
ne,1
used,1
means,1
description,1
ring,1
after,1
nat,1
pupils,1
attention,1
conceives,1
loyal,1
s,1
stace,1
isis,1
really,1
remarks,1
appearances,1
represented,1
reality,1
tiling,1
doubt,1
mind,1
untouched,1
vast,1
majority,1
mad,1
sense,1
feminist,1
japan,1
optimistic,1
found,1
great,1
many,1
observed,1
suggestive,1
hilt,1
large,1
mass,1
still,1
lifting,1
movement,1
hat,1
outcome,1
x,1
observer,1
possibly,1
seen,1
things,1
describes,1
symptoms,1
minna,1
ma,1
college,1
illustrated,1
york,1
fleming,1
h,1
company,1
hopeful,1
strongly,1
confident,1
presents,1
frankly,1
admits,1
conclusions,1
reached,1
subject,1
established,1
rule,1
most,1
westerner,1
safely,1
about,1
any,1
phase,1
inscrutable,1
places,1
support,1
mentions,1
grow,1
these,1
from,1
summoned,1
ladle,1
club,1
capital,1
members,1
was,1
root,1
influential,1
societies,1
counted,1
eal,1
n,1
speaks,1
others,1
manifestations,1
signs,1
li,1
ignore,1
fat,1
civilization,1
l,1
deep,1
rooted,1
obstinate,1
doe,1
disguise,1
fear,1
graduates,1
seem,1
returning,1
secluded,1
more,1
interpret,1
improvement,1
good,1
bombay,1
poor,1
rama,1
co,1
rn,1
u,1
orthodox,1
goes,1
tour,1
advocate,1
special,1
widow,1
staffs,1
high,1
ste,1
entirely,1
magazine,1
edited,1
graduate,1
legal,1
adviser,1
doctor,1
few,1
principals,1
schools,1
written,1
beck,1
routine,1
