term,count
the,33
of,20
and,11
a,9
his,7
to,7
picture,6
in,6
is,5
he,5
on,4
with,3
frank,3
influence,3
i,3
an,3
two,3
story,3
caesar,3
brother,3
s,3
but,3
that,3
by,3
at,2
bridegroom,2
sees,2
dead,2
himself,2
another,2
only,2
for,2
italian,2
are,2
not,2
other,2
it,2
mystery,2
as,2
this,2
artist,2
one,2
there,2
daphne,2
goes,2
ghost,1
also,1
its,1
baneful,1
too,1
missing,1
j,1
l,1
accompanied,1
rank,1
uncle,1
cousin,1
niece,1
health,1
hefty,1
o,1
iii,1
le,1
non,1
appearance,1
back,1
all,1
incidents,1
traces,1
startling,1
pa,1
or,1
noiselessly,1
no,1
ends,1
timid,1
tea,1
tiers,1
ra,1
ly,1
well,1
be,1
stated,1
here,1
satisfactorily,1
man,1
e,1
plained,1
until,1
after,1
reader,1
experienced,1
full,1
quota,1
hock,1
sake,1
model,1
ghosts,1
find,1
hair,1
raising,1
then,1
bent,1
discovering,1
surrounding,1
about,1
task,1
midnight,1
suddenly,1
act,1
trip,1
madman,1
sharpened,1
knife,1
brandished,1
above,1
head,1
learns,1
shall,1
guests,1
chase,1
f,1
comment,1
base,1
whose,1
statue,1
victim,1
conspiracy,1
lies,1
stabbed,1
excites,1
because,1
dictator,1
face,1
remarkable,1
presentation,1
pallor,1
death,1
previous,1
exhibition,1
work,1
pompey,1
figures,1
arms,1
boston,1
weird,1
john,1
r,1
carling,1
illustrated,1
cyrus,1
mo,1
pp,1
little,1
shows,1
brown,1
co,1
deals,1
mysterious,1
painted,1
angelo,1
called,1
fall,1
has,1
been,1
failure,1
snow,1
figure,1
military,1
cloak,1
vanishes,1
gives,1
loses,1
ll,1
ha,1
hurries,1
shortly,1
london,1
where,1
marriage,1
take,1
place,1
does,1
appear,1
swoons,1
pier,1
dover,1
latter,1
beloved,1
before,1
triumph,1
officer,1
capt,1
george,1
disappears,1
file,1
eve,1
girl,1
named,1
suitors,1
day,1
arrival,1
england,1
attend,1
wedding,1
iris,1
thrill,1
