term,count
the,200
of,135
and,81
to,59
he,52
in,49
a,47
is,39
that,32
for,29
his,23
have,21
be,21
it,20
by,18
tile,18
has,18
habit,17
drug,17
was,17
s,16
are,15
with,14
as,14
their,14
or,12
which,11
this,11
not,11
they,11
its,11
an,10
all,10
upon,9
social,9
class,9
one,9
towns,9
only,9
new,8
but,8
says,8
mr,7
lie,7
from,7
tobacco,7
patients,7
so,7
author,7
there,7
treatment,6
poor,6
many,6
jesus,6
these,6
would,6
thinks,6
who,6
use,6
been,6
years,6
will,6
god,5
privileged,5
world,5
more,5
rich,5
opium,5
patient,5
lowly,5
her,5
methods,5
mighty,5
alcohol,4
hospital,4
very,4
cure,4
other,4
york,4
cocaine,4
any,4
system,4
some,4
without,4
still,4
on,4
book,4
order,4
we,4
nor,4
menace,4
own,4
first,4
effects,4
at,4
hands,3
physical,3
should,3
case,3
whether,3
showing,3
chief,3
great,3
cent,3
morphine,3
through,3
mental,3
groove,3
born,3
if,3
can,3
treated,3
up,3
users,3
conditions,3
called,3
sanitariums,3
found,3
drugs,3
wealth,3
must,3
another,3
hatred,3
does,3
than,3
upper,3
made,3
cures,3
per,3
amount,3
against,3
forming,3
she,3
men,3
t,3
because,3
i,3
lived,3
demand,3
when,3
four,3
were,3
due,3
opiate,3
time,3
had,3
addicts,3
among,3
no,2
narrow,2
mrs,2
words,2
rome,2
between,2
long,2
since,2
smoker,2
proofs,2
relations,2
like,2
o,2
man,2
out,2
holds,2
himself,2
song,2
seats,2
cough,2
always,2
charge,2
our,2
day,2
average,2
nothing,2
socialists,2
them,2
thousands,2
sure,2
now,2
gained,2
moral,2
devotes,2
find,2
difference,2
unfortunate,2
supposed,2
containing,2
catarrh,2
source,2
stable,2
ways,2
high,2
well,2
about,2
form,2
gospel,2
tl,2
come,2
alone,2
vice,2
house,2
hypodermic,2
dr,2
make,2
people,2
may,2
e,2
alike,2
question,2
antidote,2
declares,2
neither,2
snickers,2
until,2
false,2
riches,2
simply,2
taken,2
end,2
cases,2
patent,2
work,2
statements,2
those,2
transcended,2
knowledge,2
regeneration,2
exalted,2
pages,2
chinese,2
profession,2
under,2
company,2
also,2
purpose,2
established,2
itself,2
daughter,2
physician,2
complete,2
public,2
bedside,2
nd,2
each,2
body,2
medical,2
individual,2
wealthy,2
benefit,2
arc,2
turn,2
set,2
ago,2
republic,2
net,2
defied,2
passage,2
passed,2
evil,2
where,2
b,2
months,2
during,2
themselves,2
stay,2
after,2
charles,2
handicap,2
habits,2
whole,2
although,2
study,2
h,2
important,1
claim,1
demands,1
died,1
proclaiming,1
base,1
continue,1
said,1
hearts,1
ignored,1
fop,1
reforms,1
christian,1
seek,1
bring,1
school,1
dominant,1
teachings,1
refute,1
object,1
exclusively,1
concerned,1
cancer,1
proletariat,1
purposes,1
desired,1
urged,1
ages,1
truth,1
religious,1
obscured,1
reform,1
belonged,1
economic,1
accomplishment,1
creeds,1
brilliance,1
misleading,1
contention,1
procession,1
powers,1
degrade,1
intellectual,1
tuberculosis,1
emotional,1
selfishness,1
marshals,1
doctrine,1
foil,1
power,1
motives,1
useless,1
preachers,1
discussions,1
wide,1
trying,1
observation,1
profound,1
subject,1
addiction,1
earnestness,1
sound,1
authoritative,1
value,1
thinking,1
introduction,1
airs,1
tell,1
written,1
you,1
anti,1
works,1
deterioration,1
draws,1
striking,1
parallel,1
action,1
deductions,1
nearly,1
concerning,1
provoke,1
result,1
ears,1
two,1
stud,1
richard,1
c,1
message,1
drama,1
phil,1
socialism,1
analyzes,1
privilege,1
katrina,1
macmillan,1
vanguard,1
threatened,1
appeal,1
agitators,1
play,1
novel,1
impassioned,1
sermon,1
anarchists,1
v,1
cabot,1
solvent,1
expressing,1
xx,1
ar,1
kingdom,1
ll,1
love,1
chain,1
ease,1
appendix,1
endless,1
alexander,1
cornea,1
university,1
did,1
continues,1
above,1
lust,1
de,1
joseph,1
however,1
lowliest,1
friends,1
convincing,1
virtue,1
inspired,1
poverty,1
virgin,1
sin,1
hath,1
put,1
down,1
taught,1
various,1
cared,1
ilia,1
rested,1
fresh,1
tho,1
disciples,1
knows,1
fish,1
subjected,1
education,1
anywhere,1
humble,1
proven,1
disapproves,1
let,1
peter,1
home,1
produce,1
low,1
lips,1
proclaim,1
door,1
splendid,1
proves,1
lied,1
continued,1
sit,1
securely,1
revelation,1
externally,1
wife,1
workingman,1
yet,1
soul,1
divine,1
mightiest,1
soddenly,1
relative,1
sang,1
unimportance,1
things,1
glory,1
inward,1
exactly,1
exaltation,1
attained,1
reverse,1
claimed,1
voice,1
being,1
evidence,1
having,1
attitude,1
toward,1
lifted,1
replies,1
accepted,1
feast,1
antipathy,1
distribution,1
myriad,1
indifferent,1
minded,1
philosopher,1
raised,1
cosmic,1
universal,1
specialist,1
close,1
woman,1
broader,1
old,1
canaanite,1
possibly,1
sufferings,1
theme,1
protest,1
discontent,1
christianity,1
religion,1
tuned,1
diseases,1
note,1
match,1
became,1
insistent,1
cry,1
try,1
honesty,1
encircles,1
common,1
bound,1
despised,1
brief,1
healed,1
capitalists,1
manger,1
room,1
inn,1
fact,1
gathered,1
slightest,1
stall,1
luxurious,1
palace,1
officials,1
cite,1
proof,1
roman,1
here,1
laid,1
board,1
cause,1
powerful,1
patrician,1
plebeian,1
son,1
descendant,1
kings,1
centurion,1
wayside,1
accident,1
lay,1
beggar,1
blind,1
prayer,1
granted,1
cattle,1
conquering,1
prescription,1
toxic,1
receives,1
revelations,1
follow,1
startle,1
p,1
periods,1
less,1
astonishing,1
ir,1
wholly,1
impersonal,1
necessary,1
ad,1
believe,1
hat,1
either,1
sanitarium,1
city,1
mentally,1
physically,1
ailing,1
freedom,1
drag,1
then,1
help,1
feed,1
impossible,1
what,1
calls,1
conversation,1
cut,1
describe,1
designed,1
rid,1
poison,1
soaked,1
accomplished,1
thorough,1
fifty,1
discharges,1
convince,1
see,1
investigated,1
contain,1
appreciable,1
effect,1
fasten,1
firmly,1
fr,1
bases,1
discussion,1
matters,1
psychology,1
needs,1
notes,1
examined,1
fourteen,1
engaged,1
surprise,1
vogue,1
merciless,1
weeks,1
emphasizes,1
similar,1
cities,1
states,1
even,1
payment,1
deferred,1
care,1
fixed,1
according,1
forth,1
length,1
righteous,1
evils,1
resulted,1
practice,1
charging,1
symptoms,1
talk,1
together,1
get,1
rendered,1
warfare,1
instrumental,1
securing,1
act,1
state,1
danger,1
line,1
protection,1
gives,1
employs,1
aroused,1
interest,1
won,1
commendation,1
ph,1
china,1
services,1
attracted,1
already,1
efforts,1
describes,1
civilization,1
tells,1
how,1
overcome,1
remedy,1
century,1
making,1
attention,1
brought,1
name,1
prominently,1
before,1
therefore,1
prestige,1
consequent,1
er,1
three,1
hospitals,1
formula,1
few,1
days,1
heroic,1
mud,1
risk,1
includes,1
administering,1
given,1
causes,1
published,1
formals,1
treating,1
essential,1
success,1
kept,1
away,1
successfully,1
disabilities,1
eleven,1
y,1
cl,1
receiving,1
presented,1
foul,1
fatalities,1
pi,1
mal,1
ministrations,1
complicated,1
reduces,1
definite,1
usual,1
resident,1
histories,1
charts,1
method,1
reader,1
him,1
look,1
lady,1
increase,1
population,1
immigrants,1
takers,1
never,1
italian,1
hebrews,1
native,1
type,1
nervous,1
going,1
lit,1
f,1
pl,1
coates,1
crop,1
pleased,1
jump,1
marked,1
while,1
deleterious,1
deal,1
air,1
heroin,1
mixtures,1
believed,1
harmless,1
asthma,1
l,1
derivatives,1
observations,1
re,1
thaw,1
internal,1
revenue,1
reports,1
tn,1
my,1
nicotine,1
zealous,1
classed,1
non,1
could,1
least,1
favor,1
latter,1
smoking,1
beginning,1
spending,1
twice,1
es,1
much,1
money,1
substitution,1
occident,1
rind,1
horrified,1
able,1
efficiency,1
comparative,1
deteriorate,1
quit,1
shown,1
ls,1
confesses,1
settle,1
bright,1
light,1
error,1
go,1
doing,1
investigation,1
characteristics,1
results,1
cigarette,1
greatest,1
humanity,1
today,1
harmful,1
present,1
sell,1
allowed,1
alkaloid,1
exceptions,1
administration,1
syringe,1
creator,1
country,1
buy,1
cheaply,1
except,1
do,1
vast,1
medicines,1
grave,1
wholesale,1
prepares,1
sells,1
remedies,1
druggists,1
nurses,1
physicians,1
reputable,1
spirit,1
sanctioned,1
deals,1
almost,1
entirely,1
w,1
extent,1
upright,1
disease,1
meaning,1
citizens,1
peril,1
finds,1
conserve,1
health,1
defend,1
majority,1
created,1
sold,1
government,1
unless,1
considerably,1
amended,1
effective,1
way,1
regulating,1
sale,1
monopoly,1
quite,1
countries,1
accounting,1
keep,1
track,1
lt,1
retail,1
druggist,1
accomplish,1
traffic,1
openly,1
comes,1
everywhere,1
small,1
just,1
efficacious,1
large,1
snuffer,1
powders,1
taker,1
regulate,1
once,1
formed,1
inevitably,1
undiluted,1
bill,1
congress,1
intended,1
debate,1
