term,count
the,36
and,33
of,32
to,14
a,14
tile,12
its,12
with,11
who,10
there,9
is,8
our,8
s,7
we,6
her,6
be,6
that,6
house,6
in,5
or,5
book,5
are,5
london,5
one,4
as,4
she,4
life,4
story,4
from,4
then,3
have,3
l,3
i,3
mrs,3
more,3
nd,3
not,3
was,3
it,3
beggars,3
on,3
all,3
world,3
out,3
which,3
by,3
respectable,2
own,2
pictures,2
no,2
henley,2
were,2
opinion,2
f,2
so,2
find,2
tenants,2
will,2
dramatist,2
o,2
r,2
elizabeth,2
has,2
cook,2
his,2
joseph,2
old,2
taken,2
other,2
robins,2
but,2
english,2
worth,2
domestic,2
what,2
british,2
french,2
could,2
would,2
extremely,2
famous,2
too,2
bob,2
trimmer,2
than,2
well,2
stevenson,2
for,2
this,1
ste,1
ki,1
being,1
question,1
chapter,1
eventually,1
whole,1
deserves,1
wrecked,1
gets,1
sire,1
ned,1
unmentionable,1
squalid,1
latin,1
upon,1
much,1
servant,1
mothered,1
bore,1
affectionately,1
mill,1
went,1
home,1
brag,1
phil,1
x,1
whose,1
rea,1
h,1
tells,1
died,1
came,1
louise,1
pr,1
brave,1
smile,1
lid,1
tim,1
grace,1
worthless,1
husband,1
avers,1
household,1
herself,1
suffragettes,1
their,1
servants,1
best,1
seller,1
habits,1
clerk,1
front,1
studio,1
hazy,1
spires,1
bridges,1
innumerable,1
chimney,1
pots,1
ons,1
very,1
potent,1
reason,1
possession,1
new,1
certain,1
irresistible,1
lu,1
explains,1
choice,1
instead,1
says,1
en,1
rejoice,1
birds,1
lean,1
motel,1
largely,1
guests,1
licensed,1
ingenious,1
come,1
name,1
craft,1
america,1
unmeasured,1
things,1
least,1
two,1
oil,1
folk,1
lo,1
aways,1
play,1
boards,1
se,1
modest,1
oils,1
fife,1
socialist,1
g,1
plays,1
credit,1
drives,1
weeks,1
ont,1
remained,1
brilliance,1
whom,1
meets,1
ave,1
feel,1
sc,1
ought,1
he,1
sort,1
an,1
illustrations,1
inside,1
walls,1
air,1
allowed,1
into,1
phase,1
living,1
known,1
hut,1
must,1
rare,1
charm,1
three,1
four,1
windows,1
write,1
leisure,1
company,1
neighbors,1
fellow,1
anti,1
thought,1
whistler,1
still,1
eminently,1
reading,1
joy,1
particular,1
page,1
exactly,1
beside,1
told,1
audrey,1
bad,1
charwomen,1
round,1
paragraph,1
delightful,1
live,1
piteous,1
heroic,1
ending,1
after,1
if,1
only,1
coolie,1
acid,1
ml,1
t,1
lovely,1
effect,1
mantelpieces,1
found,1
years,1
ago,1
between,1
strand,1
since,1
they,1
had,1
chambers,1
at,1
top,1
worked,1
domestics,1
seen,1
doors,1
beardsley,1
fourth,1
finer,1
quarters,1
good,1
part,1
np,1
record,1
those,1
struggles,1
first,1
dam,1
bacon,1
pepys,1
observation,1
midst,1
usually,1
go,1
over,1
seas,1
any,1
clover,1
woman,1
sketches,1
fill,1
e,1
dramatic,1
few,1
associations,1
given,1
such,1
th,1
mellow,1
char,1
louse,1
easy,1
ta,1
quietness,1
humor,1
breadth,1
houses,1
believe,1
