term,count
the,57
a,28
and,27
of,27
her,26
to,25
in,22
is,18
i,15
that,13
it,12
she,12
s,11
t,9
woman,7
with,7
for,7
at,5
little,5
not,5
purpose,5
home,5
husband,5
as,5
story,5
some,4
daughter,4
much,4
their,4
has,4
or,4
old,4
from,4
are,4
will,3
its,3
on,3
many,3
family,3
modern,3
high,3
one,3
author,3
last,3
be,3
duty,3
but,3
character,3
whether,3
was,3
about,2
n,2
something,2
which,2
early,2
step,2
womanhood,2
e,2
been,2
first,2
sort,2
own,2
deter,2
finally,2
history,2
thing,2
this,2
novel,2
set,2
two,2
young,2
after,2
make,2
very,2
his,2
when,2
continued,2
blow,2
out,2
colors,2
work,2
by,2
reader,2
made,2
they,2
complete,2
feel,2
so,2
time,2
evidently,2
all,2
page,2
takes,2
up,2
conferences,1
president,1
c,1
nation,1
senator,1
love,1
arid,1
hoping,1
come,1
divorce,1
reign,1
iris,1
mansion,1
meantime,1
having,1
any,1
kind,1
committees,1
overtake,1
trim,1
timidly,1
shell,1
keeping,1
bouts,1
tier,1
ventures,1
lifelike,1
amusing,1
steps,1
trot,1
convincing,1
nowhere,1
intention,1
ix,1
joins,1
another,1
climes,1
submerged,1
states,1
l,1
prominent,1
most,1
renown,1
reach,1
sent,1
et,1
ton,1
dependent,1
must,1
exchange,1
starts,1
drifted,1
contrived,1
through,1
leer,1
troubles,1
seed,1
civilization,1
form,1
individuality,1
achieve,1
desire,1
nor,1
dubs,1
women,1
neither,1
menace,1
greatest,1
undermine,1
thins,1
remains,1
still,1
tad,1
planted,1
stages,1
growing,1
prove,1
what,1
triumphantly,1
quite,1
proves,1
apparently,1
children,1
respect,1
won,1
least,1
had,1
site,1
fell,1
club,1
joined,1
before,1
rapidly,1
fact,1
maintaining,1
necessity,1
may,1
tale,1
nest,1
chief,1
neglecting,1
realize,1
heart,1
loving,1
beauty,1
perfumes,1
away,1
lock,1
domestic,1
only,1
where,1
hotel,1
mat,1
house,1
human,1
rood,1
satire,1
weakness,1
ever,1
facts,1
misfit,1
somewhat,1
seems,1
propaganda,1
portrayal,1
due,1
well,1
chiefly,1
crudities,1
however,1
marred,1
creation,1
plot,1
every,1
whistle,1
daughters,1
dancing,1
makes,1
chapters,1
skips,1
ne,1
unless,1
tory,1
remember,1
he,1
yr,1
hand,1
heavy,1
such,1
him,1
upon,1
end,1
boob,1
part,1
romance,1
puppet,1
following,1
john,1
op,1
year,1
harriet,1
g,1
school,1
scene,1
opening,1
years,1
mot,1
thirty,1
country,1
preceding,1
fiction,1
latest,1
does,1
evident,1
becomes,1
st,1
skillful,1
iv,1
ion,1
eat,1
stork,1
hour,1
how,1
jest,1
know,1
wary,1
tire,1
solemn,1
parable,1
m,1
y,1
enough,1
hint,1
ur,1
tile,1
forget,1
allowed,1
never,1
other,1
front,1
smooth,1
say,1
wart,1
necessary,1
therefore,1
stem,1
al,1
mental,1
agree,1
plum,1
finer,1
city,1
edge,1
too,1
pointed,1
except,1
homes,1
an,1
great,1
yeah,1
twenty,1
during,1
evidence,1
have,1
exceedingly,1
boy,1
small,1
who,1
willful,1
heartless,1
defiant,1
whose,1
shoulders,1
gook,1
carries,1
written,1
eras,1
sake,1
central,1
te,1
book,1
best,1
lives,1
live,1
determined,1
derivation,1
son,1
development,1
far,1
again,1
tractive,1
pretty,1
clever,1
looking,1
yours,1
j,1
sue,1
times,1
behind,1
dowdy,1
shabby,1
elderly,1
feels,1
fit,1
york,1
coquettish,1
younger,1
same,1
gives,1
then,1
century,1
present,1
representative,1
social,1
review,1
ti,1
mines,1
life,1
married,1
over,1
goes,1
catch,1
try,1
question,1
