term,count
the,60
of,51
and,43
a,35
to,29
in,27
is,13
it,13
for,13
that,13
by,12
her,12
so,11
one,10
at,10
are,9
as,9
be,9
with,8
was,8
i,8
he,7
an,7
his,7
who,7
but,6
has,6
this,6
not,5
tile,5
only,5
she,5
have,4
old,4
over,4
on,4
been,4
no,4
like,4
from,4
him,4
or,4
t,4
de,4
elinor,4
wylie,4
there,4
nephew,4
upon,4
s,4
had,3
sinner,3
sheer,3
they,3
blood,3
black,3
those,3
th,3
glass,3
their,3
its,3
much,3
little,3
new,3
without,3
magic,3
should,3
half,3
must,3
out,3
h,3
venice,3
o,3
may,3
all,3
rather,3
make,2
fantasy,2
m,2
white,2
q,2
v,2
l,2
flesh,2
story,2
such,2
hair,2
c,2
golden,2
happy,2
leads,2
until,2
ha,2
lambskin,2
five,2
vicious,2
himself,2
any,2
poor,2
sappho,2
soon,2
e,2
lover,2
prince,2
yet,2
peter,2
us,2
each,2
do,2
time,2
brings,2
skeptical,2
altar,2
done,2
enough,2
good,2
saint,2
into,2
mi,2
whose,2
if,2
accomplished,2
can,2
made,2
than,2
never,2
again,2
were,2
now,2
unique,2
deserve,2
historical,2
feels,2
room,2
color,2
brittle,2
joy,2
beauty,2
very,2
touch,1
velvet,1
river,1
loosed,1
mockingbird,1
repeated,1
still,1
melody,1
moon,1
ear,1
painted,1
listening,1
preserved,1
taste,1
ardent,1
gaze,1
sleepy,1
crescent,1
housetops,1
cream,1
knew,1
flooded,1
ready,1
carry,1
affection,1
transports,1
friends,1
ominously,1
crocking,1
floated,1
ribs,1
monsters,1
hear,1
doomed,1
spun,1
complexion,1
tl,1
gloom,1
f,1
fictitious,1
cold,1
glance,1
aside,1
dawn,1
tints,1
books,1
ant,1
flame,1
breathe,1
charms,1
first,1
smitten,1
world,1
jostling,1
up,1
agreeable,1
goes,1
susceptible,1
strenuously,1
too,1
embrace,1
startles,1
handle,1
cracking,1
ominous,1
strikes,1
book,1
spin,1
some,1
recognition,1
bands,1
publisher,1
henry,1
sight,1
infant,1
rose,1
daughter,1
flowers,1
imagined,1
indeed,1
caution,1
observer,1
senses,1
fruit,1
ripened,1
roses,1
opening,1
vital,1
more,1
palace,1
doge,1
escape,1
certain,1
hy,1
sun,1
ward,1
cardinal,1
adriatic,1
wicked,1
graceful,1
beyond,1
two,1
married,1
pay,1
el,1
magi,1
blackest,1
spells,1
go,1
rosa,1
called,1
arri,1
sure,1
ridiculous,1
tribute,1
lo,1
three,1
way,1
another,1
arteries,1
genius,1
even,1
act,1
great,1
through,1
carri,1
swarthy,1
turning,1
longer,1
porcelain,1
theme,1
fit,1
unmoved,1
flexible,1
spirit,1
y,1
flower,1
flight,1
arrested,1
bird,1
pang,1
suffered,1
grace,1
exemplary,1
attitude,1
stiffness,1
lad,1
composed,1
poised,1
calm,1
child,1
perfect,1
air,1
about,1
crystalline,1
eyes,1
watch,1
elbow,1
where,1
wife,1
informed,1
sling,1
arm,1
husband,1
drowned,1
flaw,1
initial,1
correct,1
quickly,1
something,1
composure,1
tinted,1
darkness,1
worried,1
guardian,1
faces,1
accompanied,1
trouble,1
sore,1
children,1
instinctively,1
haste,1
embraces,1
red,1
ardor,1
gray,1
youth,1
texture,1
gives,1
amatory,1
tough,1
moment,1
invoked,1
qt,1
ad,1
mu,1
will,1
moral,1
necessary,1
temper,1
making,1
lurks,1
unuttered,1
pa,1
feeling,1
sages,1
wifely,1
heartiness,1
covenanted,1
remains,1
cellar,1
uttered,1
keen,1
reader,1
island,1
ellis,1
examination,1
formalities,1
once,1
tongue,1
our,1
incorporated,1
instance,1
ions,1
times,1
words,1
significance,1
distinctions,1
sense,1
unerring,1
similes,1
stages,1
ballet,1
emotional,1
part,1
intrinsic,1
en,1
raise,1
admired,1
see,1
use,1
spell,1
chamber,1
delicately,1
adapted,1
singularly,1
locale,1
folly,1
vigil,1
nightly,1
reproach,1
whispered,1
sea,1
whore,1
music,1
houris,1
unworthy,1
masked,1
canaletto,1
century,1
eighteenth,1
henceforth,1
earthenware,1
pewter,1
eat,1
let,1
banquet,1
down,1
being,1
we,1
suspended,1
stilted,1
fine,1
include,1
prose,1
verse,1
whether,1
qualities,1
anticipation,1
savored,1
pleasantness,1
prepared,1
come,1
novel,1
writing,1
care,1
gesture,1
consciousness,1
impression,1
sufficient,1
miss,1
company,1
george,1
york,1
pp,1
venetian,1
tale,1
dainty,1
creates,1
protean,1
erudition,1
acquired,1
display,1
action,1
fiction,1
field,1
chosen,1
fantasies,1
icicle,1
prism,1
fire,1
makes,1
sunset,1
frosty,1
prettiness,1
vehement,1
sort,1
added,1
cedar,1
hidden,1
silk,1
enveloped,1
rarities,1
lacquer,1
ivory,1
kept,1
samurai,1
collection,1
sophisticated,1
brave,1
vain,1
aid,1
fragile,1
endowed,1
evolved,1
relative,1
missing,1
waving,1
chanted,1
power,1
incantations,1
lena,1
blower,1
ruined,1
material,1
chevalier,1
church,1
leading,1
difficulty,1
ho,1
rascal,1
aging,1
adept,1
charlatan,1
dabbler,1
piercing,1
fun,1
likes,1
details,1
charming,1
mock,1
seriousness,1
concealed,1
cunningly,1
fraud,1
smells,1
gabriel,1
which,1
genii,1
photo,1
hal,1
aloes,1
myrrh,1
smoke,1
dried,1
water,1
holy,1
sprinkled,1
ascendant,1
point,1
pentagram,1
vermilion,1
pure,1
unblemished,1
lay,1
perfumes,1
stood,1
pseudonym,1
none,1
quote,1
ms,1
spectral,1
special,1
days,1
last,1
away,1
them,1
blow,1
reality,1
breath,1
waiting,1
sufferance,1
persist,1
happily,1
nephews,1
live,1
bad,1
devil,1
affinity,1
noted,1
critic,1
sing,1
between,1
teresa,1
pearl,1
gifted,1
phrase,1
charm,1
author,1
jennifer,1
lorn,1
cardinals,1
other,1
leave,1
earth,1
regret,1
grief,1
man,1
flow,1
exhaling,1
year,1
eighty,1
mint,1
ts,1
innocent,1
skeptic,1
love,1
young,1
fate,1
presided,1
ever,1
conspirators,1
trio,1
assorted,1
strangely,1
together,1
stuart,1
