term,count
the,66
of,41
and,31
to,13
that,11
is,10
in,10
which,8
german,8
present,6
a,6
at,6
its,6
by,6
her,5
war,5
for,4
french,4
some,4
philosophy,4
world,4
his,4
has,4
upon,4
he,4
people,4
nation,4
part,4
more,3
thinkers,3
teachings,3
been,3
it,3
from,3
l,3
between,3
influence,3
study,3
be,3
thought,3
as,3
have,3
greatest,2
brutality,2
are,2
many,2
fichte,2
examines,2
important,2
would,2
moral,2
result,2
day,2
volume,2
ii,2
absorbed,2
problem,2
concludes,2
there,2
this,2
f,2
rest,2
self,2
itself,2
were,2
time,2
s,2
very,2
future,2
within,2
being,2
other,2
those,2
t,2
causes,2
life,2
also,2
nations,2
years,2
own,2
perhaps,1
though,1
whatever,1
make,1
evil,1
difficult,1
i,1
no,1
wit,1
same,1
book,1
good,1
mankind,1
gather,1
one,1
gets,1
just,1
glimpse,1
wonder,1
chagrin,1
with,1
action,1
foreground,1
large,1
relations,1
principles,1
n,1
well,1
notion,1
direct,1
inevitable,1
their,1
e,1
made,1
remarks,1
will,1
comment,1
results,1
again,1
struggle,1
brought,1
into,1
find,1
profit,1
somewhat,1
regard,1
beginning,1
conduct,1
tell,1
us,1
why,1
accepted,1
germany,1
permeated,1
whose,1
so,1
influenced,1
valuation,1
endeavors,1
outcome,1
fig,1
showing,1
service,1
civilization,1
stress,1
under,1
several,1
chapters,1
animated,1
doubtless,1
if,1
education,1
ever,1
because,1
did,1
not,1
long,1
ago,1
recognize,1
whither,1
nature,1
tending,1
what,1
shortcomings,1
human,1
thinking,1
hopefulness,1
investigation,1
methods,1
invincible,1
research,1
real,1
acid,1
far,1
ft,1
explosion,1
shaking,1
order,1
may,1
gee,1
clearly,1
con,1
him,1
found,1
routs,1
initiated,1
c,1
conducted,1
thinks,1
among,1
influences,1
speeches,1
delivered,1
before,1
university,1
berlin,1
ts,1
leer,1
spirit,1
obligations,1
front,1
emile,1
ctr,1
york,1
co,1
consequent,1
disabilities,1
past,1
seventy,1
taking,1
active,1
di,1
reason,1
famous,1
philosopher,1
member,1
academy,1
turned,1
intellect,1
pen,1
attempt,1
dis,1
cover,1
hate,1
had,1
effect,1
ideas,1
develop,1
finds,1
cigar,1
consequences,1
doctrine,1
characteristics,1
tendency,1
culture,1
based,1
these,1
materialistic,1
summarizes,1
science,1
intensify,1
increase,1
original,1
essence,1
shows,1
doctrines,1
method,1
warfare,1
repudiation,1
ran,1
god,1
kingdom,1
than,1
message,1
thing,1
announces,1
supreme,1
principle,1
creation,1
unity,1
mind,1
sought,1
transcendental,1
without,1
reality,1
dwells,1
absolute,1
source,1
all,1
activity,1
heft,1
g,1
universe,1
none,1
ways,1
