term,count
the,19
of,13
and,11
he,9
is,8
to,8
that,8
a,6
for,5
his,5
all,4
their,4
in,4
there,4
by,3
as,3
but,3
some,3
its,3
them,2
denying,2
good,2
no,2
story,2
set,2
be,2
out,2
up,2
point,2
feel,2
has,2
they,2
will,2
people,2
knows,2
makes,2
character,2
western,2
american,2
life,2
meredith,2
typical,2
barriers,2
daring,1
bowl,1
grace,1
wholesome,1
tong,1
what,1
comes,1
central,1
scene,1
girl,1
family,1
corner,1
she,1
evolved,1
other,1
society,1
characters,1
find,1
rules,1
seek,1
regard,1
own,1
individual,1
without,1
ways,1
broken,1
how,1
flinched,1
therefore,1
ending,1
doubtless,1
sentimental,1
reader,1
others,1
fig,1
from,1
finally,1
task,1
had,1
himself,1
portraiture,1
much,1
op,1
book,1
noe,1
would,1
probability,1
also,1
shout,1
attempt,1
break,1
down,1
round,1
tells,1
with,1
ingenuity,1
resource,1
white,1
real,1
things,1
might,1
turn,1
fortunately,1
mr,1
themselves,1
happiness,1
w,1
bona,1
so,1
when,1
writes,1
endeavoring,1
depict,1
reaction,1
rebellion,1
stage,1
our,1
postwar,1
can,1
expected,1
duce,1
interest,1
vital,1
charles,1
pork,1
new,1
features,1
nobody,1
among,1
living,1
authors,1
who,1
middle,1
west,1
present,1
day,1
any,1
better,1
than,1
nicholson,1
characteristic,1
phases,1
lad,1
cerium,1
tall,1
e,1
which,1
have,1
got,1
tangled,1
killing,1
off,1
undeserving,1
showering,1
fortune,1
on,1
those,1
whom,1
likes,1
best,1
leaving,1
into,1
alt,1
hay,1
winds,1
done,1
responsibilities,1
refused,1
allow,1
face,1
logical,1
arts,1
lie,1
insists,1
upon,1
being,1
very,1
efficient,1
natured,1
providence,1
delight,1
