term,count
the,112
of,80
a,68
he,67
in,59
and,53
his,52
to,45
that,35
was,32
as,24
with,23
it,22
which,21
on,17
arthur,16
s,16
i,14
man,14
had,14
not,14
sir,13
is,13
at,12
for,12
this,11
from,11
an,10
doyle,10
some,9
be,9
out,9
there,8
by,8
one,8
has,8
him,7
first,7
himself,7
will,7
have,7
but,7
all,7
literary,7
who,7
years,7
we,7
my,6
when,6
been,6
war,6
l,6
came,6
life,6
after,5
two,5
than,5
door,5
no,5
also,5
up,5
conan,5
went,5
would,5
down,5
so,5
character,5
edinburgh,5
holmes,5
did,5
period,4
sherlock,4
its,4
work,4
then,4
where,4
more,4
mind,4
side,4
time,4
aye,4
surgeon,4
world,3
what,3
voice,3
british,3
are,3
can,3
you,3
most,3
how,3
methods,3
short,3
father,3
patient,3
detective,3
phenomena,3
letter,3
too,3
england,3
t,3
wrote,3
become,3
autobiography,3
m,3
famous,3
family,3
medical,3
only,3
gentlemen,3
get,3
home,3
them,3
if,3
well,3
before,3
found,3
gypsy,3
into,3
or,3
says,3
other,3
us,2
oculist,2
lecture,2
rifle,2
power,2
fact,2
financial,2
several,2
away,2
under,2
service,2
c,2
adventures,2
information,2
novels,2
however,2
slow,2
career,2
thought,2
got,2
o,2
africa,2
stories,2
again,2
much,2
historical,2
naturally,2
still,2
best,2
saw,2
any,2
practice,2
young,2
decided,2
public,2
received,2
put,2
ship,2
whaler,2
brother,2
three,2
within,2
determined,2
bell,2
during,2
later,2
known,2
hat,2
may,2
ed,2
civilian,2
sixpence,2
army,2
long,2
child,2
said,2
opinion,2
air,2
see,2
began,2
ways,2
open,2
west,2
go,2
whether,2
merely,2
artist,2
board,2
became,2
lay,2
little,2
london,2
made,2
e,2
os,2
field,2
psychic,2
subject,2
irish,2
brought,2
spirit,2
p,2
activity,2
about,2
experience,2
lie,2
they,2
ls,2
yet,2
able,2
book,2
g,2
upon,2
correspondent,2
deny,1
cur,1
suggested,1
require,1
pulled,1
rang,1
resources,1
lectures,1
way,1
itself,1
books,1
pitch,1
wu,1
yelled,1
times,1
boat,1
tong,1
otis,1
liked,1
ring,1
hunting,1
example,1
let,1
prophecy,1
chairs,1
baskets,1
selling,1
latent,1
call,1
box,1
cried,1
opened,1
enjoyed,1
looked,1
something,1
each,1
surprise,1
beth,1
burt,1
nut,1
answer,1
measle,1
seemed,1
quite,1
absurd,1
health,1
told,1
upstairs,1
shut,1
yelling,1
wanted,1
perfect,1
remote,1
po,1
say,1
me,1
vere,1
thing,1
faith,1
passed,1
degree,1
cart,1
comfortable,1
proved,1
our,1
coast,1
shock,1
voyage,1
big,1
coming,1
shortly,1
human,1
ree,1
led,1
finally,1
break,1
q,1
apathy,1
youth,1
such,1
together,1
off,1
powerful,1
md,1
assurance,1
truths,1
sill,1
survivors,1
unable,1
toughening,1
chapter,1
preach,1
disappeared,1
phase,1
today,1
hold,1
baby,1
week,1
bob,1
crews,1
crowding,1
patients,1
stay,1
adds,1
whom,1
judged,1
general,1
rowing,1
belief,1
through,1
eight,1
stayed,1
portsmouth,1
plymouth,1
touched,1
crossed,1
passing,1
views,1
except,1
neither,1
pressure,1
recollection,1
moderating,1
motive,1
appeal,1
conduct,1
position,1
everybody,1
chapters,1
material,1
provide,1
nobody,1
detachment,1
read,1
without,1
hospital,1
member,1
south,1
feeling,1
stimulating,1
sailed,1
force,1
sudan,1
states,1
united,1
tour,1
illness,1
wife,1
switzerland,1
effect,1
residence,1
story,1
successful,1
tone,1
crowded,1
continental,1
interested,1
criminal,1
active,1
solution,1
threw,1
lifelong,1
enterprises,1
business,1
participation,1
various,1
sports,1
embarked,1
clubs,1
while,1
building,1
writing,1
warfare,1
modern,1
concentrated,1
always,1
continued,1
impressed,1
page,1
parliament,1
pal,1
stood,1
twice,1
knighted,1
thinks,1
ir,1
happy,1
undertaken,1
spiritualism,1
dur,1
clear,1
emotional,1
weak,1
influenza,1
attack,1
political,1
aid,1
hint,1
strange,1
reputation,1
your,1
sort,1
laid,1
real,1
cornerstone,1
solid,1
ni,1
should,1
micah,1
soon,1
introducing,1
scarlet,1
study,1
increasingly,1
burden,1
prove,1
relieve,1
issue,1
recall,1
crystal,1
decision,1
abandon,1
exultation,1
ceiling,1
tossing,1
hand,1
enfeebled,1
coverlet,1
pr,1
handkerchief,1
taking,1
delight,1
remember,1
room,1
impress,1
keeping,1
earnings,1
serve,1
waste,1
foolish,1
realized,1
now,1
matter,1
far,1
buck,1
specialize,1
come,1
record,1
student,1
recently,1
medicine,1
return,1
inner,1
inasmuch,1
net,1
compiled,1
another,1
director,1
national,1
gallery,1
dublin,1
third,1
charles,1
son,1
original,1
style,1
terrible,1
blake,1
habit,1
giving,1
chronicles,1
sons,1
faces,1
origin,1
mark,1
deep,1
talented,1
stock,1
anglo,1
norman,1
mother,1
picture,1
b,1
grandfather,1
polite,1
caricature,1
drawing,1
wit,1
water,1
help,1
must,1
fortunes,1
might,1
stepped,1
followed,1
jesuits,1
germany,1
learn,1
language,1
determine,1
hie,1
alon,1
lines,1
planned,1
least,1
provided,1
characters,1
rascal,1
eyed,1
marked,1
learning,1
surprising,1
cohen,1
believes,1
due,1
anything,1
f,1
practiced,1
peek,1
remembers,1
enjoyment,1
living,1
lever,1
discovered,1
schooling,1
left,1
early,1
mot,1
great,1
incidentally,1
won,1
fame,1
writer,1
even,1
speculation,1
given,1
completely,1
since,1
occupy,1
remainder,1
sees,1
combative,1
aggressive,1
lacked,1
action,1
primarily,1
revealed,1
donald,1
physician,1
author,1
historian,1
spiritualist,1
review,1
j,1
adams,1
creator,1
memories,1
pp,1
illustrations,1
boston,1
brown,1
co,1
ills,1
bodily,1
born,1
mental,1
forthright,1
takes,1
simple,1
pride,1
accomplish,1
does,1
boast,1
smile,1
scotch,1
rather,1
se,1
entries,1
credit,1
ledger,1
imagines,1
likable,1
emerges,1
per,1
existence,1
these,1
sides,1
resulted,1
ate,1
probably,1
explanation,1
analytical,1
complex,1
quality,1
naive,1
outlook,1
colonel,1
spite,1
dualism,1
fiction,1
vividly,1
arctic,1
theories,1
deal,1
evidence,1
fashion,1
worthy,1
hero,1
adding,1
ordinary,1
means,1
observant,1
solve,1
police,1
failed,1
burglary,1
near,1
village,1
could,1
frame,1
artificial,1
consciousness,1
endowed,1
watson,1
look,1
bo,1
spin,1
own,1
make,1
throw,1
really,1
lifelike,1
unless,1
possibilities,1
cruse,1
necessary,1
constable,1
seized,1
often,1
culprit,1
end,1
records,1
amazement,1
concern,1
expressed,1
addressing,1
brute,1
interrupted,1
course,1
accept,1
berth,1
hope,1
spent,1
seven,1
months,1
achievement,1
stratum,1
lower,1
obscured,1
further,1
nails,1
boots,1
true,1
ab,1
points,1
hi,1
regarded,1
higher,1
considers,1
because,1
danger,1
being,1
identified,1
asked,1
indian,1
stands,1
skillful,1
start,1
reached,1
em,1
her,1
booming,1
valves,1
veins,1
desk,1
wan,1
empty,1
personality,1
joseph,1
infirmary,1
developed,1
scientific,1
challenger,1
fictitious,1
peculiarities,1
prodigious,1
memory,1
squat,1
professor,1
rutherford,1
assyria,1
beard,1
enormous,1
h,1
chest,1
singular,1
fascinated,1
awed,1
endeavored,1
reproduce,1
very,1
expert,1
obviously,1
diagnosis,1
highland,1
regiment,1
k,1
om,1
officer,1
stationed,1
barbados,1
explain,1
respectful,1
mn,1
remove,1
do,1
learned,1
ion,1
authority,1
r,1
discharged,1
veil,1
ample,1
both,1
disease,1
fie,1
chose,1
clerk,1
capacity,1
opportunity,1
interview,1
observe,1
closely,1
use,1
observation,1
approached,1
holm,1
here,1
