term,count
of,64
the,64
and,43
to,33
is,28
a,25
i,22
that,21
her,18
s,17
in,17
their,12
with,12
which,11
john,10
are,10
his,9
it,8
an,8
sinclair,7
has,7
tile,6
all,6
life,6
each,5
one,5
may,5
into,5
he,5
derek,5
by,4
not,4
son,4
miss,4
martha,4
or,4
other,4
old,4
t,4
never,4
they,4
j,4
ill,3
had,3
yet,3
milly,3
made,3
she,3
been,3
girl,3
who,3
for,3
l,3
so,3
itself,3
y,2
on,2
those,2
shall,2
almost,2
fenwick,2
own,2
be,2
there,2
reverend,2
self,2
another,2
have,2
merely,2
very,2
moral,2
as,2
sense,2
after,2
them,2
village,2
lofty,2
himself,2
faith,2
church,2
novel,2
up,2
over,2
e,2
mi,2
might,2
any,2
end,2
ha,2
story,2
new,2
minister,2
truth,2
would,2
father,2
theme,2
rector,2
rev,2
family,2
humility,1
company,1
loveliness,1
cold,1
while,1
row,1
find,1
selfish,1
derives,1
being,1
control,1
defeated,1
if,1
fretful,1
baby,1
traditional,1
unruly,1
privilege,1
house,1
settlement,1
destiny,1
obvious,1
impatience,1
macmillan,1
slackness,1
use,1
hands,1
age,1
thrust,1
inexorably,1
live,1
can,1
compete,1
trying,1
my,1
no,1
start,1
re,1
you,1
pas,1
able,1
retort,1
fought,1
york,1
grandfather,1
uncle,1
dutiful,1
go,1
from,1
pp,1
waking,1
reliant,1
elf,1
economy,1
superb,1
h,1
union,1
evolving,1
charity,1
tedium,1
break,1
ever,1
uncomfortably,1
mother,1
making,1
women,1
erring,1
rescues,1
certain,1
sell,1
vintners,1
question,1
becomes,1
morning,1
delicious,1
thereby,1
world,1
read,1
learn,1
bad,1
perplexities,1
answer,1
children,1
two,1
devotion,1
mutual,1
sen,1
outside,1
impending,1
years,1
carry,1
mountains,1
move,1
works,1
whose,1
man,1
young,1
exalted,1
adventure,1
empty,1
hope,1
cherished,1
lie,1
infinitesimal,1
virtue,1
individual,1
novels,1
worn,1
time,1
forms,1
stock,1
vessels,1
pointed,1
literature,1
wine,1
demonstrated,1
did,1
triumph,1
part,1
told,1
easily,1
figures,1
tragic,1
realize,1
courage,1
futile,1
contribution,1
through,1
straining,1
organized,1
distinguished,1
most,1
ant,1
document,1
authentic,1
since,1
thrills,1
purchase,1
cheap,1
religion,1
younger,1
thorough,1
times,1
good,1
case,1
without,1
ca,1
tor,1
banal,1
often,1
impact,1
paradoxically,1
fine,1
joan,1
enriching,1
planned,1
set,1
standard,1
despair,1
comfort,1
scant,1
ministry,1
transformed,1
curate,1
friendly,1
reassurance,1
italy,1
tolerance,1
trip,1
was,1
youth,1
relinquished,1
ideas,1
reading,1
italian,1
day,1
some,1
returning,1
goodness,1
sort,1
immortally,1
follows,1
beggared,1
ti,1
pi,1
ly,1
king,1
beautiful,1
hideously,1
dependence,1
abject,1
everywhere,1
but,1
spiritual,1
left,1
nothing,1
british,1
priggish,1
coldly,1
example,1
kindness,1
loving,1
patience,1
genuine,1
will,1
wreck,1
ore,1
eye,1
although,1
relationship,1
len,1
fourth,1
appalled,1
gloried,1
provides,1
pt,1
major,1
studio,1
london,1
plumped,1
cl,1
ir,1
dowdy,1
indicating,1
w,1
excels,1
mis,1
exploitation,1
dimensioned,1
fully,1
characters,1
ed,1
parish,1
staked,1
fundamental,1
contempt,1
form,1
wit,1
nobility,1
con,1
hy,1
grandiose,1
subtle,1
however,1
pity,1
hint,1
out,1
carries,1
overtone,1
novelist,1
modern,1
ll,1
universal,1
o,1
frustration,1
r,1
hare,1
minor,1
caricatured,1
slightly,1
fare,1
x,1
lead,1
ire,1
inexhaustible,1
channing,1
prince,1
witted,1
keen,1
search,1
forth,1
fresh,1
intellect,1
confident,1
mart,1
thus,1
ideal,1
actual,1
between,1
incongruities,1
inevitable,1
its,1
strength,1
ways,1
finds,1
malicious,1
bore,1
insidious,1
adapted,1
admirably,1
tyranny,1
anti,1
quarrels,1
es,1
petty,1
name,1
genii,1
workers,1
ford,1
earnest,1
visitor,1
et,1
meetings,1
love,1
edifying,1
minimum,1
service,1
career,1
conducts,1
shaded,1
lovers,1
even,1
melodrama,1
virgin,1
m,1
doubts,1
lend,1
still,1
central,1
great,1
behalf,1
rather,1
d,1
courtship,1
dogmas,1
special,1
gentry,1
gossip,1
bickering,1
listening,1
gaffers,1
pleading,1
than,1
mrs,1
poor,1
sacrament,1
considered,1
little,1
above,1
heart,1
further,1
dental,1
idealistic,1
influence,1
mission,1
hill,1
near,1
speed,1
upper,1
vicarage,1
hi,1
congregation,1
devote,1
prepares,1
situation,1
casually,1
q,1
eloquent,1
general,1
optimism,1
robust,1
dainties,1
taking,1
at,1
wife,1
only,1
unit,1
episode,1
crawford,1
comedy,1
make,1
sympathy,1
comprehensive,1
viewpoint,1
ob,1
sneers,1
sweep,1
lends,1
materials,1
er,1
community,1
lave,1
lives,1
together,1
writer,1
lesser,1
bitterest,1
instance,1
marveling,1
spend,1
original,1
rex,1
marry,1
adores,1
curates,1
despises,1
pathos,1
recurring,1
throughout,1
mockery,1
quiet,1
dante,1
irony,1
bright,1
superficially,1
sister,1
stupid,1
suitor,1
clever,1
pleasing,1
mellow,1
wu,1
face,1
books,1
