term,count
the,39
of,27
and,20
to,18
a,13
is,12
in,12
which,9
it,8
his,8
not,8
edition,7
stevenson,7
for,6
that,6
have,6
be,5
an,5
as,5
there,4
one,4
we,4
had,4
biographical,4
on,4
was,4
quite,4
what,3
i,3
paper,3
more,3
would,3
than,3
prefaces,3
were,3
much,3
at,3
are,3
s,3
been,3
who,3
thistle,3
they,3
like,2
published,2
has,2
from,2
furnished,2
sense,2
though,2
volumes,2
find,2
work,2
actually,2
case,2
interesting,2
works,2
all,2
announcement,2
interest,2
public,2
moderate,2
telling,2
by,2
or,2
leather,2
limp,2
autobiography,2
worth,2
t,2
rather,2
new,2
own,2
very,2
nothing,2
desideratum,2
copy,2
remarkable,2
apprehensions,2
can,2
compass,1
everything,1
some,1
told,1
element,1
better,1
thought,1
indeed,1
when,1
distinctly,1
preferable,1
could,1
messrs,1
this,1
charles,1
library,1
supplied,1
add,1
prefixed,1
may,1
admirably,1
apart,1
sons,1
come,1
price,1
scribner,1
added,1
complete,1
monumental,1
but,1
less,1
superior,1
traveling,1
should,1
means,1
equip,1
thin,1
admits,1
pages,1
half,1
inch,1
thickness,1
bold,1
p,1
h,1
bet,1
cloth,1
o,1
e,1
buyer,1
does,1
n,1
spend,1
quarter,1
take,1
convenience,1
its,1
edinburgh,1
score,1
ag,1
lighter,1
hand,1
narrower,1
shelf,1
while,1
every,1
point,1
artistic,1
bookmaking,1
least,1
equal,1
scottish,1
definitive,1
course,1
portable,1
being,1
readily,1
imagine,1
possessor,1
larger,1
acquiring,1
smaller,1
tell,1
taste,1
brevity,1
heirs,1
private,1
letters,1
any,1
since,1
death,1
great,1
gratification,1
reading,1
benefit,1
looked,1
use,1
attempt,1
memory,1
fairly,1
yield,1
thackeray,1
daughter,1
contrived,1
produce,1
discreet,1
moreover,1
them,1
yet,1
fuller,1
shuddered,1
edited,1
widow,1
himself,1
reticent,1
secretive,1
person,1
no,1
author,1
form,1
convert,1
express,1
he,1
quick,1
see,1
literary,1
personal,1
experiences,1
make,1
salable,1
impeccable,1
seemed,1
their,1
survivors,1
with,1
mrs,1
several,1
reasonably,1
wish,1
omitted,1
considering,1
communicativeness,1
communications,1
missed,1
co,1
strictly,1
relevant,1
composition,1
books,1
respectively,1
usher,1
really,1
how,1
spite,1
operated,1
good,1
many,1
painful,1
same,1
guarantees,1
discretion,1
impeccability,1
filial,1
other,1
those,1
even,1
entertained,1
disclosures,1
groundless,1
character,1
now,1
nine,1
before,1
us,1
pleasure,1
say,1
turned,1
out,1
imperfect,1
