term,count
the,147
to,84
of,83
a,70
and,61
is,56
in,39
his,34
that,32
he,26
it,26
for,25
s,23
as,20
be,19
not,19
by,16
but,16
jonathan,15
i,15
or,15
an,14
housman,14
at,14
if,13
on,13
you,12
with,12
which,12
who,11
book,11
one,10
have,10
l,10
when,9
this,9
we,9
believe,9
him,9
are,9
so,8
can,8
mr,7
they,7
will,7
would,7
reader,6
laurence,6
has,6
himself,6
through,6
she,6
further,6
there,6
all,6
although,6
world,5
comes,5
into,5
satire,5
been,5
than,5
had,5
from,5
may,5
burlesque,5
whose,4
very,4
after,4
must,4
english,4
revelation,4
earth,4
no,4
rather,4
author,4
fact,4
what,4
here,4
however,4
either,4
might,4
up,4
say,4
political,4
true,4
early,3
only,3
likely,3
days,3
merely,3
far,3
years,3
some,3
come,3
lloyd,3
take,3
new,3
point,3
american,3
was,3
narrative,3
more,3
look,3
moment,3
becomes,3
time,3
those,3
free,3
head,3
identity,3
every,3
deity,3
heaven,3
mind,3
really,3
pages,3
unfortunately,3
over,3
out,3
god,3
often,3
giant,3
t,3
truth,3
any,3
prayers,2
many,2
ex,2
thin,2
jacket,2
th,2
remember,2
matters,2
form,2
cutting,2
necked,2
edge,2
bottle,2
readers,2
hero,2
hardly,2
politic,2
see,2
career,2
want,2
word,2
place,2
yourself,2
minds,2
interest,2
nothing,2
about,2
englishman,2
y,2
such,2
ms,2
long,2
limited,2
seen,2
industries,2
guess,2
native,2
british,2
do,2
enough,2
these,2
rubber,2
false,2
brother,2
guineas,2
g,2
per,2
good,2
cent,2
adventures,2
plot,2
make,2
polities,2
according,2
c,2
makes,2
none,2
wrote,2
behind,2
refuge,2
key,2
two,2
churches,2
quite,2
human,2
wife,2
war,2
earlier,2
under,2
nations,2
goes,2
show,2
much,2
name,2
fraction,2
es,2
story,2
e,2
p,2
r,2
self,2
way,2
halo,2
tribal,2
her,2
even,2
ha,2
now,2
did,2
o,2
n,2
publisher,2
drown,2
caroline,2
taken,2
too,2
force,2
names,2
de,2
tr,2
tour,2
better,2
aware,2
m,2
most,2
possessed,2
reviewer,2
yet,2
tile,2
sister,2
x,2
whether,2
having,2
art,2
man,2
whatever,1
preacher,1
retailed,1
succinctly,1
wishes,1
bible,1
zeal,1
lord,1
vulnerable,1
house,1
broke,1
evangelicals,1
philosophy,1
ry,1
live,1
cow,1
dream,1
gallery,1
ls,1
figure,1
corporeality,1
fold,1
ant,1
contemplating,1
steel,1
same,1
my,1
belief,1
path,1
eventually,1
simply,1
probably,1
important,1
rate,1
tory,1
parties,1
damascus,1
date,1
sophist,1
along,1
greek,1
starts,1
fear,1
later,1
trick,1
mole,1
credit,1
held,1
somewhat,1
groups,1
unimportant,1
perhaps,1
itself,1
best,1
confined,1
darts,1
sinai,1
flit,1
attack,1
always,1
avenger,1
humorous,1
felt,1
late,1
seem,1
period,1
acidity,1
fro,1
offer,1
despite,1
manner,1
chorus,1
compose,1
furies,1
small,1
crumples,1
rights,1
tenth,1
size,1
almost,1
reminding,1
seems,1
devoted,1
disappear,1
united,1
blade,1
space,1
apparently,1
reference,1
tipped,1
occupies,1
notwithstanding,1
moreover,1
tin,1
conference,1
throat,1
failure,1
dart,1
without,1
result,1
seemed,1
confronted,1
got,1
assumed,1
jockey,1
trained,1
dangerous,1
delicate,1
falling,1
horse,1
forgets,1
avails,1
second,1
older,1
kind,1
end,1
given,1
day,1
newer,1
doctrine,1
allegory,1
definition,1
schoolboy,1
reminder,1
loser,1
well,1
nevertheless,1
greater,1
before,1
prudently,1
cashed,1
investment,1
something,1
clew,1
high,1
finance,1
richer,1
nimble,1
clear,1
witted,1
find,1
holds,1
league,1
feat,1
spirit,1
bid,1
beside,1
swift,1
anatole,1
acid,1
wise,1
sledge,1
break,1
egg,1
ling,1
sureness,1
french,1
predecessor,1
concocts,1
bores,1
dos,1
bore,1
necessarily,1
scale,1
grand,1
acquired,1
hovering,1
responsive,1
call,1
its,1
worshipers,1
fail,1
work,1
turn,1
attempted,1
mad,1
tend,1
literally,1
string,1
lamppost,1
needless,1
gigantic,1
diminution,1
dog,1
else,1
involve,1
youthful,1
adventure,1
union,1
hypothetical,1
enlivening,1
enlightening,1
edifying,1
sermons,1
became,1
absolutely,1
heredity,1
guide,1
necessity,1
india,1
east,1
africa,1
tradition,1
sustain,1
churchman,1
politician,1
till,1
smile,1
glans,1
your,1
teeth,1
think,1
milestones,1
road,1
drop,1
travesty,1
easy,1
kettle,1
boiling,1
obvious,1
could,1
carry,1
pa,1
circumstances,1
schemes,1
wagging,1
wealth,1
nefarious,1
being,1
turned,1
church,1
organization,1
juncture,1
genius,1
rescue,1
awe,1
compelling,1
act,1
prestidigitation,1
enables,1
witness,1
announced,1
spectacle,1
tail,1
latter,1
income,1
driving,1
paying,1
founded,1
slave,1
trade,1
ivory,1
runs,1
choice,1
involved,1
thirty,1
rim,1
proves,1
subsidiary,1
reprehensible,1
congo,1
consolidation,1
company,1
discovered,1
boy,1
presence,1
tries,1
reading,1
ca,1
satires,1
past,1
ate,1
ii,1
least,1
precedent,1
mask,1
famous,1
private,1
letters,1
charles,1
means,1
publicity,1
offered,1
back,1
advance,1
product,1
apparent,1
concluded,1
struggle,1
tire,1
observation,1
made,1
guise,1
except,1
inferences,1
indirectly,1
started,1
gathers,1
religion,1
business,1
government,1
publishing,1
albert,1
york,1
like,1
prefer,1
catch,1
shut,1
room,1
alone,1
watch,1
reaction,1
keyhole,1
imagine,1
laughing,1
ten,1
fits,1
sprightly,1
experiment,1
eyes,1
fun,1
adopted,1
liked,1
pp,1
miguel,1
comment,1
risky,1
frankly,1
chronicled,1
ass,1
popular,1
task,1
method,1
hinting,1
hoc,1
publishers,1
guessing,1
our,1
selves,1
secure,1
clue,1
devote,1
bears,1
ed,1
millions,1
truly,1
persons,1
inhabit,1
editorial,1
foreword,1
daily,1
employer,1
lower,1
rung,1
occupied,1
deities,1
gentleman,1
honor,1
letter,1
capital,1
indicate,1
does,1
copy,1
august,1
approach,1
eternity,1
penetrate,1
broached,1
essayed,1
cognomen,1
serves,1
appear,1
memory,1
amanuensis,1
sure,1
hitherto,1
permitted,1
title,1
allowing,1
scoured,1
universe,1
hell,1
manes,1
mater,1
air,1
totem,1
reputation,1
responsible,1
authors,1
allows,1
become,1
shadowy,1
proceeds,1
hence,1
ample,1
while,1
piety,1
lr,1
thai,1
cod,1
ba,1
believes,1
allowed,1
whole,1
thing,1
deceived,1
waters,1
other,1
strictly,1
speaking,1
matter,1
neither,1
nor,1
main,1
re,1
uncle,1
fight,1
folio,1
sketchy,1
fashion,1
que,1
pictured,1
children,1
preceded,1
george,1
d,1
conscience,1
alter,1
ego,1
stands,1
evidence,1
favor,1
almighty,1
vs,1
laughter,1
convinced,1
spa,1
few,1
minutes,1
pictures,1
stored,1
grant,1
process,1
inclined,1
cell,1
optics,1
series,1
opt,1
eal,1
delusions,1
ned,1
former,1
until,1
io,1
part,1
tempered,1
stupid,1
talk,1
comely,1
boyhood,1
pushing,1
off,1
bridge,1
pro,1
reason,1
water,1
unknown,1
foot,1
deep,1
youth,1
equable,1
ale,1
pink,1
aid,1
reached,1
expedition,1
neigh,1
interpreted,1
land,1
efforts,1
gains,1
edges,1
england,1
whom,1
takes,1
unto,1
large,1
creamy,1
attain,1
coot,1
slower,1
satirizes,1
unnamed,1
epithet,1
gone,1
step,1
said,1
also,1
non,1
tel,1
liable,1
difficulty,1
average,1
americans,1
avidity,1
cal,1
biography,1
fatuous,1
people,1
nd,1
theologians,1
bristling,1
pungent,1
example,1
full,1
mistakes,1
governed,1
again,1
mortals,1
celebrity,1
ewes,1
dictum,1
applicable,1
gods,1
v,1
otherwise,1
subject,1
consistency,1
expected,1
following,1
quotation,1
likewise,1
each,1
never,1
giants,1
wrong,1
h,1
knew,1
were,1
sacred,1
essence,1
mysterious,1
course,1
sort,1
relative,1
principle,1
governing,1
life,1
should,1
jan,1
unless,1
fairly,1
ell,1
acquainted,1
implication,1
us,1
application,1
receive,1
continuous,1
en,1
lakes,1
type,1
frequently,1
