term,count
the,154
of,111
in,69
to,59
a,36
t,26
i,25
that,25
and,21
by,21
r,20
it,19
l,18
artillery,17
was,16
he,16
not,15
n,15
s,15
at,14
which,13
c,13
french,13
infantry,13
have,12
f,12
war,11
y,11
as,10
w,10
this,10
th,10
is,10
had,10
m,9
they,8
for,8
d,7
gun,7
h,7
were,7
battles,7
general,7
our,7
on,6
them,6
military,6
we,6
machine,6
from,6
e,6
when,6
be,6
order,6
out,5
over,5
would,5
with,5
guns,5
but,5
heavy,5
u,5
v,5
archer,5
still,5
his,5
been,5
us,5
ti,4
all,4
him,4
one,4
warfare,4
cannon,4
only,4
some,4
most,4
offensives,4
tl,4
et,4
fire,4
light,3
sent,3
after,3
its,3
sort,3
if,3
such,3
up,3
front,3
their,3
led,3
any,3
belief,3
way,3
far,3
battle,3
even,3
also,3
cost,3
what,3
ten,3
than,3
found,3
each,3
k,3
ts,3
during,3
tire,3
queen,3
began,3
into,3
more,3
moment,2
ur,2
hut,2
two,2
arms,2
attack,2
no,2
every,2
days,2
under,2
firing,2
prom,2
troops,2
francs,2
another,2
mowed,2
other,2
needed,2
alt,2
new,2
could,2
ly,2
paris,2
tho,2
soldier,2
officers,2
indeed,2
these,2
who,2
es,2
o,2
colossal,2
hate,2
haw,2
b,2
ii,2
tuns,2
tn,2
scale,2
rn,2
ht,2
five,2
upon,2
my,2
day,2
ne,2
dead,2
how,2
first,2
destruction,2
second,2
failure,2
gains,2
among,2
re,2
writes,2
idea,2
statement,2
german,2
rest,2
attacks,2
did,2
since,2
especially,2
wishes,2
themselves,2
further,2
cabinet,2
suffered,2
losses,2
support,2
lose,2
carried,2
ni,2
accomplish,2
tr,2
certain,2
weapon,2
action,2
those,2
must,2
hr,2
germans,2
shots,2
artillerymen,2
several,2
necessary,2
enemy,2
trench,2
says,2
an,2
put,2
off,2
dug,1
luck,1
lay,1
fact,1
last,1
ed,1
ex,1
latch,1
shell,1
exact,1
reasonably,1
little,1
bern,1
parks,1
providential,1
beat,1
par,1
shells,1
craters,1
dropped,1
adv,1
before,1
crater,1
main,1
head,1
toxin,1
cher,1
occupy,1
million,1
april,1
line,1
destroy,1
thousand,1
time,1
lo,1
never,1
follows,1
knew,1
decision,1
accomplishment,1
heat,1
prepared,1
though,1
important,1
considering,1
futility,1
sustain,1
terrible,1
terrain,1
yielded,1
heaviest,1
addition,1
se,1
nut,1
rate,1
year,1
where,1
rance,1
willingly,1
forgot,1
stool,1
entire,1
projectiles,1
ry,1
ca,1
projectile,1
kite,1
billion,1
destroyed,1
kith,1
arisen,1
aid,1
lam,1
ls,1
precision,1
kn,1
run,1
mac,1
matters,1
armistice,1
thanks,1
instructions,1
inert,1
hill,1
poss,1
might,1
leer,1
telephone,1
ar,1
en,1
presence,1
fin,1
fore,1
ibis,1
sf,1
remarks,1
vt,1
mady,1
adoption,1
hom,1
favor,1
os,1
say,1
clemenceau,1
information,1
follow,1
immediate,1
thu,1
ordered,1
ling,1
alter,1
hts,1
take,1
buns,1
hod,1
threatened,1
engineer,1
technical,1
demanded,1
ready,1
construction,1
orders,1
ave,1
government,1
situation,1
instead,1
seriousness,1
owing,1
fostered,1
want,1
few,1
cut,1
price,1
almost,1
surprise,1
caused,1
suddenness,1
st,1
acre,1
launched,1
san,1
chief,1
minister,1
var,1
immediately,1
school,1
means,1
lit,1
spite,1
declares,1
met,1
superiority,1
schooled,1
strongly,1
principal,1
introduction,1
start,1
invented,1
called,1
so,1
blast,1
full,1
while,1
hundred,1
crews,1
effort,1
largely,1
france,1
genet,1
kind,1
henry,1
terms,1
monotonously,1
chiefs,1
deplored,1
prepare,1
yeas,1
checks,1
theories,1
upheld,1
tooth,1
va,1
ho,1
fault,1
ha,1
her,1
arv,1
trying,1
merrier,1
recalls,1
waxes,1
precious,1
disobey,1
nail,1
fought,1
against,1
secondary,1
position,1
relegated,1
half,1
definitely,1
adopted,1
obeyed,1
using,1
or,1
three,1
suggested,1
method,1
subordination,1
despite,1
show,1
contrast,1
nun,1
miles,1
conception,1
clear,1
get,1
directing,1
rear,1
po,1
down,1
erma,1
capture,1
regiments,1
set,1
task,1
lief,1
ir,1
liaison,1
defective,1
again,1
ova,1
hand,1
infantrymen,1
killing,1
wholesale,1
notably,1
arm,1
ambitious,1
responsible,1
experts,1
bar,1
death,1
influence,1
free,1
forces,1
lives,1
soldiery,1
co,1
smaller,1
inferiority,1
lion,1
inc,1
correct,1
rd,1
apt,1
cite,1
lon,1
superior,1
large,1
ford,1
launches,1
hen,1
te,1
massacred,1
trot,1
true,1
toy,1
matter,1
are,1
objected,1
killed,1
total,1
art,1
scar,1
values,1
faith,1
ere,1
spell,1
go,1
pat,1
dru,1
morn,1
ta,1
human,1
mere,1
am,1
mg,1
rig,1
x,1
background,1
relative,1
deeper,1
ever,1
individual,1
push,1
engines,1
conducted,1
fighting,1
world,1
then,1
told,1
used,1
review,1
backbone,1
fascinated,1
tales,1
pt,1
positions,1
astray,1
beer,1
authorities,1
occurred,1
net,1
rim,1
recording,1
awful,1
part,1
attributes,1
ink,1
ail,1
ax,1
old,1
err,1
thing,1
pushes,1
along,1
comes,1
nov,1
nd,1
mast,1
deepest,1
g,1
wire,1
barb,1
cf,1
writ,1
too,1
violent,1
tum,1
fallacy,1
rang,1
try,1
others,1
clays,1
much,1
angry,1
store,1
early,1
tray,1
mr,1
fatal,1
dr,1
dim,1
based,1
cites,1
carries,1
subordinate,1
stead,1
enthrone,1
dethrone,1
hat,1
fully,1
tc,1
pains,1
takes,1
constantly,1
anti,1
cd,1
holds,1
often,1
supplied,1
preparation,1
minimum,1
contentions,1
points,1
spring,1
great,1
conflict,1
phases,1
later,1
armies,1
became,1
numbers,1
unprecedented,1
saga,1
place,1
suited,1
hence,1
about,1
plentiful,1
give,1
efficiency,1
maximum,1
solution,1
operations,1
conduct,1
proper,1
according,1
fare,1
midst,1
name,1
mouths,1
j,1
should,1
men,1
made,1
rue,1
however,1
bloodshed,1
saved,1
month,1
sis,1
forty,1
period,1
prolongation,1
usher,1
july,1
argument,1
repulse,1
army,1
through,1
country,1
spread,1
rushed,1
animating,1
enthusiasm,1
li,1
pm,1
fords,1
moral,1
ix,1
lost,1
bloody,1
open,1
field,1
americans,1
arrival,1
await,1
enabled,1
prolonging,1
saying,1
consolation,1
finally,1
rile,1
preponderant,1
played,1
movement,1
resumption,1
increase,1
due,1
victory,1
final,1
yet,1
need,1
whir,1
manufacture,1
enable,1
thought,1
congratulated,1
end,1
consoled,1
august,1
committee,1
