term,count
the,155
of,82
a,68
and,66
to,50
in,42
that,35
it,34
is,29
as,28
his,25
he,24
has,22
for,18
not,16
moore,16
george,15
s,15
which,14
brook,13
one,13
with,13
would,12
but,12
be,12
on,11
have,11
had,11
she,11
there,10
we,10
at,10
was,10
out,9
ruth,8
irish,8
an,8
him,8
are,8
its,8
her,8
i,8
or,8
who,8
style,7
been,7
narrative,7
from,7
so,7
upon,6
f,6
might,6
life,6
book,6
us,6
said,6
story,6
waters,6
t,5
books,5
this,5
if,5
certain,5
paul,5
see,5
me,5
o,5
departure,5
words,5
once,5
then,5
can,5
made,5
n,4
answered,4
up,4
think,4
did,4
re,4
more,4
young,4
you,4
showed,4
came,4
great,4
am,4
character,4
distinctively,4
e,4
no,4
what,4
saying,4
rachel,4
esther,4
do,4
when,4
table,4
gregory,4
legends,4
man,4
them,4
gospel,4
other,4
modern,3
much,3
thought,3
created,3
only,3
turn,3
writer,3
told,3
may,3
speech,3
people,3
land,3
holy,3
true,3
some,3
lady,3
cities,3
based,3
another,3
wedding,3
return,3
into,3
went,3
discovery,3
your,3
r,3
ireland,3
all,3
come,3
place,3
never,3
movement,3
between,3
single,3
asked,3
end,3
new,3
by,3
could,3
feast,3
characters,3
any,3
joseph,3
now,3
farewell,3
nd,3
comes,3
seemed,3
passage,2
appear,2
know,2
why,2
still,2
like,2
joy,2
sorrow,2
face,2
little,2
their,2
give,2
read,2
chosen,2
turned,2
fails,2
choose,2
present,2
writing,2
without,2
bridegroom,2
monotony,2
x,2
actually,2
nor,2
way,2
period,2
beauty,2
gives,2
close,2
figures,2
because,2
w,2
same,2
lover,2
yeats,2
heard,2
landscape,2
go,2
thousand,2
except,2
whose,2
iv,2
say,2
replied,2
arms,2
written,2
ha,2
h,2
reader,2
were,2
such,2
well,2
spoken,2
hail,2
than,2
something,2
th,2
lake,2
field,2
indeed,2
taken,2
prophets,2
syrian,2
memorable,2
make,2
note,2
wonder,2
work,2
wrapper,2
after,2
even,2
few,2
revelation,2
introduction,2
too,2
title,2
christ,2
early,2
about,2
anything,2
given,2
vital,2
remarkable,2
achievement,2
interest,1
crew,1
protestantism,1
arm,1
white,1
called,1
before,1
owes,1
laboring,1
workers,1
jest,1
laughter,1
across,1
cups,1
flowed,1
lying,1
hr,1
abe,1
flare,1
ill,1
later,1
bible,1
inc,1
oils,1
learn,1
intimate,1
back,1
leaning,1
touches,1
anti,1
vale,1
soon,1
lit,1
while,1
corns,1
shall,1
published,1
language,1
details,1
hour,1
evil,1
l,1
where,1
norm,1
fill,1
telling,1
fore,1
actual,1
laughing,1
happier,1
seemingly,1
p,1
cadences,1
behind,1
each,1
sat,1
twain,1
every,1
herself,1
abundance,1
lid,1
pleaded,1
yesterday,1
knox,1
belonged,1
jew,1
drew,1
watch,1
brother,1
beloved,1
donning,1
sister,1
latest,1
listen,1
sword,1
jarring,1
martial,1
concord,1
pass,1
raiment,1
pleasure,1
wooed,1
silt,1
beautiful,1
rt,1
thou,1
thee,1
ardor,1
revolt,1
flower,1
extraordinary,1
unusual,1
wondered,1
background,1
ever,1
perspective,1
last,1
offering,1
down,1
sun,1
started,1
glow,1
purple,1
bathed,1
abutting,1
loyalty,1
persistence,1
cliffs,1
high,1
towers,1
news,1
domes,1
patches,1
hasty,1
bit,1
groups,1
bare,1
apostle,1
ms,1
eel,1
author,1
jewish,1
capitals,1
himself,1
bound,1
scenario,1
fervor,1
religious,1
meditation,1
atmosphere,1
play,1
agnostic,1
smile,1
remained,1
challengers,1
tat,1
how,1
smiled,1
friends,1
v,1
chief,1
jesus,1
ago,1
dublin,1
cookery,1
hastiness,1
dominates,1
devitalized,1
however,1
insisted,1
minor,1
tore,1
exception,1
previous,1
bethink,1
view,1
beach,1
labeled,1
leave,1
moonlight,1
ruin,1
thus,1
fixture,1
introduced,1
always,1
pestle,1
painter,1
account,1
gilbert,1
take,1
many,1
presentation,1
pleasantly,1
named,1
surprisingly,1
understand,1
bo,1
entered,1
archaic,1
features,1
novel,1
spent,1
historical,1
half,1
country,1
belongs,1
time,1
fable,1
impression,1
need,1
discuss,1
ll,1
dan,1
neither,1
insistently,1
absent,1
death,1
name,1
mid,1
mr,1
wish,1
trained,1
beyond,1
they,1
endowment,1
gesticulation,1
power,1
pilate,1
judas,1
peter,1
endowed,1
personality,1
satisfied,1
convincing,1
expect,1
days,1
picture,1
vivid,1
produced,1
grouping,1
sense,1
fine,1
these,1
old,1
probably,1
centuries,1
currency,1
scope,1
competent,1
poems,1
although,1
prose,1
hyde,1
douglas,1
fished,1
nothing,1
men,1
mad,1
gods,1
lad,1
stories,1
initiator,1
absolutely,1
being,1
credit,1
georg,1
dramatic,1
abbey,1
playwrights,1
j,1
brings,1
seem,1
certainly,1
again,1
hold,1
create,1
astound,1
gin,1
daring,1
builds,1
palpable,1
logy,1
tr,1
permitted,1
resulted,1
important,1
none,1
succession,1
novels,1
permanent,1
transcended,1
naturalistic,1
english,1
success,1
credential,1
novelists,1
safely,1
company,1
macmillan,1
york,1
fiction,1
realistic,1
basis,1
form,1
christian,1
astonishing,1
mixture,1
confession,1
done,1
c,1
cross,1
die,1
tie,1
staring,1
find,1
eagerly,1
vet,1
mark,1
will,1
show,1
heretofore,1
cave,1
thai,1
theme,1
dissimilarity,1
surprising,1
itself,1
passing,1
capable,1
genius,1
halt,1
compares,1
tad,1
translations,1
collection,1
against,1
coming,1
able,1
hither,1
brought,1
good,1
took,1
trouble,1
relieve,1
gotten,1
bur,1
loved,1
dearly,1
blanching,1
solve,1
longer,1
bear,1
unable,1
length,1
till,1
alternatively,1
favor,1
lie,1
get,1
uncertain,1
long,1
hearts,1
decide,1
strength,1
love,1
desire,1
openly,1
q,1
laid,1
spell,1
speak,1
brood,1
began,1
else,1
gone,1
id,1
ti,1
away,1
loss,1
tell,1
behooves,1
friend,1
my,1
self,1
ira,1
gladness,1
divided,1
pale,1
grew,1
cheek,1
girl,1
having,1
both,1
rivals,1
fair,1
hundred,1
kept,1
hardly,1
fifty,1
monotonous,1
become,1
tends,1
reason,1
suspense,1
lacks,1
balance,1
danger,1
sty,1
hillsides,1
circle,1
continually,1
talk,1
bad,1
la,1
follows,1
sh,1
ir,1
uses,1
hint,1
songs,1
twenty,1
produces,1
effect,1
clear,1
girls,1
two,1
village,1
perfection,1
hews,1
here,1
sake,1
own,1
pa,1
liquid,1
balanced,1
effort,1
bog,1
composed,1
sentences,1
lure,1
delight,1
continual,1
must,1
source,1
whatever,1
glory,1
oil,1
allen,1
g,1
