term,count
the,30
of,16
a,14
is,11
he,9
and,9
in,8
i,7
him,6
his,5
mr,5
life,4
s,4
on,4
there,4
that,4
to,4
from,4
an,3
one,3
book,3
character,3
leader,3
has,3
at,3
but,2
with,2
back,2
man,2
ad,2
people,2
secret,2
which,2
for,2
labor,2
duchess,2
eve,2
idea,2
widow,2
are,2
political,2
as,2
phillips,2
by,2
e,2
balfour,2
lost,2
doe,1
forever,1
circumstances,1
mercifully,1
eventuate,1
deliver,1
her,1
keep,1
hie,1
other,1
however,1
hid,1
characters,1
ultimately,1
mot,1
weak,1
career,1
not,1
married,1
ts,1
wins,1
over,1
was,1
woman,1
eels,1
she,1
encourages,1
bone,1
anal,1
lives,1
under,1
up,1
flesh,1
taking,1
tween,1
far,1
n,1
go,1
though,1
happily,1
tile,1
mrs,1
chamber,1
nothing,1
argument,1
this,1
anywhere,1
author,1
knows,1
convincing,1
conceived,1
official,1
well,1
better,1
know,1
do,1
some,1
rather,1
things,1
leas,1
person,1
hook,1
lain,1
sympathizes,1
hero,1
hat,1
prime,1
appear,1
end,1
done,1
member,1
sta,1
having,1
deep,1
purpose,1
study,1
way,1
le,1
r,1
or,1
it,1
probable,1
himself,1
thing,1
best,1
death,1
co,1
t,1
m,1
men,1
both,1
selfish,1
patriotic,1
seek,1
devious,1
machinations,1
drag,1
they,1
becomes,1
workingman,1
most,1
popular,1
figures,1
acclaimed,1
everywhere,1
friend,1
night,1
shabby,1
half,1
great,1
while,1
retirement,1
found,1
possibly,1
suggested,1
love,1
statecraft,1
fiction,1
changed,1
manner,1
considerably,1
latest,1
somewhat,1
ambitious,1
attempt,1
realistic,1
romance,1
english,1
dimly,1
am,1
adumbration,1
story,1
mad,1
waylays,1
bf,1
l,1
much,1
sir,1
actually,1
three,1
years,1
ago,1
going,1
novel,1
protective,1
presently,1
street,1
est,1
now,1
early,1
manhood,1
accidentally,1
killed,1
whose,1
saved,1
prosecution,1
investigation,1
opinion,1
suspense,1
announces,1
makes,1
promise,1
cities,1
provinces,1
behold,1
poverty,1
into,1
england,1
fiscal,1
had,1
its,1
goes,1
etruria,1
comes,1
convinced,1
can,1
no,1
longer,1
free,1
reality,1
