term,count
the,42
of,25
and,20
in,14
a,10
it,7
for,6
to,5
that,5
textile,5
walton,4
q,4
is,4
fir,3
who,3
those,3
part,3
which,3
by,3
industry,3
his,3
their,2
ha,2
h,2
with,2
country,2
reviews,2
m,2
l,2
he,2
o,2
made,2
development,2
but,2
other,2
i,2
cloth,2
mill,2
book,2
brief,2
are,2
history,2
textiles,2
end,1
er,1
ex,1
my,1
while,1
pal,1
nation,1
time,1
account,1
ly,1
character,1
hand,1
finished,1
universally,1
gait,1
sources,1
influence,1
woolen,1
furnished,1
study,1
large,1
first,1
ton,1
con,1
us,1
far,1
as,1
mark,1
trade,1
cotton,1
upon,1
its,1
narrative,1
reached,1
g,1
c,1
middle,1
pioneer,1
formed,1
names,1
locality,1
ant,1
each,1
century,1
say,1
important,1
on,1
var,1
until,1
extent,1
through,1
zr,1
day,1
t,1
importance,1
tot,1
keenly,1
paid,1
ted,1
washington,1
vat,1
manufactured,1
foreign,1
mistaken,1
new,1
at,1
tory,1
s,1
interested,1
either,1
making,1
or,1
distributing,1
mr,1
historically,1
primarily,1
comprehensive,1
graphic,1
enough,1
make,1
relay,1
attention,1
specially,1
written,1
also,1
mankind,1
story,1
birds,1
eye,1
view,1
beginning,1
growth,1
clothed,1
company,1
perry,1
illustrated,1
pp,1
boston,1
advertising,1
printing,1
care,1
social,1
interesting,1
th,1
dote,1
chapter,1
two,1
chapters,1
then,1
england,1
atlantic,1
silk,1
denote,1
half,1
volume,1
be,1
revolution,1
furnish,1
from,1
wool,1
economic,1
earing,1
developments,1
this,1
n,1
primitive,1
efforts,1
al,1
different,1
linen,1
world,1
after,1
de,1
take,1
up,1
flax,1
goes,1
