term,count
of,35
the,20
and,12
in,7
for,6
he,6
s,5
that,4
have,4
a,4
l,3
q,3
about,3
t,3
tile,3
but,3
been,3
is,3
at,3
writes,3
one,2
may,2
be,2
some,2
i,2
mind,2
father,2
next,2
or,2
m,2
it,2
essays,2
does,2
more,2
to,2
all,2
number,2
other,2
book,2
marvin,2
papers,2
author,2
mass,1
while,1
orderly,1
clean,1
contempt,1
saint,1
exalt,1
riddles,1
calm,1
frightful,1
possible,1
ira,1
would,1
subject,1
say,1
find,1
meant,1
pigsty,1
actual,1
being,1
ii,1
tad,1
accuse,1
riot,1
hero,1
things,1
interest,1
home,1
death,1
which,1
view,1
success,1
ice,1
art,1
poets,1
american,1
religious,1
forgotten,1
precious,1
culture,1
catholicity,1
three,1
dante,1
tale,1
sta,1
their,1
retells,1
francesca,1
paolo,1
also,1
o,1
fright,1
clear,1
mr,1
priest,1
spiritual,1
leper,1
found,1
declares,1
atmosphere,1
tragic,1
literary,1
mankind,1
times,1
little,1
no,1
relation,1
each,1
composed,1
odd,1
them,1
with,1
adds,1
already,1
published,1
idea,1
how,1
really,1
writings,1
various,1
confesses,1
rowland,1
frederic,1
pen,1
from,1
miscellaneous,1
large,1
into,1
collected,1
there,1
putnam,1
books,1
companionship,1
title,1
under,1
ire,1
gathered,1
when,1
sylvia,1
damien,1
finding,1
wonder,1
full,1
h,1
tomb,1
th,1
persian,1
others,1
nd,1
enthusiasts,1
brook,1
john,1
x,1
castles,1
you,1
air,1
builders,1
modern,1
tilt,1
hyde,1
charles,1
dr,1
rev,1
letter,1
brutal,1
his,1
stevenson,1
reproaches,1
rn,1
idle,1
