term,count
the,70
of,45
in,26
to,25
a,17
and,16
that,10
is,8
one,7
with,7
some,6
from,6
it,6
be,6
not,6
o,5
his,5
british,5
on,5
for,5
century,5
was,5
have,5
can,4
who,4
at,4
m,4
are,4
england,4
this,4
their,4
history,4
work,3
you,3
today,3
only,3
notes,3
political,3
europe,3
write,3
states,3
without,3
or,3
given,3
will,3
most,3
united,3
there,3
continent,3
so,3
jog,3
as,3
waterloo,3
du,3
world,3
de,2
much,2
law,2
attempts,2
suicide,2
books,2
partiality,2
an,2
out,2
if,2
after,2
yet,2
concerning,2
read,2
less,2
seems,2
public,2
we,2
were,2
isolation,2
historians,2
when,2
about,2
among,2
own,2
they,2
he,2
professor,2
la,2
points,2
tendency,2
conditions,2
him,2
revolution,2
by,2
first,2
feeling,2
these,2
how,2
nebulae,2
volume,2
nation,2
beginning,2
canning,2
gallop,1
keep,1
lively,1
trust,1
misery,1
trot,1
here,1
poor,1
lack,1
strikes,1
currency,1
employment,1
carry,1
similarity,1
along,1
striking,1
assisted,1
explanations,1
stay,1
pro,1
admit,1
mutual,1
arrangements,1
radical,1
reformer,1
liberal,1
exotic,1
way,1
forward,1
citizens,1
enlivened,1
paper,1
policy,1
famous,1
still,1
thrall,1
fears,1
indeed,1
period,1
european,1
rb,1
merely,1
charles,1
should,1
spanish,1
social,1
many,1
similar,1
confronting,1
things,1
absorb,1
us,1
now,1
war,1
footnotes,1
agrarian,1
troubles,1
debts,1
state,1
expounder,1
descent,1
term,1
position,1
ales,1
accommodate,1
moment,1
disraeli,1
main,1
wellington,1
s,1
early,1
writes,1
novel,1
cuba,1
occupy,1
credits,1
would,1
fear,1
matter,1
founding,1
simple,1
national,1
desire,1
her,1
democrats,1
steps,1
dictate,1
powers,1
fault,1
through,1
all,1
statesmen,1
carefully,1
placed,1
shall,1
considered,1
america,1
wish,1
vivian,1
very,1
grey,1
w,1
those,1
no,1
monroe,1
according,1
disease,1
unrest,1
tor,1
britons,1
glorious,1
wave,1
curious,1
perhaps,1
sleep,1
gone,1
nowadays,1
last,1
quarter,1
topic,1
live,1
bourbons,1
oust,1
wanted,1
like,1
departed,1
deeds,1
contempt,1
english,1
called,1
says,1
eighteenth,1
gallery,1
irish,1
mark,1
violence,1
names,1
crimes,1
number,1
impartiality,1
peel,1
finished,1
grand,1
robert,1
ireland,1
our,1
accuracy,1
ago,1
rush,1
breathless,1
view,1
index,1
copious,1
rounded,1
question,1
volumes,1
large,1
eight,1
six,1
reach,1
rate,1
made,1
complacency,1
shock,1
closes,1
fiction,1
ephemeral,1
press,1
chapter,1
twofold,1
before,1
difficulty,1
equipped,1
well,1
conscientious,1
realizing,1
himself,1
imposing,1
set,1
has,1
task,1
pursuit,1
faithful,1
steady,1
quiet,1
reached,1
years,1
but,1
ten,1
entire,1
inform,1
wells,1
g,1
h,1
gallant,1
such,1
acquainted,1
pp,1
royal,1
paris,1
bill,1
reform,1
ii,1
elie,1
par,1
au,1
earth,1
physical,1
mental,1
des,1
published,1
people,1
nineteenth,1
starting,1
tackles,1
elle,1
sciences,1
ecole,1
modern,1
conduct,1
patient,1
scrupulous,1
askance,1
look,1
may,1
times,1
either,1
save,1
themselves,1
bred,1
folk,1
account,1
sympathetic,1
just,1
animus,1
competent,1
thoroughly,1
foreigner,1
duty,1
comes,1
mistakes,1
slur,1
guard,1
kept,1
always,1
americans,1
say,1
i,1
show,1
qualifications,1
knew,1
enchanters,1
two,1
pyrotechnics,1
writings,1
into,1
infuse,1
wen,1
carlyle,1
far,1
france,1
which,1
traits,1
popular,1
lacks,1
confessed,1
must,1
nor,1
degree,1
faults,1
others,1
ont,1
saxon,1
historian,1
prussian,1
reading,1
squalid,1
what,1
country,1
uncritical,1
toward,1
unfair,1
become,1
pay,1
vendetta,1
grievance,1
patriotism,1
prussians,1
eulogies,1
same,1
foolishness,1
shown,1
better,1
really,1
von,1
exuberant,1
literary,1
more,1
fed,1
wretched,1
young,1
germans,1
misinforming,1
crime,1
added,1
style,1
german,1
kay,1
