term,count
the,86
of,58
to,41
in,29
and,27
a,24
that,22
her,20
i,20
is,16
which,12
at,12
it,11
t,10
as,9
was,9
for,9
my,8
s,8
by,8
all,8
with,7
on,7
have,7
but,6
me,6
one,6
he,6
from,6
she,5
so,5
are,5
l,5
there,5
were,5
not,5
time,5
old,5
be,5
more,4
own,4
should,4
we,4
th,4
life,4
very,4
original,4
you,4
order,3
talent,3
things,3
tile,3
did,3
they,3
has,3
while,3
art,3
career,3
same,3
volume,3
or,3
their,3
never,3
dancing,3
into,3
this,3
stage,3
ballet,3
through,3
first,3
english,3
no,3
mr,3
o,3
york,3
out,3
tn,2
portrait,2
longed,2
when,2
nothing,2
do,2
el,2
interest,2
society,2
pain,2
meant,2
charm,2
physical,2
technique,2
poor,2
day,2
re,2
butterfly,2
q,2
remember,2
doing,2
like,2
soon,2
tl,2
endless,2
depths,2
already,2
date,2
u,2
innovations,2
mother,2
yet,2
nor,2
step,2
new,2
those,2
much,2
off,2
may,2
realizing,2
indeed,2
f,2
r,2
forest,2
made,2
them,2
us,2
x,2
pages,2
lovers,2
anna,2
ideal,2
long,2
recollections,2
page,2
e,2
great,2
c,2
point,2
french,2
dances,2
classical,2
ill,2
herself,2
how,2
dance,2
come,2
been,1
brief,1
per,1
had,1
morn,1
says,1
public,1
delights,1
taste,1
once,1
wrong,1
capital,1
found,1
acknowledged,1
muscovites,1
way,1
characteristic,1
feeling,1
child,1
northern,1
who,1
urbane,1
imperial,1
over,1
hails,1
fir,1
trees,1
thought,1
h,1
enabled,1
flits,1
moscow,1
greatest,1
suggested,1
elements,1
attention,1
various,1
teaching,1
only,1
tuition,1
altogether,1
individual,1
vise,1
accordance,1
impulses,1
fashion,1
bur,1
after,1
full,1
transformed,1
alter,1
io,1
paid,1
got,1
what,1
otherwise,1
insisting,1
justified,1
away,1
hardly,1
your,1
ti,1
ia,1
italian,1
course,1
lesson,1
ballerina,1
during,1
signora,1
say,1
russian,1
used,1
right,1
school,1
reselling,1
praised,1
par,1
choreography,1
well,1
cubism,1
bat,1
considering,1
costs,1
up,1
modernity,1
infatuated,1
precisely,1
triumphant,1
excellence,1
ha,1
fact,1
pa,1
hat,1
conclusion,1
interpreter,1
naturally,1
ea,1
might,1
period,1
style,1
whichever,1
drama,1
pantomimic,1
become,1
moment,1
whose,1
hart,1
past,1
file,1
tirol,1
shine,1
materials,1
ye,1
sate,1
hanging,1
eternally,1
fire,1
form,1
something,1
said,1
feel,1
introduce,1
yon,1
reforms,1
modernist,1
ultra,1
welcomed,1
believer,1
let,1
refreshed,1
parades,1
such,1
weary,1
chiefly,1
reformer,1
plastic,1
scent,1
tragedy,1
bride,1
his,1
king,1
until,1
expression,1
dramatic,1
judge,1
opportunity,1
an,1
hut,1
fisherman,1
temperament,1
then,1
artistic,1
igor,1
second,1
attitudes,1
languid,1
alive,1
part,1
variations,1
oriental,1
interpretation,1
comprehension,1
gilts,1
begins,1
truly,1
trot,1
wise,1
routine,1
threadbare,1
conventions,1
inveterate,1
eli,1
flood,1
repertory,1
usual,1
marie,1
ell,1
created,1
other,1
different,1
sublime,1
somewhat,1
staged,1
les,1
danced,1
awesome,1
almost,1
becomes,1
beauty,1
where,1
pathos,1
utmost,1
toward,1
secret,1
finish,1
unflinchingly,1
m,1
still,1
can,1
andi,1
surprise,1
feast,1
occasion,1
provide,1
fail,1
would,1
writes,1
inimitable,1
iota,1
lao,1
lose,1
illustrations,1
forgets,1
la,1
taking,1
tumbles,1
moments,1
pedestrian,1
if,1
occurring,1
enthusiasm,1
years,1
adapted,1
heard,1
waltz,1
experience,1
joy,1
thinking,1
doubt,1
replied,1
shall,1
mime,1
pet,1
tier,1
little,1
yes,1
yell,1
won,1
taught,1
will,1
home,1
mid,1
darling,1
y,1
performance,1
gee,1
going,1
po,1
passages,1
unfailingly,1
hitherto,1
book,1
city,1
magazine,1
agency,1
now,1
available,1
chase,1
b,1
w,1
co,1
de,1
paris,1
pp,1
lot,1
large,1
copies,1
numbered,1
edit,1
autographed,1
ll,1
translated,1
study,1
autobiography,1
known,1
collectors,1
mark,1
edition,1
childhood,1
ed,1
inaptly,1
certain,1
world,1
western,1
russia,1
exotic,1
inter,1
gallicisms,1
gallant,1
sees,1
memory,1
eye,1
glance,1
reprint,1
identical,1
many,1
designs,1
color,1
portraits,1
initials,1
superb,1
reached,1
marriage,1
ago,1
reply,1
think,1
myself,1
about,1
spoken,1
vein,1
biography,1
contribution,1
ends,1
another,1
tarting,1
than,1
less,1
achieved,1
because,1
mastery,1
days,1
definitions,1
accepted,1
work,1
power,1
vouched,1
etcher,1
american,1
continue,1
question,1
take,1
often,1
tend,1
unity,1
its,1
purpose,1
fully,1
started,1
down,1
writing,1
few,1
these,1
end,1
gloom,1
evening,1
rove,1
opposite,1
wind,1
women,1
most,1
wholly,1
devote,1
must,1
artist,1
opinion,1
kinney,1
troy,1
word,1
begging,1
words,1
kind,1
country,1
neighboring,1
native,1
mexican,1
reverse,1
age,1
shows,1
miniature,1
joys,1
mover,1
prime,1
lovely,1
sounds,1
whole,1
spent,1
p,1
night,1
hts,1
dreaming,1
ballrooms,1
ix,1
america,1
tour,1
triumphal,1
hard,1
any,1
today,1
preserving,1
preparing,1
steps,1
hundreds,1
mount,1
dozen,1
daily,1
drill,1
continent,1
march,1
journey,1
arduous,1
repeat,1
energy,1
lacked,1
year,1
following,1
return,1
desired,1
fatiguing,1
n,1
