term,count
the,37
of,23
a,18
to,14
in,14
is,12
and,11
s,11
her,10
ward,10
mrs,9
she,8
as,7
has,7
not,6
i,6
e,6
it,5
t,5
for,5
by,5
or,4
d,4
laws,4
th,4
g,3
may,3
on,3
an,3
which,3
novel,3
that,3
being,3
la,3
so,3
upon,3
risk,2
done,2
eye,2
before,2
far,2
trouble,2
f,2
ha,2
ho,2
english,2
its,2
ma,2
this,2
if,2
his,2
too,2
n,2
girl,2
evils,2
out,2
behave,2
takes,2
re,2
almost,2
however,2
tragedy,2
peculiarly,2
sordid,2
divorces,2
impose,1
they,1
cherish,1
finding,1
those,1
rules,1
traditions,1
absurd,1
worse,1
any,1
different,1
live,1
discomfort,1
scandal,1
result,1
does,1
case,1
but,1
based,1
mode,1
marriage,1
local,1
lies,1
amount,1
break,1
people,1
transition,1
recast,1
rapidly,1
give,1
many,1
shocks,1
old,1
notions,1
subject,1
selected,1
era,1
unfortunately,1
system,1
become,1
rather,1
common,1
end,1
european,1
who,1
sake,1
american,1
fortune,1
marries,1
gentry,1
getting,1
insisting,1
tale,1
obsession,1
usually,1
fatal,1
obvious,1
attempt,1
make,1
faithful,1
hers,1
two,1
three,1
characters,1
birth,1
habitat,1
think,1
like,1
folk,1
piece,1
tactlessness,1
part,1
fred,1
ram,1
pp,1
doubleday,1
what,1
bull,1
rooted,1
john,1
their,1
wives,1
endowed,1
because,1
put,1
cart,1
horse,1
fallen,1
below,1
usual,1
standard,1
story,1
writer,1
likely,1
mote,1
our,1
obsessed,1
much,1
more,1
than,1
ever,1
did,1
beam,1
society,1
numerous,1
somewhat,1
aw,1
y,1
social,1
both,1
bl,1
nob,1
sure,1
read,1
admire,1
particular,1
itself,1
cati,1
women,1
pl,1
at,1
suffrages,1
tie,1
ell,1
per,1
die,1
le,1
u,1
french,1
hearted,1
disregard,1
up,1
religious,1
o,1
ge,1
ce,1
page,1
charmed,1
eire,1
title,1
fa,1
rep,1
name,1
ar,1
carries,1
ta,1
though,1
niagara,1
loot,1
volume,1
version,1
present,1
nile,1
tb,1
obligation,1
phi,1
r,1
with,1
divide,1
wharton,1
miss,1
beck,1
obviously,1
tract,1
tirade,1
against,1
fiction,1
ca,1
states,1
law,1
be,1
bad,1
there,1
no,1
intention,1
here,1
defend,1
them,1
readers,1
divorce,1
grows,1
confirmed,1
class,1
these,1
large,1
use,1
book,1
nb,1
rs,1
b,1
alb,1
ac,1
after,1
en,1
hr,1
afford,1
mon,1
ll,1
herself,1
can,1
him,1
even,1
hat,1
kind,1
nobody,1
arlyn,1
things,1
eh,1
arrange,1
hot,1
one,1
ii,1
co,1
