term,count
the,34
of,31
and,22
a,20
in,13
to,12
that,11
them,8
kelly,7
all,7
for,6
little,6
her,6
on,5
myra,5
be,5
o,5
which,4
who,4
at,4
it,4
is,4
with,4
last,4
eva,3
they,3
as,3
stories,3
an,3
first,3
was,3
made,3
miss,3
than,3
puts,3
teacher,3
only,2
or,2
book,2
this,2
where,2
these,2
yiddish,2
would,2
life,2
morris,2
monitor,2
child,2
side,2
bailey,2
citizens,2
more,2
east,2
like,2
do,2
aliens,2
school,2
mans,2
mother,2
always,2
readers,2
instance,2
one,2
themselves,2
are,2
sound,2
mind,2
s,2
its,2
fine,2
tolerance,2
could,2
nature,2
has,2
trousers,1
lightened,1
hi,1
fame,1
themes,1
usually,1
concern,1
matters,1
however,1
human,1
interesting,1
irresistibly,1
by,1
funny,1
droll,1
english,1
master,1
regard,1
athletes,1
costumes,1
whispers,1
he,1
says,1
wistful,1
rest,1
those,1
blame,1
brotherhood,1
living,1
growing,1
things,1
speech,1
generous,1
worts,1
woman,1
honest,1
tongue,1
tor,1
declaration,1
nathan,1
independence,1
psalm,1
may,1
happily,1
said,1
most,1
dear,1
meets,1
lost,1
again,1
patrick,1
how,1
regrets,1
promotion,1
dog,1
eight,1
not,1
equal,1
merit,1
boy,1
yet,1
tale,1
three,1
finds,1
best,1
re,1
games,1
gardens,1
friends,1
athletics,1
seven,1
male,1
loyally,1
doff,1
their,1
garbed,1
stylishly,1
order,1
email,1
though,1
incident,1
much,1
shirts,1
work,1
superfine,1
suits,1
hats,1
pants,1
coats,1
class,1
no,1
ma,1
am,1
ladies,1
girls,1
feels,1
entire,1
other,1
stoop,1
each,1
catch,1
overwhelming,1
sentence,1
so,1
quaintly,1
voice,1
spur,1
heart,1
resist,1
beheld,1
innate,1
beauty,1
babies,1
setting,1
reading,1
world,1
might,1
read,1
surely,1
curdled,1
natures,1
appeal,1
dirt,1
goldfish,1
bowl,1
pencil,1
points,1
present,1
volume,1
measure,1
sequel,1
even,1
finer,1
wiser,1
about,1
eyes,1
excuses,1
reasonable,1
refreshed,1
brave,1
drenched,1
blithe,1
thought,1
pang,1
essence,1
own,1
blending,1
delicious,1
wit,1
tenderness,1
fresh,1
many,1
qualities,1
jaded,1
reader,1
perhaps,1
feeling,1
writer,1
help,1
alien,1
race,1
find,1
something,1
obvious,1
greasy,1
mature,1
balance,1
earlier,1
blind,1
author,1
land,1
deceased,1
does,1
vivid,1
word,1
let,1
hold,1
principle,1
self,1
activity,1
stronger,1
obedience,1
held,1
ever,1
emulation,1
recently,1
stilled,1
effort,1
abomination,1
desolation,1
body,1
valued,1
riches,1
alert,1
eager,1
every,1
value,1
ought,1
children,1
studies,1
considers,1
high,1
seriousness,1
problem,1
home,1
pleading,1
conform,1
rule,1
judgments,1
laws,1
sister,1
kingdom,1
introductory,1
chapter,1
brief,1
eloquent,1
essay,1
out,1
experience,1
keen,1
insight,1
presents,1
modern,1
education,1
t,1
