term,count
the,27
of,23
to,21
and,17
is,8
caricature,6
he,5
for,4
a,4
how,4
be,3
not,3
mr,3
draw,3
all,3
it,3
wright,3
in,3
from,3
as,3
which,3
about,2
attention,2
has,2
many,2
hints,2
memory,2
methods,2
by,2
lamppost,2
that,2
tile,2
these,2
effect,2
lines,2
human,2
drawing,2
work,2
purpose,2
on,2
learning,2
art,2
s,2
very,2
an,2
then,2
e,2
well,2
particularly,1
necessity,1
go,1
hats,1
measurements,1
out,1
shoes,1
calls,1
bones,1
sketch,1
muscles,1
arrangement,1
figure,1
his,1
studies,1
getting,1
badly,1
served,1
observe,1
discusses,1
presents,1
actual,1
consider,1
model,1
head,1
hand,1
due,1
proportion,1
using,1
egg,1
him,1
easily,1
rapid,1
devoid,1
so,1
o,1
appended,1
account,1
ma,1
conspicuous,1
living,1
dead,1
book,1
furnished,1
nose,1
persons,1
with,1
understandable,1
examples,1
each,1
thomas,1
last,1
present,1
above,1
news,1
cartoonist,1
slow,1
reference,1
cross,1
hatching,1
providing,1
illustrations,1
them,1
sensible,1
commending,1
simplicity,1
special,1
course,1
importance,1
newspaper,1
cartoons,1
conditions,1
haste,1
under,1
they,1
must,1
evolved,1
insists,1
lingo,1
various,1
try,1
found,1
serviceable,1
workman,1
bits,1
information,1
layman,1
likes,1
posses,1
descend,1
sublime,1
ridiculous,1
says,1
author,1
caricaturists,1
constant,1
effort,1
explain,1
this,1
can,1
accomplished,1
contain,1
will,1
aspirant,1
unteachable,1
grant,1
illustrated,1
mo,1
pp,1
new,1
york,1
baker,1
taylor,1
company,1
little,1
volume,1
seems,1
likely,1
serve,1
useful,1
if,1
does,1
tread,1
nigh,1
interestingly,1
pictorially,1
contrary,1
popular,1
proceeds,1
say,1
something,1
general,1
history,1
i,1
hen,1
give,1
practical,1
preliminary,1
exercise,1
license,1
exaggeration,1
omission,1
selection,1
proper,1
suggests,1
instance,1
ambitious,1
lie,1
statements,1
truth,1
u,1
conception,1
incorrect,1
or,1
had,1
good,1
refined,1
controlled,1
produce,1
humorous,1
large,1
one,1
may,1
humor,1
always,1
produced,1
refining,1
without,1
impugning,1
trade,1
