term,count
the,61
of,48
a,27
is,23
and,22
in,22
to,19
it,18
psychology,14
has,11
prof,11
tile,11
as,10
on,9
soul,9
but,8
for,8
not,8
his,7
which,7
with,6
study,6
our,6
s,5
been,5
textbook,5
t,5
be,5
this,5
mental,4
book,4
that,4
than,4
an,4
most,4
by,4
we,4
do,4
result,4
work,4
he,4
such,3
problems,3
who,3
one,3
only,3
from,3
i,3
life,3
self,3
d,3
was,3
m,3
will,3
new,3
so,3
little,3
possible,3
purposive,2
all,2
le,2
ben,2
its,2
or,2
long,2
no,2
ask,2
best,2
style,2
conceived,2
ha,2
important,2
social,2
more,2
truth,2
individual,2
room,2
understanding,2
information,2
ideal,2
done,2
q,2
generosity,2
how,2
student,2
direction,2
doe,2
without,2
ill,2
begins,2
discourse,2
gives,2
years,2
any,2
o,2
hugo,2
enough,2
applied,2
research,2
her,2
many,2
fruit,1
uses,1
resulted,1
pr,1
departments,1
industry,1
education,1
law,1
medicine,1
pioneer,1
turning,1
what,1
pure,1
laboratory,1
science,1
authority,1
exposition,1
throughout,1
aim,1
place,1
broad,1
base,1
york,1
primarily,1
supplemented,1
intensive,1
specific,1
sketches,1
outlines,1
give,1
vast,1
have,1
f,1
former,1
ever,1
concerned,1
words,1
other,1
group,1
selves,1
person,1
u,1
entity,1
gustave,1
day,1
earlier,1
conclusions,1
co,1
touch,1
border,1
problem,1
appleton,1
question,1
disappointing,1
sum,1
present,1
concerning,1
relations,1
leaves,1
practically,1
alone,1
field,1
c,1
section,1
should,1
structure,1
th,1
unfortunate,1
scientific,1
evolve,1
pruned,1
abstractions,1
genuine,1
immanuel,1
w,1
ant,1
comps,1
list,1
popular,1
works,1
left,1
mark,1
case,1
brain,1
richer,1
far,1
brilliant,1
empty,1
es,1
var,1
aspects,1
tar,1
rd,1
public,1
sq,1
ten,1
holds,1
kernel,1
permitted,1
knotty,1
read,1
rather,1
sol,1
organs,1
led,1
haw,1
takes,1
widest,1
sweep,1
tim,1
desire,1
states,1
different,1
awarded,1
minerals,1
vocabulary,1
inexcusably,1
prolix,1
tl,1
general,1
sch,1
uncritical,1
rush,1
toward,1
slates,1
deer,1
slow,1
approach,1
subject,1
inquiry,1
studied,1
literally,1
ample,1
ts,1
side,1
picked,1
ila,1
personality,1
man,1
causal,1
marked,1
tendency,1
leave,1
modern,1
thought,1
experience,1
actual,1
sought,1
away,1
bits,1
great,1
confusion,1
accelerated,1
consciousness,1
after,1
following,1
nothing,1
natural,1
association,1
explain,1
theories,1
brought,1
us,1
color,1
beside,1
abode,1
must,1
fiction,1
helpful,1
others,1
says,1
berg,1
pen,1
system,1
formal,1
remains,1
first,1
itself,1
developing,1
stream,1
potential,1
acts,1
real,1
experiences,1
objects,1
materialism,1
current,1
world,1
conscious,1
free,1
immortal,1
advanced,1
positions,1
object,1
ia,1
averse,1
matter,1
discover,1
reason,1
notoriously,1
forced,1
over,1
inter,1
much,1
admitted,1
sciences,1
demand,1
conjecture,1
exactitude,1
clarity,1
banished,1
up,1
commendable,1
lie,1
may,1
bestowed,1
outline,1
hilt,1
enlarge,1
domain,1
g,1
applies,1
ton,1
comprise,1
two,1
finally,1
sections,1
when,1
even,1
look,1
forward,1
intent,1
human,1
too,1
neglected,1
till,1
xe,1
tearer,1
now,1
beauty,1
religion,1
morality,1
taken,1
returned,1
psychologist,1
amply,1
calling,1
construction,1
curiously,1
aid,1
physicist,1
postulates,1
ether,1
letting,1
line,1
bars,1
wisp,1
thorough,1
going,1
hy,1
ends,1
always,1
sufficiently,1
dubious,1
io,1
tills,1
vague,1
x,1
ll,1
deplorable,1
