term,count
the,37
and,23
of,18
is,14
to,12
a,11
in,10
it,8
s,8
i,6
which,6
t,3
with,3
from,3
re,3
war,3
not,3
would,2
sylvia,2
london,2
character,2
dominic,2
nor,2
r,2
so,2
for,2
one,2
who,2
be,2
later,2
l,2
old,2
as,2
this,2
she,2
very,2
goes,2
if,2
principal,2
her,2
many,2
tile,2
ireland,2
lies,2
all,2
at,2
story,1
stupidly,1
where,1
employ,1
louse,1
incident,1
course,1
shelters,1
right,1
enough,1
thwarts,1
ir,1
search,1
house,1
run,1
uncle,1
near,1
charming,1
lot,1
ever,1
rich,1
returns,1
cousin,1
half,1
orphan,1
thence,1
has,1
lived,1
years,1
officer,1
cast,1
swap,1
upon,1
department,1
vii,1
some,1
him,1
sympathy,1
led,1
up,1
mechanism,1
riot,1
creak,1
quite,1
loudly,1
best,1
laid,1
scene,1
drawn,1
took,1
reader,1
v,1
oman,1
considerable,1
wins,1
evidently,1
parity,1
were,1
find,1
author,1
regards,1
c,1
land,1
ex,1
y,1
surprised,1
denounced,1
et,1
german,1
denunciation,1
forms,1
climax,1
novel,1
dramatic,1
mare,1
life,1
absorbed,1
amount,1
generally,1
stations,1
hospitals,1
tale,1
never,1
front,1
than,1
lo,1
o,1
most,1
its,1
n,1
en,1
characters,1
been,1
invalided,1
home,1
tells,1
boy,1
wounded,1
amt,1
on,1
happen,1
de,1
op,1
by,1
sire,1
actor,1
ad,1
co,1
net,1
moot,1
novels,1
things,1
rave,1
come,1
our,1
attention,1
new,1
ly,1
f,1
deal,1
face,1
despairing,1
large,1
but,1
present,1
judge,1
book,1
whole,1
merely,1
are,1
narrow,1
fire,1
petty,1
mean,1
squabbles,1
hut,1
mop,1
well,1
hero,1
popular,1
reason,1
why,1
each,1
produced,1
follies,1
those,1
ah,1
because,1
people,1
sacrifice,1
futile,1
hire,1
green,1
boughs,1
killing,1
released,1
avenge,1
tho,1
men,1
left,1
then,1
loose,1
d,1
e,1
intolerance,1
boob,1
