term,count
the,80
of,52
to,37
and,25
in,24
it,21
is,21
a,20
new,17
be,17
that,14
as,14
not,11
s,11
he,9
science,8
prof,8
book,8
what,8
they,8
are,7
duncan,7
their,7
his,7
by,6
chemistry,6
had,6
on,5
one,5
from,5
who,5
these,5
for,5
so,5
we,5
do,5
which,5
may,4
found,4
or,4
with,4
too,4
discovery,4
done,4
been,4
has,4
physics,4
technical,4
were,4
even,4
work,4
have,4
years,4
out,3
then,3
world,3
men,3
likely,3
them,3
field,3
there,3
lead,3
an,3
elements,3
will,3
but,3
this,3
our,3
scientific,3
first,3
almost,3
where,3
tell,3
knowledge,3
at,3
seem,3
must,3
report,3
well,3
how,3
romance,2
control,2
f,2
some,2
observer,2
all,2
about,2
attempt,2
end,2
author,2
except,2
generals,2
spanish,2
copy,2
might,2
far,2
upon,2
though,2
military,2
series,2
unknown,2
w,2
forgotten,2
us,2
discoveries,2
before,2
l,2
writes,2
final,2
great,2
another,2
volume,2
c,2
rather,2
very,2
therefore,2
activity,2
ben,2
whether,2
than,2
d,2
layman,2
t,2
radio,2
left,1
quotes,1
places,1
ade,1
three,1
whose,1
described,1
weakening,1
table,1
never,1
later,1
colloquial,1
poets,1
romances,1
future,1
mines,1
find,1
third,1
quotations,1
pyrenees,1
shown,1
largely,1
scandinavia,1
slang,1
george,1
coming,1
discovered,1
making,1
system,1
calculations,1
doctrine,1
time,1
everything,1
remarks,1
letters,1
blackboards,1
hard,1
receiving,1
water,1
geometry,1
ls,1
algebra,1
conservation,1
energy,1
toe,1
h,1
certain,1
nowadays,1
brings,1
unusual,1
solar,1
planet,1
knock,1
decided,1
just,1
necessary,1
lie,1
jonson,1
alchemist,1
when,1
only,1
phrases,1
uses,1
anthony,1
caused,1
chapters,1
definitions,1
novelties,1
tells,1
five,1
birth,1
redefine,1
radium,1
suggest,1
clear,1
ly,1
know,1
admit,1
sure,1
paradox,1
seems,1
point,1
achievements,1
opinion,1
makes,1
elixir,1
philosopher,1
real,1
alchemists,1
scientists,1
q,1
haiti,1
astounding,1
reconstruct,1
greater,1
like,1
conception,1
because,1
universe,1
sufficient,1
conceivable,1
ha,1
true,1
atoms,1
divisibility,1
laymen,1
studied,1
element,1
describes,1
reading,1
le,1
reader,1
average,1
exciting,1
more,1
doyle,1
shortness,1
comfort,1
regularly,1
smallest,1
professor,1
th,1
york,1
determine,1
jefferson,1
books,1
discoverers,1
robert,1
written,1
hew,1
relation,1
account,1
popular,1
should,1
ne,1
conn,1
last,1
explanations,1
leaders,1
e,1
based,1
theories,1
obtained,1
experimentally,1
facts,1
consists,1
however,1
balance,1
anthem,1
youthful,1
its,1
remark,1
permitted,1
statement,1
question,1
rest,1
any,1
definite,1
consensus,1
war,1
amateur,1
somewhat,1
get,1
was,1
put,1
would,1
subject,1
particular,1
paramount,1
authority,1
speak,1
entitled,1
man,1
theory,1
perhaps,1
splendid,1
home,1
along,1
thirty,1
college,1
cooke,1
recent,1
astounded,1
results,1
lines,1
view,1
magnificent,1
broad,1
give,1
intended,1
edit,1
known,1
think,1
students,1
ago,1
called,1
newer,1
refers,1
genius,1
transcendent,1
many,1
effort,1
human,1
other,1
doubtful,1
army,1
represent,1
nevertheless,1
says,1
applies,1
compromise,1
chosen,1
name,1
hurried,1
turn,1
descriptions,1
occur,1
those,1
interest,1
reports,1
completed,1
until,1
waiting,1
without,1
operations,1
into,1
accounts,1
officer,1
superior,1
day,1
each,1
sends,1
compared,1
read,1
understandingly,1
whole,1
invaluable,1
novel,1
expression,1
southern,1
occasionally,1
accurately,1
present,1
see,1
conservative,1
such,1
suffice,1
trained,1
tie,1
expected,1
can,1
no,1
battles,1
magnify,1
magazines,1
completely,1
follow,1
does,1
press,1
through,1
pushed,1
manchuria,1
matters,1
lula,1
made,1
histories,1
publication,1
hindered,1
thus,1
east,1
correspondents,1
japanese,1
valueless,1
most,1
turned,1
off,1
few,1
astonishing,1
avocation,1
did,1
vocation,1
knowing,1
over,1
advantage,1
lacked,1
privates,1
colonels,1
training,1
quickly,1
r,1
heroes,1
io,1
