term,count
of,23
the,21
and,12
to,9
in,8
a,7
is,7
be,6
one,5
s,5
with,5
i,5
that,5
on,5
for,4
financial,4
it,4
any,4
he,3
who,3
as,3
investments,3
than,3
may,2
write,2
more,2
him,2
o,2
what,2
t,2
not,2
his,2
other,2
yet,2
editors,2
they,2
would,2
street,2
doubt,2
york,2
investment,2
mr,2
investors,2
by,2
new,2
should,2
information,2
danger,1
tile,1
fraught,1
purchase,1
less,1
sense,1
lessen,1
bonds,1
stocks,1
learned,1
adding,1
method,1
evil,1
different,1
money,1
nor,1
pickles,1
neither,1
engagements,1
business,1
all,1
necessary,1
caution,1
while,1
hospitals,1
rectories,1
farms,1
dwellers,1
presumably,1
finance,1
dill,1
economy,1
internal,1
those,1
were,1
ill,1
position,1
predict,1
re,1
absolute,1
inwardness,1
speculation,1
snares,1
soon,1
cerise,1
mere,1
blossom,1
out,1
multi,1
these,1
if,1
tact,1
knowledge,1
have,1
upon,1
literary,1
market,1
denied,1
fr,1
sincerity,1
sight,1
hut,1
v,1
refers,1
doubting,1
common,1
loses,1
stanley,1
la,1
favorite,1
definitions,1
men,1
lay,1
our,1
author,1
prefaces,1
speculators,1
accepted,1
simple,1
truths,1
heal,1
entertainment,1
school,1
child,1
sees,1
terms,1
never,1
malfeasance,1
securities,1
exchanges,1
dealt,1
just,1
full,1
sage,1
counsel,1
mentioned,1
terse,1
pitfalls,1
prepared,1
g,1
united,1
states,1
describes,1
wall,1
possibly,1
mecca,1
therein,1
but,1
whether,1
there,1
ks,1
simon,1
r,1
section,1
hopes,1
city,1
assumption,1
we,1
know,1
stock,1
resort,1
district,1
schuster,1
l,1
book,1
comfort,1
source,1
many,1
this,1
hundreds,1
held,1
volumes,1
country,1
writers,1
written,1
leading,1
publishers,1
instruction,1
millionaires,1
