term,count
the,49
of,45
a,21
in,19
and,19
was,15
he,10
good,7
his,7
dean,6
hoffman,6
seminary,6
dr,6
s,6
i,6
york,5
for,5
new,5
on,5
at,5
to,5
theological,4
there,4
entered,4
st,4
general,4
hells,4
church,4
year,3
under,3
that,3
by,3
book,3
made,2
ill,2
been,2
date,2
many,2
court,2
letter,2
june,2
priest,2
is,2
bells,2
not,2
were,2
brought,2
american,2
be,2
tile,2
always,2
but,2
four,2
holy,2
two,2
position,2
diocese,2
into,2
late,2
augustus,2
volumes,2
then,2
man,2
eugene,2
with,2
respect,2
ii,2
years,2
pp,2
vol,2
biography,2
rector,2
mary,2
gives,2
memorial,2
riley,2
street,1
vicinity,1
philadelphia,1
noise,1
mer,1
locust,1
decree,1
request,1
plaintiffs,1
married,1
an,1
case,1
accepted,1
living,1
added,1
which,1
placed,1
tower,1
dark,1
upon,1
next,1
our,1
grace,1
ringing,1
heft,1
these,1
took,1
about,1
much,1
controversy,1
burlington,1
people,1
chime,1
appeal,1
october,1
decrees,1
tells,1
humanity,1
had,1
perhaps,1
chief,1
while,1
reader,1
never,1
became,1
personage,1
author,1
memoirs,1
history,1
how,1
certain,1
it,1
grew,1
prospered,1
management,1
april,1
occasion,1
golden,1
wedding,1
l,1
demonstrations,1
affection,1
lie,1
fiftieth,1
dignity,1
post,1
no,1
might,1
tolled,1
feb,1
mr,1
addressed,1
tildes,1
defending,1
usage,1
ark,1
r,1
resigned,1
trip,1
abroad,1
visiting,1
egypt,1
land,1
trustees,1
asked,1
him,1
take,1
important,1
bears,1
nov,1
short,1
episcopate,1
elizabeth,1
member,1
christ,1
finland,1
husband,1
father,1
friend,1
wise,1
master,1
builder,1
founder,1
family,1
from,1
revel,1
gulf,1
emigrated,1
youth,1
america,1
grandfather,1
kingston,1
who,1
during,1
tho,1
revolution,1
born,1
larch,1
boy,1
school,1
ruler,1
soul,1
began,1
borough,1
very,1
rev,1
theo,1
myers,1
illustrations,1
privately,1
printed,1
marion,1
press,1
jamaica,1
queens,1
worthy,1
strong,1
utmost,1
professor,1
pastoral,1
theology,1
this,1
well,1
known,1
clergyman,1
says,1
endowed,1
simple,1
days,1
ills,1
q,1
accompanied,1
education,1
as,1
senior,1
class,1
having,1
decided,1
taste,1
scientific,1
study,1
fief,1
f,1
prof,1
sought,1
beyond,1
mackinaw,1
career,1
life,1
attended,1
coming,1
same,1
time,1
orders,1
jersey,1
first,1
further,1
graduation,1
parents,1
preserved,1
risked,1
europe,1
kept,1
diary,1
m,1
college,1
graduated,1
some,1
letters,1
lime,1
have,1
they,1
after,1
show,1
scandinavian,1
nature,1
j,1
silent,1
hide,1
does,1
mean,1
abundance,1
human,1
sympathy,1
died,1
